Dataset shape: (100, 75)
[[ 0.74672071  0.38851054  0.60299577 ...  0.50375999 -0.86402512
  -1.51203231]
 [-0.36022358  0.45865884 -0.03166277 ... -0.68887412  0.6372203
   1.37519206]
 [ 1.44278468  0.91259393  1.23005584 ... -0.63239979 -0.48689839
  -0.28335638]
 ...
 [-0.04332275  0.80705372 -1.974187   ... -0.01228474 -1.31574199
  -0.27060022]
 [-0.42900028  2.25654581 -1.1458028  ...  0.18632149  0.49006038
   0.24651561]
 [-0.18009061 -0.7566556  -1.4738172  ... -1.09533007 -0.87026925
  -0.83343657]]
normal BCCA:
0.9030862148068416
0.9160724055259635
0.9037530077719682
0.9084496142353277
0.9039698618504605
0.9182502729865788
0.9100481154681821
0.9052775579993033
0.9004368652144392
0.9061286663189421
0.9031779425780607
0.9010729539874982
0.9082828698450471
0.9090845586809421
0.91441667517394
0.9083017028221356
0.9127277507471827
0.9001830927494574
0.9074903070930918
0.9034820535834419
0.9020403235753846
0.9000197375812341
0.900069447881552
0.9044992141437936
0.9070524717954211
0.9084193330170175
0.901523080764153
0.9003337605055058
0.907900841466263
0.9049226973697452
0.9044430038557975
0.9040141905635115
0.9003980289261002
0.9042289926576963
0.9060968533828386
0.906297649614077
0.9081101337027954
0.9041690548586793
0.9042060086808309
0.9049194903579268
0.9082400505359306
0.9033513387860418
0.9060962236440431
0.9067759284211628
0.9039945819501208
0.9070072884762176
0.9012504397099514
0.9000335649816654
0.9054956280877519
0.9072483893683397
0.9027393991911875
0.9014173936003284
0.906693478682798
0.9010655098489171
0.9049729104029908
0.9011702286606106
0.90691324538713
0.905460874841322
0.9080697574232076
0.903204071970023
0.902120841415791
0.90130925856302
0.9053560002413922
0.9024423497960842
0.9009104959988287
0.901908097897174
0.9010773552357261
0.905998084972119
0.9027616230304601
0.9052480868542324
0.9047173377734474
0.9046473802515749
0.9070788862726016
0.9061335099605251
0.9038972865124636
0.904843265651143
0.9027587858356371
0.9008035452242468
0.9298180790535931
0.9069653739652498
0.90305096296822
0.9006073101176365
0.9027871376261831
0.9016955942055779
0.9097329035196395
0.900055113871728
0.9066409779586857
0.9035543912020391
0.9099656201826367
0.9076107350020208
0.9051928886951125
0.9018224268762385
0.9018417142083536
0.9019734775326749
0.9031432005730354
0.9057208438390271
0.9004322626865123
0.900506190690171
0.9008511310168187
0.9049409060339596
0.9074473379716587
0.9011118872471399
0.9058581629242866
0.909226610456802
0.9075469814437886
0.9031272647057043
0.9022962709288109
0.9026616086530943
0.9004054258998733
0.9039750498906586
0.9051623191146766
0.9046043774469469
0.9002914609940423
0.9108853493468236
0.9099055992429997
0.9043628383431404
0.9003250311799512
0.9001425770556554
0.9091222967561146
0.9011461362629389
0.9012390122826942
0.9057894127745386
0.9050666855015151
0.9029974482935728
0.9137227221360559
0.9066480063866305
0.904088344549895
0.9012026860374068
0.9046992940333821
0.9070325980180776
0.901601452232021
0.9078441237063581
0.9032138486324236
0.9054193706248298
0.9017027946430938
0.9064560418632456
0.9084885113749116
0.9078806743926683
0.9030850701520607
0.9022898905661421
0.9039138088582347
0.9005379113895317
0.9017099996426535
0.9031645821857802
0.9021311132059813
0.901660627629245
0.9084081182593393
0.901267878952258
0.9079201496732786
0.9065932488434925
0.9011713988525154
0.9046466268715533
0.9075653844527499
0.9081656994152768
0.9000991582017478
0.9057469937183922
0.9042986239732124
0.9019599440872049
0.9000941345735698
0.9094439517319096
0.908517822192583
0.9063122448887735
0.9015597576103799
0.9026183227008157
0.9033533916288986
0.9051171022087986
0.9017361064644389
0.9062374202232434
0.9111596839438793
0.9101089330813884
0.9044242575045504
0.9027302082853695
0.9007330072781501
0.904392895011148
0.9072580702294734
0.9044403084914215
0.9065821850167542
0.9068396006838845
0.9006740086701923
0.9030981928439599
0.9039593219175627
0.9068994548570798
0.9027980291439528
0.9026689939642283
0.9042676506262912
0.9057516748916994
0.9077613175766307
0.9007533234627622
0.9068146214491953
0.9029493019655705
0.9072811922968089
0.9054072149677208
0.9026716028452401
0.9090331903977487
0.901908762499004
0.9086156492319087
0.9056074319981845
0.9042021701037597
0.9001200340282514
0.9066787476031087
0.9071246987064948
0.9015611096097887
0.907931378307281
0.9007181628888621
0.902329724208919
0.9030681394460522
0.9081357697777027
0.9067985867146292
0.900214004172951
0.9038647465872367
0.9029333961059964
0.9016424548286829
0.903544921851494
0.9020120825955328
0.9028147731196942
0.9069417827598328
0.9066103502111538
0.9050127244055752
0.9092864664539753
0.9002459427702969
0.9073645362580518
0.9046317663918706
0.901534827075191
0.9043420223302641
0.9086770164877183
0.9010393579025441
0.9003533759643306
0.9092404408957689
0.9088933078094962
0.9052547884990334
0.9013100272672139
0.9038660046645501
0.9049453089835942
0.9049530183302776
0.901754964900154
0.9084602363822287
0.9027557039032688
0.9028374325077415
0.9025859524950932
0.9019411236291905
0.901524612467788
0.9010650393258771
0.9090023125935465
0.9073095617668684
0.9056054506929695
0.9100366124522701
0.9088788074901055
0.904592511564512
0.905775996747472
0.9051203970054483
0.9033371594362435
0.90015751704781
0.9061838563652949
0.9063204075081245
0.9016868529261172
0.9045953748569214
0.9044333414185085
0.9043834478426668
0.900571162536139
0.9034520732632827
0.9011503636922161
0.9009575194346192
0.9071768061318766
0.9049438522915297
0.9045817703356904
0.9049805495490395
0.9025977942640444
0.9043224342947624
0.902475081701488
0.9010690789356431
0.9021926108243887
0.9062005718371177
0.902962742965004
0.9090125944107258
0.9010196710572075
0.9029534504892724
0.9034045606052388
0.9021496003241981
0.9154844214680199
0.9063447513415881
0.9101759861961076
0.9048575473836452
0.9039909386445842
0.9012128981527899
0.9043035684720984
0.9058785928617853
0.902098835295025
0.9056105937509191
0.9004710694873586
0.905253342022953
0.9024383702440733
0.9013178932459096
0.9051534063572161
0.9036680903260986
0.9004793375328072
0.9058682032135125
0.9074600305150962
0.9058290859184432
0.9041314512228018
0.9002443821924756
0.9030331091293786
0.9040304806473042
0.9018300348454359
0.9087480510652449
0.9058096065511603
0.9066005098648532
0.9033234609008491
0.9067358491402392
0.9039531541936117
0.9069305545819769
0.903986201175547
0.902752847427137
0.9048705114425578
0.9014808410199914
0.9119809799509795
0.9028606498585534
0.904363594835639
0.905664360820681
0.9110398041251041
0.9071557115505822
0.9069130851335533
0.9019457582572674
0.9031087897357097
0.9034356505780706
0.9000940327418728
0.9069132669808345
0.9072110703556202
0.9023476410791725
0.9056568532934524
0.9065448406887268
0.9095167493539322
0.9022169877078922
0.9032373877839147
0.9085304124292496
0.9037034188118429
0.9015873526980873
0.9027663395428145
0.9087268926022964
0.9080148410034676
0.9023313366513612
0.9048055546243089
0.9040302810603128
0.9087645596716291
0.9003836864501622
0.9100768982720917
0.9044039785813797
0.9072527529493848
0.9043799656297504
0.9069725584003218
0.9023713544715455
0.9018026246346045
0.9019422742230023
0.9052638851057496
0.9060832565004695
0.9087492063059968
0.9024076813992347
0.9097150986796928
0.9092291019875905
0.902777972057824
0.9108717696806995
0.9025263947630332
0.9010113483394178
0.914124567627671
0.9027130497038668
0.9030504503806029
0.9072900824482166
0.9047046254070007
0.9051778046378708
0.9036394639132717
0.9207954080386377
0.9046630826632498
0.905172711502335
0.9053620683195599
0.9020208556904218
0.9020707118726273
0.9048168634825938
0.9061717703189524
0.9009934077107992
0.9083038454876752
0.9043820112849216
0.9057047207719616
0.9002104612232203
0.9002839718526834
0.9084289649455377
0.9013810811841532
0.9027871633409932
0.9115022814877766
0.905926215528963
0.9042383256628341
0.9074867431976569
0.9046295749931782
0.900592032358317
0.9086615260524702
0.9028241869522564
0.9054693348313948
0.9063901595669154
0.9096315486621109
0.9154389643492831
0.9047677435748983
0.9035464007727749
0.9017577153206325
0.9026461358075082
0.9049823770250646
0.9020836078974682
0.9141735496999462
0.9033260790279543
0.9025933443670906
0.9177266283380967
0.9085245584909752
0.9030221236394389
0.9029197593307002
0.9050025554959583
0.9195204132698748
0.9054344889672464
0.9073742573991421
0.9040689749157703
0.9003926361255555
0.902825694216963
0.9044561491633663
0.9069730565471764
0.9010061754312314
0.9018222824596784
0.9023663731569586
0.9047883023164618
0.904978126003764
0.9056518490721116
0.9077601325466426
0.905639353252289
0.9090574339510011
0.9027024986927692
0.9046834900100202
0.9002800940603986
0.9021628581377369
0.9078913886820956
0.9016950425664835
0.9010913557852489
0.9025032326472076
0.9048016853838269
0.9041549723657826
0.9008363770056126
0.9074419482185145
0.9071449430297026
0.9022172796855906
0.9048229422269041
0.9087196781205837
0.9059523759991257
0.906802470974928
0.904331164593955
0.9006626003480611
0.9037228877063749
0.9038635726338295
0.9028763050650936
0.904028415309555
0.9038850098003697
0.9095913303347852
0.9095718228742303
0.9058708179302091
0.9007802196767395
0.9055449251711852
0.9061371360016202
0.9039108533893403
0.9034576166401261
0.9075365405198724
0.9001067752741873
0.903696450779616
0.9033846710798648
0.9010438784760044
0.906726926018233
0.9011341214018366
0.9036356682101456
0.9061949788155343
0.9071695941263461
0.9016282930647839
0.9027474328691133
0.9016977013020171
0.9014081148859094
0.9016869979723507
0.901990871806316
0.9071614071198606
0.9057855819260612
0.9020719651115706
0.9017586053812202
0.9004639272200549
0.9034773090040049
0.9034957925115323
0.9034640693046777
0.9099218098587203
0.9176144631321713
0.9062185008194298
0.9046725477098512
0.9129347431552556
0.9002520988291233
0.9008313882616864
0.9072820901727324
0.9022213510420832
0.9032656350265635
0.9195549213568076
0.9099237261059372
0.9013294246139804
0.9064600262426831
0.9001964461662061
0.9000178350288578
0.9064475683723336
0.9029713810633286
0.9076192323848707
0.9048987354602168
0.9041795159415711
0.9087935650481347
0.9002667973516572
0.9008408044772823
0.9055329363654001
0.9056859938972165
0.9028284490421359
0.9073085305307054
0.9077957863185298
0.9018157157257921
0.9067873148870359
0.9036429898623087
0.9050844359003659
0.9045840409382546
0.9078632347370305
0.9014899197542834
0.9112491532314692
0.9052678212807147
0.9052114617812755
0.9060321925560831
0.9020056503104663
0.903394807594519
0.9001744542779506
0.9014643074552341
0.9010505081740385
0.9117655873772299
0.9000948538166412
0.9042918376773328
0.9035090611645379
0.9071925782566641
0.9063010566083838
0.9076700105329583
0.9058985236281802
0.902984987906885
0.9067050519262033
0.9060853458932862
0.9020853043752359
0.9068411245992736
0.902451881003358
0.9061645281301057
0.9052694113193396
0.9032617190813903
0.9017450517310601
0.9064916496914512
0.9001004445063516
0.9019634470403699
0.9044149047716
0.900314929479933
0.9012477650848616
0.9002654222034299
0.902280931552943
0.9015891245773471
0.9076863325788811
0.9055734085858078
0.9058504655434669
0.9006055914929836
0.9036829738310233
0.904214191619027
0.9040593397653631
0.910786812848874
0.9016687205141656
0.9002868958313428
0.9060825120749277
0.9008456322284464
0.9006286129438781
0.9044592938744925
0.9025739005072623
0.9001662691145322
0.905737041861938
0.903422540348234
0.902711333029461
0.9065922768531407
0.9000148884687984
0.9032862061480953
0.9013673275880634
0.9045583980271287
0.9080483050167237
0.9031815623292003
0.9034403154884657
0.9066995025064083
0.9065752543685742
0.905063967311961
0.910978883740226
0.9003194564854219
0.9054207624879916
0.9051322384860939
0.9008317801269761
0.9095663643519488
0.9076952021231096
0.9024573636018551
0.9050021433597631
0.9075551474617587
0.9001801915636072
0.9048492348779954
0.9011814776438801
0.9035366906743448
0.9069086570224965
0.900976797963939
0.9062199244842235
0.9101358983934332
0.906396836037556
0.9014849663350882
0.9079686552411618
0.9026909488733764
0.9074162910289317
0.9122740062637913
0.9014120636985329
0.9027417623272433
0.9083908596998487
0.9008193769098417
0.9022205279388887
0.9001818188223142
0.9019321789644288
0.9042644931416569
0.902468179660174
0.9074134866274889
0.9013698683081456
0.9042366080329474
0.9059809675363844
0.9057204463514604
0.9037376659442393
0.9043498870475041
0.9027747764560236
0.9087601415111336
0.9016398367243333
0.9032621233060785
0.9069353580758387
0.9000667395886792
0.9049922959955088
0.9039386923117656
0.9078764137715036
0.9060907026762733
0.9017797709094005
0.902540201966273
0.9005839582015291
0.9045641349829251
0.901265918948098
0.9002343286400603
0.9060954007977282
0.9045661323426716
0.9028945056344297
0.901367695836427
0.9033128018357328
0.9053761230373493
0.9076857510829682
0.9081971343279213
0.9013248093335353
0.901319248805848
0.9086099167282582
0.9010615317194267
0.9057591259001445
0.9042042969588685
0.906425563429389
0.9045471564516944
0.9046149366444803
0.9027099763554298
0.9007459949965283
0.905348873791415
0.9020506444925165
0.9075299463449779
0.9039599807946261
0.9002156522916143
0.9071091407603548
0.9061538314147287
0.9068687235837494
0.9057756842435704
0.9074842328885714
0.9024336950599381
0.9008326725703883
0.9025650244834788
0.9064463164459096
0.9046920521622959
0.9053813545184128
0.9064388657847015
0.9002784527583857
0.9007627225826866
0.9171200161560888
0.9035959725489788
0.9070401500073376
0.9009161663323663
0.913583462838176
0.9117474059977669
0.9015918408748134
0.9030270550721196
0.9047531202860989
0.9031437639758475
0.9015275832051403
0.9123293648112395
0.9039911074477724
0.9130763378806481
0.9023236127940748
0.9044068176654421
0.9009863266124521
0.9062078922931556
0.9075112521011901
0.9015505580997496
0.9071687225683223
0.9021204472103534
0.9018996640228083
0.9032980735574815
0.9030050828788047
0.9101466690616236
0.9037006966330293
0.9030143541224342
0.9022131897221279
0.9053403908205546
0.9063072124728409
0.9063952770566721
0.9024433247585126
0.9052630055763672
0.908923300021301
0.9011856507643348
0.9037852402341912
0.901095465573508
0.9047336865516522
0.9040102188890676
0.9001229864045104
0.9018202785956176
0.9012881838415585
0.9051020069163239
0.9051199913478174
0.9006660202270413
0.9060056169154225
0.9044762500131075
0.9016246683844626
0.9028156821892888
0.9066084187620863
0.9011014278516382
0.9044389647621515
0.9033070640568012
0.9025759232504886
0.9032516973142466
0.9071067557928321
0.9094093781391728
0.9046097746492825
0.9079528947983482
0.903714842369896
0.9060756027119672
0.9004554155715113
0.9056486145769058
0.9015736224528927
0.9030332998088925
0.9011483154456075
0.9114016278662859
0.9123606308384674
0.9028218387722539
0.9033484242785115
0.9076952695014474
0.9072093998441187
0.9087728848952856
0.900831684319965
0.9060084696242608
0.9036468907927854
0.9045847141417258
0.9011881297257336
0.9056580645598383
0.900707268541469
0.9043671003033502
0.9057116140135747
0.907364313186949
0.9009691979917941
0.9028685843594079
0.9041619332645816
0.9062270982143693
0.9055533147547323
0.9021042213100362
0.9072872705215329
0.9013000043008916
0.9067154055597929
0.9076873476252686
0.9120874803859478
0.9061580914972445
0.9102650394607472
0.9079209010750238
0.9120152403346152
0.9121442367577625
0.910200001051589
0.905124813370607
0.9031753327261893
0.9032511398527963
0.9018475773871132
0.9004057368683166
0.9047323208903212
0.905643428386686
0.9047235693223717
0.9064693868176995
0.9060238671103855
0.901159253183512
0.9004035127466398
0.9030077854409324
0.9058058615120985
0.90480297907123
0.9070594516090302
0.9095390892964192
0.9047715161614743
0.9074669624987656
0.9030192428513244
0.9063378142077017
0.9065698511868671
0.9038416564282012
0.9029242130629671
0.9030276882646602
0.9073107734110367
0.9060815256698743
0.9032261076129878
0.9085882126833404
0.9053674736982146
0.913391763386733
0.9038648605760512
0.9021791839975861
0.9071549677482663
0.9007650516437691
0.902772627273998
0.9002232164196248
0.9008666914147726
0.900066279889354
0.9038120244177391
0.9099160823978679
0.904252735403477
0.9031600856115645
0.9030610368601101
0.9071363625561746
0.9062123152555547
0.9032751486387348
0.9040166779791003
0.9076961199615162
0.9058329764710256
0.9083354306283989
0.9018427164640326
0.9002794198330992
0.9066231645438521
0.9071609146574967
0.9033112102075455
0.9105461049457556
0.9069285204926284
0.9063305390185796
0.9005505354576702
0.9073509818584343
0.9034402313529725
0.9088240718328858
0.9002793259812707
0.9022709365898116
0.904513964031531
0.9080133968866702
0.904998617629418
0.9036164902260765
0.9047475013783489
0.9066117308298571
0.9021396812652356
0.9014413974043844
0.9003188132193128
0.901527277438611
0.9133207509547951
0.9090699844205089
0.9046269207295342
0.9038003359155629
0.9025656368001889
0.9027295910106936
0.90077989697744
0.9036402897928212
0.9092884176333108
0.9097457067962218
0.9134914303820901
0.9033299124345836
0.9050817413957031
0.912181951146038
0.9078986510048124
0.9064840066447691
0.9054403363174258
0.9060739178852248
0.9131469145583694
0.9065100319781979
0.9032866283320651
0.9045358762777965
0.9071767185119656
0.9011786150993062
0.9007667473309547
0.9058156065338017
0.9116805256767484
0.9047568657655889
0.9021153565398473
0.9009251917695787
0.9063917877333831
0.9036188192563095
0.9024745493864591
0.9036139450783905
0.9094645356182232
0.9008992709200198
0.9071884571582834
0.9066536710453947
0.9066358329600137
0.9072566485385117
0.9010655070580128
0.9013182550255759
0.9020304903850247
0.9029944696525959
0.9058541110681599
0.9035844099730068
0.9019837106658392
0.9005210623300048
0.9093719884127603
0.9080165448889214
0.9055810269869679
0.9028231369069378
0.9061225473196752
0.9047988495844098
0.9046029853219293
0.9081132509044911
0.9080925309212322
0.9019744068189237
0.9071547689226688
0.9040970546629349
0.900551128511241
0.9028337130280079
0.9083439981087604
0.9044504150637218
0.9046042809337106
0.902690074609579
0.9042612525190015
0.9030796036620659
0.9050230965548142
0.9151231801888108
0.9054253031238706
0.9069879406427234
0.9011873792304238
0.9048149434099683
0.9056492628634344
0.9029242042623732
0.9054456573802532
0.9029859711684206
0.9011756380763145
0.9038144096147169
0.9015042958978094
0.9086341395701989
0.9028329724869345
0.9050358275562267
0.9007365807236514
0.9052222571771307
0.9095800572984029
0.9005087802509952
0.9034436198304545
0.9055960031590782
0.9024985022159425
0.9002634356320092
0.9028902644060075
0.9051716073070752
0.9100447154322496
0.909384691318692
0.9066154056445298
0.9002595319249178
0.9086788511062127
0.9003453570608873
0.9036203545381122
0.9009325336460359
0.9051844386558949
0.9012799157729857
0.9142579780713408
0.9007545230228879
0.907804963589799
0.901241275727734
0.9020067344498267
0.9028944450685493
0.9041521636004958
0.906283973246258
0.9045044157429883
0.9006437382040745
0.9021354717938607
0.9054839246073839
0.9004391602602992
0.9013731467878593
0.9042071961779061
0.900233968520488
0.9050436743279539
0.900213233873741
0.9009848817271225
0.9079710673600611
0.9110861868585413
0.9051398669324564
0.9039080996318677
0.9062607821437295
0.903069515788237
0.9004654426470099
0.9022624344414529
0.906019194251303
0.9000682228755194
0.909212761505978
0.9078549042272519
0.9083665511772859
0.9049733572862649
0.9040090495931512
0.9022944293204966
0.9048020451073854
0.9066787594627096
0.9014599303620061
0.9010523428898631
0.9011249508584505
0.9061802863796201
0.9012148105425047
0.9034143142554591
0.9032074775324828
0.9077260516776577
0.9083261218397842
0.9079586062413593
0.9068499126348342
0.9087884761848409
0.9104929323844906
0.905906258613741
0.9029838248403964
0.9095514766776437
0.9032228746595872
0.9001181161455594
0.9043404171987702
0.9041493169569491
0.9081766856526161
0.9004561866768698
0.9000112602901911
0.9038700471238486
0.906929011823629
0.9025094395336615
0.9001569776381078
0.9036654286747281
0.9049171950927501
0.9026131817049472
0.9078046630047515
0.9017822854551028
0.9008510893945237
0.9004228723023587
0.906452776229048
0.9033273690744432
0.900090554060578
0.9005619879994653
0.9096727085887303
0.9007645430808068
0.9068127003898496
0.9010319690784705
0.9068928121390665
0.9001698264072419
0.9091207578084617
0.9100451547137388
0.9089450233999411
0.9037720279591338
0.907501158294427
0.9004174882926379
0.903972361748057
0.9107548797020786
0.9067073115787232
0.9061238162372032
0.9125653857758577
0.9087770974305605
0.9077621862916347
0.904230523475026
0.9073812305517172
0.9033331428276632
0.9091882602676555
0.9062746912932971
0.906240393134124
0.9060658001322958
0.9060941325592783
0.9012268066578382
0.9025763492978035
0.9034473750746023
0.9004199701456028
0.9042282364761919
0.9081043021923216
0.9060325862353312
0.9001438191961281
0.9104336054182359
0.9067842732128599
0.9066466637886205
0.9070191162487533
0.9034608399580814
0.9062038585654314
0.900722885637558
0.9069208820565177
0.9062625422572427
0.9050346045017337
0.9040629112056602
0.9044371655973705
0.905752031508562
0.9059985665390429
0.9056790082416905
0.901444832558924
0.9072586756917411
0.9029802770125478
0.9020975984456422
0.9072293769171325
0.9003892220432743
0.9096717851454204
0.9126787876854704
0.9053095027987709
0.9099203355596256
0.9049817569427391
0.900973745325899
0.9018228222285537
0.9065658341653665
0.9068533899023373
0.9074608729580501
0.9019424311315678
0.9005863563393076
0.9069820338294566
0.9040757807670208
0.9095084323142983
0.9062567365312489
0.9062544163893655
0.9074949552575785
0.9089807001220789
0.9008920111172267
0.9069831475814644
0.9044401151108739
0.9008605308542651
0.901373162404016
0.9016107072792112
0.9018755992520577
0.9066618447640867
0.9035127210311974
0.9038483624791661
0.9065865226710541
0.9030133031254445
0.9064789418326282
0.9027430032905215
0.9034589782970566
0.9014047142352423
0.9055868503575429
0.9032412681147597
0.906025197973882
0.9086852758073815
0.903682239824403
0.9069927472797809
0.9015158113734748
0.909403691844914
0.9005817267343351
0.9128528569658175
0.9022196448259877
0.9051811705372645
0.900028129318829
0.9108017045541508
0.9027807071920451
0.9123800198082398
0.9038140084558406
0.9131953028682973
0.9008152700840922
0.9054478276353358
0.9077185002346375
0.9051295327278581
0.9022192538593972
0.9058865281269208
0.9034198370901851
0.9055135780465564
0.903844259660743
0.9050516553732855
0.9067809029953382
0.9025867131982355
0.9092756466978895
0.9064841316691519
0.9130681319715164
0.9060706521322965
0.9069789116309248
0.9042953022285309
0.9056867819484535
0.902135616611467
0.901246899740034
0.904475325092908
0.9003706929687506
0.9008028214289925
0.9028931265382878
0.908550570368255
0.9052808113646338
0.9055029454994618
0.9086168867719551
0.901486521527661
0.9049360965484983
0.9035202175397057
0.9050203729270779
0.9015247926998642
0.9053481153764499
0.905686958064103
0.905646823020818
0.9071192604921648
0.9056193085987698
0.9035129694592935
0.9032338259706878
0.9075632981918768
0.9058492939110012
0.9044732094272604
0.9020128802752956
0.9056365999624113
0.9039049360981662
0.9019312078551017
0.9085825512895324
0.9038328930197964
0.9002343088707366
0.9052382823145815
0.9084418422806698
0.9046294379576388
0.9065293584679989
0.90486477351177
0.9048832770450514
0.9019589718567079
0.902883016920735
0.9009084030980684
0.9028665335684214
0.9038190887393711
0.9045804868352363
0.9016673543472378
0.9047007586867396
0.9020431585741671
0.9037877127837298
0.9085250873297951
0.9052761381800825
0.9134836536938552
0.9089721222744442
0.9155718542878034
0.9080754584996921
0.9041689446587204
0.9022996445960445
0.9058304880399245
0.911528693915198
0.9001003107732461
0.9207897073522534
0.9103266491445815
0.905353197377613
0.900484568492676
0.9010308963595727
0.9080758981098778
0.9108152185759109
0.9029244654485336
0.9050355098458979
0.9110818433920708
0.9013649509293921
0.9051665760265936
0.9000294871844537
0.9045680501866536
0.9055727586103557
0.9053160139030428
0.9008871327487078
0.9059079527708916
0.9137760237715611
0.9036819140495596
0.9012001954130491
0.901966073120483
0.9071078565520072
0.9003130888926407
0.9109543982876417
0.9048739657138632
0.9074837626236412
0.9078331953158477
0.9073000338117141
0.9016454460767583
0.9105304071605711
0.9077716087792159
0.9065116877120725
0.9055833067618402
0.9091237222138175
0.9096519128405981
0.9056935598163899
0.904007683030907
0.9043714410615104
0.9067004073755636
0.909516823900585
0.901669772012882
0.9017785933779682
0.9039592029513843
0.9030832971624181
0.9002128192604776
0.9071777180050812
0.9039839664858282
0.9063795895983242
0.9053544669498631
0.9019430316387498
0.9076816986614384
0.9043772001774822
0.908426524665031
0.9082927351389901
0.9036857651071483
0.9036978251442309
0.9063839983556128
0.900683057673719
0.9010074191404438
0.9105075388347148
0.9099841914689222
0.9006359886063932
0.913739775631843
0.9065978120254166
0.9045971926199187
0.9103313886633773
0.9016717332778189
0.9006756331622142
0.9058983777119394
0.9032648465090037
0.9044397211385746
0.9024163414306273
0.9077173119085017
0.9032908051884528
0.9093653305259338
0.9061119391430065
0.9013707264564738
0.9001955117926111
0.9051876688739757
0.9017047760631407
0.9020936641137732
0.9051651880305974
0.9001988522045209
0.9002152459170757
0.9008922110062958
0.9051774391430284
0.9047962489701343
0.9068676695935414
0.9043743804954208
0.9067675481491779
0.9043924761122724
0.9040893380648347
0.900978833491214
0.9024983064043427
0.9001634325840707
0.9104660474731827
0.9039364890038988
0.9049172884753872
0.9037552375203141
0.9047584465174626
0.9034978793065835
0.9051461967288108
0.9066434148603469
0.9013403544909162
0.9046148989975494
0.9046852114837237
0.9032823735522334
0.9020224884967866
0.908935548605736
0.9064901218456305
0.9071116922152745
0.9039740743607835
0.906873414508546
0.9058552121364117
0.9009721544235837
0.9034114119920825
0.9010395629275187
0.9066114214734854
0.9035799966948452
0.9054267798789463
0.9002241076808515
0.9013867348493717
0.9026210790054598
0.9059694635201845
0.9022177034347282
0.9066837917070578
0.9044725614804932
0.9009786752831049
0.9038257946035707
0.9037193319407394
0.904406686761195
0.9051286321168557
0.9065960482719247
0.9036834354056861
0.9079565209338936
0.9030771345296744
0.9021575573326943
0.9020803859283848
0.9019301323743526
0.9007165669567396
0.902257890626177
0.9010266054273759
0.9019850517258136
0.9028868417323758
0.9007622332098252
0.9059313259282206
0.9007617406734763
0.9006184803037199
0.9040245249329215
0.9005028398666944
0.9053218504411114
0.9058215166829212
0.9044911000943213
0.9033503446511237
0.908524767850505
0.9041646334505806
0.9053060742164429
0.9025500754160494
0.9002066351409259
0.9024584352012397
0.9087174330488824
0.9088435236887974
0.9021328788446048
0.9025979378474287
0.900181393002704
0.9019465785830001
0.9058678072228619
0.9089867827643078
0.9056657729928275
0.9080104133026365
0.9064625898337426
0.9024512874965149
0.9007888876094524
0.9044011014868548
0.9014781719694217
0.9031299750886546
0.9052247566585663
0.9035913913625339
0.9066986121318391
0.9065122288277687
0.9012572693391946
0.9055285147537294
0.9011294650521783
0.9039764694105187
0.9025597183044842
0.9006140807528098
0.9022121250819157
0.9025771344080185
0.9050466986702749
0.9068224485853381
0.9014617302273126
0.9081385916285751
0.900515723810423
0.9064264222569998
0.9030836999946813
0.9020761019390958
0.9017603619887506
0.9043325574579812
0.9012884283135958
0.9052335671949204
0.9083214646411298
0.9044575280190881
0.9052948211603201
0.902422035500772
0.9063954765453747
0.9174836966363212
0.9019474198570394
0.902079833337735
0.9067537872800472
0.9004372196745491
0.9010953049242475
0.9060701036778823
0.9003484540573465
0.9028905693190294
0.9009063774696272
0.9007184196317644
0.9025670121393129
0.910958053219176
0.9075955050317386
0.9057226480691023
0.9025318125404879
0.9040931437405222
0.9001183233068304
0.9027384321896602
0.9013823546711212
0.9049871563761518
0.9069164475014183
0.9055066840227276
0.9051124587331263
0.9030979515561268
0.9028986851765363
0.9006108318804446
0.9042562083670524
0.9047706698030913
0.904057348500861
0.9009579170148756
0.9013953088789896
0.9057619377104075
0.9075036295590319
0.9059449968199489
0.9065045669301383
0.9322527126925831
0.9061132199682967
0.9027225469182862
0.9084419227242356
0.9022827168686133
0.9022237005038336
0.9035703657593922
0.9067166191313368
0.9049699214481014
0.9049694540536535
0.9014895084500388
0.9044501520069584
0.9009429124838018
0.9033810568617769
0.9075727842061276
0.9075471072596144
0.9080029254602262
0.907543548548904
0.9000484189298323
0.9062903844526602
0.905214564130188
0.9060765933787444
0.9036871123855416
0.9064619492512596
0.9038598744936797
0.9098185978083225
0.9056412325910206
0.9026692966021839
0.9098333762460967
0.9000863264844987
0.9108558896967908
0.9117344376627735
0.901820290881079
0.9009509093098093
0.9050526439781814
0.9006460793748636
0.9064031145374912
0.9113757727667211
0.9052967128524392
0.9065091671325034
0.9082107021107267
0.9025566116910276
0.9028735792793873
0.9061183376993457
0.9092239211646841
0.9085749849158355
0.9046036159814324
0.9067145192096835
0.9006078934162162
0.9030698495280614
0.9086287171364026
0.9040806508377771
0.9046676486723887
0.901557946432944
0.9039040769132236
0.9016564760259171
0.9038887398626744
0.9071394870730726
0.9156457624992487
0.9011897560084868
0.9038263064510291
0.9006926355776124
0.9061553960216714
0.9114967948770876
0.9055249090816369
0.90866388340309
0.9054995470430962
0.9094397471031548
0.9065700982096436
0.9100040591084334
0.9033149941745119
0.9034491604312425
0.9014090638582088
0.9052721964001524
0.9104081844666434
0.9043497854979936
0.9017951994778449
0.9042083821577002
0.9034149030270175
0.9022615026145654
0.9021592545470213
0.9049135495968892
0.9044989933312584
0.9083166379519578
0.9015561730664624
0.9087513684692066
0.904439265175639
0.9050437822819138
0.9034470882461684
0.9002756435744839
0.9058952112396464
0.902909852586144
0.9027761457752235
0.9071660903006081
0.9062619149215884
0.902430960664952
0.904508765537713
0.9001574903684899
0.9069683492487778
0.908596350518076
0.9084031951925398
0.9102393695435739
0.9019484381183732
0.9038510381181831
0.9101942141249266
0.9031034770084064
0.9045378852235001
0.9070014740886352
0.9041357934108134
0.904068103931667
0.9046882997992498
0.9097467049438211
0.9052976346029422
0.9064807549709947
0.9073717901149317
0.9019939791551173
0.9035152784363476
0.9046162519306707
0.9080057705413382
0.9063500998794009
0.9031034390399489
0.9029480531770184
0.906937763450909
0.9003651209241698
0.9071230086513234
0.9025730929667419
0.9075175342870989
0.9059526188561808
0.9045580765073592
0.9039261657960332
0.9082769171279238
0.90546145457206
0.9044101468300016
0.9031420078414992
0.9045054519593063
0.9059176374330843
0.9024452725105293
0.9070799553221857
0.903027812764912
0.905957143415366
0.9125081305050832
0.9026880502116744
0.9014663094990849
0.9069742291446997
0.9012789320670471
0.911574087640225
0.9029238032333855
0.9043652076890624
0.9023857806454838
0.9050530748653647
0.9000340038812555
0.9071799548461469
0.9069563516479825
0.9003809871748105
0.9037661920809849
0.9079128487806678
0.9002401495568378
0.9018173200868321
0.9063470190816124
0.9064932274064027
0.9005922698430189
0.9042992411079417
0.9051686094312972
0.9107386167943483
0.9099578183569695
0.9004933681846069
0.9087494134198393
0.902307285435222
0.9075490672053206
0.9060670795741352
0.9084510008445037
0.9052228968291808
0.9077555656052115
0.9034085988733279
0.9069583215546979
0.9236028912450939
0.9017250310339455
0.9044345662725893
0.9002289095203116
0.9008990019714931
0.9077613481771917
0.9124242802117509
0.9055111245401648
0.9023527551428702
0.9043816430146999
0.9014290472855131
0.9010264917537915
0.9024513824694034
0.9051207142060993
0.9018953703972296
0.9062578669454046
0.9075708177792391
0.9029029552213172
0.9006637556779121
0.9046973535912451
0.9029234436533802
0.9072093779068803
0.9054022158121569
0.9118996136357206
0.9086800740324438
0.9122909907901551
0.9095072925253902
0.9039964700953999
0.9029422758242467
0.9042433763851413
0.9004723700256169
0.9034753363637419
0.9017368357130029
0.9020873954854162
0.9130027641120999
0.9048296938593331
0.9010032099610215
0.90504597387394
0.9042450236301443
0.9000454914357207
0.9076156806606973
0.9078679637517069
0.9135964807917188
0.9006831788102262
0.9006794326547409
0.9057495742763039
0.9079669971769853
0.9066822999452202
0.9086491311652591
0.9027768386011608
0.9024638254471273
0.9050871442503802
0.9039311580981993
0.9109926100471422
0.9033686002442147
0.9042077787428141
0.9004168038343113
0.9049753207979171
0.9035507550483447
0.9004972819207586
0.9096280749636386
0.9013417938002282
0.9056508891397325
0.9068732034809058
0.9004950448592663
0.9112183409500586
0.9102687716302066
0.9037051008147706
0.906663137355274
0.9040368159115021
0.9061622099927539
0.900400227303829
0.9018602247070017
0.9062029595678518
0.9106087174064089
0.9020196628627991
0.9027301944732454
0.915034372656694
0.9129795491620031
0.9009934263419549
0.9079563653934516
0.9036620290002721
0.9017807721207385
0.9027270281891612
0.9008452657385635
0.9032440024203912
0.9028083604421498
0.907574550211888
0.9045956314215787
0.9065982844334685
0.901893550205367
0.9053907112263884
0.9096021510101906
0.9037652658897898
0.9036687727501742
0.9083585976674974
0.905128421283067
0.9068896373035362
0.9066496213856451
0.9053336228489213
0.9066017502092008
0.9095155204302684
0.901974477945664
0.9031390880428742
0.9051878450003369
0.9029621313368226
0.9056651325335946
0.9086444942043642
0.9066697382855328
0.907993965973673
0.9031070251932456
0.9087700328812015
0.9069077541831594
0.9002209280612502
0.9004289943867502
0.9049871334118706
0.9038265513466848
0.9041894072723036
0.9045941267963024
0.9049602418507493
0.9003993025755612
0.9001908074992447
0.9037982133135191
0.9049848817543779
0.9028793727143893
0.9018148601244764
0.9057466858485995
0.909506864148574
0.9053522727824589
0.9036413621001413
0.9028469410745902
0.9081845295810695
0.9019522009378729
0.9041079965960169
0.906071394952294
0.9054052349171601
0.9030472189400854
0.9112128185096089
0.9083218111504269
0.9099812320189662
0.9020439067165114
0.904117157232855
0.9015900181899605
0.9039157710920889
0.9071970921645608
0.90196511198888
0.905734770454672
0.9003798984339257
0.9094650311850662
0.9037364717591976
0.9091503481712607
0.9098942448266393
0.904799699370244
0.9044359147762008
0.9107551908189468
0.9073235360294276
0.9024677253249381
0.9035625883426931
0.9026036306837353
0.9050163311863847
0.9053595017505692
0.9008987222069387
0.9012155095582727
0.9076851133166856
0.9046492878200805
0.9044040086658445
0.9074849612708787
0.9003127250486767
0.9011028753121761
0.9073594171215633
0.9071893597149225
0.9083633497643054
0.9075160434206779
0.9077142946742477
0.9061921828913057
0.9055842242811978
0.9015531731550658
0.9074970410469286
0.911007253974907
0.9042007961022801
0.9035410698359713
0.900726395902812
0.9040903109753894
0.905928835093858
0.9035033015195366
0.9100437535516409
0.9044552584806843
0.900339684978368
0.9044935245139436
0.9046467835390943
0.9011666717074382
0.9114172121194223
0.9000507168217446
0.901718375851802
0.9115293171090492
0.9026986939600044
0.907571117038146
0.9048189740129894
0.9017517736805579
0.9084300625796531
0.9017715829709732
0.9061967312933638
0.9058111211178254
0.9068579677283196
0.9094837741973616
0.9004224005123957
0.9090017510221663
0.9067022240287994
0.9081083326310418
0.907702548643565
0.9069500921164717
0.9041832675778895
0.9048118227987858
0.908040560249761
0.9060374942157057
0.9150986772346384
0.900964248444978
0.9013228173521475
0.9061731530835991
0.9016359103043002
0.906881355534015
0.9038328071108103
0.9021931496375892
0.9009191936598198
0.9048165500586743
0.9067150611049137
0.9056017883345843
0.9101038095517813
0.9055568508492574
0.9088451277755398
0.9082385717944319
0.9155686407740891
0.9100508317243056
0.9084116035529621
0.9003342434283216
0.9064581731593624
0.900061614016908
0.9004314391819019
0.9030192808500518
0.9025836353408206
0.9019203133822754
0.9059704516467086
0.9029476761150019
0.9007627991279434
0.9083059258488374
0.9096751714347093
0.9020823761953131
0.9005515853704186
0.905041124712591
0.9024341885702722
0.9115742341434394
0.9004492053210722
0.9027759910930616
0.9078467918857538
0.9067021310102729
0.9053538917950614
0.9005469294581526
0.9040908903125723
0.9097025645968253
0.9007189197197186
0.9104611629816451
0.90003964573127
0.9079347316024495
0.9069670952851414
0.9002350804915265
0.9077717459657989
0.9068452355167798
0.9076404712934714
0.9091356767006317
0.9048517689503612
0.9000258514298695
0.9002775895671995
0.903513510681781
0.903835829116486
0.9064262197730162
0.9022195486315593
0.9028006728333462
0.901772099791807
0.9058151666296569
0.9088858413465498
0.9044052478409963
0.9035825312240908
0.9019057656835815
0.9066353267808189
0.9013066970912444
0.9019661552944334
0.9128471659660825
0.9036017367348914
0.9047879010188418
0.9026153266484536
0.9029174213970418
0.9075813020012945
0.9105635274608526
0.9036112729656195
0.9058289198317456
0.9030269261684715
0.9053123338396992
0.9030262852253933
0.9001813434486059
0.9054727805030448
0.905168183489618
0.9055302631041185
0.9041883783735373
0.9017110493546333
0.9005024235782441
0.9037886847415671
0.9083376740831121
0.9111327295425575
0.9041029011530771
0.9016842719907012
0.9094415970699954
0.9151271055222377
0.9036428590043383
0.9082016557383105
0.9015059239785596
0.908765679574909
0.9014374622161134
0.9119479389961594
0.9020078307351351
0.9033767415598266
0.9084652405687076
0.9005941974819851
0.9059264782642704
0.9036809907563292
0.9022044409945447
0.9009857594380393
0.9023076028786181
0.9049388249180313
0.9061774726695729
0.9047460224654419
0.9013520207236849
0.902095163896886
0.9035031561270295
0.9126965106522479
0.9011079099259534
0.9038611134765723
0.9017691114751654
0.9039639683295506
0.9046708650184215
0.9084395896940995
0.9021738330084903
0.9090706455758569
0.9042093261687744
0.9001097031629448
0.9051595186043045
0.9033992422918967
0.9078893540896813
0.9049775528800227
0.9045746165480238
0.9065568731958561
0.9062029182025418
0.9036048275928664
0.9074786417503137
0.9088214675707
0.9066673813274817
0.9099549934887433
0.9041317393627821
0.9005286175969569
0.9015950995218736
0.905268610896666
0.9003921415991978
0.9031516324172858
0.9003907809734657
0.9028306942953749
0.9001695429174457
0.9072385119188745
0.9004190918947096
0.9013497869831266
0.9049998231463942
0.9081173151028022
0.9005294493429908
0.9039205381173989
0.9062678892285934
0.9066614848520734
0.9047352588692155
0.9013946889956178
0.9025717601505778
0.9017046376136715
0.9028529641310292
0.9027220791788508
0.9024029474962616
0.9045679164810104
0.9021219189074572
0.9011195732642964
0.9021204125133602
0.9019815430432345
0.9138519860204527
0.9091747909496708
0.9056991027771182
0.9103725267342344
0.9018320828732554
0.9061730139893666
0.9072659593738849
0.90399800850461
0.9049557843849623
0.9018855074042753
0.9014001155323071
0.9062597882675774
0.9080686609192208
0.9029547334115722
0.9037304950187995
0.9019704906011088
0.9018289451701886
0.9025123824189631
0.904526094105661
0.9004157623500726
0.9052581654135946
0.9086040157260864
0.9019412609411535
0.9047191235707185
0.903253651205691
0.905761046722257
0.9064771250193752
0.9159155732349085
0.9032709128831481
0.9068755326358497
0.9020882606304605
0.9083155878072601
0.9006585358403156
0.9059290776379016
0.9010057440112968
0.9074383359190282
0.9061931320938167
0.9047788005123897
0.9046314574064515
0.9116697995386563
0.90327218161079
0.9038984050420856
0.9046783492957609
0.9042408147613435
0.9029597021513464
0.901468622396983
0.9005960127488245
0.900436283120566
0.9041242961187385
0.9049995135745809
0.9004524953151144
0.9074263867616427
0.904286324976796
0.9040843843048582
0.9036166671955522
0.9064943742997529
0.9041199596761634
0.9052031334966488
0.9164011670139086
0.9031058048554752
0.9080864968312308
0.9005739104126503
0.9017017215760209
0.9025437686375483
0.9040311250011452
0.9053724605050287
0.9056828152946909
0.9079096157575657
0.9015236298452667
0.9075238550213397
0.9045866158036328
0.9044497141222526
0.9091779862852313
0.9029563430874512
0.9060913624831871
0.9116194873265387
0.9110152899918571
0.9048005412678688
0.9023067691763812
0.9038311670347967
0.9059801111959043
0.9017383562784074
0.9027880533984758
0.9041288617957867
0.9041143569130186
0.9064630338198584
0.904430245733997
0.9074153800309109
0.9008083246609007
0.901379303275531
0.9082003888079402
0.9040291534386558
0.9033751949322644
0.9012889725541992
0.9011514042366371
0.9012063615157173
0.904751125252714
0.9023447707914966
0.9031728972516322
0.9109864856543521
0.9047016115909916
0.9021582955998415
0.9101051787872924
0.9005514096381028
0.9014369957728751
0.9056180175599491
0.9021589776369099
0.9002288076950343
0.9110468641161846
0.9033467852442347
0.9044669538376856
0.9063709281343129
0.9090478647729947
0.903303269324662
0.9097524599605699
0.9023062064772053
0.9026468513207848
0.9053289832955503
0.9031868684342297
0.9050658128651293
0.9057031379705516
0.9049842811752903
0.907158112920612
0.9063030268269804
0.9051471851783593
0.9003246322286472
0.9091486013337161
0.9052204292735659
0.9109524878501403
0.9006895913108264
0.9045590540119712
0.9057872299341425
0.905093689076146
0.9071664018732088
0.9051775657627162
0.9034805750033758
0.9032256796901569
0.9033784708423591
0.905649178919073
0.909521350211282
0.904295470503397
0.903361062504995
0.9009401888767656
0.906001099776009
0.9021770043888468
0.9068937815219148
0.901778815229723
0.9161071135197257
0.9035281204409548
0.9124623083667852
0.9031391744943637
0.9118952111423916
0.9059563810872334
0.9008659737872284
0.9025545344845218
0.9054649451553378
0.9125327286962046
0.9002731029458619
0.9079544719301421
0.902135323092209
0.9004341229567565
0.9127666495602719
0.9080276569927845
0.9034660609166444
0.9049815984816365
0.9024989011974777
0.9080101323761176
0.9066314602324455
0.9043265524779915
0.9010182072430862
0.9067652872979322
0.9084861728408041
0.9087594004809543
0.9077247982757533
0.9086415902268564
0.9081877421065185
0.9109051733528835
0.9052866956139906
0.9095282875989296
0.900958258858893
0.9069562254697936
0.9050377278746878
0.9015815719307821
0.9003064858765908
0.9094105995608933
0.9058473290286986
0.9037664173250837
0.9086421344869499
0.9033456853786187
0.9023429447108222
0.9016637056036042
0.9095742442418626
0.9024646944292077
0.906211972503807
0.9090320388119686
0.9014257214318964
0.9035834943896288
0.9006781177695133
0.9134182449631579
0.9046324745067789
0.9003230306907554
0.9090465302526297
0.9038607061039658
0.9004629533265135
0.9036850981082257
0.904827244040954
0.9102939774359177
0.9061638639458082
0.9026622134590443
0.900569007790862
0.9023218705173748
0.9058847956449387
0.9011316825237381
0.9139992139284164
0.9068726757938953
0.9037158154042765
0.9019756992112282
0.9067564596603631
0.9026726721994589
0.9028248380123569
0.9054314824124297
0.902864056540941
0.9113172168500158
0.9048112969195519
0.900916516524251
0.9012351642013048
0.9012395801914298
0.9066519733607286
0.9049914851579415
0.9034765313723746
0.9046202871924105
0.9018424849576185
0.9037519881647776
0.9014294297143419
0.9001803603823945
0.9046780464140876
0.9024943679938408
0.9104207676970493
0.9111276166762314
0.9063770756113828
0.9132718133835638
0.9013906728041101
0.9014518158563409
0.9088241349729995
0.9131843073103076
0.9044869199245288
0.9005462531360015
0.9022904507879892
0.9021845137035197
0.9039358085312678
0.9091402254914386
0.9130912125870477
0.9018495257276902
0.9022981520845798
0.9088407398335542
0.9049297253158577
0.9030132216593072
0.9057763370502664
0.902764285854865
0.9072688634734567
0.9010040149185522
0.9059974998204343
0.9044202396768515
0.9011147651356425
0.906301415840574
0.9047663434469262
0.9065053324623594
0.9085364248979028
0.9001603452537653
0.9102699902544243
0.9071132799235007
0.903382784265539
0.9061604812664188
0.9001030664644779
0.9046687817007628
0.9001251318242582
0.9050921940920913
0.9015272567788979
0.9023002705487926
0.9035992764763459
0.9028460733096821
0.9046262567383984
0.9075529179456775
0.9033315960000566
0.9083190123402881
0.9009059749557683
0.9048896554802534
0.9059601003684198
0.9086289088216093
0.9033335823555567
0.9023899430704304
0.9001756709448024
0.9080366212775138
0.9002020358368958
0.9069228769094834
0.9012793567833411
0.9097885546744453
0.9101758960140021
0.9019170169092997
0.9028746461889928
0.905702354533875
0.9023325382849079
0.9077858639114705
0.9020705709426852
0.903186825902178
0.9005150189815501
0.9100638034799661
0.9091957462533607
0.9056019134660273
0.904121627861384
0.9023716019380992
0.9066465517311786
0.9072855181748097
0.9118797262137925
0.9069039349872487
0.9062943407438382
0.9042858326723616
0.9057185321662807
0.9016831553492864
0.9034877516879904
0.902976106657053
0.9001500331967273
0.9056829090621882
0.9023639636280436
0.9124936419662443
0.9024756815289585
0.9093818023429905
0.9021582302073605
0.9007252732777928
0.9038653500933893
0.9016385185536033
0.912388794686958
0.9079310615643249
0.9204807617650674
0.907013817728315
0.9085424119797397
0.9064429045952235
0.9048064188014976
0.907901354921287
0.9119907108347273
0.9076184906260054
0.9068271410298431
0.9021610604784468
0.9011001831672695
0.9089396673588219
0.9028775840110904
0.9050195643235878
0.9107757981008439
0.9052963513348598
0.9044985833045397
0.9046267138408238
0.9064195380980955
0.9004889862677011
0.9026672011570241
0.9020379558691581
0.9023347896631366
0.903433696280892
0.9068837490755356
0.9008458134833511
0.9077733821605832
0.9014804528850516
0.9013964911952488
0.906271706688398
0.9084135893834625
0.9035808013721396
0.9073119471171568
0.9021310005454678
0.9018973427548016
0.9011139241921472
0.9012647350667753
0.9007384472945835
0.9038710403447061
0.9033437886145538
0.9105387842574331
0.9074950859097235
0.9039557429842496
0.9047511529024332
0.9020208178982287
0.9036885486482593
0.9058754984231165
0.9043990659844368
0.9024499664583275
0.9012861293680826
0.9021308114120901
0.9021798272665311
0.9019662875099714
0.9020396150379197
0.9081678445513535
0.9004235876207684
0.905270925323488
0.9005000529025654
0.9079957333038873
0.9053142170680162
0.9068984479756973
0.9044487640878185
0.9045879587001826
0.9054435145963351
0.902667686475632
0.9016625261957397
0.9031868602035038
0.9024298421580651
0.9037597723177779
0.9060471285208431
0.9052403482698013
0.9049009839613341
0.9054620376872046
0.900581526620429
0.9034794408095443
0.9045831078521798
0.9008535075006927
0.9078661299817037
0.9091194108042719
0.9059990736133652
0.9031594609695287
0.9024520595795564
0.9032951083697943
0.9026855711781866
0.9088778115270194
0.9091981533952457
0.902404117957032
0.9082217108225565
0.902003001619549
0.9042348758392426
0.9080811343916978
0.9071908803035916
0.903687313561061
0.902283795056607
0.9043728451018965
0.9080693833221867
0.9097966369202967
0.9028092046103738
0.9038591068184586
0.9045655946310905
0.9044798916809452
0.9003767969063773
0.9053128709078363
0.9031195058123062
0.9055749719543281
0.9023877459108076
0.9053403509468002
0.9038193560280332
0.9040105217120445
0.9014943257067385
0.9090281794103433
0.9022470705828791
0.9058985750502061
0.9067843910949938
0.905577673847189
0.906083820033389
0.9050278174376071
0.9015799880918993
0.907587255959018
0.9029280134869522
0.9013465559807949
0.9088558473412915
0.9012299808732975
0.908702019110921
0.904693842422292
0.9038530391197094
0.9061400529665501
0.9052001746745985
0.9047450902906297
0.9109350876406573
0.9034436060726864
0.9059592112282825
0.908393837116663
0.9066289124158489
0.9076376027562512
0.9106238864995695
0.9017961244550822
0.9096666249524733
0.9110026068665473
0.9053013719791068
0.9061657125338238
0.9053650673725894
0.9007337322602121
0.9025138557527901
0.9052398518981583
0.9090298004103148
0.9146114765182157
0.9079130099008758
0.9045288608378094
0.9057564994509725
0.9030154083658709
0.9114862751031912
0.9045993987822482
0.9030915994363333
0.9034652503904013
0.9011388312142217
0.9032587757561081
0.9032165310010772
0.9042630000977774
0.9027415687448139
0.9065779137692235
0.9019104751525133
0.9160157848972442
0.9060601958119324
0.904484015967535
0.9011552504996246
0.9006610237816499
0.9058124893940698
0.9076010585274951
0.902160468496116
0.9024591323145027
0.9025172609220199
0.9054938331753851
0.9019326281328889
0.9037930208591786
0.9003620934323265
0.9068992758596761
0.9081838117803637
0.9092911284593744
0.9132544343654354
0.9044832809920059
0.9004140147262772
0.9046127345911538
0.9048816812601703
0.9064929555194403
0.9008948324170737
0.906597592940732
0.9010292536692961
0.901634745207482
0.9011914177124339
0.9062206304204931
0.9036359788854953
0.9003243434662349
0.9025195384134372
0.9004781889654282
0.9026870328994457
0.9100016385441799
0.9041455760773114
0.9057717708198293
0.9105388463222848
0.900867728971143
0.9043208417593448
0.9019503379195137
0.905622091579193
0.9018263182285386
0.9004040978754765
0.90242180596066
0.9016918673057581
0.9103269746740303
0.9025094452155612
0.9035439826746489
0.9075562650718929
0.9048860553863415
0.9015357565500564
0.9067393835983533
0.9029604675002522
0.9023305078483073
0.9085068253204698
0.9063352488329267
0.9076241022883055
0.9032890690160257
0.9057446202537713
0.9083461807996647
0.9075748606912664
0.9122642954345167
0.9026359397536883
0.9005123880667386
0.9000326971282473
0.9012033564687129
0.9020948719110862
0.9026240964943653
0.9003020096981902
0.9038229965261142
0.9061578939974447
0.9020002339118449
0.9069501909357567
0.9012191213713578
0.9036044291474651
0.9020386634835705
0.9023612597410186
0.9027275942384784
0.9023348306796559
0.9006139403318518
0.9045943534249524
0.9038517076537262
0.9014096090136052
0.9042813042110299
0.9092627606733259
0.900355091101348
0.9025237798375215
0.902771331370609
0.9007040702985202
0.902153495513623
0.908281941510581
0.9040224744638485
0.9014067350855978
0.9106736682317971
0.9089340007296721
0.9028256489005674
0.9042274964795758
0.9043884120713097
0.9051247757271377
0.9002768872669833
0.911675071230373
0.9022719321134018
0.9025351676554646
0.9011065935749606
0.9021856050002929
0.9069590756272782
0.9055043956642351
0.9026573746130357
0.9048897166314536
0.9036226056355979
0.9014966581022364
0.907515946907818
0.9035703910653453
0.9029015218751738
0.901596692754684
0.9014504807270948
0.9006997447686864
0.902204416249624
0.9013569189992191
0.9068967122793411
0.9074820435465528
0.9016657169744415
0.9058174137989604
0.9007705297425415
0.9009563832528805
0.9056955466269924
0.9091331813658352
0.9067163024885075
0.9043293208143715
0.9003903017911875
0.9053639851394255
0.9041542170837477
0.9031592815069076
0.9058730448996417
0.9033557604843347
0.9062625110535647
0.9052794185266171
0.9075514516543685
0.9062432422491243
0.9094418985613467
0.9018688093972669
0.9033018302766307
0.9050039882887382
0.9065807113756809
0.9085477131836625
0.9028658526430636
0.903360043119527
0.9004665102775694
0.9001890820187198
0.905434886660217
0.9034096967954278
0.9076475595552107
0.9024271962509025
0.904683388533423
0.9018418701845653
0.9086302722503935
0.9017494826726897
0.9070081088075325
0.9053283125803379
0.9041380740276429
0.9000125945824392
0.9035470530619427
0.9060086025237283
0.9018460575763827
0.9096941604704684
0.9106036463252573
0.9099058489030829
0.90174029433553
0.9189177580228926
0.9111577453598193
0.90210987229955
0.901202837660836
0.9007626178903992
0.9008580968139929
0.9075024894411412
0.9006855398087511
0.9024696994203892
0.9068370787289328
0.902916953867783
0.9026151528006345
0.9078632982913181
0.9057118145519777
0.9039104990463679
0.9046356960352948
0.9062749779020817
0.9096172570128328
0.9079771659944044
0.9004110505648529
0.9064750428804252
0.9040174672591073
0.9029790449987622
0.9057501911043163
0.9010141991831131
0.9043529866552767
0.9036425281865504
0.9041437862172906
0.9049308317650862
0.9064880006873086
0.9063426742180725
0.905724928564203
0.9008505042399243
0.9109416840850086
0.9024203442804372
0.9017677883398539
0.9038565219182213
0.9063491521604271
0.9014434193783525
0.9081636298637307
0.9009868068963942
0.9004710249010395
0.9076804769175181
0.90046036752282
0.9024798605270322
0.9057950593705872
0.9057803841647614
0.9027376413481201
0.9011804073644555
0.9005145931065397
0.9046609586027364
0.9065896357163367
0.9061628802305393
0.9175081340255166
0.9042346867688539
0.9050935883062277
0.9127968672015064
0.9108265889516127
0.9057616383892865
0.906309947690899
0.9060852832129523
0.9117574608818519
0.9008421238522073
0.905860785961832
0.9045649561883733
0.9066021807173249
0.9122687809405462
0.9035556837046166
0.9038421913115817
0.9062061618811269
0.9004423062811617
0.9039575318888384
0.9048920201815343
0.9019193341043957
0.905043233030411
0.9003324925222002
0.9011410555900787
0.9037104732340759
0.9005842466666881
0.9047401614184658
0.9039269090027275
0.9030632403377802
0.902983093680943
0.9010487269064349
0.9000338524705032
0.9065578896783385
0.9030093382618497
0.9056372593890218
0.9061014197843489
0.9042623023067351
0.9034203700777894
0.9020810213013216
0.9009502896155673
0.9082889571796702
0.9036843794993594
0.9068111991412738
0.904720932757939
0.9014704693512295
0.9108299850088354
0.9002547458749692
0.9109535489837474
0.9111973495696397
0.9025017998125074
0.9070607889925081
0.9020991970459025
0.9035257786074992
0.9010296606852355
0.9013937042403433
0.9033013626993135
0.910037771594464
0.9096943836555406
0.9057511550911167
0.9010224315416221
0.9068269109238574
0.9023682155413693
0.9012246214679682
0.9109718160666391
0.9012034389580011
0.9045369792263098
0.9040783983505577
0.9024173914181358
0.9011459961109474
0.906476690398181
0.9026642638299427
0.9116133731341297
0.90342108140353
0.9048167705349598
0.908012779983852
0.908422444326522
0.9008584478941453
0.9107023938878575
0.9083908158874371
0.9052280561069667
0.9072873904927605
0.9021624849092512
0.9004512503059913
0.9046702000717551
0.9111930485580221
0.9071397596459321
0.90806122154359
0.908788269864284
0.906157862639517
0.9035875296810325
0.9036166425970505
0.905520998161863
0.9028904413958164
0.9016967708052042
0.9038685925416329
0.9010408607712298
0.9086037364066851
0.9046842660240474
0.9085126930140022
0.9056867157358028
0.9045669781546016
0.9157669310257243
0.9043914170447699
0.9049681449494396
0.907562762484607
0.9051314457567963
0.9006753608167655
0.9087732097595632
0.9045825093611506
0.9028720523151172
0.9017976775695894
0.9004760697117006
0.9064730981618178
0.9035679230802406
0.9091274953051286
0.9103382414790893
0.9002264802674586
0.9101959241880804
0.9062288321625764
0.9050203605822139
0.905245194473201
0.9088007682048277
0.9042369961522431
0.9030023562031695
0.9052014985590672
0.9002253903889655
0.9071906700373019
0.903082724861739
0.9008402397803881
0.9055357273282396
0.9043265311730734
0.9102361757087754
0.9039819545220792
0.9003629501095421
0.902644835082179
0.9142689924992891
0.9076798561959863
0.9092571019463853
0.909637762928607
0.9072007809846367
0.9063024366603851
0.905163889209753
0.9055809766204922
0.9060308932670685
0.9025874509863624
0.9025454224269003
0.9067446439606993
0.9069566578178998
0.9068412529392083
0.9119325890310143
0.9087220142553749
0.9082893830504135
0.9091978012473864
0.9000456199441701
0.9025788913440419
0.9049304863919593
0.9014548585178641
0.9044659339854269
0.9047179230480351
0.903587106026238
0.9002767170123502
0.9105247199498202
0.9002102515036712
0.9038131395378668
0.9029222491811991
0.9002431474315155
0.9087440289606145
0.9035141478858252
0.9020953012534456
0.9043764380143356
0.9015332049223591
0.9065947895755112
0.9042808752945822
0.9024500077986463
0.9092689462086747
0.9032190896709689
0.9025081018401041
0.9062354786702216
0.9020858876950849
0.9014957697828208
0.9111026770228657
0.9087287905622562
0.9020441346069894
0.9037878376372586
0.9025876402268194
0.9022935368578479
0.9049165769070061
0.9010442509371728
0.9097465137897975
0.9113367819566954
0.9027698992749418
0.906757387772211
0.9040138553409859
0.9072580577188124
0.9040556068195864
0.9079497933516092
0.9104371805423402
0.9061533521610868
0.910463459687221
0.9000607230190701
0.9118548629752005
0.9017723559314258
0.907427832410384
0.9032431427820342
0.9055229431081719
0.9043788070178598
0.910283443781485
0.9009826360338392
0.9022067111198528
0.9129269409266257
0.9101632892567406
0.9007261603586426
0.9057067591129901
0.9032374089081304
0.9042017446781841
0.9100648521304484
0.9061341365023418
0.9065131900437683
0.9114631479093454
0.9036476432507767
0.9025151037315228
0.9035866674205673
0.9078718652735134
0.9015444369586918
0.9016308975748023
0.9014385470899852
0.903646106229945
0.9075761391688396
0.901306845015518
0.9031405709866166
0.9048772101748586
0.9017055942677965
0.9074678495130074
0.9038641478737217
0.9055560435769189
0.9013178653038753
0.9087049108034668
0.9069177055746829
0.9027043303200154
0.9018342528501729
0.9015338184396742
0.9019651479577971
0.9042505276345594
0.9023900871705266
0.900122888230932
0.9087227557419876
0.9098219214495423
0.9066357060350005
0.9016490031075634
0.9060818885423844
0.9004842679007333
0.9019206682539451
0.9001410782004515
0.9156233960419599
0.9001909136119166
0.9009028421585663
0.9032321370132429
0.9056483915554027
0.9019063134030266
0.9076341191428341
0.9102059263280893
0.9045554165245108
0.9008519165376752
0.9065960141616393
0.9049016099919645
0.9032602360191084
0.9018446578466267
0.9037670892150501
0.9074233422372505
0.9039604895038387
0.9080890242938315
0.9055837181088884
0.9094844624494849
0.9039635728124004
0.9122948234926803
0.9232979512232418
0.90055377234289
0.9003122045153534
0.9012430990628179
0.9020694017959481
0.9007044906811775
0.9075400839834241
0.9012187387352302
0.9012616716759432
0.9071536221740749
0.9055224830379157
0.9001381056767784
0.9048845327327378
0.908905749788263
0.9000174264416816
0.9027529019679301
0.9048893412965435
0.9071040674172334
0.9053522578567308
0.9058404573864516
0.908690267651268
0.9003285663146963
0.9061282963357211
0.9029842721884213
0.908169131091537
0.9038611043266322
0.9053150974556444
0.9084176895022874
0.9010524716973168
0.9024616703569837
0.9069108419807295
0.9095670783030725
0.9048324285867967
0.9068305356828887
0.9041076517521952
0.9003067257396044
0.9024582472644049
0.901955978852243
0.9009417520348729
0.9054649764044763
0.9046590332913824
0.9029028162872281
0.9038500115712153
0.9081826074465991
0.9140641975700629
0.9080913387161783
0.9007107176922007
0.9114205040485195
0.9093675687539385
0.9000958236218704
0.9101578590643581
0.9007188232826356
0.9091657819732142
0.9040492406480732
0.9005626659422825
0.9026969819308417
0.902676368717793
0.9000685952938206
0.9098902108064525
0.9023343435382533
0.9066501768391385
0.9069035548857652
0.9031326682945399
0.9063483700599673
0.9038067490565225
0.9035423764724982
0.9168238348962575
0.9015651115301945
0.9024811511278137
0.9029578402208331
0.9004826334430407
0.9043693421841311
0.9090276517151721
0.905793012065811
0.9042636707706306
0.910374882934438
0.9029171011198289
0.9033002765484915
0.9043347742658095
0.9012301049546945
0.9031650686058658
0.9024275133803248
0.9010976827949773
0.9024838826044019
0.9009748578750797
0.9038167135003562
0.9039712017472136
0.9035186917224246
0.9034595791088764
0.9087206906041925
0.9021069326732984
0.9075893271294407
0.9012477249042331
0.9054781471985333
0.9088461308003872
0.9023197070366916
0.9027618650494325
0.9072630991742046
0.9101298721191731
0.9001016784227744
0.9041300959531084
0.9025897091520039
0.9045717997963278
0.9075123705555462
0.9014641527674596
0.9074116426401827
0.9084544120898882
0.9060929571505308
0.9055370082330841
0.9049740448266422
0.9004999212926562
0.9064693304994597
0.9043945511200462
0.9051344659860591
0.9037041229324554
0.9066054644324594
0.9015974564268552
0.9027767047146217
0.9076705745171746
0.9050925329581483
0.9078701647832099
0.904951470098968
0.9091113088911578
0.9021985281735282
0.9030150818375711
0.9089718841381728
0.9005424051310205
0.904762352759894
0.9004417802985387
0.9019899929242092
0.9053233381891991
0.9062616050415084
0.9035570632826381
0.9085929874781941
0.9104408289836524
0.9084142919236676
0.9027696397581987
0.9046371523366564
0.9043947466662026
0.9055232053939346
0.9040649488381874
0.9076487717200009
0.9018932135416503
0.9004578857265486
0.9052096388782344
0.9040536633413165
0.9015545358051047
0.9054748652963298
0.9078049948816038
0.9037065183380626
0.9035318063608233
0.9028769968603481
0.903991263000065
0.900670277719254
0.9008158648422477
0.9014157529373635
0.9058315862723733
0.9017799807275969
0.902824822546301
0.906389259091446
0.9025771704964909
0.9015897819327849
0.9092973015428745
0.9065592254631206
0.9037306410805119
0.9108936364757736
0.9077890510078835
0.9018042023857304
0.9036792465722641
0.9087249506843252
0.9031752335698009
0.9059680426802279
0.9053253575334194
0.9084898890083107
0.9011152583474846
0.9090659582118477
0.9070359092537289
0.9097241819360443
0.9054006210930801
0.9023269284519484
0.9152076713114767
0.9005021641204228
0.904458658123116
0.9139442882429405
0.9063728868682354
0.903897973688966
0.902839384509609
0.9086022872986911
0.9064620285846636
0.910305143719078
0.9029871905509251
0.9051716023579656
0.9154026030274836
0.9004808601534803
0.9004772991110125
0.904429685670639
0.9054953321850789
0.9022847704018314
0.9052412897167731
0.9042068679252696
0.9057121960421409
0.9093207958831593
0.9053643182245462
0.9073568812459465
0.9038409463905971
0.9140423019310349
0.9044702513979997
0.9005203765101418
0.9060366516329293
0.9042085685703061
0.9012196885523008
0.9025042313897862
0.9005079198524034
0.9066866079089958
0.9067844695172632
0.9091055498338313
0.9056341313483123
0.9037756355991081
0.9003505735131372
0.9004916612732052
0.9141367107458785
0.9021779991422877
0.9002169993911109
0.90598383029536
0.906114572571656
0.9011606328242154
0.9077017281194357
0.9034453036729964
0.9067551914018317
0.9000458696353648
0.901372813378671
0.9040920906757934
0.903502810816856
0.9035497318442014
0.9055455290651505
0.9010888987056067
0.9112057553154868
0.9051604797593702
0.9041848386396113
0.9005977125583216
0.900094149175501
0.9034871400134007
0.9046388366677595
0.9038473753018794
0.9091628449385187
0.9055707841263165
0.9000238306906739
0.901115963806939
0.9029558400786856
0.909880721446267
0.9023593920383526
0.9046071448772098
0.9051925507541121
0.9059667817760785
0.9005533842445633
0.90582216272522
0.9013608170958985
0.9066469384742585
0.9068811779334899
0.9022961303088699
0.9003496781019402
0.9093516519408188
0.9035731770267705
0.9031764666181422
0.9082473161744552
0.9059752326144782
0.9029395285647595
0.9074720989224369
0.907046327041064
0.9020353799554809
0.9078864452992955
0.9022103442678703
0.9030620616420774
0.906449785665611
0.900140092494841
0.9072261435052511
0.90707464423504
0.9069840809349641
0.9078523467250161
0.9015815994013
0.904577623004879
0.9003978388164277
0.9068239008299794
0.9053371767032082
0.9029942666141499
0.9048537586050415
0.9018537154766546
0.9033460346461262
0.9037880111245766
0.9028733852721057
0.9013836519319653
0.9048619073765269
0.9110515108830317
0.9076817064152107
0.9046966617661945
0.9101949819771112
0.9045165233653869
0.911316130153997
0.9127181451412993
0.9046040011843871
0.9057408840809832
0.9007635943291886
0.9009538363783876
0.9014929855127493
0.9054013144908424
0.9004616721642751
0.9015001542395404
0.9008864322514591
0.9027636825989266
0.9122139604925182
0.9016527525499449
0.9052817111581872
0.9069881292342629
0.9092567723987112
0.9056184975619375
0.9096269461135034
0.9099129261067017
0.9060539702764429
0.9014778952182213
0.9013614509074088
0.9015512031610167
0.9036345341102953
0.9087312632023125
0.9074772754999944
0.9019145486513127
0.9080524985848688
0.9026854968403654
0.9031096917868822
0.903967785240419
0.9092964341022781
0.9082326034971511
0.9038150899068513
0.9070622170146674
0.9050271918333833
0.9046652480583373
0.9078588360118619
0.9014942825424748
0.9108605173337843
0.9036145542441655
0.9092749745487547
0.902910774123175
0.9056300557858729
0.9026900056380341
0.9063729781900257
0.9058082581653274
0.9061341228011266
0.9111468371716963
0.9137888621927843
0.9018774466537984
0.9008469204302416
0.902332877400846
0.9084022781289145
0.909881055352756
0.9181920844487518
0.9014300579406788
0.903242386376383
0.9132266700801124
0.900568412681104
0.9068137960819889
0.9023599338028213
0.9068168765136427
0.9012477115190767
0.9089679881564462
0.9041146329716712
0.905975272255988
0.9018669661030341
0.9078160603601401
0.9057710149035789
0.9076743185646432
0.9005748011910939
0.9026196527586628
0.9054005000514889
0.9066398828140068
0.9099352405130512
0.902798835605938
0.9043676316029666
0.9044588711784675
0.900194408786258
0.905915039223777
0.9006671321224525
0.9062694011722755
0.9057312207173145
0.9034204669775576
0.9011072374052496
0.907136370163746
0.9090133127102558
0.9041685285881805
0.9029103581250776
0.9005122282756566
0.9037244644595428
0.9048708040922097
0.9135171641078473
0.9012562547497316
0.9070665651386742
0.9085781963168791
0.9097242599009464
0.9057611409390842
0.9004330714761486
0.9050453189652097
0.9030428686548295
0.9062565869611271
0.9097850204958031
0.9019721657990061
0.9058088594683754
0.9092106416961506
0.9069817141208139
0.9054846753544338
0.9044979696612688
0.9032349878358414
0.9085099702918973
0.9068623801485882
0.9007980241755151
0.9051642729334364
0.9098385479821728
0.9092130547120203
0.9070096693541099
0.901354577881701
0.9054579497937821
0.9060300926908865
0.9044417154273381
0.9099414451341553
0.904184818842944
0.902548498324443
0.9013398290162099
0.9013304296943189
0.90636821891376
0.9114047998243593
0.9039262175677343
0.9045651318232697
0.9055333848945618
0.9026739721589272
0.901822489191079
0.9007541408355196
0.9022552782511944
0.9019194992086748
0.9014151505610742
0.9061892185075571
0.9076752236534319
0.9028906337461401
0.9048152804488535
0.9065687723120598
0.9062847953169522
0.9084738545088108
0.9009298455019435
0.9043652463045537
0.9024552463205442
0.9022622549741859
0.9054203712787311
0.9008061879176388
0.9041111533789953
0.9054166053396204
0.90417559382025
0.9196121647999874
0.9000977180493603
0.9049455344161723
0.9069915424346567
0.9043698907830916
0.9034854000269175
0.9015742636159053
0.9098306120216842
0.909727876781377
0.9080465097570557
0.9050914515869682
0.9075180127345773
0.9050350348446492
0.9060395803583778
0.9087005518496886
0.906044819696324
0.9061829153902272
0.9030298508979414
0.9056623749985717
0.9091984225451969
0.9004256120553922
0.9059649410374431
0.9109274747528732
0.9042096508330693
0.9017950299506174
0.9049657378595451
0.9074766736906715
0.9055766453231139
0.9032644283176956
0.9010656800297933
0.9100221693174446
0.9058538017315474
0.9018757540444697
0.9049980185147461
0.9084184079594833
0.9009163878880884
0.9016743252053809
0.9001007302545974
0.9018112416538868
0.9005587518236837
0.9023162421015251
0.9047808336929555
0.903183436459027
0.9059953909668464
0.910960603476511
0.9029810893306431
0.9053264234432524
0.9012346742144327
0.914701854630891
0.9127602956082945
0.9106103556541107
0.9084391701965074
0.9037606531797084
0.9169109162812088
0.9006554950034941
0.901132929101458
0.9030142999881339
0.9052941128672726
0.9110352245178942
0.9044129149862703
0.906524557083525
0.9015061514090391
0.9039110358279281
0.9017643737262275
0.9080199829417882
0.9071639097000792
0.9008718928575956
0.9018096628872302
0.9044279652243381
0.9060862707828374
0.9004505839751532
0.9066019317234905
0.9092916810670602
0.9005428077398984
0.9026792021606218
0.9019481572432978
0.9074045930996688
0.9011528904839602
0.9056571362588499
0.9091175522908914
0.904446302149016
0.9038998644746947
0.9057633223850076
0.9039761817377409
0.905745760210346
0.9017733308618366
0.9001156343137988
0.9035607892793576
0.9061355286515854
0.9025381249485078
0.9036626909754087
0.902811992047818
0.901989459673984
0.9046150088131966
0.9025321635902002
0.9077497399567201
0.9054111814917756
0.9101072388922072
0.910674480936156
0.9012367956507207
0.9003845443980647
0.9264253793384475
0.9018727149930714
0.9052998357718871
0.9039706796710274
0.9070613669216799
0.9018880800890984
0.9110075198863443
0.910910312538396
0.9020819306173823
0.9080398114401776
0.9028654078096866
0.9005830236486402
0.9018284178286099
0.9002246286419496
0.9315832957892569
0.9037175687280896
0.909924147550065
0.9127508844681087
0.9034894150837491
0.9051237394204698
0.9049375452454365
0.909322786204908
0.9034035812520649
0.9052068336613339
0.9054436376339844
0.906716801465882
0.9086682339869414
0.9088451393717769
0.9059423748592514
0.9000567871074376
0.9007687643317802
0.917575129031259
0.9034262406298098
0.9016391324794271
0.9033749133376765
0.9080703126180033
0.9013643852483265
0.9100054879236192
0.9084020834382839
0.9023910752660969
0.9007751037675535
0.9133762698054311
0.9017531105331832
0.9047607182280966
0.9026917733485498
0.9025753296990694
0.9100983155037734
0.907336800823048
0.9018770398031504
0.9051940544949505
0.9057376753243723
0.9036940281616496
0.9069412999389045
0.9058081687435634
0.9118639606188853
0.908866986610221
0.9082689644519356
0.9082280389910717
0.9034598962938003
0.9141296559930263
0.9015742587721592
0.9059610644026244
0.9041715139082912
0.9098981587958277
0.9040116434561101
0.9005894673646493
0.911702716652176
0.9070359246361392
0.9050923918261244
0.9125719707755562
0.9018701725321598
0.9052156748944218
0.900314907781327
0.9023143551695876
0.9003904752330288
0.9042100542826713
0.9093445769275591
0.9081921883542018
0.9076512963695575
0.9034597600678144
0.9078385398925727
0.9017111413075255
0.9011348806114984
0.903667129719963
0.907561718837131
0.9053368955131126
0.9019854442275849
0.9064445009248056
0.9042947614951997
0.9119186193080425
0.9023485246846017
0.9071323315244136
0.9014561195373242
0.9103319697340566
0.9002192788663266
0.9003485471158197
0.9026695009185965
0.9179704668201029
0.9068240784633087
0.9022604011306181
0.9030392448791622
0.9061786705641578
0.9030987957784035
0.9002635732575052
0.9149085152643519
0.9041106953228963
0.9001404675122298
0.9128697025189184
0.9039115894481229
0.9030686157902792
0.9118257106232823
0.9023425903896776
0.9057140909274923
0.9118322368338987
0.9081016161536134
0.9087592753668841
0.9015492328918232
0.9178779899804366
0.904957232020913
0.9004257790668848
0.9028029544511986
0.9002037088116683
0.9060615845887389
0.9067841168048032
0.9050367554171093
0.9048055432600763
0.90218028617303
0.901940085806456
0.9052811481822219
0.9012512791121624
0.9026156154520658
0.9115626011441473
0.9025371330910531
0.9087161403164141
0.9020310409533283
0.9066777010965649
0.902976630458308
0.906769025290852
0.9050533236944471
0.9052339877602046
0.90209016344117
0.9059433529910413
0.9014306097104083
0.9016486532964331
0.9050965559215622
0.9081623966275333
0.9033745201183314
0.9051970402991112
0.9080837886656341
0.9017542427836751
0.9009207291638146
0.9038275975867074
0.9069425682701038
0.9008892259234154
0.9060074596329978
0.9035643428790706
0.9052364308370162
0.9010119760769773
0.9074687482661947
0.9078043661481336
0.902932559171684
0.9002419679145417
0.904262650201689
0.9015479534355411
0.9021860502982993
0.9041086597080998
0.9015374816237935
0.9005646854894706
0.9049532139234032
0.9047355124755071
0.9001749796026743
0.9101459178868347
0.9024784859447758
0.9048836860849598
0.9041134966309586
0.9061209667057639
0.9062901094075003
0.9034850820376279
0.9051985251404837
0.9042304485293148
0.9052149012484554
0.9004408720175535
0.9010326440465453
0.9051390530791998
0.9006050128267366
0.9034767401257101
0.906981492870102
0.9004014449252135
0.9051409533503194
0.9016353646191312
0.9120714252639694
0.9057838210004908
0.9046164315221598
0.9025986620256436
0.9039088764847174
0.9080335514192148
0.9047847911134876
0.9023004883486551
0.9055082458909068
0.9003740551720103
0.9008122099421961
0.900736990620458
0.9014072654683255
0.9035382410635353
0.90869475748219
0.906950263291546
0.9041191377154815
0.9034446694901704
0.9048688001297263
0.9066665737638719
0.9084081399968443
0.9037393806760254
0.9123013030680609
0.9020426327959387
0.9043378898490985
0.9035686678527288
0.9013184259877112
0.9079904769799246
0.9034717840218046
0.9034295751052127
0.9020268455670215
0.903621905109259
0.9069376390120375
0.9025953891901919
0.9091130660117188
0.9056994386624717
0.9075135001341272
0.908151263930654
0.9033718109879898
0.9036139185996552
0.9023177566563406
0.9043418969197924
0.9002034224888834
0.9019189676601056
0.9009877045590582
0.902242738478618
0.9051171300757065
0.9163305569811908
0.9087341698960946
0.9003273993081408
0.9016498797394585
0.9031279715068662
0.9034623226303891
0.9047489728610468
0.9080319795745004
0.9052698603845523
0.9030014837398402
0.9045335331873372
0.9118805312459888
0.9068650774313073
0.901015663790283
0.9071519634566569
0.9031992499548029
0.9143878341926114
0.9028453886111573
0.9009226632660123
0.9056923033837886
0.903281681927099
0.9004540209692063
0.924779791067658
0.9021618357609112
0.9027874049928309
0.9086019730103314
0.9015069875840221
0.9058929606666722
0.900610021457814
0.9043216423178256
0.9075460016795638
0.9028939399722513
0.9005592982717757
0.9007447432387763
0.9122541938093424
0.9067204832431712
0.9067974708020765
0.9018326297631365
0.9076680662875921
0.9076505751834042
0.9086464506340761
0.9075224163097302
0.9019006100029826
0.9070430078495114
0.9027972749948711
0.9075002699043115
0.9038560115952342
0.903221726001758
0.9061728725737433
0.9008496452440107
0.9105872875772607
0.9034921189880482
0.9063918027434464
0.9011235521222549
0.9031865229416883
0.9137316210212303
0.9023119137313483
0.903024103622412
0.9008946528742786
0.9006992343778979
0.9080057458479047
0.900207749246052
0.9024426361902254
0.9078031529111528
0.9113584221321781
0.9194622415816663
0.900261052517298
0.9000189375545768
0.9032450295344311
0.9097489080128686
0.9038335639073322
0.9007773111547589
0.9063647205636091
0.9157140981525805
0.9019471995398278
0.9105743780270585
0.9013252990456971
0.9053945527076935
0.9100618639667749
0.9051566173563832
0.9000262282075873
0.9082742102730983
0.9028724263066606
0.9038734488132526
0.9023804709977119
0.9031053632118698
0.908561457739413
0.9074845732183401
0.9027951153389707
0.9032901827514224
0.9017742652437608
0.9061293420416652
0.9076097782557168
0.9023770577184796
0.9054558453778452
0.9047126643476333
0.9037879390164183
0.9096252553383953
0.916793066018191
0.9025309699356753
0.9074934737563621
0.9005139452441222
0.9049174304469133
0.9055462169262273
0.9100467915710292
0.9040154641497835
0.9052100003143785
0.9008694361775464
0.9003842995769316
0.9002114028917055
0.9109475868402638
0.9034558024709197
0.9034575623473055
0.9029833362715675
0.9026812351480249
0.9075697209638556
0.9020158008367252
0.9016895431141296
0.9095333081046947
0.9012864802375364
0.9059042400138488
0.904720377250384
0.9057869935770098
0.9078289193455895
0.9133418138671068
0.901097152681164
0.9087481729768822
0.9026534755839279
0.9085410071169765
0.9043186327586513
0.9028312581803143
0.9047058548348145
0.9045709284020681
0.9063663488202427
0.9073829750336949
0.9094649866132475
0.9126841548088076
0.9002843775932347
0.903385730310324
0.9000472288283196
0.9006201945741801
0.9002446119139377
0.9004869925342336
0.9020182680317247
0.900919818565998
0.9059933988238669
0.9050263128332567
0.9047427953535169
0.9030371090116053
0.9071341633319345
0.907328924630656
0.9004770668443909
0.9053224778507726
0.9072611304820185
0.9171984994267816
0.9037254997390632
0.9019282019374667
0.9079269911313899
0.9008443524905656
0.9021837267263111
0.9090907118913677
0.9031113121188168
0.9067850442076694
0.9050281759748988
0.9016621595386161
0.9007880824229879
0.9016550424435198
0.9054959216109648
0.9100684845541995
0.9005473999885727
0.9047125084727877
0.9013692910730503
0.908638865531694
0.904327442839656
0.9013931826033227
0.9067741595930604
0.9071384455841224
0.9147187275407226
0.9053406298036126
0.9083728099113665
0.9011921429986077
0.9037209152536908
0.9047897760359712
0.9036328679683896
0.9078542232230418
0.9113588365534099
0.9000891579979452
0.9043058032835637
0.9009211116232232
0.9043027658034217
0.9090805639714394
0.9024938002901297
0.9015468674370617
0.9029820495509886
0.90566891523162
0.9079096406819298
0.9062899998504924
0.9086053817100144
0.9045232316062768
0.908005871849125
0.9037418309778162
0.9091596381571256
0.9055637300330605
0.905576373633004
0.9027472423498674
0.9033575885325851
0.900699126506144
0.9015500376029926
0.9132501577553543
0.9076233171143144
0.904058955497273
0.9018112173239968
0.9002807227994769
0.9052293744960368
0.903953313816629
0.9062905797586599
0.9062681232216817
0.9099033226838592
0.9073817074025403
0.9078944383649659
0.9056899647584981
0.9003958886301974
0.9033678409656469
0.9054837950689147
0.9016804044165383
0.9030293388541442
0.903538130679557
0.9096048613883864
0.9006676131252432
0.9037282339890926
0.909742555748304
0.9048551105709403
0.9007319577030743
0.9031021047446185
0.9083769152006731
0.9006243027355821
0.9086250846262367
0.9058400726013373
0.9089880549872925
0.9148328890152996
0.9100027170509974
0.9057115857538146
0.9065786636330815
0.9044411750053742
0.9037890092353177
0.9084507078068268
0.9030431697223739
0.9101274128698486
0.9057586350933763
0.9040011904015379
0.9052063472599764
0.9044920261429347
0.9072850923697464
0.906648050141865
0.9135251105202475
0.9035656742389062
0.9041654292927997
0.9032258775699554
0.9008164548828755
0.9054092365915627
0.9033914757834308
0.9026415266459371
0.905833449958931
0.9043092336514004
0.9039373944445157
0.9045575637763916
0.9017732885162469
0.9056386485562229
0.9027842932314296
0.9050631096190479
0.9102908128357362
0.9041000671894749
0.9048141653922482
0.9024530140758177
0.9068385153451671
0.9067198422452836
0.9067905619394176
0.9073404898965762
0.9027465797144052
0.9126346498821598
0.9064682175468062
0.9049093606116345
0.903617663632939
0.905149508684517
0.9110053424905431
0.9147917988095625
0.9035620911358887
0.9011995736717208
0.9033095574750409
0.9084530622722004
0.9079421717527945
0.9036140382974128
0.9061674675939633
0.9059975867049089
0.90431702093352
0.9046172523487793
0.9068903439030117
0.9021642726799879
0.9045061543399118
0.9052548023606469
0.9055007158975094
0.9099473007436726
0.9050430494173751
0.9023959568550363
0.9022483659556269
0.9002586701711495
0.9081562252473043
0.9002776888640924
0.9033569062518242
0.9011443025842679
0.9013822435501546
0.9070413059595978
0.9035778618439915
0.9055546311202803
0.9035014261565997
0.904889230811875
0.903010328079304
0.9033704425710933
0.9023523289420726
0.9036041153946617
0.905021992198281
0.9093225433718739
0.9122908982226033
0.9127382993516041
0.9106189316352912
0.9097344059063898
0.9124798568534159
0.9046309243422397
0.9024295321060091
0.9012527663055363
0.9048511857114658
0.9071047637403098
0.9070186387376487
0.9001509461489969
0.9031366513370553
0.9092068548958129
0.917746399491612
0.9020337253270936
0.9046665956213493
0.9001750972453788
0.9080834259063744
0.9022920058103912
0.9114584513895428
0.906033833482145
0.908214500598734
0.9031786986774953
0.9023041854797742
0.9008462440481037
0.9051723325391786
0.9064672580554477
0.9041731984088468
0.9210746542194082
0.9062478138965275
0.9027603417369415
0.9062647843040702
0.9023503881023641
0.9013745873915794
0.9098438184493643
0.9009388577375796
0.9086458409650638
0.9030595218497316
0.9016727616736191
0.9086309438387195
0.9093279908692292
0.9034999404986302
0.9039123186554265
0.9002525771093124
0.906146595202502
0.9001379464934864
0.9019315856672899
0.9086324484131462
0.9124783305326868
0.9016046320530843
0.9044318572781076
0.9089967759350479
0.9030616516361124
0.9024087176324922
0.9048514180232863
0.9031743496609635
0.9056518205518028
0.9060388952837471
0.9017773488748206
0.9060904515921836
0.9053438814260215
0.905378975176748
0.9053850469239905
0.9076461223254931
0.9059128814611336
0.9001156264656389
0.9014244517267618
0.9029255160735356
0.903480941735827
0.9053746157929248
0.9020488801904534
0.901211125151952
0.9052804112409002
0.9005349722993908
0.9029687183912929
0.9015095175183879
0.9069776336822791
0.9184088946733855
0.9013530558483887
0.9084633876861952
0.9017238768964588
0.902854516695515
0.9028720193884353
0.9007032906577201
0.907483190078181
0.9000514143459207
0.9041074625962819
0.9073630997860213
0.9070276659726331
0.9055503179563686
0.9062748236759425
0.9073837286536693
0.9002836980026888
0.9092377467558198
0.9063302591685427
0.905639071091913
0.9002128278772897
0.9053991608356595
0.9014391402652602
0.903875007631098
0.9031913738919543
0.9069933298367966
0.9096151586753853
0.9109965836889387
0.9034243286133408
0.9064630471106448
0.9004568338960164
0.9058441056758897
0.9078873995279909
0.9064579786419827
0.9086728428294766
0.9007664286012149
0.9010083747407799
0.9007317790884166
0.9048120557886883
0.9038053087564947
0.9077862501445529
0.9075664152764956
0.9059544264948813
0.9079966424962932
0.9029267391060796
0.900628297485214
0.9044273802794097
0.9033974139517893
0.9084617983516661
0.9031216511238391
0.9020313593191189
0.9068819683232655
0.9005587721070389
0.9021087305124046
0.9014507716005634
0.9046709881306554
0.9006719476303766
0.9022256461122994
0.9007979729302398
0.9039887977844477
0.9019923957104191
0.9043146794445542
0.9033511301081696
0.9037838844873959
0.903397108922168
0.9004307042953903
0.9004953472529672
0.9033016738674563
0.9128987272729985
0.9104638446997501
0.905392585167154
0.9094812735474084
0.9066799985102341
0.9055791355914895
0.9073588941232752
0.9074685501307814
0.9000584072251093
0.9013607493507387
0.9032869702979961
0.9039218667362446
0.9030280128427881
0.9041556788174873
0.9052750030992015
0.9037463370228441
0.9048439473292932
0.9046755226795103
0.9030327766380204
0.9041109070375434
0.9000824134993475
0.9015381054265119
0.9029038887270427
0.9017732303831434
0.9043419719653076
0.9043713475984066
0.905533056015851
0.9077877427699256
0.9001362575575622
0.9054930153099141
0.9073418295920351
0.900322809849885
0.9109898978175861
0.9048417939115441
0.9011904302710801
0.9032785195178964
0.9037687078498358
0.9040252918844647
0.904646487423625
0.9015063836015771
0.9042693714769352
0.9045243623191581
0.9021326541297363
0.9103472050615722
0.9060019775908608
0.900793560329167
0.9042913889746717
0.9030156300121827
0.9030495635584272
0.9011022525592605
0.9114502733038544
0.9096824760382485
0.907616194010118
0.9001928436702272
0.9073051202727221
0.9051961121677067
0.908031904846799
0.9052133073216243
0.9050097271997113
0.901805718732121
0.9011728543382368
0.9144402689980168
0.9027233746417146
0.9090585483954516
0.9054719013304753
0.901512162435263
0.9047772250480208
0.9010642669890646
0.9029231926428076
0.9066477679158929
0.9116437013987019
0.9001272745782286
0.9022155209535522
0.9052570058109265
0.9014219574463408
0.9035733681483407
0.900569790865058
0.9103470708397431
0.9002561427978276
0.9039550708040232
0.9049408372519961
0.904073690443777
0.9075023256331591
0.9018103237535416
0.9017607700576564
0.900168028673745
0.9060373676639548
0.9080297690946751
0.9063799239201544
0.9013314573687827
0.9014067360418576
0.9051553492212733
0.9050407839015537
0.9000261567713532
0.9042771949304341
0.9105259140104447
0.9013705251984347
0.9074294366351304
0.9083746467449528
0.9028787426424033
0.9000344589543272
0.9058544546536716
0.9015013869362711
0.9165491795356865
0.9023618160834492
0.9101361848276325
0.9051706977994893
0.9073931699220554
0.9005399821329284
0.9000865384743955
0.9029405326881854
0.905127159774231
0.9068311774135426
0.9093388187901131
0.9002136446240089
0.9019943125311011
0.9029126488062438
0.9002396762506288
0.9101593982511148
0.909036381923383
0.9067710894076089
0.9051555262888985
0.9015912111541869
0.9042723804462177
0.9022968083546762
0.9033579992483707
0.9008460343968727
0.9049659961670276
0.9081949424096277
0.905423006427247
0.9039233352082652
0.9123213166750924
0.9012611645893166
0.9004135594472139
0.9064833790779031
0.9016899536466928
0.9111292116121218
0.9066685887333518
0.9037891959653154
0.9019931995182048
0.9085984424859055
0.9026192717558355
0.9027960957462872
0.906279468755775
0.9143579912556818
0.9026216473153829
0.9049503246283012
0.9118999196317586
0.9002130857309516
0.9124187744868392
0.9134965561915536
0.9002770673303648
0.904355185455362
0.9037138110503755
0.9122299180945147
0.903091487239488
0.9062988462597343
0.9035290409158353
0.9015770021180145
0.9082572894857551
0.9049324659110987
0.9049504394193799
0.9067407652198454
0.9038834682919881
0.906463072859217
0.9032114229157243
0.9064614083210855
0.9015594187598341
0.9101095620132374
0.9081549333026643
0.9034377204760837
0.90550307502667
0.9071379894266373
0.906847068854815
0.9084609181364923
0.9041603045505581
0.9008407668204224
0.9052210443807924
0.9098708238434958
0.9069222975499948
0.9039767034321529
0.9021530194432295
0.903862707598771
0.9040431780249467
0.9018494225909593
0.9192172860354113
0.9052565003822302
0.9024928906333968
0.915386899390561
0.9030820247635162
0.9051691037922737
0.9010294360244617
0.9060719132081475
0.9019787791823123
0.9047111579840418
0.9096845413823931
0.902002484171706
0.9038489892994154
0.9136530230808683
0.9103111976229207
0.9064473565188841
0.900879755884219
0.9018513624244838
0.9135633737640141
0.9020768957061744
0.9079720817786083
0.9074254924330075
0.9007889924466189
0.9000326015537182
0.9047573218579669
0.9014225921462408
0.9049347751599834
0.9026470827301648
0.902043283476008
0.9005929773987645
0.9049562897628156
0.9014410063379443
0.9040488647002557
0.9019870555276102
0.9005407052782634
0.9068118125826309
0.9091437875390964
0.9047970189449602
0.9090946729952712
0.9129951330951583
0.910462305739732
0.901567577329706
0.9088315995085655
0.9088227461071975
0.9049182871189336
0.9069082131064996
0.9057855459725059
0.9024005644288934
0.9019141624006868
0.9050120412177525
0.9099954034594273
0.9129748427441124
0.9044091690057036
0.9021093225706831
0.9085602291742992
0.9077171624027587
0.904395123465067
0.9042344643542427
0.90322151235613
0.9054652827630072
0.904312002655148
0.9046274533535624
0.904225975075766
0.9056763436322965
0.9021753482802513
0.9032508627883543
0.9025902839502805
0.9042375084590765
0.9091879042576495
0.9015132592821589
0.9059249793995998
0.901810446002031
0.902864750962402
0.9017043266021386
0.9126423135922439
0.9010778789695412
0.9014651970589196
0.901261807479563
0.9072618259296545
0.9038251512072375
0.9036401294163205
0.9015151240988604
0.906151885629262
0.9053035360813527
0.9061179542937107
0.9025118661682803
0.9013511179152588
0.9058805739437177
0.904405419507302
0.9100748261778723
0.9046435588894571
0.9056946582604045
0.9108379218419009
0.9063124990328942
0.9014947076542381
0.9085911493685377
0.9058152886819341
0.9052296209382575
0.904499979335332
0.9090882734893091
0.9070480141933625
0.9001758000173218
0.9089064133817796
0.900162718803329
0.9065630594541906
0.9036105819708703
0.9040737000590716
0.9090223949632907
0.9045268229263002
0.9077046396381208
0.9083066876905896
0.9060938972228221
0.9023567708499277
0.9010849246845655
0.9046088019217358
0.9031738560816317
0.9032060808905009
0.908520690774461
0.9005731485728443
0.908752758553298
0.902656548218393
0.9055247698701062
0.9001812333854406
0.906943797195879
0.9122037054300872
0.9016804249192952
0.9027183388381765
0.908195780076972
0.9054675860943364
0.907159713861971
0.9010347871334928
0.9144117180558894
0.9021739643031299
0.9106075706786355
0.9086673770066732
0.9038291263241014
0.905780709499885
0.9065913342757008
0.9133509826171355
0.9032610461014924
0.9031672264991163
0.9044153215845487
0.9067845208222558
0.9036201793187296
0.9032277104604468
0.9027307832511426
0.9073406732044096
0.9044809190998286
0.9043028630557143
0.9055335618497452
0.9039962917000507
0.9028218438692481
0.9090894627441711
0.9071275775806806
0.9062879991792202
0.9054458897308604
0.904680170788967
0.9080135350291152
0.9024766818043507
0.9037398079601917
0.9012509482371798
0.9026889437857022
0.9009125032384397
0.9024328774228372
0.902968557359379
0.9019564796343874
0.9076741819250695
0.9153182540265378
0.9077211421818677
0.9016229159372798
0.9002385361054567
0.9129699140707427
0.9041116147867635
0.9062887209412815
0.9048502307640591
0.913156095274327
0.9113706767367251
0.9036333787522972
0.9032989053000416
0.9004010875600004
0.9064961082433312
0.9017684969266571
0.9041865311624862
0.9048266163379713
0.9067676869228066
0.9109288008559354
0.904829391386875
0.9141115593302697
0.9019844237042232
0.9126334902454368
0.9089616155863991
0.9040538814243217
0.902845695309091
0.9071461568050774
0.9095396479332636
0.904002791000625
0.9044380211827476
0.9055780755433362
0.9005848980666696
0.9047789411456216
0.9003294675496161
0.9052227517487083
0.9120548548736421
0.9008278563950362
0.9067379200551381
0.9029989418256116
0.9062327505126825
0.9046041898405964
0.9076865635724082
0.9075192402403953
0.9065603221117313
0.9086269133311051
0.9002559055035783
0.9155899824930851
0.9013861294533824
0.9011790215976653
0.9028177303770575
0.9079129178834635
0.9164311690234445
0.9237701378688757
0.9093789042114174
0.9094551077708891
0.9062044737877728
0.9020262986621815
0.9012549793703287
0.9012681917924976
0.9044393710727581
0.905080377559866
0.9031075400884736
0.9040337164780177
0.9154550823932536
0.905794653546829
0.9113567339461696
0.9083343428105284
0.9037420090047573
0.9027620250728474
0.9063301336700663
0.9017810745299362
0.9101586561247058
0.9007685435326298
0.9012183648264269
0.9094292776635426
0.9008565571006435
0.9007681092582367
0.9001184232771311
0.9023722592632276
0.9071982456251704
0.9016940057196607
0.9003400063549191
0.9006448622892969
0.9032602699410883
0.9020000586613495
0.9046315096122665
0.9078623633946215
0.9074156828333059
0.9120327205043086
0.9086565775101918
0.9011426592136079
0.9006271020316464
0.9015269504839982
0.9069902973584009
0.9093099554815693
0.908376989139346
0.9019045456979509
0.9089874468693923
0.905848547106174
0.9072960611343022
0.9118200351706544
0.9098935319552509
0.9090257465379971
0.90620542262811
0.9046241784019444
0.9053491709952518
0.9100128264951406
0.9057343166063192
0.9053845735689307
0.9093978893528032
0.900055474962743
0.902253112940065
0.9154381223224533
0.9115141572510147
0.9072268426519794
0.9023481508052037
0.9048527685013568
0.9081817306873018
0.9023344371236136
0.9002654110021607
0.9196200153846783
0.9001502161895768
0.9012353458784065
0.904090734249551
0.9039186017591796
0.907385552799717
0.9054521560525667
0.9044637990952012
0.9050145670003342
0.9155922619864991
0.9047409915196697
0.9013586783952512
0.9045329400926801
0.9050079606292601
0.9023374724876932
0.9160646152728518
0.9036933097380382
0.9037216353248708
0.9098028191256751
0.9029049404260979
0.9080090880940508
0.9040464796571491
0.9081187454247762
0.9052716591707347
0.9092569062375292
0.9091560997114884
0.9006841866950135
0.9025579307362711
0.9053630306578874
0.9018534361744689
0.9088455103138934
0.9053101933950317
0.9063711351926185
0.9113753691814264
0.9019710636331132
0.9141710359200431
0.9014207434046727
0.9004290265614835
0.9002360823630396
0.9063333925738807
0.9034472448099902
0.9033855175886938
0.9017612282668408
0.9020703895721722
0.9042283979457245
0.9008793171816754
0.9040323190911824
0.9036906264630667
0.9007196587553132
0.9075552354644496
0.9033871801184522
0.9004049827344004
0.9078097805811133
0.9052089657749474
0.9088600438033324
0.9040187002445216
0.9002772768150739
0.9048903577638598
0.9074710267941873
0.901430660159148
0.9024644820031639
0.9029710619733142
0.9097120171948142
0.906668087934262
0.9036791016874474
0.9028074846071514
0.9019647944817778
0.9070246195726416
0.9033924422648313
0.9059705506129607
0.9061652745186544
0.9073678194080796
0.9024158642999514
0.9080998073616692
0.9020951498593365
0.9010311064306921
0.9061005550250808
0.9010755687482391
0.9053806980275516
0.9054591721962899
0.9179603740933617
0.9043402063598314
0.906474154648048
0.9069668969465293
0.9028346366920282
0.9044497930767177
0.9023442486456041
0.9118201330303719
0.9118275164416694
0.9060909163766193
0.9037583620574485
0.9063625452270178
0.9170315124696973
0.9055029150951813
0.9066732180041932
0.908978694888699
0.9070102540935454
0.9138175615486629
0.9082318946356714
0.9005042144065237
0.902632236078545
0.9044326911570881
0.9063005171493013
0.9032357784970729
0.9074534942748679
0.902731444262973
0.9081670364569153
0.9010642547039448
0.9026446454795193
0.90859713332298
0.9014893158719098
0.9024338515497848
0.9084361830990461
0.9002302390224196
0.9042045807588132
0.907756327918156
0.9041271456427534
0.9041714783099241
0.9021443396765456
0.9047243279655488
0.9002428179269237
0.90494773618686
0.9039943854449286
0.9060329929770166
0.9022479841173383
0.9046246189524836
0.9013725377530051
0.9063437289421882
0.9028652519714767
0.9068457895797726
0.9058044854865609
0.9013829643999
0.9001297568206118
0.9061454694351055
0.9022303609335038
0.9045029972466637
0.9118202508944677
0.9042688070957831
0.9007383199480562
0.9026149141990444
0.9018367105336135
0.9005273520367933
0.9116557076947761
0.9017902407036513
0.9050432648634903
0.9006814618969046
0.9037881734595544
0.9091987916584244
0.9132353764635303
0.9030034435461824
0.907889056566525
0.9225890439835281
0.9158366441287114
0.9011017881161751
0.9016770330064499
0.9083541144648144
0.900118526685488
0.9076770100131181
0.9057733489302007
0.9070202540958476
0.9035452753582407
0.9063085103854187
0.9071115595934284
0.9008809082828142
0.9057947544366455
0.9132547239328038
0.9089942241071473
0.90232071012512
0.907937220227417
0.9008991473730287
0.9016527186397226
0.9044799801184206
0.9035423102365707
0.90037077500181
0.9051823355106063
0.9015856589595648
0.9028457567582341
0.9086898074738409
0.9029010584086432
0.9041443278537702
0.9096401625093823
0.9005752043305588
0.9017484801780731
0.9081340391934102
0.9023057490632411
0.9058205324926809
0.9021140274594553
0.9111975177428395
0.9049763915314698
0.9073410590620418
0.9043795436125309
0.904958582066593
0.9043883920267719
0.9068779324617431
0.9024755549654037
0.9049206382509902
0.9019424828185248
0.9013450620314866
0.9008725478541676
0.9026019601363562
0.9041550477220285
0.9065557224419061
Bicluster(rows=[0, 1], cols=[ 0  1  2  3  4  5  6  7  9 10 11 12 13 14 15 16 17 18 19 20 21 22 23 24
 27 30 31 33 34 37 46 47 48 49 59 65 67 68 69 70 71 72 73 74])
Bicluster(rows=[0, 2], cols=[ 0  1  2  3  4  5  6  7  8  9 10 11 12 13 14 15 16 17 18 19 20 21 22 23
 24 25 27 28 34 37 39 42 47 49 50 53 59 61 62 63 64 67 73 74])
Bicluster(rows=[0, 3], cols=[ 0  1  2  3  4  5  6  7  8  9 10 11 12 13 14 15 16 17 18 19 20 21 22 23
 24 27 28 29 34 43 47 48 55 57 58 60 71 73 74])
Bicluster(rows=[0, 4], cols=[ 0  1  2  3  4  5  6  7  8  9 10 11 12 13 14 15 16 17 18 19 20 21 22 23
 24 25 37 38 42 47 53 58 59 60 61 64 65 68 69 70 71 74])
Bicluster(rows=[0, 5], cols=[ 0  1  2  3  4  5  6  7  8  9 10 11 12 13 14 15 16 17 18 19 20 21 22 23
 24 27 28 29 33 34 38 42 48 53 56 58 59 60 61 64 65 69 70 71])
Bicluster(rows=[0, 6], cols=[ 0  1  2  3  4  5  6  7  8  9 10 11 12 13 14 15 16 17 18 19 20 21 22 23
 24 25 27 34 39 43 46 47 49 53 55 60 61 62 64 65 71 73])
Bicluster(rows=[0, 7], cols=[ 0  1  2  3  4  5  6  7  8  9 10 11 12 13 14 15 16 17 18 19 20 21 22 23
 24 28 30 33 35 37 39 42 45 49 50 51 57 61 63 64 68])
Bicluster(rows=[0, 8], cols=[ 0  1  2  3  4  5  6  7  8  9 10 11 12 13 14 15 16 17 18 19 20 21 22 24
 27 28 30 32 36 37 38 39 40 41 42 48 50 56 57 61 63 65 67 69])
Bicluster(rows=[0, 9], cols=[ 0  2  4  5  6  7  9 10 11 12 13 14 15 16 17 18 19 20 21 24 25 32 36 37
 38 40 48 51 55 56 57 61 63 67 68 71 72])
Bicluster(rows=[0, 10], cols=[ 2  7  9 10 12 13 15 17 18 20 24 27 29 34 35 36 45 47 48 49 57 58 61 66
 69 70 73])
Bicluster(rows=[0, 11], cols=[ 0  1  2  3  4  5  6  7  9 10 11 12 13 14 15 16 17 18 19 20 21 22 24 29
 34 36 39 43 44 45 47 48 49 51 52 53 55 62 63 65 69 71])
Bicluster(rows=[0, 12], cols=[ 0  1  2  3  4  5  6  7  8  9 10 11 12 13 14 15 16 17 18 19 20 21 22 23
 24 26 29 33 34 35 42 47 49 53 56 57 61 62 64 66 69 70 71 73])
Bicluster(rows=[0, 13], cols=[ 0  1  2  3  4  5  6  7  8  9 10 11 12 13 14 15 16 17 18 19 20 21 22 23
 24 26 32 38 47 50 51 54 55 63 67 69 70 71])
Bicluster(rows=[0, 14], cols=[ 0  1  2  3  4  5  6  7  8  9 10 11 12 13 14 15 16 17 18 19 20 21 22 23
 24 25 28 29 30 33 39 42 43 47 49 53 55 56 60 61 64 66 68 70 71 72 73])
Bicluster(rows=[0, 15], cols=[ 0  1  2  3  4  5  6  7  8  9 10 11 12 13 14 15 16 17 18 19 20 21 22 23
 24 26 27 30 35 36 45 48 50 51 53 54 56 57 67 68 69 72])
Bicluster(rows=[0, 16], cols=[ 0  1  2  3  4  5  6  7  8  9 10 11 12 13 14 15 16 17 18 19 20 21 22 23
 24 27 29 34 39 40 46 51 52 53 55 57 59 62 63 68 69 71 72 73])
Bicluster(rows=[0, 17], cols=[ 0  1  2  3  4  5  6  7  8  9 10 11 12 13 14 15 16 17 18 19 20 21 22 23
 24 26 27 28 29 31 32 34 36 39 40 42 44 49 50 52 55 58 64 72])
Bicluster(rows=[0, 18], cols=[ 0  2  4  7  9 10 11 12 13 15 16 17 18 20 21 24 25 29 32 35 41 42 43 47
 49 50 51 53 55 62 64 65 66 69 70 72 73 74])
Bicluster(rows=[0, 19], cols=[ 0  4  7  9 10 11 16 17 18 19 21 33 35 37 38 48 51 52 58 60 61 66 67 68
 69 71])
Bicluster(rows=[0, 20], cols=[ 0  3 11 14 19 26 27 28 30 34 36 39 41 42 44 46 47 48 51 55 58 59 62 63
 64 65 69 70])
Bicluster(rows=[0, 21], cols=[ 2  7  9 10 12 15 16 17 18 20 24 26 30 31 33 35 37 40 41 44 49 50 51 56
 68])
Bicluster(rows=[0, 22], cols=[ 2  6 12 13 15 20 24 32 34 36 39 41 42 46 48 50 51 52 53 55 56 58 60 61
 64 67 68 69 70 71 72 74])
Bicluster(rows=[0, 23], cols=[ 0  2  3  4  5  6  7  9 10 11 12 13 14 15 16 17 18 19 20 21 24 29 32 33
 34 39 42 43 51 52 53 55 59 60 61 67 69 71 73 74])
Bicluster(rows=[0, 24], cols=[ 0  4  7  9 10 11 16 17 18 19 21 26 27 30 33 34 38 39 41 42 43 49 58 60
 61 62 63 64 67 68 69 71 73])
Bicluster(rows=[0, 25], cols=[ 0  1  2  3  4  5  6  7  8  9 10 11 12 13 14 15 16 17 18 19 20 21 22 23
 24 26 28 30 35 37 42 44 49 51 52 54 56 63 65 66 67])
Bicluster(rows=[0, 26], cols=[ 2  4  6  7  9 10 11 12 13 15 16 17 18 20 21 24 27 28 29 32 33 37 39 44
 49 54 57 58 63 65 66 67 70])
Bicluster(rows=[0, 27], cols=[ 2  4  7  9 10 11 15 16 17 18 20 21 24 29 31 33 39 40 41 43 47 48 52 53
 55 57 59 62 63 64 65 67 69 70 72 73])
Bicluster(rows=[0, 28], cols=[ 0  2  3  4  5  6  7  9 10 11 12 13 14 15 16 17 18 19 20 21 24 30 31 36
 38 39 40 42 43 49 52 53 57 58 64 65 66 67 70 72])
Bicluster(rows=[0, 29], cols=[ 0  2  4  6  7  9 10 11 12 13 15 16 17 18 19 20 21 24 28 38 39 49 52 59
 60 61 63 65 66 67 68 70])
Bicluster(rows=[0, 30], cols=[ 0  2  4  6  7  9 10 11 12 13 15 16 17 18 20 21 24 28 30 36 37 39 48 50
 54 56 61 65 66 67 72])
Bicluster(rows=[0, 31], cols=[ 0  2  4  5  6  7  9 10 11 12 13 15 16 17 18 19 20 21 24 27 28 30 33 34
 38 39 41 42 48 52 55 58 61 67 72])
Bicluster(rows=[0, 32], cols=[ 0  1  2  4  5  6  7  8  9 10 11 12 13 15 16 17 18 19 20 21 22 24 26 31
 35 36 40 41 44 45 49 52 53 54 56 57 63 67 68])
Bicluster(rows=[0, 33], cols=[ 0  1  3  5  6  7  8 12 14 15 20 21 24 25 26 27 28 29 35 39 43 44 47 48
 49 52 53 57 61 64 65 66 68 69 70 71 73])
Bicluster(rows=[0, 34], cols=[ 0  6  8  9 11 13 14 18 21 25 26 27 28 29 35 37 39 43 44 47 48 49 53 58
 59 61 62 69 71 73 74])
Bicluster(rows=[0, 35], cols=[ 0  1  2  5  8 12 13 17 18 19 20 25 30 32 38 40 42 47 50 51 53 56 57 62
 64 67 69])
Bicluster(rows=[0, 36], cols=[ 5 10 12 16 22 23 26 27 28 37 39 41 42 44 48 49 50 51 52 56 61 62 64 65
 69 71])
Bicluster(rows=[0, 37], cols=[ 1  2  3  4  6  7  9 10 11 12 13 14 15 17 19 20 22 27 29 33 34 39 42 48
 52 55 61 63 66 67 68 71])
Bicluster(rows=[0, 38], cols=[ 1  2  6  7 10 11 12 13 16 24 25 26 27 28 29 33 34 35 39 41 43 44 47 48
 49 51 56 60 62 63 69 70 71 74])
Bicluster(rows=[0, 39], cols=[ 3  4  6 16 19 20 21 24 26 30 31 32 35 36 44 45 50 52 53 54 55 58 59 60
 61 63 64 65 67 70 72])
Bicluster(rows=[0, 40], cols=[ 3  5 14 17 20 25 26 27 28 29 33 34 39 41 44 47 48 52 53 57 60 64 68 73
 74])
Bicluster(rows=[0, 41], cols=[ 4  8  9 12 14 15 16 17 19 20 22 30 31 32 38 42 45 51 52 53 57 58 63 65
 67 70 73 74])
Bicluster(rows=[0, 42], cols=[ 1  2  6  9 11 14 15 18 26 29 35 37 39 42 44 47 48 49 50 58 59 60 61 62
 66 68 69])
Bicluster(rows=[0, 43], cols=[ 2  8 12 21 25 26 27 28 29 33 34 35 39 41 43 44 47 48 53 55 56 59 60 62
 63 65])
Bicluster(rows=[0, 44], cols=[11 12 14 17 19 25 26 27 28 29 33 34 35 39 41 43 44 47 48 49 50 52 53 55
 57 58 59 62 63 64 65 69 70 72 73 74])
Bicluster(rows=[0, 45], cols=[ 2  3  4  5  6  7  8 10 11 13 16 19 23 25 29 31 37 39 42 43 45 47 48 49
 52 53 54 56 57 59 66 67 68 70 71])
Bicluster(rows=[0, 46], cols=[ 0  2  8 13 14 15 17 25 29 30 31 32 37 39 42 45 47 48 49 52 53 55 61 65
 66 68 72 74])
Bicluster(rows=[0, 47], cols=[ 1  6 10 20 21 22 26 30 31 32 35 37 38 44 45 53 55 57 60 61 64 65 66 70
 71 72 73])
Bicluster(rows=[0, 48], cols=[ 2  3  4 12 13 14 16 19 23 24 25 26 27 28 29 33 34 35 39 41 43 44 47 48
 52 53 58 60 66 68 70 71 73])
Bicluster(rows=[0, 49], cols=[ 0  5  7  9 10 14 16 25 26 27 28 29 33 35 39 41 43 44 47 48 49 50 51 54
 55 57 63 68 69 70 72])
Bicluster(rows=[0, 50], cols=[ 1  2  3  4  5  7  9 12 13 15 18 21 22 24 26 30 32 36 37 44 52 55 57 58
 60 61 63 65 67 69 73])
Bicluster(rows=[0, 51], cols=[ 6  8  9 10 12 13 14 15 17 22 23 26 30 31 32 35 37 38 44 45 52 53 58 63
 64 68 69 72 73])
Bicluster(rows=[0, 52], cols=[ 0  3  7 15 16 17 20 21 22 23 30 31 32 35 36 45 51 53 56 57 60 63 64 70
 72 73 74])
Bicluster(rows=[0, 53], cols=[ 1  2  4  7  8 14 17 20 25 26 27 28 29 33 34 35 39 41 43 44 47 48 50 52
 55 57 62 63 65 67 69 73])
Bicluster(rows=[0, 54], cols=[ 4  5 13 14 15 17 18 22 23 26 30 35 37 38 42 44 48 49 51 53 54 55 57 58
 59 60 63 65 69 71 72])
Bicluster(rows=[0, 55], cols=[ 2  4  5  7 10 13 16 17 20 27 29 33 34 39 42 47 48 51 55 58 63 66 68 70])
Bicluster(rows=[0, 56], cols=[ 1  4  6  7  8  9 10 15 16 18 25 26 27 28 29 35 37 39 44 47 48 49 52 55
 58 60 61 65 67 68 69 70 71])
Bicluster(rows=[0, 57], cols=[ 2  7 18 20 25 26 27 29 31 35 37 39 42 44 47 48 49 54 59 62 64 73 74])
Bicluster(rows=[0, 58], cols=[ 0  1  2  3  5  6  7  8  9 10 11 12 14 16 18 19 20 24 25 26 27 28 29 35
 39 41 43 44 47 48 49 51 52 56 57 68 69 71 72])
Bicluster(rows=[0, 59], cols=[ 0  2  8  9 10 13 15 22 25 26 27 28 29 35 37 39 41 42 44 47 48 49 53 60
 70 71])
Bicluster(rows=[0, 60], cols=[ 0  1  3  4  5  7  9 11 12 14 16 22 25 27 29 35 37 39 42 47 48 49 50 53
 58 61 63 65 67 70])
Bicluster(rows=[0, 61], cols=[ 1  3  5  7  9 10 12 14 15 16 17 20 21 22 24 25 26 27 28 29 33 34 35 39
 41 43 44 47 48 54 56 59 63 67 70 72])
Bicluster(rows=[0, 62], cols=[ 2  8 10 12 13 17 19 21 22 25 26 27 28 29 33 35 39 41 43 44 47 48 49 52
 53 55 58 61 65 68 69 70 71 73])
Bicluster(rows=[0, 63], cols=[ 1  4  6  7  8 13 14 18 19 20 21 23 24 25 26 27 28 29 33 34 35 39 41 43
 44 47 48 55 57 63 65 66 68 70 71 72 73])
Bicluster(rows=[0, 64], cols=[ 7  8 16 25 26 29 31 35 37 39 42 44 47 48 49 55 59 61 62 64 65 69 70 71
 73 74])
Bicluster(rows=[0, 65], cols=[ 3  6  7  8 11 12 13 15 16 22 27 29 33 34 39 42 47 48 51 52 53 60 63 64
 66 67 68 71 72 73])
Bicluster(rows=[0, 66], cols=[ 2  4  6  7  8  9 12 15 18 20 21 23 24 26 32 49 51 52 53 58 59 60 65 66
 70 72])
Bicluster(rows=[0, 67], cols=[ 0  2  3  4  9 10 11 13 17 18 19 20 21 22 24 28 30 31 32 35 36 39 41 49
 50 51 54 63 66 72])
Bicluster(rows=[0, 68], cols=[ 1  3  4 12 13 15 16 17 27 37 38 43 47 48 51 52 53 58 59 60 63 65 66 68
 70 72])
Bicluster(rows=[0, 69], cols=[ 0  5  6 11 12 14 16 17 18 19 20 26 31 32 33 38 39 42 46 47 48 49 53 55
 57 58 61 62 64 65 68 73 74])
Bicluster(rows=[0, 70], cols=[ 0  1  2  3  5  7  8  9 11 12 14 16 17 18 19 20 23 24 26 30 32 35 36 37
 38 39 40 41 44 45 48 53 55 58 59 61 62 64 65 73 74])
Bicluster(rows=[0, 71], cols=[ 3 13 16 17 18 19 21 22 26 28 29 30 33 34 41 42 43 44 48 49 52 56 57 68
 69 70 71])
Bicluster(rows=[0, 72], cols=[ 0  1  7  9 14 15 19 20 26 29 30 42 46 49 53 55 58 61 62 64 65 69 73 74])
Bicluster(rows=[0, 73], cols=[ 1  2  3  6  8  9 10 13 14 15 18 22 24 27 28 29 30 34 48 49 53 58 59 61
 64 65 69 71 73])
Bicluster(rows=[0, 74], cols=[ 0  1  3  5  6  8  9 12 13 14 15 17 18 22 23 26 30 32 33 38 39 41 42 47
 48 49 51 52 55 66 68 70 72])
Bicluster(rows=[0, 75], cols=[ 1  4  5  8  9 11 12 13 16 17 19 20 23 26 28 30 31 34 48 51 52 53 58 59
 60 65 66 68 70 72])
Bicluster(rows=[0, 76], cols=[ 2  3  6 11 22 26 31 37 39 41 42 44 47 48 49 51 52 53 58 59 60 63 65 66
 68 70])
Bicluster(rows=[0, 77], cols=[ 0  2  3  4  9 11 12 16 17 21 26 29 30 31 32 35 36 37 38 47 49 53 58 59
 60 61 65 69 70 71 72 73])
Bicluster(rows=[0, 78], cols=[ 0  2  3  5  8  9 11 13 15 16 21 22 23 24 26 27 31 32 33 34 35 36 37 40
 41 44 45 48 51 52 53 58 59 60 63 65 66 68 70])
Bicluster(rows=[0, 79], cols=[ 1  2  4  7  8  9 10 11 12 13 14 15 16 17 18 19 24 28 30 34 37 38 41 44
 45 52 58 59 65 68])
Bicluster(rows=[0, 80], cols=[ 3  5  8  9 15 18 19 20 25 29 34 37 38 40 48 49 51 52 53 58 59 60 65 66
 68 70 72])
Bicluster(rows=[0, 81], cols=[ 1  5  6  7 19 20 22 23 24 25 28 29 30 32 34 36 40 41 44 47 51 53 58 59
 60 61 65 66 70 71 72 73])
Bicluster(rows=[0, 82], cols=[ 3  4  5  6  7 13 16 18 25 27 32 33 34 37 39 44 47 48 52 53 58 59 60 61
 65 69 70 71 72 73])
Bicluster(rows=[0, 83], cols=[ 1  2  3  4  8  9 11 12 13 15 17 19 20 21 26 28 29 34 35 39 40 43 48 49
 50 51 54 63 66 67 72])
Bicluster(rows=[0, 84], cols=[ 2  3  4  7  9 10 12 15 18 19 23 26 27 38 41 45 48 51 52 53 58 59 60 63
 65 66 68 70])
Bicluster(rows=[0, 85], cols=[ 5 11 12 15 18 22 25 29 30 34 38 40 48 49 53 55 58 61 62 64 65 69 73 74])
Bicluster(rows=[0, 86], cols=[ 2  5  8  9 10 11 12 13 15 16 17 20 21 24 26 28 33 36 41 42 51 52 53 58
 59 60 63 65 66 70])
Bicluster(rows=[0, 87], cols=[ 0  1  2  9 10 13 18 19 22 24 25 26 28 30 32 33 35 38 40 41 42 44 47 49
 50 54 56 67])
Bicluster(rows=[0, 88], cols=[ 1  2  4  6  9 11 12 13 15 17 18 19 20 22 23 27 29 30 37 40 43 44 45 47
 49 52 53 55 58 61 65 68 69 71])
Bicluster(rows=[0, 89], cols=[ 0  2  6  8 16 19 20 24 27 33 34 37 38 39 40 41 43 47 49 51 52 53 58 59
 60 63 65 66 68 70 72])
Bicluster(rows=[0, 90], cols=[ 0  3  4  5  7 11 12 13 16 21 23 26 29 30 37 40 41 43 47 49 51 52 53 58
 59 60 61 65 66 70 71 72 73])
Bicluster(rows=[0, 91], cols=[ 2  4  8 13 19 25 28 30 33 35 37 38 39 41 42 43 46 49 51 61 63 64 66 72
 73])
Bicluster(rows=[0, 92], cols=[ 0  1  8 16 17 18 21 22 25 27 28 31 32 36 39 40 43 45 49 50 51 56 57 63
 66 67 72])
Bicluster(rows=[0, 93], cols=[ 0  5  6  8 10 11 15 16 18 21 22 23 35 37 41 47 49 51 52 53 58 59 60 63
 65 66 68 70])
Bicluster(rows=[0, 94], cols=[ 0  1  3  5  6  7  9 10 14 15 16 17 20 21 22 23 26 27 31 37 48 49 51 52
 53 58 59 60 63 65 66 70 72])
Bicluster(rows=[0, 95], cols=[ 1  2  4  5  6  7  9 14 15 17 18 19 20 23 26 28 39 40 41 43 45 51 52 53
 58 59 60 63 65 66 68 70])
Bicluster(rows=[0, 96], cols=[ 0  2  5  7 10 11 12 13 14 15 16 17 18 19 20 21 22 24 26 30 32 37 38 45
 49 51 52 53 58 59 60 61 65 66 70 72 73])
Bicluster(rows=[0, 97], cols=[ 0  3  6  7  9 10 11 12 13 14 16 17 18 20 21 23 24 26 27 32 35 36 37 51
 52 53 58 59 60 61 65 66 70 72 73])
Bicluster(rows=[0, 98], cols=[ 0  3  9 19 21 22 25 30 32 35 37 41 43 49 53 58 59 60 61 64 65 69 71 73])
Bicluster(rows=[0, 99], cols=[ 1  2  6  9 11 19 21 22 28 32 33 34 36 37 39 40 41 48 49 53 58 59 61 62
 65 68 69 72])
Bicluster(rows=[1, 2], cols=[ 0  1  2  3  4  5  6  7  8  9 10 11 12 13 14 15 16 17 18 19 20 21 22 23
 24 27 34 37 42 43 44 45 47 52 56 57 58 59 60 73 74])
Bicluster(rows=[1, 3], cols=[ 0  1  2  4  5  6  7  9 10 11 12 13 15 16 17 18 19 20 21 22 24 31 38 41
 53 54 55 62 64 65 67])
Bicluster(rows=[1, 4], cols=[ 0  1  2  3  4  5  6  7  8  9 10 11 12 13 14 15 16 17 18 19 20 21 22 23
 24 27 28 36 39 43 47 50 54 56 57 59 63 74])
Bicluster(rows=[1, 5], cols=[ 0  1  2  3  4  5  6  7  8  9 10 11 12 13 14 15 16 17 18 19 20 21 22 23
 24 25 27 33 36 43 45 46 50 51 52 57 58 59 69 70 71 73])
Bicluster(rows=[1, 6], cols=[ 0  2  3  4  5  6  7  9 10 11 12 13 14 15 16 17 18 19 20 21 24 25 32 33
 34 45 47 49 52 57 58 59 61 73])
Bicluster(rows=[1, 7], cols=[ 0  2  4  7  9 10 11 12 13 15 16 17 18 19 20 21 24 28 30 31 34 40 44 50
 52 54 60 65 67 68 69 71])
Bicluster(rows=[1, 8], cols=[ 2  4  7  9 10 11 12 13 15 16 17 18 20 21 24 28 29 31 32 33 37 43 49 53
 54 57 58 59 70 71 74])
Bicluster(rows=[1, 9], cols=[ 2  4  7  9 10 12 13 15 16 17 18 20 21 24 26 32 33 35 41 44 51 52 54 55
 58 64 66 68 69 72 73 74])
Bicluster(rows=[1, 10], cols=[ 0  1  2  3  4  5  6  7  8  9 10 11 12 13 14 15 16 17 18 19 20 21 22 23
 24 30 31 37 38 41 49 54 55 57 60 61 64 65 66 70 71 72])
Bicluster(rows=[1, 11], cols=[ 0  1  2  3  4  5  6  7  8  9 10 11 12 13 14 15 16 17 18 19 20 21 22 23
 24 25 26 29 32 34 35 40 41 42 47 48 49 50 51 56 57 59 60 61 64 65 69 70
 71])
Bicluster(rows=[1, 12], cols=[ 0  1  2  3  4  5  6  7  8  9 10 11 12 13 14 15 16 17 18 19 20 21 22 23
 24 26 29 30 32 34 35 37 39 41 47 49 50 52 54 66 67 69 70 71 72 73])
Bicluster(rows=[1, 13], cols=[ 0  1  2  3  4  5  6  7  8  9 10 11 12 13 14 15 16 17 18 19 20 21 22 23
 24 25 26 36 39 41 43 45 47 48 51 53 57 61 64 67 68 69 70 72 73])
Bicluster(rows=[1, 14], cols=[ 0  2  3  4  7  9 10 11 12 13 14 15 16 17 18 19 20 21 24 25 26 27 29 32
 43 48 49 51 52 57 60 68 71 72 73])
Bicluster(rows=[1, 15], cols=[ 0  1  2  4  5  6  7  9 10 11 12 13 14 15 16 17 18 19 20 21 22 24 25 26
 33 40 41 43 44 45 47 50 51 53 56 57 58 59 62 63 65 72 74])
Bicluster(rows=[1, 16], cols=[ 0  2  3  4  5  6  7  9 10 11 12 13 14 15 16 17 18 19 20 21 22 24 25 28
 38 47 54 55 58 60 67 68 70 72])
Bicluster(rows=[1, 17], cols=[ 0  1  2  3  4  5  6  7  8  9 10 11 12 13 14 15 16 17 18 19 20 21 22 23
 24 27 29 31 38 42 43 49 51 52 54 56 58 63 65 66 72 73])
Bicluster(rows=[1, 18], cols=[ 0  1  2  3  4  5  6  7  8  9 10 11 12 13 14 15 16 17 18 19 20 21 22 23
 24 25 26 29 35 40 43 49 51 52 57 60 61 65 69 70 71 73])
Bicluster(rows=[1, 19], cols=[ 0  1  2  3  4  5  6  7  8  9 10 11 12 13 14 15 16 17 18 19 20 21 22 23
 24 26 35 37 39 41 42 48 49 54 55 57 60 64 67 69 70 71])
Bicluster(rows=[1, 20], cols=[ 2  4  7  9 10 12 13 15 16 17 18 20 24 27 36 37 38 39 42 44 48 62 63 64
 65 68 70])
Bicluster(rows=[1, 21], cols=[ 0  1  2  3  4  5  6  7  8  9 10 11 12 13 14 15 16 17 18 19 20 21 22 23
 24 32 35 42 43 49 53 54 60 61 65 66 71])
Bicluster(rows=[1, 22], cols=[ 0  1  2  3  4  5  6  7  8  9 10 11 12 13 14 15 16 17 18 19 20 21 22 23
 24 29 30 32 40 42 43 49 51 54 60 61 64 65 70 71])
Bicluster(rows=[1, 23], cols=[ 0  1  2  3  4  5  6  7  8  9 10 11 12 13 14 15 16 17 18 19 20 21 22 23
 24 25 27 33 34 36 40 51 52 54 58 59 67 69 71 73 74])
Bicluster(rows=[1, 24], cols=[ 0  1  2  3  4  5  6  7  8  9 10 11 12 13 14 15 16 17 18 19 20 21 22 23
 24 27 32 34 40 42 43 49 51 65 66 67 71])
Bicluster(rows=[1, 25], cols=[ 0  1  2  3  4  5  6  7  8  9 10 11 12 13 14 15 16 17 18 19 20 21 22 23
 24 29 30 32 34 37 38 41 42 43 49 51 52 53 55 64 66 67 70 74])
Bicluster(rows=[1, 26], cols=[ 0  1  2  3  4  5  6  7  8  9 10 11 12 13 14 15 16 17 18 19 20 21 22 23
 24 26 30 31 32 37 39 40 42 48 49 50 52 56 57 59 60 62 64 71])
Bicluster(rows=[1, 27], cols=[ 0  1  2  3  4  5  6  7  8  9 10 11 12 13 14 15 16 17 18 19 20 21 22 23
 24 27 35 37 39 40 41 42 49 53 55 60 62 64])
Bicluster(rows=[1, 28], cols=[ 0  1  2  3  4  5  6  7  8  9 10 11 12 13 14 15 16 17 18 19 20 21 22 23
 24 25 26 32 43 49 51 54 60 61 65 67 68 69 70])
Bicluster(rows=[1, 29], cols=[ 0  1  2  3  4  5  6  7  8  9 10 11 12 13 14 15 16 17 18 19 20 21 22 23
 24 25 26 29 30 32 34 35 40 42 43 48 51 54 57 58 59 62 65 67 70 71])
Bicluster(rows=[1, 30], cols=[ 2  4  7  9 10 11 12 15 16 17 18 20 21 24 28 30 33 35 37 38 40 42 46 50
 52 56 58 60 63 68 70 71 72])
Bicluster(rows=[1, 31], cols=[ 0  2  4  7  9 10 11 12 13 15 16 17 18 20 21 24 29 30 36 40 45 46 47 49
 50 52 56 57 58 62 63 67 68 69 73 74])
Bicluster(rows=[1, 32], cols=[ 0  1  2  3  4  5  6  7  8  9 10 11 12 13 14 15 16 17 18 19 20 21 22 23
 24 26 32 36 41 44 45 47 50 53 56 57 58 59 63 68 69 71])
Bicluster(rows=[1, 33], cols=[ 0  2  3  4  6  7 10 12 14 16 17 18 21 22 24 27 31 32 34 36 40 41 47 48
 51 60 65 69 70 71 73])
Bicluster(rows=[1, 34], cols=[ 1  2 10 11 12 13 14 15 19 22 29 31 37 40 41 43 47 49 52 56 57 60 64 71
 73])
Bicluster(rows=[1, 35], cols=[ 0  1  2  3  5  9 10 12 13 16 18 20 22 25 29 31 37 41 43 49 52 54 55 58
 60 61 66 69 70 73])
Bicluster(rows=[1, 36], cols=[ 0  2  4  6  7 11 13 14 17 18 24 25 27 29 32 33 34 43 45 48 50 52 54 55
 56 57 58 59 61 62 64 65 70 71 73 74])
Bicluster(rows=[1, 37], cols=[ 0  1  2  4  6  9 12 13 18 19 20 21 22 23 28 30 38 50 57 58 62 63 64 65
 66 68 69 72 74])
Bicluster(rows=[1, 38], cols=[ 3  8  9 17 18 21 23 27 29 32 33 34 42 43 44 45 48 50 53 56 57 58 60 66
 69 71])
Bicluster(rows=[1, 39], cols=[ 0  2 12 13 17 22 27 33 34 45 47 48 50 51 52 53 56 60 64 65 69 70 71 73
 74])
Bicluster(rows=[1, 40], cols=[ 0  2  4  9 10 14 21 22 24 25 29 32 37 40 41 43 48 49 50 56 58 60 62 68
 74])
Bicluster(rows=[1, 41], cols=[ 8  9 10 12 14 15 17 19 20 21 24 25 28 29 30 31 39 42 43 50 52 55 56 60
 61 66 67 68 70 73 74])
Bicluster(rows=[1, 42], cols=[ 1  4  5  7 10 12 13 16 19 20 22 23 24 25 27 29 32 33 34 43 44 45 48 50
 51 52 54 56 60 62 63 67 69 72 73])
Bicluster(rows=[1, 43], cols=[ 2  3  4  5  9 10 11 12 13 18 21 23 24 25 29 35 40 43 49 50 57 58 60 61
 65 66 71 74])
Bicluster(rows=[1, 44], cols=[ 0  1  5  7  8  9 13 15 16 18 20 21 27 29 33 34 42 43 44 45 48 58 59 61
 63 65 69 73])
Bicluster(rows=[1, 45], cols=[ 3  4  5  6  8 11 16 19 23 31 36 37 40 47 48 49 55 59 60 62 65 67 68 70
 71])
Bicluster(rows=[1, 46], cols=[ 0  1  4  6 13 14 15 17 18 22 24 28 29 31 36 37 43 47 49 50 54 57 60 62
 65 68 70 72 74])
Bicluster(rows=[1, 47], cols=[ 0  2  3  4  7  8  9 13 15 16 18 28 38 50 51 53 54 55 59 60 61 62 64 67
 73])
Bicluster(rows=[1, 48], cols=[ 2  3  5  8 12 14 15 16 17 18 19 21 24 27 32 34 36 40 41 47 48 50 52 55
 57 58 61 64 71 73])
Bicluster(rows=[1, 49], cols=[ 0  1  2  6  7  8 14 16 20 30 37 38 41 51 54 55 61 62 64 66 67 72])
Bicluster(rows=[1, 50], cols=[ 1  5  6 10 15 16 19 22 33 36 45 46 47 50 51 52 55 57 59 61 63 64 65 66
 72])
Bicluster(rows=[1, 51], cols=[ 2  3  4  6  8 11 12 13 18 20 21 22 25 27 29 32 33 34 43 44 45 48 50 52
 53 55 65 66])
Bicluster(rows=[1, 52], cols=[10 11 13 14 15 18 21 25 27 29 33 44 45 48 52 54 57 58 59 61 64 65 66 67
 68 70])
Bicluster(rows=[1, 53], cols=[ 2  4  7 14 17 20 21 22 27 29 32 34 35 47 48 58 64 65 67 68 69 73])
Bicluster(rows=[1, 54], cols=[ 2  3  9 11 12 21 24 25 27 29 33 34 43 44 45 48 50 53 60 63 65 70 71 74])
Bicluster(rows=[1, 55], cols=[ 0  1  2  3  4  6  7 10 11 13 14 16 17 19 20 30 31 37 39 41 51 52 54 64
 68])
Bicluster(rows=[1, 56], cols=[ 4  5  6 15 16 18 22 27 31 32 34 36 40 41 47 48 51 53 54 56 57 58 62 67
 70 71 73])
Bicluster(rows=[1, 57], cols=[ 1  2  7 13 20 21 22 25 29 32 35 40 43 48 49 52 54 57 58 60 61 66 69 73])
Bicluster(rows=[1, 58], cols=[ 0  1  2  3  5  7  8  9 10 12 14 16 18 20 24 27 32 34 36 47 48 51 53 54
 55 60 61 64 65 69 71])
Bicluster(rows=[1, 59], cols=[ 6  7 14 17 18 21 23 25 27 29 32 33 34 42 43 44 45 48 50 52 59 60 61 66
 67 68 71 72])
Bicluster(rows=[1, 60], cols=[ 0  1  4  5  7  9 10 11 12 14 16 22 27 32 34 36 40 41 47 48 49 54 56 58
 60 62 64 66 69 70 72 73])
Bicluster(rows=[1, 61], cols=[ 0  1  3  5  7 12 14 15 16 17 20 21 22 24 26 27 33 35 36 45 46 47 53 54
 59 60 61 62 64 67 68])
Bicluster(rows=[1, 62], cols=[ 1  5  7  9 10 11 12 13 17 19 20 24 27 31 32 34 36 40 41 47 48 51 57 60
 64 65 68 69 70 71 73])
Bicluster(rows=[1, 63], cols=[ 0  1 10 11 13 15 17 18 19 26 30 37 38 39 54 57 58 61 64 66 68 69 70 71
 74])
Bicluster(rows=[1, 64], cols=[ 2  3  4  5  8 12 13 14 15 17 18 19 20 21 23 27 29 32 33 34 42 43 44 45
 48 51 53 57 58 61 62 64 65 66 68 69 70 71])
Bicluster(rows=[1, 65], cols=[ 4 20 21 24 25 30 31 37 39 40 41 42 43 49 50 52 53 59 60 62 63 64 69 71
 73 74])
Bicluster(rows=[1, 66], cols=[ 2  4  7  8  9 12 15 18 20 23 24 25 27 28 30 31 38 39 41 42 43 44 49 50
 52 56 58 59 66 70 71 72 73])
Bicluster(rows=[1, 67], cols=[ 0  2  4  5  6  8  9 10 11 12 13 17 18 19 20 21 24 25 29 30 32 33 39 40
 41 43 48 50 51 52 56 58 59 66 70 71 72 73])
Bicluster(rows=[1, 68], cols=[ 1  9 11 15 22 29 32 35 36 37 38 45 46 50 52 54 56 58 59 61 62 64 70 72
 73])
Bicluster(rows=[1, 69], cols=[ 0  1  3  5  6 11 12 14 16 17 18 19 20 26 33 34 43 45 46 47 48 52 57 60
 65 73 74])
Bicluster(rows=[1, 70], cols=[ 0  3  5  7  8  9 11 12 14 16 17 18 20 23 28 29 30 37 38 41 48 50 56 57
 58 59 60 63])
Bicluster(rows=[1, 71], cols=[ 4  5  7  9 14 15 22 23 24 29 32 38 42 44 45 46 48 50 51 52 56 58 59 66
 69 70 71 72 73])
Bicluster(rows=[1, 72], cols=[ 0  2  3  5  6  8  9 14 20 22 25 30 32 36 39 43 46 49 52 60 65 69 73 74])
Bicluster(rows=[1, 73], cols=[ 0  1  4  8 11 12 17 26 32 33 36 37 38 43 46 47 49 53 55 60 61 62 64 67
 68 72])
Bicluster(rows=[1, 74], cols=[ 2  4  5  6  7 11 13 16 19 21 22 26 27 29 34 37 39 42 43 49 51 60 65 66
 69 70 71])
Bicluster(rows=[1, 75], cols=[ 1  4  5  9 11 13 16 17 19 25 31 32 35 36 37 39 40 41 42 43 45 46 50 51
 52 56 58 59 66 69 70 71 72 73])
Bicluster(rows=[1, 76], cols=[ 0  1  4 10 14 19 21 23 27 29 32 33 38 39 44 49 52 55 63 65 68 73])
Bicluster(rows=[1, 77], cols=[ 0  1  2  4  9 12 16 17 18 21 23 25 27 30 32 35 39 41 42 47 50 51 52 56
 57 58 59 66 69 70 71 73])
Bicluster(rows=[1, 78], cols=[ 0  1  2  5  7  8 10 12 13 14 15 22 25 26 27 29 32 33 35 40 43 49 50 51
 52 56 58 59 66 69 70 71 73])
Bicluster(rows=[1, 79], cols=[ 2  3  4  5  7 10 11 12 13 14 16 17 18 19 22 23 24 27 28 29 30 33 37 38
 39 41 45 53 54 61 63 64 67 70])
Bicluster(rows=[1, 80], cols=[ 0  3  4  5  9 10 11 12 13 16 18 24 25 26 28 29 34 35 36 37 39 41 49 54
 60 61 62 64 65 68 72])
Bicluster(rows=[1, 81], cols=[ 1  2  5  9 10 11 12 14 15 18 21 22 24 26 27 35 36 38 44 46 48 49 51 53
 54 55 61 64 66 68 69 70 71])
Bicluster(rows=[1, 82], cols=[ 0  5 10 14 15 17 19 20 28 29 30 39 41 43 44 46 48 51 53 54 55 61 64 66
 67 68 69 70 71])
Bicluster(rows=[1, 83], cols=[ 2  3  4  7  9 11 12 13 14 15 16 17 19 20 21 23 25 26 30 31 33 38 39 42
 50 51 52 56 58 59 66 69 70 71 73])
Bicluster(rows=[1, 84], cols=[ 1  2  4  7  9 14 15 18 21 23 25 27 28 31 32 34 39 40 41 42 48 50 52 54
 56 58 59 61 62 64 73])
Bicluster(rows=[1, 85], cols=[ 0  1  3  6  8 17 23 29 31 34 35 36 45 46 47 48 50 52 56 57 58 59 70 71
 72 73])
Bicluster(rows=[1, 86], cols=[ 2  5  8  9 10 11 12 13 15 16 17 18 20 21 24 25 26 27 29 30 32 33 35 39
 43 44 49 50 52 56 58 59 70 71 72 73])
Bicluster(rows=[1, 87], cols=[ 1  3  4  7  8 12 13 15 17 18 20 21 22 23 24 26 27 34 42 43 44 46 48 49
 50 56 58 59 63])
Bicluster(rows=[1, 88], cols=[ 4  5 15 16 17 18 19 20 23 24 25 26 27 29 37 39 41 47 49 65 66 69 70 71])
Bicluster(rows=[1, 89], cols=[ 4  7  8  9 11 12 13 22 26 27 30 33 39 45 50 52 57 58 60 73 74])
Bicluster(rows=[1, 90], cols=[ 0  1  3  4  8  9 11 12 16 18 20 21 23 25 28 29 32 35 37 38 39 41 44 47
 49 52 54 57 65 70 71 72 73])
Bicluster(rows=[1, 91], cols=[ 0  3  5  6 10 16 18 20 21 22 24 25 26 30 32 36 37 38 39 40 41 42 43 49
 50 52 54 56 58 59 70 72 73])
Bicluster(rows=[1, 92], cols=[ 3  4  8  9 15 16 19 22 24 29 30 37 39 45 50 52 56 58 59 66 69 73])
Bicluster(rows=[1, 93], cols=[ 4  5 10 12 17 21 22 23 24 25 28 29 32 34 37 39 43 44 45 47 50 52 54 56
 58 59 61 62 64 73])
Bicluster(rows=[1, 94], cols=[ 0  2  3  5  7  9 10 14 15 16 17 20 21 22 23 25 26 27 31 32 36 37 38 41
 42 43 48 49 50 52 56 58 59 70 71 72 73])
Bicluster(rows=[1, 95], cols=[ 2  3  4  5  6 16 25 26 27 29 30 33 34 35 37 39 45 51 53 54 55 61 64 66
 68 69 70 71])
Bicluster(rows=[1, 96], cols=[ 0  3  5  7  9 11 12 13 14 16 17 19 20 21 29 30 31 37 39 42 49 50 52 56
 58 59 66 69 70 71 72 73])
Bicluster(rows=[1, 97], cols=[ 0  3  7  8  9 10 11 12 13 14 17 18 20 21 24 26 27 39 40 41 42 43 49 50
 51 52 56 58 59 66 70 71 72 73])
Bicluster(rows=[1, 98], cols=[ 0  2  9 11 14 17 21 26 28 31 32 37 38 39 40 41 42 48 49 53 55 62 67 72])
Bicluster(rows=[1, 99], cols=[ 3  8 10 12 17 18 20 24 33 36 43 45 47 48 54 57 58 66 69 70 74])
Bicluster(rows=[2, 3], cols=[ 0  1  2  3  4  5  6  7  8  9 10 11 12 13 14 15 16 17 18 19 20 21 22 23
 24 25 27 28 30 31 34 35 41 46 47 51 55 56 58 62 66 68 69 70 72 73 74])
Bicluster(rows=[2, 4], cols=[ 0  1  2  3  4  5  6  7  8  9 10 11 12 13 14 15 16 17 18 19 20 21 22 23
 24 25 26 29 31 36 37 38 40 41 43 45 46 47 49 51 56 57 59 61 66 67 70 72
 74])
Bicluster(rows=[2, 5], cols=[ 0  1  2  3  4  5  6  7  8  9 10 11 12 13 14 15 16 17 18 19 20 21 22 23
 24 25 26 27 28 30 36 38 39 40 41 42 43 45 48 52 54 55 57 59 61 65 66 68
 70 72 73 74])
Bicluster(rows=[2, 6], cols=[ 0  1  2  3  4  5  6  7  8  9 10 11 12 13 14 15 16 17 18 19 20 21 22 23
 24 25 26 29 30 31 34 36 38 39 45 47 48 49 51 52 53 54 56 57 58 60 62 64
 66 68 69 70 72 74])
Bicluster(rows=[2, 7], cols=[ 0  2  4  5  6  7  9 10 11 12 13 15 16 17 18 20 21 22 24 25 26 29 34 35
 37 38 41 44 45 48 51 52 54 55 59 66 67 70 72 73])
Bicluster(rows=[2, 8], cols=[ 0  2  3  4  7  9 10 11 12 13 14 15 16 17 18 19 20 21 24 25 26 27 29 31
 34 41 43 46 48 49 51 53 54 61 63 69 71 73])
Bicluster(rows=[2, 9], cols=[ 0  2  4  7  9 10 11 12 13 15 16 17 18 20 21 24 26 29 30 36 37 42 44 52
 58 62 63 67 69 71 74])
Bicluster(rows=[2, 10], cols=[ 2  4  6  7  9 10 11 12 13 15 16 17 18 20 21 24 26 31 33 34 37 38 41 43
 46 47 49 52 54 55 59 60 67 71 72])
Bicluster(rows=[2, 11], cols=[ 0  1  2  3  4  5  6  7  8  9 10 11 12 13 14 15 16 17 18 19 20 21 22 23
 24 25 30 31 33 34 38 39 40 42 47 49 54 56 57 62 63 68 72 74])
Bicluster(rows=[2, 12], cols=[ 0  1  2  3  4  5  6  7  8  9 10 11 12 13 14 15 16 17 18 19 20 21 22 23
 24 34 36 37 38 40 42 45 46 47 48 49 52 54 55 60 61 62 63 64 68 73 74])
Bicluster(rows=[2, 13], cols=[ 0  2  3  4  5  6  7  9 10 11 12 13 14 15 16 17 18 19 20 21 23 24 25 30
 35 43 45 46 47 50 57 60 69 74])
Bicluster(rows=[2, 14], cols=[ 0  1  2  3  4  5  6  7  8  9 10 11 12 13 14 15 16 17 18 19 20 21 22 23
 24 25 26 27 28 33 34 36 38 39 40 41 42 45 46 47 48 49 52 54 57 60 61 63
 64 73 74])
Bicluster(rows=[2, 15], cols=[ 0  1  2  3  4  5  6  7  8  9 10 11 12 13 14 15 16 17 18 19 20 21 22 24
 32 36 42 43 44 45 46 47 52 55 56 57 59 61 66 67 70 73 74])
Bicluster(rows=[2, 16], cols=[ 0  1  2  3  4  5  6  7  8  9 10 11 12 13 14 15 16 17 18 19 20 21 22 23
 24 26 28 33 34 37 39 43 45 49 53 59 61 62 63 66 67 71 73])
Bicluster(rows=[2, 17], cols=[ 8 25 26 28 31 33 37 38 42 45 46 48 49 59 60 61 62 63 67 70 72 74])
Bicluster(rows=[2, 18], cols=[ 0  2  3  4  7  9 10 11 12 14 15 16 17 18 19 20 21 24 25 26 30 33 34 36
 38 47 49 50 52 53 54 56 57 60 62 64 68 73 74])
Bicluster(rows=[2, 19], cols=[ 3 14 19 25 26 27 29 30 31 34 36 37 38 39 42 43 44 47 48 49 52 54 56 58
 59 61 62 64 66 67 68 69 73 74])
Bicluster(rows=[2, 20], cols=[ 0  2  3  4  7  9 10 11 12 13 14 15 16 17 18 19 20 21 23 24 29 33 45 46
 49 67 71])
Bicluster(rows=[2, 21], cols=[ 0  3 14 19 25 26 28 30 32 36 38 42 46 47 50 51 52 53 56 59 60 62 63 65
 69 70])
Bicluster(rows=[2, 22], cols=[ 3 14 19 25 28 31 32 35 38 40 41 45 48 52 54 57 58 61 62 64 65 66 68 69])
Bicluster(rows=[2, 23], cols=[ 0  2  3  4  5  6  7  9 10 11 12 13 14 15 16 17 18 19 20 21 24 25 26 28
 31 34 38 39 40 41 45 49 52 53 54 56 58 59 62 64 65 66 67 68 70 72 73 74])
Bicluster(rows=[2, 24], cols=[ 0  4  7  9 10 11 15 16 17 18 21 27 29 31 32 36 41 42 46 51 53 56 57 58
 61 63 68 72 73 74])
Bicluster(rows=[2, 25], cols=[ 0  2  4  5  6  7  9 10 11 12 13 15 16 17 18 19 20 21 24 25 27 29 33 35
 36 37 38 40 43 45 55 56 61 64 68])
Bicluster(rows=[2, 26], cols=[ 0  2  3  4  7  9 10 11 12 13 14 15 16 17 18 19 20 21 24 26 37 38 40 41
 42 44 46 48 52 55 61 68 71 72])
Bicluster(rows=[2, 27], cols=[ 2  4  7  9 10 12 13 15 16 17 18 20 24 34 38 42 45 47 48 51 52 55 56 58
 59 60 62 63 66 67 69 70 74])
Bicluster(rows=[2, 28], cols=[ 0  2  3  4  5  6  7  9 10 11 12 13 14 15 16 17 18 19 20 21 24 25 26 29
 33 35 39 42 44 49 51 52 53 56 60 62 65 69 70 71])
Bicluster(rows=[2, 29], cols=[ 0  2  3  4  5  6  7  9 10 11 12 13 14 15 16 17 18 19 20 21 22 23 24 28
 34 36 37 39 41 42 43 45 46 49 53 57 58 59 63 64 67])
Bicluster(rows=[2, 30], cols=[ 3 14 19 23 26 27 30 32 33 35 36 40 42 44 45 47 48 53 55 57 59 63 65 66
 67 68 70 72 73])
Bicluster(rows=[2, 31], cols=[ 0  2  4  5  6  7  9 10 11 12 13 15 16 17 18 19 20 21 24 25 27 28 29 41
 42 47 48 51 52 53 54 55 56 57 60 61 64 66 67 70 74])
Bicluster(rows=[2, 32], cols=[ 0  1  2  3  4  5  6  7  8  9 10 11 12 13 14 15 16 17 18 19 20 21 22 23
 24 28 29 30 31 35 36 38 42 45 46 47 51 55 56 57 58 59 60 61 62 64 65 70
 71 72 73])
Bicluster(rows=[2, 33], cols=[ 9 11 13 26 28 29 31 34 35 40 41 42 43 44 45 46 49 51 53 54 56 57 58 59
 60 62 66 70])
Bicluster(rows=[2, 34], cols=[ 1  2  4  7 10 12 13 15 16 17 20 22 24 26 28 29 31 34 35 39 40 41 42 43
 44 45 46 49 50 53 54 60 63 64 67])
Bicluster(rows=[2, 35], cols=[ 1  2  4  5  7  8 11 12 13 14 15 17 20 22 23 24 26 27 28 29 31 34 35 39
 40 41 42 43 44 45 46 49 51 54 56 57 60 63 74])
Bicluster(rows=[2, 36], cols=[ 5 10 12 15 16 20 22 25 27 28 34 38 39 40 45 46 47 49 50 57 60 61 66 68
 69 72])
Bicluster(rows=[2, 37], cols=[ 1  2  3  4  5  6  7 10 11 12 13 14 15 17 20 22 24 25 26 27 30 31 35 36
 38 40 41 44 47 48 51 56 59 61 62 63 64 67 70 72])
Bicluster(rows=[2, 38], cols=[ 0  3  4  5  8  9 17 18 20 21 23 26 27 28 31 34 35 36 39 40 41 42 43 44
 45 46 49 51 53 54 57 58 60 61 70 73 74])
Bicluster(rows=[2, 39], cols=[ 1  7  9 10 14 18 23 25 28 34 36 39 40 41 42 43 45 46 49 51 52 54 55 58
 61 62 65 66 70 72 73])
Bicluster(rows=[2, 40], cols=[ 1  6  7 11 12 13 16 18 19 23 24 26 27 28 29 31 34 35 36 39 40 41 42 43
 44 45 46 49 50 52 59 60 62 63 65 68 69 73])
Bicluster(rows=[2, 41], cols=[ 0  3  4  7  8  9 10 11 12 13 14 15 17 18 19 20 21 22 23 24 26 28 29 31
 34 35 39 40 41 42 43 44 45 46 49 50 60 63])
Bicluster(rows=[2, 42], cols=[ 1  3  4  5 10 12 13 16 19 20 21 22 24 26 27 31 34 35 36 39 40 41 42 43
 44 45 46 49 53 56 60 66 67 70 73])
Bicluster(rows=[2, 43], cols=[ 0  5  7 10 13 14 15 17 19 24 26 27 28 31 34 35 36 39 40 41 42 43 44 45
 46 49 50 52 53 55 56 59 60 61 67 69 71 73])
Bicluster(rows=[2, 44], cols=[ 8 11 12 14 17 19 25 27 28 34 38 39 40 46 47 49 50 56 60 61 62 63 64 67
 71 73 74])
Bicluster(rows=[2, 45], cols=[ 5  6  8  9 11 12 14 15 16 17 18 20 21 24 26 28 29 31 34 35 40 41 42 43
 44 45 46 49 53 54 55 56 57 60 61 62 63 64 71 73 74])
Bicluster(rows=[2, 46], cols=[ 1  4  5  6  8  9 10 11 12 13 15 16 17 18 19 20 21 22 24 26 28 29 31 34
 35 39 40 41 42 43 44 45 46 49 53 54 59 60 62 63 64 67])
Bicluster(rows=[2, 47], cols=[ 0  2  4  7  9 12 13 15 16 17 18 22 23 24 25 26 27 30 31 35 36 38 39 40
 41 44 47 49 50 53 55 60 66 67 68 70 72 74])
Bicluster(rows=[2, 48], cols=[ 0  5  6  7  8  9 10 22 26 28 29 31 34 35 40 41 42 43 44 45 46 49 53 56
 57 59 60 61 62 65 66 70 74])
Bicluster(rows=[2, 49], cols=[ 1  8 11 13 24 27 30 38 41 48 54 55 56 57 59 60 61 62 68 69 70 72 73 74])
Bicluster(rows=[2, 50], cols=[ 1  2  4 12 13 18 21 22 29 33 37 42 51 55 58 61 62 63 66 67 69 72 73 74])
Bicluster(rows=[2, 51], cols=[ 2  3  6  8  9 11 12 13 18 20 21 22 26 27 28 31 34 35 36 39 40 41 42 43
 44 45 46 49 60 62 67])
Bicluster(rows=[2, 52], cols=[ 6  8 10 11 12 13 14 15 18 21 25 26 27 30 31 34 35 36 38 39 40 41 44 47
 49 51 52 53 55 56 57 58 59 67 69])
Bicluster(rows=[2, 53], cols=[ 1  2  4  8 14 20 21 25 27 28 30 34 38 39 40 45 47 49 50 51 53 54 55 56
 58 60 61 62 63 66 67 72 73 74])
Bicluster(rows=[2, 54], cols=[ 2  3  9 10 11 12 19 21 24 26 27 28 31 34 35 36 39 40 41 42 43 44 45 46
 49 51 52 57 61 64 67 71 72 73 74])
Bicluster(rows=[2, 55], cols=[ 2  4  5  6  7 10 13 17 18 20 21 25 26 27 30 31 35 38 40 41 44 47 48 55
 57 58 60 63 64 70 71])
Bicluster(rows=[2, 56], cols=[ 0  2  5 11 12 13 14 20 21 22 24 26 28 29 31 34 35 40 41 42 43 44 45 46
 49 51 52 54 55 59 60 62 63 64 70 74])
Bicluster(rows=[2, 57], cols=[ 0  1  3  5  6 10 12 14 16 17 19 22 24 26 27 28 31 34 35 36 39 40 41 42
 43 44 45 46 49 55 57 61 64 65 71])
Bicluster(rows=[2, 58], cols=[ 0  5  7  9 10 11 12 17 18 19 20 21 24 26 28 33 35 37 44 45 54 57 58 60
 61 62 64 66 67 70 71 74])
Bicluster(rows=[2, 59], cols=[ 6 12 14 17 18 20 21 23 26 27 28 31 34 35 36 39 40 41 42 43 44 45 46 49
 52 53 60 62 65 70 73])
Bicluster(rows=[2, 60], cols=[ 1  6 13 15 17 18 19 20 22 23 26 28 29 31 34 35 39 40 41 42 43 44 45 46
 49 53 54 55 59 60 62 64 70 71 72 74])
Bicluster(rows=[2, 61], cols=[ 0  1  2  3  4  5  6  7 12 13 14 15 16 17 20 21 25 27 28 34 38 39 40 45
 47 49 53 59 60 63 67 70 71])
Bicluster(rows=[2, 62], cols=[ 0  1  5  6 14 16 18 23 24 26 28 29 31 34 35 40 41 42 43 44 45 46 49 53
 54 59 62 64 67 68 70 74])
Bicluster(rows=[2, 63], cols=[ 1  2  4  5  6  7  9 20 21 22 24 27 30 41 45 48 51 52 53 54 55 56 59 61
 63 68 70 73])
Bicluster(rows=[2, 64], cols=[ 1  2  3  4  5  8 10 12 13 14 15 17 18 19 20 21 22 23 24 26 27 28 29 31
 34 35 39 40 41 42 43 44 45 46 49 54 60 63 67 70])
Bicluster(rows=[2, 65], cols=[ 2  3  6  7  8 11 12 13 15 16 18 19 22 25 26 27 30 31 35 36 38 39 40 41
 44 47 49 50 57 62 63 64])
Bicluster(rows=[2, 66], cols=[ 1  5  6 11 17 20 21 24 25 27 29 34 36 37 40 42 43 45 46 48 49 52 54 58
 61 62 64 68 70 73])
Bicluster(rows=[2, 67], cols=[ 0  2  3  4  5  6  9 10 11 12 13 17 18 19 21 23 24 25 29 36 38 42 45 52
 54 58 61 62 63 64 65 68 70 71 73])
Bicluster(rows=[2, 68], cols=[ 2  8 19 25 27 28 33 36 38 40 42 43 45 46 49 51 52 56 57 59 60 61 62 66
 70 72 73 74])
Bicluster(rows=[2, 69], cols=[ 0  3  5  6 11 12 14 16 17 18 19 20 34 35 36 39 40 41 42 43 47 49 51 52
 53 54 61 62 64 66 69 70 72 73 74])
Bicluster(rows=[2, 70], cols=[ 0  1  2  3  5  6  7  8  9 11 14 16 17 18 20 21 23 24 33 37 39 46 51 52
 54 56 57 59 60 61 62 64 66 68 69 70 72 73 74])
Bicluster(rows=[2, 71], cols=[ 1  4  5  9 11 14 15 20 23 24 25 26 27 28 30 31 33 36 41 42 44 45 49 52
 54 58 59 61 64 68 70 73])
Bicluster(rows=[2, 72], cols=[10 11 12 16 17 18 24 25 26 27 29 30 36 37 38 40 45 46 48 49 54 55 56 57
 59 64 70])
Bicluster(rows=[2, 73], cols=[ 1  2  3  6  7  8  9 10 13 14 15 18 22 24 25 27 28 33 35 38 43 45 46 49
 51 52 54 55 56 57 58 59 61 62 64 66 68 70 72 73 74])
Bicluster(rows=[2, 74], cols=[ 2  4  6 10 16 19 20 21 24 26 30 31 32 33 37 38 42 51 52 54 55 56 57 58
 59 60 61 62 66 68 69 70 72 73 74])
Bicluster(rows=[2, 75], cols=[ 1  4  8  9 11 12 13 16 17 19 23 29 33 38 42 43 48 52 54 56 57 58 59 63
 64 68 73])
Bicluster(rows=[2, 76], cols=[ 0  1  4  5  7  9 10 12 13 14 16 17 19 20 23 24 26 27 30 31 34 40 41 42
 45 46 49 51 53 54 62 64 66 69 70 72 74])
Bicluster(rows=[2, 77], cols=[ 2  4  5  7  9 16 17 18 21 23 25 33 40 42 45 46 47 49 52 54 55 56 57 58
 59 61 62 64 68 70 73 74])
Bicluster(rows=[2, 78], cols=[ 0  1  2  5  7  9 12 13 14 15 16 21 22 25 27 29 30 39 41 42 43 46 48 52
 54 58 61 63 64 65 68 70 71 73])
Bicluster(rows=[2, 79], cols=[ 1  2  4  7  8  9 10 11 12 13 14 15 16 17 18 19 21 24 28 29 33 34 37 43
 46 53 55 56 57 59 67 71])
Bicluster(rows=[2, 80], cols=[ 1  6  7 14 21 22 26 27 30 31 38 39 42 45 46 47 49 51 52 55 58 59 61 62
 68 70 72 73 74])
Bicluster(rows=[2, 81], cols=[ 3  4 11 16 17 27 29 30 31 32 34 41 44 45 48 49 51 53 54 61 62 64 66 69
 70 72 74])
Bicluster(rows=[2, 82], cols=[ 2 11 21 27 31 32 34 35 39 41 44 45 48 51 52 54 56 57 59 60 61 62 64 66
 68 70 72 73 74])
Bicluster(rows=[2, 83], cols=[ 1  2  3  4  5  6  8 11 14 15 16 19 21 23 24 25 29 35 40 42 52 54 56 58
 59 61 62 64 68 70 73 74])
Bicluster(rows=[2, 84], cols=[ 3  8 10 12 15 17 18 19 23 25 27 29 36 38 39 40 41 42 43 48 52 54 58 61
 62 63 64 65 68 70 71 73])
Bicluster(rows=[2, 85], cols=[ 7 11 12 15 22 25 26 35 36 41 43 45 46 49 51 52 54 56 57 59 60 61 62 64
 66 70 72 73 74])
Bicluster(rows=[2, 86], cols=[ 2  5 10 11 12 13 16 17 18 20 21 22 24 25 27 28 38 40 43 44 45 46 49 52
 54 58 61 63 64 65 68 70 71 73])
Bicluster(rows=[2, 87], cols=[ 0  1  2  3  4  7  8  9 12 13 15 17 18 20 21 22 23 24 33 34 36 40 43 51
 52 54 55 56 57 58 59 60 61 62 64 66 68 69 70 72 73 74])
Bicluster(rows=[2, 88], cols=[ 1  2  4  6  9 11 12 13 18 23 25 26 31 32 35 36 37 38 39 42 46 49 51 52
 54 56 57 59 60 61 62 64 66 68 69 70 72 73 74])
Bicluster(rows=[2, 89], cols=[ 1  5  9 11 17 18 21 25 27 31 34 38 39 41 43 46 48 49 51 52 54 56 57 59
 60 61 62 66 68 69 70 72 73 74])
Bicluster(rows=[2, 90], cols=[ 0  5  7 11 13 15 16 22 23 25 33 36 39 42 44 45 49 52 54 58 59 61 62 64
 68 70 73])
Bicluster(rows=[2, 91], cols=[ 5  6  7 11 12 14 15 17 20 22 23 24 27 28 30 34 35 38 39 40 41 43 45 47
 48 49 50 51 53 54 62 64 66 67 70 72 74])
Bicluster(rows=[2, 92], cols=[ 1  3  4  5  8  9 15 19 20 22 24 26 28 31 34 36 37 45 48 49 51 52 54 55
 56 57 58 59 61 62 64 68 70 73 74])
Bicluster(rows=[2, 93], cols=[ 0  5  6  8 11 15 16 18 21 22 23 25 26 33 34 37 38 39 40 41 43 44 46 49
 52 54 58 63 64 68 71 73])
Bicluster(rows=[2, 94], cols=[ 1  6  7  8 11 12 13 16 18 21 24 25 27 28 29 33 39 40 42 46 49 52 54 56
 58 59 64 68 70 73])
Bicluster(rows=[2, 95], cols=[ 6  7  9 15 17 18 20 23 24 25 33 34 35 36 41 42 44 46 52 54 58 61 62 63
 64 65 68 70 73])
Bicluster(rows=[2, 96], cols=[ 0  2  5  7 10 11 12 13 14 15 17 18 19 20 21 22 24 33 37 49 52 54 58 61
 62 63 64 65 68 70 73])
Bicluster(rows=[2, 97], cols=[ 0  3  6  7  9 10 11 13 14 16 17 18 20 21 22 23 24 27 30 37 42 43 45 52
 54 58 61 62 63 64 65 68 70 73])
Bicluster(rows=[2, 98], cols=[ 4  5  7 10 16 25 28 32 35 36 38 41 46 51 52 54 56 57 59 60 61 62 64 66
 70 72 73 74])
Bicluster(rows=[2, 99], cols=[ 3  8 10 12 13 17 18 20 24 25 27 28 39 41 43 45 46 47 53 56 57 64 67 68
 72 73 74])
Bicluster(rows=[3, 4], cols=[ 0  2  3  4  5  6  7  9 10 11 12 13 14 15 16 17 18 19 20 21 22 24 27 31
 33 35 36 40 41 44 45 46 47 49 51 53 54 56 57 60 62 66 68 69 70 71 72 74])
Bicluster(rows=[3, 5], cols=[ 0  2  3  4  6  7  9 10 11 12 13 14 15 16 17 18 19 20 21 24 25 28 30 31
 33 35 36 37 40 50 51 52 53 56 58 61 62 67 69 71 72 73 74])
Bicluster(rows=[3, 6], cols=[ 0  1  2  3  4  5  6  7  8  9 10 11 12 13 14 15 16 17 18 19 20 21 22 23
 24 25 26 27 31 32 34 35 37 38 40 42 43 44 46 47 48 51 53 56 58 60 62 63
 66 67 68 69 70 71 72 73 74])
Bicluster(rows=[3, 7], cols=[ 0  2  3  4  5  6  7  9 10 11 12 13 14 15 16 17 18 19 20 21 24 27 28 29
 31 32 33 36 39 42 45 49 54 56 57 59 61 65 74])
Bicluster(rows=[3, 8], cols=[ 2  4  5  6  7  9 10 12 13 15 16 17 18 20 21 22 24 29 40 56 57 58 62 63
 65 67 68 70 71 72 74])
Bicluster(rows=[3, 9], cols=[ 2  4  5  6  7  9 10 11 12 13 15 16 17 18 20 21 22 24 26 30 32 36 39 40
 45 49 53 54 56 57 58 59 60 62 63 64 66 69 73 74])
Bicluster(rows=[3, 10], cols=[ 2  4  5  6  7  9 10 11 12 13 15 16 17 18 20 21 24 25 27 29 31 32 34 38
 39 41 42 44 45 46 47 48 50 51 52 56 57 58 60 62 64 65 72 73])
Bicluster(rows=[3, 11], cols=[ 0  2  3  4  5  6  7  9 10 11 12 13 14 15 16 17 18 19 20 21 24 25 26 27
 29 30 31 32 34 43 45 47 48 50 53 55 62 67 68 71 72 74])
Bicluster(rows=[3, 12], cols=[ 0  1  2  3  4  5  6  7  9 10 11 12 13 14 15 16 17 18 19 20 21 22 24 26
 29 32 34 38 44 45 47 50 52 53 54 59 60 61 63 65 66 68 69 71 74])
Bicluster(rows=[3, 13], cols=[ 0  1  2  4  5  6  7  9 10 11 12 13 15 16 17 18 20 21 22 24 28 29 31 32
 33 34 41 42 50 64 66 68 72])
Bicluster(rows=[3, 14], cols=[ 0  1  2  3  4  5  6  7  8  9 10 11 12 13 14 15 16 17 18 19 20 21 22 24
 28 31 34 35 36 37 38 39 40 41 43 47 50 51 52 53 55 59 60 61 62 63 64 65
 66 74])
Bicluster(rows=[3, 15], cols=[ 0  1  2  3  4  5  6  7  8  9 10 11 12 13 14 15 16 17 18 19 20 21 22 23
 24 25 29 34 36 38 39 47 49 50 51 52 55 56 57 59 60 66 70 71 73 74])
Bicluster(rows=[3, 16], cols=[ 0  1  2  3  4  5  6  7  8  9 10 11 12 13 14 15 16 17 18 19 20 21 22 23
 24 25 27 29 30 32 34 35 39 44 49 51 53 54 55 56 57 61 67 68 69 71 74])
Bicluster(rows=[3, 17], cols=[ 0  1  2  3  4  5  6  7  8  9 10 11 12 13 14 15 16 17 18 19 20 21 22 23
 24 27 28 29 30 33 37 39 45 46 49 51 52 54 55 58 59 60 65 66 68 73])
Bicluster(rows=[3, 18], cols=[ 0  4  7  9 10 11 14 16 17 18 19 21 27 28 30 31 34 36 37 39 41 43 44 47
 49 51 52 60 63 67 69 74])
Bicluster(rows=[3, 19], cols=[ 2  5  6 12 13 20 24 25 27 32 36 37 39 40 43 44 45 46 47 49 56 57 62 63
 66 74])
Bicluster(rows=[3, 20], cols=[ 2  5  6  7  9 10 12 13 15 17 20 24 25 27 28 30 33 40 41 43 48 52 55 57
 58 59 60 61 64 65 67 70 74])
Bicluster(rows=[3, 21], cols=[ 2  5  6 12 13 15 20 24 25 26 29 31 34 35 40 45 46 51 53 54 56 57 58 60
 62 64 65 71 74])
Bicluster(rows=[3, 22], cols=[ 1  8 22 27 29 30 35 36 37 38 39 40 41 42 43 47 49 50 52 53 56 58 61 67
 68 69 70 73])
Bicluster(rows=[3, 23], cols=[ 0  2  4  6  7  9 10 11 12 13 14 15 16 17 18 19 20 21 24 25 27 28 29 31
 34 36 37 41 43 44 45 46 49 54 55 56 58 60 62 63 64 68 70 71 73 74])
Bicluster(rows=[3, 24], cols=[ 0  4  7  9 10 11 16 17 18 21 29 35 36 39 41 43 44 46 50 51 58 59 61 66
 68 71 72 73 74])
Bicluster(rows=[3, 25], cols=[ 0  1  2  3  4  5  6  7  8  9 10 11 12 13 14 15 16 17 18 19 20 21 22 24
 25 26 27 35 44 45 48 55 56 59 60 63 64 65 68 73])
Bicluster(rows=[3, 26], cols=[ 0  3  4  7  9 10 11 14 16 17 18 19 21 32 35 41 46 48 53 55 57 60 61 64
 65 67 68])
Bicluster(rows=[3, 27], cols=[ 0  2  4  5  6  7  9 10 11 12 13 15 16 17 18 20 21 24 26 28 29 32 34 36
 43 44 45 47 48 50 51 55 56 57 58 61 62 66 71])
Bicluster(rows=[3, 28], cols=[ 0  2  3  4  6  7  9 10 11 12 13 14 15 16 17 18 19 20 21 24 25 26 32 35
 41 43 46 51 54 56 57 62 63 69])
Bicluster(rows=[3, 29], cols=[ 0  2  4  7  9 10 11 12 13 15 16 17 18 19 20 21 24 28 29 32 36 41 46 51
 54 56 58 60 64])
Bicluster(rows=[3, 30], cols=[ 1  2  4  5  6  7  9 10 12 13 15 16 17 18 20 22 24 31 45 49 56 59 62 65
 67])
Bicluster(rows=[3, 31], cols=[ 0  1  2  3  4  5  6  7  8  9 10 11 12 13 14 15 16 17 18 19 20 21 22 24
 26 28 31 32 33 39 41 43 44 47 50 52 55 56 58 59 60 61 65 69 70 71 73])
Bicluster(rows=[3, 32], cols=[ 0  1  2  3  4  5  6  7  8  9 10 11 12 13 14 15 16 17 18 19 20 21 22 24
 28 30 33 35 36 37 38 39 40 43 44 47 48 50 51 57 58 60 62 64 67 70 72])
Bicluster(rows=[3, 33], cols=[ 0  1  2  4  5  6  7  8 12 14 20 21 23 24 27 30 32 34 38 39 42 43 45 48
 49 53 55 56 57 59 61 63 67 69 72 73 74])
Bicluster(rows=[3, 34], cols=[ 0  6  8  9 11 14 18 21 27 32 34 38 42 43 45 46 48 49 52 53 54 58 60 61
 67 68 71])
Bicluster(rows=[3, 35], cols=[ 0  1  2  4  5  8 11 12 13 15 17 19 20 22 23 24 27 28 31 35 41 54 56 57
 59 71 74])
Bicluster(rows=[3, 36], cols=[ 1  5 10 15 16 20 22 23 27 28 29 32 34 36 43 44 46 47 48 49 51 56 59 61
 67 68 69 70 71 72 73])
Bicluster(rows=[3, 37], cols=[ 0  1  2  3  4  5  6  7  9 10 11 12 13 14 15 17 19 20 21 22 23 24 25 29
 31 32 34 35 36 37 41 46 48 49 51 56 57 62 64])
Bicluster(rows=[3, 38], cols=[ 0  3  4  5 15 17 18 20 21 22 23 25 27 29 31 32 34 35 37 41 46 48 49 50
 58 59 60 61 62 65 66 67 68 70 71 74])
Bicluster(rows=[3, 39], cols=[ 2  5  8 12 13 17 22 30 31 35 36 37 38 39 40 41 42 43 47 49 51 55 57 59
 62 64 67 68 69 70 71 73])
Bicluster(rows=[3, 40], cols=[ 0  3  5 14 17 20 27 28 29 32 34 36 44 46 47 48 50 57 58 59 60 61 62 67
 70 73])
Bicluster(rows=[3, 41], cols=[ 0  1  3  5  6  7  8 10 11 12 13 18 21 23 24 27 31 32 34 37 41 46 48 49
 51 55 57 59 63 64 65 67 69 71])
Bicluster(rows=[3, 42], cols=[ 0  3  4  5 10 12 13 16 19 20 21 24 27 28 31 32 34 35 41 46 48 50 54 56
 59 66 70 73])
Bicluster(rows=[3, 43], cols=[ 0  5  6  7 14 15 17 19 22 25 27 28 29 31 32 34 35 37 41 46 48 49 52 57
 60 61 62 64 69 73])
Bicluster(rows=[3, 44], cols=[ 0  1  5  6  9 13 15 16 18 20 21 27 31 32 34 37 41 46 48 49 51 52 58 60
 64 66 67 70 72 73])
Bicluster(rows=[3, 45], cols=[ 0  1  2  4  7 10 13 23 27 30 32 34 38 39 42 43 45 48 49 50 54 55 56 57
 60 66 68 70 72])
Bicluster(rows=[3, 46], cols=[ 1  5  6  9 10 11 16 19 20 21 22 32 37 40 46 48 49 52 55 56 57 58 60 66
 67 68 69 71 72])
Bicluster(rows=[3, 47], cols=[ 0  2  3  4  7  8  9 12 13 15 16 17 18 23 25 29 31 32 34 35 36 37 41 46
 47 48 49 54 55 56 58 63 64 66 68 74])
Bicluster(rows=[3, 48], cols=[ 2  3  4 12 13 14 16 19 23 24 27 28 30 32 34 38 39 42 43 45 48 49 50 51
 56 58 60 63 64 65 67 68])
Bicluster(rows=[3, 49], cols=[ 0  2  6  7  8 16 19 20 26 28 30 31 32 34 37 38 39 41 42 43 44 49 54 55
 59 63 67 68 69 70 71 73 74])
Bicluster(rows=[3, 50], cols=[ 5  6  7 14 15 16 19 23 26 30 31 32 37 38 39 41 42 43 47 49 57 65 67 68
 71])
Bicluster(rows=[3, 51], cols=[ 0  4 19 30 33 36 38 39 40 42 43 47 51 52 54 55 56 64 66 67 68 72 73 74])
Bicluster(rows=[3, 52], cols=[ 6  8 10 11 12 13 14 15 18 21 25 26 27 28 29 31 32 34 35 36 37 41 46 48
 49 51 54 55 56 58 63 64 69 71])
Bicluster(rows=[3, 53], cols=[ 2  4 14 20 21 23 27 28 29 32 34 36 43 44 46 47 48 55 56 57 58 59 61 64
 66 69 70 73 74])
Bicluster(rows=[3, 54], cols=[ 1  4  6  7  8 14 20 23 27 28 29 32 34 36 43 44 46 47 48 49 50 53 54 55
 57 58 63 67 69 70 73])
Bicluster(rows=[3, 55], cols=[ 2  4  6  7 10 13 17 18 20 30 36 37 38 39 40 42 43 47 49 54 55 56 58 59
 60 63 66 67 70 73 74])
Bicluster(rows=[3, 56], cols=[ 7  9 10 15 18 28 30 32 34 38 39 42 43 45 49 51 54 55 58 59 60 61 62 68
 70 71 72 73 74])
Bicluster(rows=[3, 57], cols=[ 0  3  4  5  6  8 12 14 16 19 24 25 27 31 32 34 35 37 41 46 48 49 59 60
 61 63 64 66])
Bicluster(rows=[3, 58], cols=[ 0  2  3  5  6  7  9 10 11 12 14 16 18 19 20 24 27 28 30 32 34 38 39 42
 43 45 48 49 59 65 69 71])
Bicluster(rows=[3, 59], cols=[ 0  1  2  8  9 10 13 15 22 25 27 29 36 45 46 54 55 56 58 59 60 63 65 66
 68 69 72])
Bicluster(rows=[3, 60], cols=[ 0  2  3  4  5  9 11 14 16 24 27 29 32 34 36 43 45 46 47 48 51 53 54 58
 59 61 63 64 66 68 73])
Bicluster(rows=[3, 61], cols=[ 0  2  3  4  6  7  8 12 13 14 15 16 17 21 26 28 30 31 32 34 37 38 39 41
 42 43 44 47 49 50 51 54 55 56 62 63 64 65 70 74])
Bicluster(rows=[3, 62], cols=[ 2  7  8  9 10 11 12 13 17 19 22 30 32 34 38 39 42 43 45 48 49 51 55 61
 62 63 64 67 71 74])
Bicluster(rows=[3, 63], cols=[ 2  4  5  6  7  9 14 20 21 22 23 24 26 28 30 31 37 38 39 40 41 42 43 44
 49 50 52 54 55 56 57 62 63 66 67 68 70 71])
Bicluster(rows=[3, 64], cols=[ 1  2  3  6 10 17 22 24 25 29 30 33 36 39 40 43 50 51 55 59 63 64 66 67
 69 70 71 73 74])
Bicluster(rows=[3, 65], cols=[ 0  2  6  7  8 10 11 12 13 14 15 16 18 19 22 25 27 28 29 31 32 34 35 36
 37 41 46 48 49 53 56 59 60 62 65 71 73])
Bicluster(rows=[3, 66], cols=[ 3  8  9 10 12 14 16 19 22 27 29 30 31 32 34 36 37 38 39 41 43 46 51 54
 62 63 64 65 66 71 74])
Bicluster(rows=[3, 67], cols=[ 0  2  3  4  6  9 10 11 13 17 18 19 20 21 22 23 24 25 31 32 36 37 48 50
 52 53 58 62 63 67 68])
Bicluster(rows=[3, 68], cols=[ 0  3  4  5 12 13 14 16 17 25 27 29 32 33 36 39 42 43 44 46 47 48 49 50
 54 55 56 58 60 62 63 64 73])
Bicluster(rows=[3, 69], cols=[ 0  5  6 11 12 14 16 17 18 19 23 27 34 35 36 37 41 44 47 48 51 56 57 59
 62 66 69 70 71 72 73 74])
Bicluster(rows=[3, 70], cols=[ 1  2  3  4  5  6 11 14 15 17 21 22 23 24 27 29 44 45 46 48 50 53 55 56
 58 62 67 68 69 70 71 72 73 74])
Bicluster(rows=[3, 71], cols=[ 3  8 12 13 17 21 25 27 33 35 36 37 41 42 44 46 49 50 53 56 57 58 59 61
 67 68 69 70 72 73])
Bicluster(rows=[3, 72], cols=[ 0  1  3  7  9 14 15 19 20 25 29 32 36 37 41 47 51 56 57 62 66 71 73 74])
Bicluster(rows=[3, 73], cols=[ 1  3  6  7  8  9 10 13 14 15 18 22 25 26 28 29 32 35 37 41 48 50 51 55
 58 60 62 66 67 68 69 70 71 73 74])
Bicluster(rows=[3, 74], cols=[ 0  3  9 12 14 15 17 18 23 29 37 39 41 45 46 48 49 54 55 56 57 60 63 64
 73])
Bicluster(rows=[3, 75], cols=[ 0  2  3  6 10 14 15 18 25 26 27 29 31 37 41 44 45 47 49 51 54 57 59 62
 63 64 66 71 74])
Bicluster(rows=[3, 76], cols=[ 5  7  9 12 13 14 16 17 18 19 20 23 24 25 29 30 31 32 34 35 37 41 43 46
 56 57 59 62 67 69 70 71 72 73 74])
Bicluster(rows=[3, 77], cols=[ 1  6 10 15 19 20 22 24 25 27 30 31 32 34 35 36 39 41 43 44 45 46 51 54
 57 59 63 64 65])
Bicluster(rows=[3, 78], cols=[ 4  6  8 17 18 19 24 26 28 29 31 32 36 40 43 44 46 51 54 62 64 65 66 69
 71 72 74])
Bicluster(rows=[3, 79], cols=[ 0  1  2  3  4  7  8  9 10 11 12 13 14 15 16 17 18 19 21 23 24 27 44 54
 62 64 65 66 69 71 72 74])
Bicluster(rows=[3, 80], cols=[ 1  3  6  7 14 15 18 19 20 21 22 26 29 34 36 43 44 45 54 55 56 63 64 73])
Bicluster(rows=[3, 81], cols=[ 3  4 11 12 13 16 17 26 27 30 31 34 36 40 41 42 43 45 48 51 54 56 57 59
 62 66 69 71 73 74])
Bicluster(rows=[3, 82], cols=[ 0  1  9 10 12 15 19 20 22 23 24 27 29 31 35 37 38 40 42 43 45 48 49 51
 54 59 63 64 65 66 71 74])
Bicluster(rows=[3, 83], cols=[ 1  2  3  4  5  6  8  9 11 12 14 15 16 19 21 23 24 26 35 37 44 45 50 51
 52 53 58 62 63 66 67 68 70 71 73 74])
Bicluster(rows=[3, 84], cols=[ 3 10 12 16 17 19 22 23 26 29 32 35 36 37 41 45 50 52 53 58 62 63 67 68
 70])
Bicluster(rows=[3, 85], cols=[ 4  5 12 14 15 18 22 29 34 35 41 42 44 45 48 56 57 59 62 66 69 70 71 72
 73 74])
Bicluster(rows=[3, 86], cols=[ 2  5 10 11 12 13 17 21 22 24 26 28 29 32 33 37 38 40 41 42 45 46 49 52
 61 62 63 70])
Bicluster(rows=[3, 87], cols=[ 0  3  4  7  9 12 15 17 18 20 21 22 23 24 26 27 28 32 34 35 37 45 48 50
 52 53 55 58 60 61 67 68 69 70 71 72 74])
Bicluster(rows=[3, 88], cols=[ 1  2  4  6  8  9 11 12 13 15 17 18 19 23 25 26 27 29 35 43 44 45 47 51
 56 57 59 62 63 66 71 73 74])
Bicluster(rows=[3, 89], cols=[ 1  4  5  7  9 11 17 18 21 23 26 27 29 31 32 35 36 37 40 41 42 44 49 50
 55 56 58 62 67 68 69 70 71 72 73 74])
Bicluster(rows=[3, 90], cols=[ 2  8 10 19 24 25 29 30 31 32 33 35 37 39 42 44 46 49 56 57 59 62 67 68
 69 70 72 73])
Bicluster(rows=[3, 91], cols=[ 1  5  6  7 11 12 14 15 17 20 22 23 24 26 28 30 31 34 35 37 38 41 47 54
 62 64 65 66 69 71 72 74])
Bicluster(rows=[3, 92], cols=[ 1  3  4  5  9 15 16 19 20 22 23 24 27 28 29 31 32 33 36 38 40 44 46 49
 50 51 52 53 58 60 62 63 66 67 68 69 70 71 73 74])
Bicluster(rows=[3, 93], cols=[ 0  1  6  7 11 15 16 18 23 25 27 29 31 32 34 38 40 41 46 47 49 50 53 58
 62 67 68 73])
Bicluster(rows=[3, 94], cols=[ 1  3  6  7  8  9 13 14 16 21 23 24 25 26 28 32 35 36 45 48 50 52 53 58
 62 63 67 68])
Bicluster(rows=[3, 95], cols=[ 0 11 12 13 21 23 24 25 26 27 29 30 31 34 35 36 37 39 41 43 45 46 50 51
 52 53 58 62 63 66 67 68 70 71 74])
Bicluster(rows=[3, 96], cols=[ 0  1  2  7  8 10 11 12 13 14 15 17 18 19 20 21 22 23 24 29 46 50 52 53
 58 62 63 67 68 70])
Bicluster(rows=[3, 97], cols=[ 2  4  8 15 26 27 33 37 38 39 40 41 43 44 46 47 49 54 59 62 64 65 66 69
 70 71 72 73 74])
Bicluster(rows=[3, 98], cols=[ 1  4  5  7 10 16 25 27 28 31 33 36 39 40 41 42 46 50 53 55 58 60 62 67
 68 69 70 71 72 74])
Bicluster(rows=[3, 99], cols=[ 3  5 10 12 13 17 18 20 24 25 26 28 29 35 36 37 38 40 41 44 46 47 48 49
 51 55 56 58 59 60 63 68 71 72 73 74])
Bicluster(rows=[4, 5], cols=[ 0  1  2  3  4  5  6  7  8  9 10 11 12 13 14 15 16 17 18 19 20 21 22 23
 24 26 30 32 33 35 36 37 38 39 40 41 42 43 44 45 46 49 50 51 53 54 57 58
 59 60 61 62 63 64 66 69 70 71 72])
Bicluster(rows=[4, 6], cols=[ 0  1  2  3  4  5  6  7  9 10 11 12 13 14 15 16 17 18 19 20 21 22 24 25
 26 27 29 30 31 32 33 35 36 40 44 47 50 53 55 56 57 60 61 63 64 65 66 68
 70 71 72])
Bicluster(rows=[4, 7], cols=[ 0  1  2  3  4  5  6  7  8  9 10 11 12 13 14 15 16 17 18 19 20 21 22 23
 24 27 30 33 34 36 37 42 49 52 54 56 57 58 64 67 68 73])
Bicluster(rows=[4, 8], cols=[ 2  4  7  9 10 12 13 15 16 17 18 20 21 24 28 30 33 34 36 40 43 46 55 57
 59 63 64 68 70 71 73 74])
Bicluster(rows=[4, 9], cols=[ 2  6  7  9 10 12 13 15 17 18 20 24 26 27 29 30 34 36 37 40 42 43 48 49
 53 54 55 60 65 66 67 69 74])
Bicluster(rows=[4, 10], cols=[ 2  4  7  9 10 12 13 15 16 17 18 20 21 24 27 28 30 31 32 37 41 43 44 46
 47 48 51 56 58 59 61 62 63 67 72])
Bicluster(rows=[4, 11], cols=[ 0  1  2  3  4  5  6  7  8  9 10 11 12 13 14 15 16 17 18 19 20 21 22 23
 24 27 28 31 32 38 45 47 52 53 55 56 57 58 59 62 65 68 69 71 72 73])
Bicluster(rows=[4, 12], cols=[ 0  1  2  3  4  5  6  7  8  9 10 11 12 13 14 15 16 17 18 19 20 21 22 23
 24 28 31 32 36 39 40 42 44 45 47 53 54 60 63 64 66 69 70 71 74])
Bicluster(rows=[4, 13], cols=[ 0  1  2  3  4  5  6  7  8  9 10 11 12 13 14 15 16 17 18 19 20 21 22 23
 24 25 30 34 35 36 38 39 40 43 45 46 47 48 52 55 57 60 62 69 70 71])
Bicluster(rows=[4, 14], cols=[ 0  1  2  3  4  5  6  7  8  9 10 11 12 13 14 15 16 17 18 19 20 21 22 23
 24 25 26 32 34 35 36 40 41 42 44 47 51 53 60 61 62 68 70 71 74])
Bicluster(rows=[4, 15], cols=[ 0  2  4  5  6  7  9 10 11 12 13 15 16 17 18 19 20 21 24 30 32 36 42 43
 47 49 56 57 58 60 61 64 65 66 67 68 71])
Bicluster(rows=[4, 16], cols=[ 0  2  4  5  6  7  9 10 11 12 13 14 15 16 17 18 19 20 21 24 26 27 30 35
 38 43 44 49 50 52 54 59 61 67 68])
Bicluster(rows=[4, 17], cols=[ 0  2  4  5  6  7  9 10 11 12 13 15 16 17 18 19 20 21 24 26 28 36 38 40
 41 43 44 50 53 55 61 70 71 73])
Bicluster(rows=[4, 18], cols=[ 0  2  3  4  7  9 10 11 12 13 14 15 16 17 18 19 20 21 24 25 26 27 31 36
 38 42 44 45 47 48 49 55 56 57 58 60 64 65 69 70 74])
Bicluster(rows=[4, 19], cols=[ 0  1  2  3  4  5  6  7  8  9 10 11 12 13 14 15 16 17 18 19 20 21 22 23
 24 27 28 34 39 44 45 50 52 54 57 58 70 73])
Bicluster(rows=[4, 20], cols=[ 0  1  2  3  4  5  6  7  8  9 10 11 12 13 14 15 16 17 18 19 20 21 22 23
 24 27 37 38 46 48 49 50 52 55 57 62 67 73])
Bicluster(rows=[4, 21], cols=[ 3 14 19 23 26 27 30 32 33 36 38 41 44 46 47 48 49 51 56 58 60 61 62 64
 69 70 71 72])
Bicluster(rows=[4, 22], cols=[ 0  1  2  3  4  5  6  7  8  9 10 11 12 13 14 15 16 17 18 19 20 21 22 23
 24 27 29 34 37 39 43 45 48 50 52 55 67])
Bicluster(rows=[4, 23], cols=[ 0  1  2  3  4  5  6  7  8  9 10 11 12 13 14 15 16 17 18 19 20 21 22 23
 24 26 27 30 31 36 38 41 42 44 45 46 48 49 50 54 56 59 60 61 62 66 68 69
 70 71 72 74])
Bicluster(rows=[4, 24], cols=[ 0  4  7  9 10 11 14 15 16 17 18 19 21 29 31 32 35 36 38 41 44 46 48 50
 51 52 55 56 57 60 61 64 66 68 72 74])
Bicluster(rows=[4, 25], cols=[ 2  4  6  7  9 10 12 13 15 16 17 18 20 24 25 28 29 34 36 37 39 40 43 44
 45 50 52 53 56 60 63 70])
Bicluster(rows=[4, 26], cols=[ 0  1  2  3  4  5  6  7  8  9 10 11 12 13 14 15 16 17 18 19 20 21 22 23
 24 26 28 34 35 37 38 39 41 44 46 53 55 57 59 60 61 63 68 73])
Bicluster(rows=[4, 27], cols=[ 0  1  2  3  4  5  6  7  8  9 10 11 12 13 14 15 16 17 18 19 20 21 22 23
 24 27 28 29 34 39 45 46 48 52 55 67 68 73])
Bicluster(rows=[4, 28], cols=[ 0  1  2  3  4  5  6  7  8  9 10 11 12 13 14 15 16 17 18 19 20 21 22 23
 24 26 27 28 29 32 34 35 37 41 42 44 46 48 49 50 51 54 55 56 58 60 62 63
 64 65 69 70])
Bicluster(rows=[4, 29], cols=[ 0  1  2  3  4  5  6  7  8  9 10 11 12 13 14 15 16 17 18 19 20 21 22 23
 24 27 32 36 37 38 41 46 48 49 50 51 52 54 55 59 60 61 65 68 70 72])
Bicluster(rows=[4, 30], cols=[ 2  4  7  9 10 12 13 15 16 17 18 20 24 27 28 29 31 34 36 45 50 55 56 63
 64 69 70])
Bicluster(rows=[4, 31], cols=[ 0  2  4  6  7  9 10 11 12 13 15 16 17 18 20 21 24 25 26 29 32 33 38 41
 42 44 47 50 51 56 57 60 63 64 66 67 69 71 74])
Bicluster(rows=[4, 32], cols=[ 0  1  2  3  4  5  6  7  8  9 10 11 12 13 14 15 16 17 18 19 20 21 22 23
 24 25 27 30 31 33 34 35 36 37 38 40 42 44 45 50 51 52 56 57 58 60 61 62
 63 67 68 70 72 74])
Bicluster(rows=[4, 33], cols=[ 0  2  3  4  5  6  7 12 14 16 20 21 22 24 25 30 37 42 46 47 54 61 65 67
 68 69 70 72])
Bicluster(rows=[4, 34], cols=[ 1  9 11 12 13 14 15 19 22 25 27 28 34 36 38 42 46 47 51 56 57 58 61 65
 67 68 70])
Bicluster(rows=[4, 35], cols=[ 1  2  4  5  7  8 12 13 14 15 21 22 24 26 29 30 31 38 40 41 43 46 49 50
 51 52 56 57 61 65 71 73 74])
Bicluster(rows=[4, 36], cols=[ 0  2  7 13 14 17 18 24 26 30 31 35 36 38 40 41 42 46 49 51 54 55 57 59
 60 65 67 68 71 74])
Bicluster(rows=[4, 37], cols=[ 1  2  4  6  7  8 10 11 12 13 14 15 17 20 22 24 26 30 31 32 36 38 40 41
 42 47 49 50 51 54 55 57 58 61 62 68 70 71 73])
Bicluster(rows=[4, 38], cols=[ 0  1  3  9 17 18 21 23 26 27 29 35 37 39 43 46 48 50 51 52 54 56 57 61
 62 63 64 70])
Bicluster(rows=[4, 39], cols=[ 4  6  8 11 14 15 20 21 23 24 27 29 34 37 39 43 45 48 51 53 54 58 59 60
 61 62 64 65 66 67 70])
Bicluster(rows=[4, 40], cols=[ 1  2  7 11 12 13 16 18 19 22 24 27 29 35 37 43 44 45 51 55 57 62 65 68
 69 71])
Bicluster(rows=[4, 41], cols=[ 0  7 10 11 12 13 15 20 21 24 29 30 32 33 38 40 43 46 49 51 52 57 58 60
 61 62 63 68 69 71 73])
Bicluster(rows=[4, 42], cols=[ 1  4  5  6  7 10 12 13 16 19 20 22 23 24 26 29 30 35 38 41 43 46 54 56
 58 61 63 64 65 66 68 70])
Bicluster(rows=[4, 43], cols=[ 1  2  3  9 11 12 18 21 23 27 36 37 38 42 43 45 46 51 52 55 57 62 64 65
 66 67 68 71 74])
Bicluster(rows=[4, 44], cols=[ 0  5  7  8  9 13 15 16 18 20 21 26 29 30 31 38 41 43 46 58 60 62 63 66
 68 72])
Bicluster(rows=[4, 45], cols=[ 5  6  8  9 12 14 15 17 18 20 21 24 26 27 29 31 37 39 41 43 48 50 56 57
 64 65 68 69 74])
Bicluster(rows=[4, 46], cols=[ 1  5  6  8 10 11 12 16 19 20 21 22 29 30 31 32 38 40 43 46 49 50 57 59
 60 64 65 66 68 69 70 71 72])
Bicluster(rows=[4, 47], cols=[ 2  4  7  9 12 13 15 16 17 18 22 24 26 30 31 32 36 40 41 42 47 49 54 62
 63 65 66 67 69 70 71 72 73 74])
Bicluster(rows=[4, 48], cols=[ 0  5  6  7  8 26 27 29 35 37 39 43 48 50 54 57 58 61 62 66 67 68 70 72])
Bicluster(rows=[4, 49], cols=[ 0  2  5  7 16 19 20 25 30 36 37 42 45 46 47 52 54 56 57 62 67 68 69 70])
Bicluster(rows=[4, 50], cols=[ 1  5  6 10 16 20 25 26 31 32 35 40 41 44 47 49 54 55 57 58 59 62 63 71
 73])
Bicluster(rows=[4, 51], cols=[ 2  3  4  6  8 11 18 19 20 21 22 26 30 31 32 36 38 40 41 42 46 49 55 58
 60 61 63 65 67 68 71 73])
Bicluster(rows=[4, 52], cols=[ 6 10 11 12 13 14 15 18 26 30 31 32 35 36 38 40 41 42 47 49 50 51 54 56
 57 59 61 63 65 67 70 71 73])
Bicluster(rows=[4, 53], cols=[ 5 10 12 18 19 22 23 24 25 27 28 34 36 38 42 43 46 47 48 51 54 55 58 62
 66])
Bicluster(rows=[4, 54], cols=[10 13 14 15 17 18 23 27 28 29 34 36 38 39 43 48 52 53 56 58 60 65 67 69
 70 71 73])
Bicluster(rows=[4, 55], cols=[ 2  4  5  6  7  8 10 13 17 18 20 21 26 30 31 32 35 36 40 41 42 47 49 50
 52 53 54 57 65 67 68 70])
Bicluster(rows=[4, 56], cols=[ 2 11 12 24 29 30 31 38 40 41 43 46 49 51 53 57 58 59 61 65 68 70 71 74])
Bicluster(rows=[4, 57], cols=[ 1  3  4  5  6  9 12 16 24 26 30 31 32 36 38 40 41 42 46 49 50 57 60 62
 63 66 68 70])
Bicluster(rows=[4, 58], cols=[ 0  2  5  6  7  9 10 11 12 17 18 19 20 21 23 24 34 35 39 44 45 50 52 54
 56 57 61 62 65 66 67 70])
Bicluster(rows=[4, 59], cols=[ 2  3  4  7  8 13 14 15 16 17 21 22 23 27 29 35 37 39 43 44 45 48 50 54
 55 62 64 65 70])
Bicluster(rows=[4, 60], cols=[ 0  1  2  4  5  9 12 16 21 22 27 36 37 38 42 45 46 52 54 55 56 58 61 65
 67 68 71])
Bicluster(rows=[4, 61], cols=[ 0  1  2  4  5  6  7 12 15 16 17 20 21 22 25 30 32 40 42 44 47 49 50 51
 52 54 55 58 59 62 70 73])
Bicluster(rows=[4, 62], cols=[ 0  1  5 14 16 18 23 24 27 31 39 41 48 51 54 60 62 63 64 65 67 70 71])
Bicluster(rows=[4, 63], cols=[ 1  3 10 12 15 16 17 27 29 34 35 37 39 44 45 48 50 52 57 60 62 63 66 67
 69 70 74])
Bicluster(rows=[4, 64], cols=[ 2  3  4  5  8 12 13 15 17 18 20 21 23 29 30 31 32 38 40 41 43 46 49 50
 52 57 60 65 67 70])
Bicluster(rows=[4, 65], cols=[ 3  6  7  8 11 12 13 15 17 22 26 30 31 32 36 40 41 42 47 49 50 53 55 56
 60 64 67 68 71])
Bicluster(rows=[4, 66], cols=[ 2  4  7  8 12 15 18 20 21 22 24 27 28 29 34 39 43 44 50 54 56 57 58 60
 65 67 68])
Bicluster(rows=[4, 67], cols=[ 0  1  2  4  5  6  7  8  9 10 11 12 13 17 18 19 20 21 24 28 29 34 37 38
 45 50 54 56 57 58 60 62 65 67 68])
Bicluster(rows=[4, 68], cols=[ 0  1  3  4  9 12 13 14 15 16 17 20 22 26 27 29 30 31 33 34 36 37 42 44
 45 46 47 49 50 54 56 57 58 60 62 65 67 68])
Bicluster(rows=[4, 69], cols=[ 0  1  3  5  6  7 11 12 14 16 17 18 19 20 22 27 35 36 38 41 43 44 47 50
 51 55 57 58 61 62 63 65 66 67 68 69 70 71 72 74])
Bicluster(rows=[4, 70], cols=[ 0  3  5  7  9 10 11 12 13 14 16 17 18 19 20 23 27 28 29 34 46 48 50 51
 55 56 57 58 61 62 63 65 66 67 68 69 70 71 72 74])
Bicluster(rows=[4, 71], cols=[ 4  7  9 11 14 15 22 26 29 30 34 37 40 44 45 46 47 48 50 54 56 57 58 60
 62 65 67 68])
Bicluster(rows=[4, 72], cols=[ 0  5  6  7  8  9 14 15 19 20 22 27 28 36 38 39 43 44 45 47 48 50 51 55
 57 58 61 62 63 65 66 67 68 69 70 71 72 74])
Bicluster(rows=[4, 73], cols=[ 2  3  5  9 10 12 14 15 17 18 21 24 35 39 41 42 43 44 45 50 51 57 58 61
 62 65 66 68 69 70 71])
Bicluster(rows=[4, 74], cols=[ 0  1  5  9 12 13 14 15 17 18 22 23 25 28 29 33 38 41 42 43 44 49 50 52
 54 57 58 60 65 67 68])
Bicluster(rows=[4, 75], cols=[ 1  2 10 14 15 18 25 26 30 31 33 34 35 40 42 44 45 46 47 48 50 51 54 55
 58 61 62 63 66 67 68 69 70 71 72 74])
Bicluster(rows=[4, 76], cols=[ 0  1  4  7  8  9 10 12 13 14 16 17 19 20 22 26 30 31 39 44 45 48 50 51
 55 58 61 62 63 66 67 69 70 71 72 74])
Bicluster(rows=[4, 77], cols=[ 2  4  5  9 16 17 18 21 23 25 34 37 38 39 40 44 46 47 49 51 53 59 61 63
 64 66 69 71 72 74])
Bicluster(rows=[4, 78], cols=[ 4  6  8 17 18 20 27 31 32 34 36 37 40 42 44 46 48 49 50 51 54 55 58 61
 62 63 66 67 68 69 70 71 72 74])
Bicluster(rows=[4, 79], cols=[ 0  2  3  4  5  6  7  9 10 11 12 13 14 15 16 17 18 19 21 22 24 27 28 29
 37 39 42 44 45 48 51 52 54 62 63 66 69 70 71 72 73 74])
Bicluster(rows=[4, 80], cols=[ 8 14 15 19 20 21 25 26 27 28 30 31 35 37 38 39 45 46 56 59 60 61 62 66
 69 70 71])
Bicluster(rows=[4, 81], cols=[ 1  3  4 10 11 12 15 16 17 18 29 32 41 45 50 51 54 55 58 61 62 63 66 67
 68 69 70 71 72 74])
Bicluster(rows=[4, 82], cols=[ 1  9 11 12 15 21 22 24 27 28 31 34 35 36 40 45 49 50 51 55 57 58 61 62
 63 65 66 67 68 69 70 71 72 74])
Bicluster(rows=[4, 83], cols=[ 0  1  2  5  6  8 11 14 15 16 24 25 26 27 29 33 34 36 39 40 42 44 45 48
 51 53 59 61 63 64 66 69 71 72 74])
Bicluster(rows=[4, 84], cols=[ 1  2  3  4  5  7  9 13 15 18 19 21 23 27 28 29 37 38 39 44 50 54 56 57
 58 60 65 67 68])
Bicluster(rows=[4, 85], cols=[ 1  4  5  8 12 18 20 26 31 35 39 43 44 45 50 51 55 57 58 61 62 63 65 66
 67 68 69 70 71 72 74])
Bicluster(rows=[4, 86], cols=[ 1  2  6  9 10 11 12 13 15 16 17 18 20 21 24 27 29 34 37 38 39 43 44 45
 48 50 54 56 57 58 60 65 67 68])
Bicluster(rows=[4, 87], cols=[ 1  2  3  4  7  8  9 12 13 15 17 18 20 21 22 24 27 32 35 36 40 43 45 51
 53 56 59 60 63 64 66 69 72 74])
Bicluster(rows=[4, 88], cols=[ 2  4  5  6  9 11 13 15 17 18 20 22 23 24 26 28 32 34 35 39 47 48 50 51
 55 57 58 61 62 63 65 66 67 68 69 70 71 72 74])
Bicluster(rows=[4, 89], cols=[ 4  7  8  9 10 11 12 13 21 22 28 34 35 36 37 38 39 42 50 51 55 57 58 61
 62 63 65 66 67 68 69 70 71 72 74])
Bicluster(rows=[4, 90], cols=[ 0  1  7  8 11 12 13 16 21 27 28 34 37 39 45 46 47 48 50 54 56 57 58 60
 61 62 65 67 68 70])
Bicluster(rows=[4, 91], cols=[ 5  6  7  8 11 12 14 15 18 20 23 24 35 41 42 43 44 45 47 51 52 54 62 63
 66 67 69 70 71 72 73 74])
Bicluster(rows=[4, 92], cols=[ 3  4  8  9 15 16 19 22 24 26 27 31 32 33 34 36 39 46 51 56 59 60 61 62
 66 68 69 70 71])
Bicluster(rows=[4, 93], cols=[ 0  5  6 10 11 12 15 16 18 21 22 26 27 28 37 38 43 46 47 48 54 56 59 65
 68])
Bicluster(rows=[4, 94], cols=[ 5  6  7  9 11 15 16 18 20 21 22 24 34 36 43 44 50 56 57 60 62 65 68])
Bicluster(rows=[4, 95], cols=[ 1  8 10 26 33 36 37 39 40 41 42 43 44 47 50 51 55 58 61 63 65 66 67 68
 69 70 71 72 74])
Bicluster(rows=[4, 96], cols=[ 2  4  5  7 10 11 12 13 14 15 17 18 20 21 24 34 39 44 46 48 50 56 57 60
 61 62 65 68 70])
Bicluster(rows=[4, 97], cols=[ 0  3  7  8  9 10 11 12 14 16 17 18 19 20 21 24 27 30 34 39 43 45 46 50
 54 56 57 58 60 62 65 67 68])
Bicluster(rows=[4, 98], cols=[ 4  5  6  7  8 10 16 26 27 32 35 36 38 40 42 44 46 47 49 50 51 57 58 61
 62 65 66 68 70 71])
Bicluster(rows=[4, 99], cols=[ 3  8 10 12 13 15 17 18 22 30 32 34 35 37 39 40 41 42 43 44 46 47 49 50
 52 55 56 57 58 60 65 67 68 71 72 74])
Bicluster(rows=[5, 6], cols=[ 0  2  3  4  5  6  7  9 10 11 12 13 14 15 16 17 18 19 20 21 22 24 25 26
 30 32 33 34 35 39 44 46 48 50 52 54 57 60 63 64 66 67 71 72 73 74])
Bicluster(rows=[5, 7], cols=[ 0  1  2  3  4  5  6  7  8  9 10 11 12 13 14 15 16 17 18 19 20 21 22 23
 24 29 30 31 32 36 49 57 58 62 64 67 74])
Bicluster(rows=[5, 8], cols=[ 0  1  2  3  4  5  6  7  8  9 10 11 12 13 14 15 16 17 18 19 20 21 22 23
 24 25 26 27 31 37 38 41 42 43 44 47 48 51 54 56 61 69 73])
Bicluster(rows=[5, 9], cols=[ 2  4  7  9 10 12 13 15 16 17 18 20 24 28 30 40 42 49 53 56 58 60 69 73])
Bicluster(rows=[5, 10], cols=[ 2  4  7  9 10 15 16 17 18 20 24 25 32 41 43 51 52 54 55 58 59 62 63 72
 73])
Bicluster(rows=[5, 11], cols=[ 0  1  2  3  4  5  6  7  8  9 10 11 12 13 14 15 16 17 18 19 20 21 22 23
 24 25 31 32 38 39 40 47 50 51 53 54 57 59 67 69 71 72 74])
Bicluster(rows=[5, 12], cols=[ 0  1  2  3  4  5  6  7  8  9 10 11 12 13 14 15 16 17 18 19 20 21 22 23
 24 29 31 32 33 34 40 42 44 45 46 48 50 52 53 54 55 56 60 63 64 68 69 70
 71 74])
Bicluster(rows=[5, 13], cols=[ 2  4  6  7  9 10 11 12 13 15 16 17 18 20 21 24 27 28 31 33 41 43 44 49
 50 51 56 61 63 67 72])
Bicluster(rows=[5, 14], cols=[ 0  1  2  3  4  5  6  7  8  9 10 11 12 13 14 15 16 17 18 19 20 21 22 23
 24 26 27 28 29 31 32 35 36 37 39 40 41 42 44 45 46 48 50 51 52 53 54 56
 57 60 61 62 63 70 74])
Bicluster(rows=[5, 15], cols=[ 0  2  4  5  6  7  9 10 11 12 13 15 16 17 18 19 20 21 24 25 29 30 32 34
 35 36 42 43 49 50 51 52 58 59 60 61 64 66 71 74])
Bicluster(rows=[5, 16], cols=[ 0  2  4  5  6  7  9 10 11 12 13 14 15 16 17 18 19 20 21 24 26 30 31 35
 38 43 45 46 49 51 56 59 61 66 71 73 74])
Bicluster(rows=[5, 17], cols=[ 0  1  2  3  4  5  6  7  8  9 10 11 12 13 14 15 16 17 18 19 20 21 22 23
 24 27 28 29 30 35 42 43 45 46 47 51 52 54 60 64 66 68 73])
Bicluster(rows=[5, 18], cols=[ 0  1  2  3  4  5  6  7  8  9 10 11 12 13 14 15 16 17 18 19 20 21 22 23
 24 28 29 30 31 37 38 42 43 45 47 51 54 57 69 70 73 74])
Bicluster(rows=[5, 19], cols=[ 0  3  4  7  9 10 11 14 16 17 18 19 21 23 25 26 30 31 38 44 45 47 50 53
 54 57 58 60 61 62 69 71 72])
Bicluster(rows=[5, 20], cols=[ 0  1  2  3  4  5  6  7  8  9 10 11 12 13 14 15 16 17 18 19 20 21 22 23
 24 25 28 37 38 39 45 47 49 56 62 72])
Bicluster(rows=[5, 21], cols=[ 0  4  9 11 14 16 17 18 19 21 25 28 32 33 37 38 39 41 42 43 45 47 49 51
 54 56 57 62 64 65 66 67 68 69 70 71 72])
Bicluster(rows=[5, 22], cols=[ 0  3 11 14 19 21 23 25 27 28 29 31 32 35 36 37 38 39 42 45 49 50 51 55
 58 59 62 63 67 69 71 72 73])
Bicluster(rows=[5, 23], cols=[ 0  1  2  3  4  5  6  7  8  9 10 11 12 13 14 15 16 17 18 19 20 21 22 23
 24 25 26 29 30 33 34 35 36 39 40 41 42 45 46 47 52 54 58 59 60 61 62 63
 65 66 69 71 72 73 74])
Bicluster(rows=[5, 24], cols=[ 0  2  3  4  7  9 10 11 14 15 16 17 18 19 20 21 23 27 32 34 35 38 39 42
 45 50 51 54 57 58 60 61 71 72 73 74])
Bicluster(rows=[5, 25], cols=[ 2  4  6  7  9 10 11 12 13 15 16 17 18 20 21 24 27 37 40 45 47 53 55 60
 61 63 67 68 70 71 73])
Bicluster(rows=[5, 26], cols=[ 0  1  2  3  4  5  6  7  8  9 10 11 12 13 14 15 16 17 18 19 20 21 22 23
 24 26 35 38 41 42 44 53 54 59 60 61 62 63 67 71 72 74])
Bicluster(rows=[5, 27], cols=[ 2  7  9 10 12 13 15 17 18 20 24 25 26 29 32 33 42 44 45 48 52 53 55 59
 64 66 70])
Bicluster(rows=[5, 28], cols=[ 0  1  2  3  4  5  6  7  8  9 10 11 12 13 14 15 16 17 18 19 20 21 22 23
 24 25 26 28 32 37 39 41 42 44 46 47 50 60 62 63 64 65 70 73 74])
Bicluster(rows=[5, 29], cols=[ 0  1  2  3  4  5  6  7  8  9 10 11 12 13 14 15 16 17 18 19 20 21 22 23
 24 25 28 31 32 36 37 38 39 41 42 43 44 45 47 51 54 56 57 59 60 61 70 71
 72 73 74])
Bicluster(rows=[5, 30], cols=[ 0  2  3  4  7  9 10 11 14 15 16 17 18 19 20 21 23 25 26 30 32 35 37 43
 44 47 48 56 57 61 65 71 73])
Bicluster(rows=[5, 31], cols=[ 0  2  4  7  9 10 11 12 13 15 16 17 18 20 21 24 27 28 31 33 34 36 38 42
 46 48 50 52 54 55 57 58 61 63 66 69 71])
Bicluster(rows=[5, 32], cols=[ 0  1  2  3  4  5  6  7  9 10 11 12 13 14 15 16 17 18 19 20 21 22 23 24
 28 30 33 35 36 37 42 44 45 47 50 51 55 58 61 62 63 65 67 70 72])
Bicluster(rows=[5, 33], cols=[ 0  2  3  4  5  6  7 12 14 20 21 22 24 27 28 29 30 37 46 48 51 53 54 55
 56 61 62 63 64 67 69 70 71 72 73 74])
Bicluster(rows=[5, 34], cols=[ 0  6  9 11 13 15 18 21 22 28 29 30 36 39 52 53 55 57 58 61 63 65 71 73])
Bicluster(rows=[5, 35], cols=[ 1  4  5  7  8 13 14 15 21 22 24 27 30 32 33 34 38 39 40 41 42 43 47 50
 54 57 61 62 67 70])
Bicluster(rows=[5, 36], cols=[ 5 10 12 15 16 19 20 22 27 30 31 36 37 39 40 45 51 55 56 57 58 63 64 66
 67 72 73 74])
Bicluster(rows=[5, 37], cols=[ 0  2  3  4  8  9 10 11 12 13 14 19 20 21 25 26 27 30 32 33 34 36 38 39
 40 41 42 43 46 47 49 56 61 62 70 71])
Bicluster(rows=[5, 38], cols=[ 0  4  5  8 15 17 18 20 21 25 26 37 38 39 41 42 43 44 45 47 50 54 55 57
 61 62 63 64 67 69 71 72 74])
Bicluster(rows=[5, 39], cols=[ 1  7  9 10 14 15 18 25 28 31 35 37 38 39 42 43 45 47 53 54 55 56 58 59
 60 61 64 65 66 67 69 71 72 73 74])
Bicluster(rows=[5, 40], cols=[ 6  7 12 13 15 16 19 25 26 27 30 32 33 34 36 38 39 40 41 42 43 46 47 52
 53 56 58 59 60 65 68 70 72])
Bicluster(rows=[5, 41], cols=[ 2  5  6  7 13 18 24 27 30 32 33 34 38 39 40 42 46 47 49 55 56 57 58 60
 61 63 70])
Bicluster(rows=[5, 42], cols=[ 1  5  7 10 12 13 16 19 20 22 23 25 26 27 30 32 33 34 36 38 39 40 41 42
 43 46 47 51 53 58 61 64 65 66 69 74])
Bicluster(rows=[5, 43], cols=[ 1  2  3  8  9 11 12 18 21 23 27 28 29 30 31 34 36 37 39 40 45 46 53 56
 60 64 66 67 68 72 73])
Bicluster(rows=[5, 44], cols=[ 0  5  8  9 13 15 16 18 20 21 26 27 30 33 37 38 39 40 41 42 43 47 51 52
 55 56 58 60 62 67 72 73 74])
Bicluster(rows=[5, 45], cols=[ 5  8  9 12 15 18 20 21 24 33 34 38 39 40 41 42 43 50 52 55 57 64 67 70
 71])
Bicluster(rows=[5, 46], cols=[ 1  5  6  8  9 10 11 16 19 20 21 22 27 30 32 33 34 38 39 40 42 43 52 54
 56 58 59 60 64 66 67 70 72])
Bicluster(rows=[5, 47], cols=[ 0  2  4  6  7  9 12 15 16 17 18 22 24 25 26 27 30 32 33 34 36 40 41 46
 49 55 56 58 62 63 66 68 69 70 71 72 74])
Bicluster(rows=[5, 48], cols=[ 2  3  4  8 12 14 16 24 27 28 31 32 33 34 37 40 45 46 48 49 52 57 59 60
 62 63 67 69 70 71 74])
Bicluster(rows=[5, 49], cols=[ 1  6  8 11 13 24 27 29 32 33 34 35 40 41 44 46 48 49 50 54 55 57 58 61
 63 67 72])
Bicluster(rows=[5, 50], cols=[ 0  1 12 17 22 25 28 31 35 37 38 39 42 43 44 45 47 50 53 55 57 64 65 66
 71])
Bicluster(rows=[5, 51], cols=[ 2  3  4  6  8 11 12 13 18 19 20 21 22 25 26 27 30 33 34 37 38 39 40 41
 42 43 47 50 56 63])
Bicluster(rows=[5, 52], cols=[ 1  2  4 19 22 25 28 30 31 36 37 38 39 42 43 45 47 51 53 57 61 63 64 66
 68 71 72])
Bicluster(rows=[5, 53], cols=[ 3  5  6  8 13 22 25 26 27 30 37 38 39 40 41 42 43 47 51 52 53 54 55 57
 58 59 60 62 64 68 69 70 72 73])
Bicluster(rows=[5, 54], cols=[ 5  6  7 20 22 28 30 31 36 37 38 39 45 50 51 53 58 59 60 62 66 67 68 69
 73 74])
Bicluster(rows=[5, 55], cols=[ 2  4  5  6  7 10 13 17 18 20 21 26 27 29 30 32 33 34 36 40 41 46 48 49
 56 57 58 60 67 70 73 74])
Bicluster(rows=[5, 56], cols=[ 1  2  5  8 11 12 13 20 21 22 26 37 39 41 43 51 53 54 56 59 70 71 73 74])
Bicluster(rows=[5, 57], cols=[ 1  3  4  5  6  9 12 16 22 24 25 26 27 30 33 34 37 38 39 40 41 42 43 47
 50 51 55 56 57 60 62 63 65 70 71 73 74])
Bicluster(rows=[5, 58], cols=[ 2  5  6  7  9 10 11 12 17 18 20 21 23 24 28 31 44 51 53 54 55 57 58 61
 62 66 70 73 74])
Bicluster(rows=[5, 59], cols=[ 6  7  8 14 17 18 21 23 26 31 37 38 39 42 43 44 45 47 50 52 54 56 59 62
 64 70 71])
Bicluster(rows=[5, 60], cols=[ 1  6 13 15 17 18 22 26 37 38 39 40 41 42 43 47 51 52 54 55 56 58 59 60
 63 67 69 73])
Bicluster(rows=[5, 61], cols=[ 0  1  2  3  4  5  6  7 12 15 16 17 20 21 22 27 29 30 31 32 33 34 37 40
 41 45 46 48 49 50 56 59 62 74])
Bicluster(rows=[5, 62], cols=[ 6 14 16 27 30 32 33 34 38 39 40 42 43 52 53 54 55 57 59 64 65 68 69 72
 73])
Bicluster(rows=[5, 63], cols=[ 1  4  6  7  8  9 13 14 20 21 24 27 29 31 32 33 34 37 40 45 46 48 49 50
 52 54 56 61 62 70 71 73])
Bicluster(rows=[5, 64], cols=[ 0  2  3  8 10 17 22 23 24 25 27 30 32 33 34 38 39 40 42 43 46 47 49 50
 51 54 57 60 67 69 71 73 74])
Bicluster(rows=[5, 65], cols=[ 2  3  6  7 10 11 12 13 15 16 18 25 26 27 30 32 33 34 36 39 40 41 46 47
 49 53 56 57 60 73])
Bicluster(rows=[5, 66], cols=[ 1  2  6  8 11 17 20 21 24 25 28 31 35 40 42 43 44 45 48 50 51 54 55 57
 58 59 60 61 67 70 71 73 74])
Bicluster(rows=[5, 67], cols=[ 0  2  4  5  6  8  9 10 11 12 13 17 18 19 20 21 24 25 31 32 33 35 36 37
 42 45 52 53 54 59 61 62 65 67 68 70 71])
Bicluster(rows=[5, 68], cols=[ 0  1  3  4 12 13 14 16 17 27 30 35 36 37 38 40 44 46 48 49 50 51 54 55
 57 58 59 60 61 62 67 70 71 73 74])
Bicluster(rows=[5, 69], cols=[ 0  1  3  5  6 11 12 14 16 17 18 19 20 22 29 36 38 39 40 41 42 43 44 46
 50 54 56 58 61 63 66 69 70 72 73])
Bicluster(rows=[5, 70], cols=[ 3  5  7  9 11 12 14 16 17 18 20 23 39 50 52 53 54 57 58 61 63 66 67 69
 72 73])
Bicluster(rows=[5, 71], cols=[ 4  5  9 11 14 15 20 22 24 26 27 28 30 35 36 37 40 42 44 45 46 50 51 54
 55 57 58 59 60 61 62 67 70 71 73 74])
Bicluster(rows=[5, 72], cols=[ 8 10 11 12 16 17 18 22 24 25 26 27 31 33 35 38 42 44 45 48 50 51 54 55
 57 58 60 62 70 71 73 74])
Bicluster(rows=[5, 73], cols=[ 2  3  5  9 10 12 14 15 17 18 21 24 25 27 28 29 31 34 37 41 43 44 45 50
 54 57 58 61 63 67 69 72 73])
Bicluster(rows=[5, 74], cols=[ 1  2  4  5  6  7  8 10 16 19 20 21 22 24 26 27 30 31 32 34 35 36 38 40
 42 46 50 54 57 58 61 63 67 69 72 73])
Bicluster(rows=[5, 75], cols=[ 1  4  7  9 11 12 17 24 25 30 34 36 39 42 43 44 46 47 48 50 51 54 55 57
 58 59 60 61 67 70 71 73 74])
Bicluster(rows=[5, 76], cols=[ 1  5  7  8  9 12 13 16 17 18 20 22 24 26 27 30 35 37 38 42 44 45 47 54
 56 58 61 63 66 69 72 73])
Bicluster(rows=[5, 77], cols=[ 0  1  2  4  9 11 12 16 17 18 21 23 25 29 37 38 40 45 50 51 52 53 54 55
 57 58 59 60 61 62 63 67 69 70 71 73 74])
Bicluster(rows=[5, 78], cols=[ 0  2  5  7  8 10 12 13 14 15 22 27 28 30 31 33 34 37 38 39 41 42 43 47
 48 50 53 54 55 58 59 61 62 67 70 71 73 74])
Bicluster(rows=[5, 79], cols=[ 2  4  7 10 11 12 13 14 15 16 17 18 19 24 25 34 35 38 43 50 57 58 59])
Bicluster(rows=[5, 80], cols=[ 7  8 14 20 21 26 29 30 34 35 38 39 42 44 45 47 50 51 54 55 57 58 59 60
 61 63 67 69 70 71 73 74])
Bicluster(rows=[5, 81], cols=[ 1  2  3  4  5  9 10 11 12 15 16 17 18 22 30 31 32 36 39 40 44 46 51 56
 62 69 70 71 72 74])
Bicluster(rows=[5, 82], cols=[ 1  9 11 12 15 20 21 22 24 29 35 39 40 46 49 54 56 62 63 69 70 71 72 73
 74])
Bicluster(rows=[5, 83], cols=[ 2  3  4  9 11 12 13 14 15 16 17 19 20 21 23 25 50 51 53 54 55 57 58 59
 60 61 62 67 70 71 73 74])
Bicluster(rows=[5, 84], cols=[ 3 10 12 15 17 18 19 23 27 31 32 33 34 35 36 39 40 42 43 44 47 48 52 53
 54 61 62 65 67 68 70])
Bicluster(rows=[5, 85], cols=[ 8  9 10 13 21 25 29 32 34 41 48 49 51 52 53 59 61 63 65 67 69 71 74])
Bicluster(rows=[5, 86], cols=[ 2  5  8 10 11 12 13 16 17 18 20 21 24 25 28 37 42 43 44 50 54 55 57 58
 59 62 67 70 73])
Bicluster(rows=[5, 87], cols=[ 1  2  3  4  7  8  9 12 13 15 17 18 20 21 22 24 28 29 31 32 35 36 38 40
 43 44 45 46 52 53 55 57 59 60 64 65 66 67 68])
Bicluster(rows=[5, 88], cols=[ 4  5  9 11 13 15 17 18 20 22 23 24 25 26 27 29 31 32 35 54 56 62 63 69
 70 71 72 73 74])
Bicluster(rows=[5, 89], cols=[ 5  8  9 11 17 18 21 22 27 28 29 32 33 36 39 41 47 48 50 52 53 57 58 61
 64 66 67])
Bicluster(rows=[5, 90], cols=[ 5  7 13 15 17 22 27 28 29 30 32 35 37 39 42 45 46 51 52 53 54 55 59 61
 63 67 69 71 74])
Bicluster(rows=[5, 91], cols=[ 0  1  2  3  5  6 10 13 16 18 19 20 21 22 24 25 28 36 43 50 55 57 58 59
 60 62 73])
Bicluster(rows=[5, 92], cols=[ 4  5  7  8  9 15 20 22 24 26 28 33 35 36 39 41 45 46 47 48 50 51 54 55
 57 58 59 60 61 63 67 69 71 72 73 74])
Bicluster(rows=[5, 93], cols=[ 0  6  7  8 11 15 16 18 22 25 26 28 30 32 34 37 39 40 41 43 46 49 52 53
 54 59 61 62 65 67 70 71])
Bicluster(rows=[5, 94], cols=[ 1  6 11 12 13 16 18 21 22 24 25 27 28 35 36 39 40 42 43 44 47 50 54 55
 57 58 59 60 61 62 67 70 71 73 74])
Bicluster(rows=[5, 95], cols=[ 0  1  5  6  7  8  9 11 13 15 17 18 20 21 24 25 30 31 35 37 42 44 47 50
 54 55 57 58 59 60 62 67 70 71 73 74])
Bicluster(rows=[5, 96], cols=[ 2  4  5  7 10 12 13 15 17 18 20 21 24 28 35 38 44 46 51 52 53 54 59 61
 65 67 69 70 71 74])
Bicluster(rows=[5, 97], cols=[ 0  3  6  7 10 13 14 16 17 18 19 20 21 24 27 28 42 43 44 45 46 47 52 53
 54 59 61 65 67 70 71 74])
Bicluster(rows=[5, 98], cols=[ 4  5  6  7  8 10 13 16 25 26 28 31 32 33 34 37 38 39 40 43 44 45 48 50
 51 54 58 62 63 69 70 71 72 73 74])
Bicluster(rows=[5, 99], cols=[ 3  8 12 17 18 20 24 26 29 30 31 33 39 41 44 46 49 50 57 60 62 63 64 65
 67 68 69 70])
Bicluster(rows=[6, 7], cols=[ 0  1  2  3  4  5  6  7  8  9 10 11 12 13 14 15 16 17 18 19 20 21 22 24
 25 26 27 35 48 50 52 53 66 70 72 73])
Bicluster(rows=[6, 8], cols=[ 0  2  4  7  9 10 11 12 13 14 15 16 17 18 19 20 21 24 25 28 29 31 36 41
 44 48 49 51 53 54 55 56 65 66 69])
Bicluster(rows=[6, 9], cols=[ 2  4  5  6  7  9 10 11 12 13 15 16 17 18 20 21 24 26 29 30 32 33 36 39
 40 52 56 58 60 62 65 66 73])
Bicluster(rows=[6, 10], cols=[ 2  4  6  7  9 10 11 12 13 15 16 17 18 20 21 24 27 30 31 32 34 38 42 44
 47 49 52 54 56 59 60 61 63 72 73 74])
Bicluster(rows=[6, 11], cols=[ 0  1  2  3  4  5  6  7  9 10 11 12 13 14 15 16 17 18 19 20 21 22 24 25
 27 31 32 34 36 37 38 39 43 47 48 49 53 54 55 57 59 62 65 67 68 71 72 73
 74])
Bicluster(rows=[6, 12], cols=[ 0  1  2  3  4  5  6  7  9 10 11 12 13 14 15 16 17 18 19 20 21 22 23 24
 32 34 36 38 44 46 47 48 49 52 53 60 62 64 68 74])
Bicluster(rows=[6, 13], cols=[ 0  2  4  5  6  7  9 10 11 12 13 15 16 17 18 19 20 21 22 24 32 33 34 37
 42 53 54 55 61 63 65 66 67 72])
Bicluster(rows=[6, 14], cols=[ 0  1  2  3  4  5  6  7  8  9 10 11 12 13 14 15 16 17 18 19 20 21 22 23
 24 26 32 35 37 38 39 40 43 44 45 46 47 48 49 52 53 54 55 57 60 71 74])
Bicluster(rows=[6, 15], cols=[ 0  1  2  3  4  5  6  7  8  9 10 11 12 13 14 15 16 17 18 19 20 21 22 23
 24 30 32 34 35 36 38 39 45 47 50 52 54 55 56 60 61 63 64 66 70 71 73 74])
Bicluster(rows=[6, 16], cols=[ 0  1  2  3  4  5  6  7  8  9 10 11 12 13 14 15 16 17 18 19 20 21 22 23
 24 27 28 30 32 34 36 39 44 45 46 50 53 56 59 62 67 68 72 74])
Bicluster(rows=[6, 17], cols=[ 0  1  2  3  4  5  6  7  8  9 10 11 12 13 14 15 16 17 18 19 20 21 22 23
 24 27 30 33 34 35 37 39 49 52 55 56 57 58 60 63 64 66 67 68 73 74])
Bicluster(rows=[6, 18], cols=[ 0  2  4  7  9 10 11 12 13 15 16 17 18 19 20 21 24 25 26 27 30 36 39 44
 49 52 54 55 56 61 62 64 68 71 74])
Bicluster(rows=[6, 19], cols=[ 1  5  8 22 25 28 30 32 37 38 40 41 43 44 45 46 47 51 52 54 57 58 60 61
 62 63 64 66 68 71])
Bicluster(rows=[6, 20], cols=[ 0  2  4  6  7  9 10 11 12 13 15 16 17 18 20 21 24 26 27 30 33 44 50 51
 52 53 54 55 60 63 66 71 74])
Bicluster(rows=[6, 21], cols=[ 1  5  8 22 25 26 31 34 39 40 45 46 47 49 51 52 54 57 58 62 65 68 70 71
 73])
Bicluster(rows=[6, 22], cols=[ 5  6 13 22 25 26 27 30 34 36 39 44 45 46 49 50 52 53 54 57 60 64 66 71
 73])
Bicluster(rows=[6, 23], cols=[ 0  2  3  4  6  7  9 10 11 12 13 14 15 16 17 18 19 20 21 24 25 27 30 31
 33 34 35 37 38 39 41 43 44 45 46 50 52 53 56 58 60 61 62 68 70 71 72 73])
Bicluster(rows=[6, 24], cols=[ 0  2  4  7  9 10 11 15 16 17 18 20 21 24 29 31 32 34 35 36 37 39 44 45
 49 50 54 55 56 57 60 62 64 72 73 74])
Bicluster(rows=[6, 25], cols=[ 0  1  2  4  5  6  7  9 10 11 12 13 15 16 17 18 19 20 21 22 24 25 29 36
 44 50 53 54 56 57 60 63 68 73])
Bicluster(rows=[6, 26], cols=[ 0  2  3  4  7  9 10 11 12 13 14 15 16 17 18 19 20 21 24 26 32 35 48 49
 52 54 59 60 63 67 68 72 74])
Bicluster(rows=[6, 27], cols=[ 2  4  6  7  9 10 12 13 15 16 17 18 20 21 24 26 32 34 35 39 43 44 47 48
 49 51 52 53 56 58 62 64 66 74])
Bicluster(rows=[6, 28], cols=[ 0  2  3  4  6  7  9 10 11 12 13 14 15 16 17 18 19 20 21 24 25 26 27 29
 32 39 41 43 45 46 50 51 52 53 55 56 60 62 63 64 65 69 70 73 74])
Bicluster(rows=[6, 29], cols=[ 0  3  4  7  9 10 11 14 16 17 18 19 21 25 26 27 34 35 39 41 43 45 46 47
 50 51 52 53 54 55 56 59 64 65 68 70 72 73])
Bicluster(rows=[6, 30], cols=[ 2  4  6  7  9 10 11 12 13 15 16 17 18 20 21 24 27 29 31 36 46 50 53 54
 55 56 58 62 63 64 67 73])
Bicluster(rows=[6, 31], cols=[ 0  1  2  4  5  6  7  8  9 10 11 12 13 14 15 16 17 18 19 20 21 22 24 25
 26 29 32 33 34 35 37 44 45 46 47 48 49 50 51 52 54 56 57 60 63 64 66 70
 71 73])
Bicluster(rows=[6, 32], cols=[ 0  1  2  3  4  5  6  7  8  9 10 11 12 13 14 15 16 17 18 19 20 21 22 23
 24 27 30 31 33 38 40 44 45 47 48 50 51 58 60 61 62 63 65 67 70 72])
Bicluster(rows=[6, 33], cols=[ 0  1  3  4  5  6  7  8 12 14 20 21 24 30 32 34 38 42 43 46 48 50 52 54
 56 60 63 64 65 67 68 69 70 72])
Bicluster(rows=[6, 34], cols=[ 1  4  7 16 20 24 28 29 30 32 33 36 37 39 40 41 46 48 53 55 58 60 61 64
 67 69 71 73 74])
Bicluster(rows=[6, 35], cols=[ 1  2  4  5  8 11 12 13 15 17 19 20 22 23 24 28 29 30 32 33 34 36 37 40
 41 51 54 56 57 60 65 67])
Bicluster(rows=[6, 36], cols=[ 1  5 15 19 20 22 25 30 32 34 39 44 47 50 53 56 57 63 64 65 67 68 70 71
 72 73 74])
Bicluster(rows=[6, 37], cols=[ 0  1  2  3  4  5  6  7  9 10 11 12 13 14 15 17 19 20 21 22 25 28 30 31
 32 33 37 38 39 40 41 43 46 47 48 50 51 55 56 62 70 71 72])
Bicluster(rows=[6, 38], cols=[ 0  4  5 15 17 18 20 21 22 23 30 31 32 33 34 36 37 39 45 51 54 57 58 60
 62 66 67 68 71 72])
Bicluster(rows=[6, 39], cols=[ 1  7  9 10 14 18 23 25 26 30 32 34 35 39 44 45 47 50 51 52 54 58 59 62
 67 68 70 71 72 74])
Bicluster(rows=[6, 40], cols=[ 6  7  8 13 15 16 19 25 28 30 31 32 33 37 39 40 41 46 47 48 50 59 60 62
 70 72])
Bicluster(rows=[6, 41], cols=[ 0  1  3  5  6  7  8 10 11 12 13 18 21 23 24 28 29 30 32 33 34 36 37 39
 40 41 46 48 57 60 61 63 68 69 71])
Bicluster(rows=[6, 42], cols=[ 0  3  4  5 10 12 13 16 21 22 24 26 27 29 31 34 36 45 49 53 55 56 61 64
 65 66 70 74])
Bicluster(rows=[6, 43], cols=[ 3  9 11 16 18 20 21 23 25 30 32 34 39 44 47 49 51 53 56 57 58 60 61 64
 65 66 67 68 71 72 73])
Bicluster(rows=[6, 44], cols=[ 0  1  5  9 13 15 16 18 20 21 28 29 30 32 33 34 36 37 39 40 41 48 51 53
 56 58 66 68 73 74])
Bicluster(rows=[6, 45], cols=[ 5  6  9 12 14 15 17 18 20 21 24 27 28 29 32 33 34 37 41 49 50 52 57 58
 60 62 65 66 67 68 69])
Bicluster(rows=[6, 46], cols=[ 1  4  5  6  9 10 11 12 16 19 20 21 22 28 29 30 32 33 34 36 37 39 40 41
 50 52 53 54 56 58 60 61 62 65 66 67 68 69 71 72 73])
Bicluster(rows=[6, 47], cols=[ 2  4  8  9 13 15 16 17 18 23 25 28 31 32 33 37 38 39 40 41 43 46 47 48
 52 53 56 58 60 61 63 65 66 67 69 70 71 72 73])
Bicluster(rows=[6, 48], cols=[ 2  3  4 12 13 14 16 20 23 24 30 32 34 38 39 42 43 46 48 51 52 53 54 55
 56 57 58 60 61 67 68 71 74])
Bicluster(rows=[6, 49], cols=[ 1  6  8 11 19 20 26 31 32 33 35 37 38 40 42 43 44 45 46 48 50 52 53 57
 62 63 64 65 67 68 69 70 71 72])
Bicluster(rows=[6, 50], cols=[ 5  6  8 10 16 19 20 26 30 31 32 33 34 35 37 38 40 43 45 46 48 52 53 55
 57 61 63 67 71 74])
Bicluster(rows=[6, 51], cols=[ 2  3  4 11 18 19 20 21 25 28 30 31 32 33 37 39 40 41 46 47 48 52 55 56
 60 61 65 68 72])
Bicluster(rows=[6, 52], cols=[ 6  8 10 11 12 13 14 15 18 21 25 26 30 31 32 33 34 37 39 40 45 46 47 48
 50 51 52 56 57 58 61 63 65 69 71])
Bicluster(rows=[6, 53], cols=[ 0  4 14 21 32 34 38 43 44 45 46 48 51 52 53 54 56 57 58 60 62 65 72])
Bicluster(rows=[6, 54], cols=[ 1  6  7  8 14 20 23 30 32 34 38 39 42 43 44 45 46 48 52 59 61 64 67 69
 72 73 74])
Bicluster(rows=[6, 55], cols=[ 2  4  6  7 10 13 17 18 20 25 28 31 32 33 37 38 40 41 43 46 47 48 50 56
 57 58 60 61 64 66 67 70 73 74])
Bicluster(rows=[6, 56], cols=[ 0  2 11 12 14 21 24 28 29 30 32 33 34 36 37 40 41 51 52 56 59 60 61 62
 64 68 70 71 72])
Bicluster(rows=[6, 57], cols=[ 0  5  6  8 12 14 16 19 24 25 28 30 32 33 36 37 39 40 41 46 47 48 50 52
 56 57 63 66 68 70 73 74])
Bicluster(rows=[6, 58], cols=[ 6 13 15 16 32 33 34 37 38 40 42 43 45 46 48 50 52 55 61 65 67 68 69 71
 72 73 74])
Bicluster(rows=[6, 59], cols=[12 14 17 18 20 21 23 24 25 28 30 31 32 33 34 36 37 39 40 41 46 47 48 53
 55 56 59 61 62 63 66 71])
Bicluster(rows=[6, 60], cols=[ 6 13 15 17 18 23 28 29 30 32 33 34 36 37 39 40 41 53 59 61 63 65 66 70])
Bicluster(rows=[6, 61], cols=[ 0  2  3  4  6  7 12 13 14 15 16 17 21 26 31 32 33 34 35 37 38 40 42 43
 44 45 46 48 50 51 56 59 60 61 70 72 74])
Bicluster(rows=[6, 62], cols=[ 2  7  8 10 11 12 13 17 19 22 30 32 34 38 42 43 46 48 50 52 53 54 57 65
 66 67 71 72 74])
Bicluster(rows=[6, 63], cols=[ 1  2  4  5  6  7  9 14 20 21 22 23 24 32 33 34 37 38 40 42 43 44 45 46
 48 50 51 52 54 56 64 65 67 68 70 71 72])
Bicluster(rows=[6, 64], cols=[ 1  2  3  4  6 10 17 18 21 22 24 28 30 32 33 34 36 37 39 40 41 46 48 50
 54 56 57 58 60 61 65 67 70 71 73 74])
Bicluster(rows=[6, 65], cols=[ 0  2  6  7  8 11 12 13 14 15 16 18 19 22 25 30 31 32 33 34 37 39 40 41
 45 46 47 48 56 60 62 64 71 73 74])
Bicluster(rows=[6, 66], cols=[ 0 25 28 31 35 38 41 43 44 45 46 50 51 52 53 54 55 56 62 63 66 70 71 72
 73])
Bicluster(rows=[6, 67], cols=[ 0  2  3  4  6  9 10 11 13 17 18 19 20 21 22 23 24 25 29 32 33 35 37 38
 48 52 54 58 59 62 64 67 68 70 74])
Bicluster(rows=[6, 68], cols=[ 0  3  4  5 12 13 14 16 17 25 28 30 32 35 40 42 43 44 45 46 48 52 53 54
 57 58 61 65 67 68 73 74])
Bicluster(rows=[6, 69], cols=[ 0  5  6 11 12 14 16 17 18 19 20 23 27 28 30 34 37 39 41 44 46 47 49 50
 51 52 53 54 55 56 62 63 64 65 66 67 68 69 70 71 72 73])
Bicluster(rows=[6, 70], cols=[ 0  1  2  3  5  6  8 11 14 15 16 17 18 20 21 22 23 24 27 36 39 44 49 51
 52 53 54 56 57 58 62 63 64 65 66 67 68 69 70 71 72])
Bicluster(rows=[6, 71], cols=[ 3  6  8 10 12 13 17 21 27 32 33 35 38 43 44 45 48 50 51 52 53 54 55 56
 62 63 65 66 68 70 71 72 73])
Bicluster(rows=[6, 72], cols=[ 0  1  7  9 14 15 19 20 25 27 35 37 44 46 50 51 52 53 54 55 56 62 63 64
 65 66 67 68 70 71 72 73])
Bicluster(rows=[6, 73], cols=[ 1  2  3  6  8  9 10 13 14 15 18 19 22 24 25 32 36 37 38 41 42 45 48 49
 51 52 53 54 57 58 60 62 63 64 65 66 67 68 69 70 71 72])
Bicluster(rows=[6, 74], cols=[ 2  4  6 11 16 19 20 21 24 26 30 35 40 43 44 46 49 51 52 53 54 56 57 58
 60 62 63 64 65 66 67 68 70 71 72])
Bicluster(rows=[6, 75], cols=[ 4  7  8  9 11 12 16 17 19 23 24 27 29 30 32 38 45 46 48 52 53 54 58 59
 62 64 65 67 68 70 74])
Bicluster(rows=[6, 76], cols=[ 5  7  9 12 13 14 16 17 18 19 20 23 24 31 32 33 34 35 36 37 43 45 50 51
 52 53 54 55 56 62 63 64 65 67 68 69 70])
Bicluster(rows=[6, 77], cols=[ 0  2  3  4  5  9 12 16 17 21 25 27 28 36 40 44 45 54 58 59 62 63 64 66
 67 68 70 71 72 74])
Bicluster(rows=[6, 78], cols=[ 0  1  2  3  5  7  9 12 13 14 15 16 21 22 23 25 29 30 33 36 44 48 52 53
 54 58 59 65 67 68 74])
Bicluster(rows=[6, 79], cols=[ 0  1  2  3  4  7  8  9 10 11 14 15 16 18 19 21 23 24 27 33 36 42 44 45
 49 61 62 69 70])
Bicluster(rows=[6, 80], cols=[ 2 17 23 28 29 30 32 33 35 37 38 40 41 42 44 45 46 47 48 50 51 52 53 54
 56 57 60 62 63 64 65 66 67 68 70 71 72])
Bicluster(rows=[6, 81], cols=[ 3  4 11 13 16 17 26 29 31 33 34 35 42 43 48 49 50 51 52 53 54 55 56 62
 63 64 65 66 68 70 71 72 73])
Bicluster(rows=[6, 82], cols=[ 3  4  5  6  7 13 16 17 18 26 28 29 30 39 45 47 49 52 53 54 57 58 65 67
 68 70 73 74])
Bicluster(rows=[6, 83], cols=[ 1  2  3  4  5  6  8 11 14 15 16 19 21 23 24 25 26 27 33 36 37 52 53 54
 58 59 62 63 64 65 66 67 68 70 71 72 74])
Bicluster(rows=[6, 84], cols=[ 0  1  5  6 13 20 24 25 26 27 28 31 32 35 39 43 44 50 51 52 53 54 55 62
 63 64 67 68 69 70 73])
Bicluster(rows=[6, 85], cols=[ 4  5 12 14 15 18 22 25 26 33 34 36 42 44 49 50 51 52 53 54 55 56 62 63
 65 66 68 70 71 72 73])
Bicluster(rows=[6, 86], cols=[ 2  5  9 10 11 12 13 14 16 17 20 21 22 23 24 25 27 29 32 33 38 49 52 53
 54 58 59 65 67 68])
Bicluster(rows=[6, 87], cols=[ 0  1  2  3  4  7  8  9 10 12 13 15 17 18 20 21 22 23 24 27 32 35 36 37
 44 46 49 51 52 53 54 56 57 58 60 62 63 64 65 66 67 68 69 70 71 72])
Bicluster(rows=[6, 88], cols=[ 1  2  4  6  8  9 11 12 13 18 23 25 26 36 38 44 49 50 51 52 53 54 56 57
 62 63 64 65 66 67 68 70 71 72 73])
Bicluster(rows=[6, 89], cols=[ 1  4  5  7  9 11 17 18 21 23 25 31 32 35 40 42 44 45 48 50 51 52 53 54
 56 57 62 63 64 65 66 67 68 70 71 72])
Bicluster(rows=[6, 90], cols=[ 1  2  8 10 19 24 25 26 28 30 31 33 37 39 42 45 48 50 51 52 53 54 55 56
 62 63 65 66 68 70 71 72 73])
Bicluster(rows=[6, 91], cols=[ 1 11 17 23 26 31 32 33 36 37 38 39 40 41 42 45 50 52 53 54 55 62 64 69
 70 73])
Bicluster(rows=[6, 92], cols=[ 1  3  4  5  9 15 16 19 20 22 23 24 26 27 31 32 33 35 38 40 41 45 49 52
 53 54 57 58 60 62 64 65 66 67 68 70 71 72 73 74])
Bicluster(rows=[6, 93], cols=[ 0  1  6  7 11 15 16 18 22 23 25 26 27 30 32 34 36 38 39 40 52 53 54 58
 59 61 65 67 68])
Bicluster(rows=[6, 94], cols=[ 0  1  3  6  7  8  9 10 14 15 16 20 21 22 23 24 25 30 32 35 40 49 52 53
 54 58 59 64 67 68])
Bicluster(rows=[6, 95], cols=[ 7  9 13 15 17 18 20 21 23 24 25 27 34 36 37 43 52 54 58 59 64 67 68 70
 74])
Bicluster(rows=[6, 96], cols=[ 0  3  5  7  9 11 12 13 16 17 19 20 23 25 26 29 30 31 34 36 39 40 41 43
 47 48 49 74])
Bicluster(rows=[6, 97], cols=[ 0  3  6  7 10 11 13 14 16 17 18 20 21 22 23 44 46 49 52 53 54 58 59 64
 65 67 68 70 74])
Bicluster(rows=[6, 98], cols=[ 1  4  5  7 10 16 25 27 33 37 40 42 45 51 52 53 54 56 57 60 62 63 64 65
 66 67 68 70 71 72])
Bicluster(rows=[6, 99], cols=[ 3  5 10 12 13 17 18 20 24 25 26 30 32 38 40 44 45 47 50 53 55 56 57 58
 60 61 64 65 68 71 72])
Bicluster(rows=[7, 8], cols=[ 2  4  6  7  9 10 11 12 13 15 16 17 18 20 21 24 25 26 29 30 32 33 34 36
 37 48 51 53 54 56 57 64 66 73])
Bicluster(rows=[7, 9], cols=[ 2  4  6  7  9 10 12 13 15 16 17 18 20 24 25 27 32 33 34 36 39 41 42 45
 54 55 56 57 67 68 70 71])
Bicluster(rows=[7, 10], cols=[ 0  1  2  3  4  5  6  7  8  9 10 11 12 13 14 15 16 17 18 19 20 21 22 23
 24 26 27 28 34 36 37 38 41 50 51 52 54 55 57 62 63 65 68 69 72 73 74])
Bicluster(rows=[7, 11], cols=[ 0  2  4  6  7  9 10 11 12 13 15 16 17 18 20 21 24 25 27 28 36 38 43 48
 51 53 58 60 61 64 65 69 72])
Bicluster(rows=[7, 12], cols=[ 0  2  4  5  6  7  9 10 11 12 13 14 15 16 17 18 19 20 21 24 28 34 38 45
 46 48 50 52 53 54 55 56 57 58 63 65 69 71 73])
Bicluster(rows=[7, 13], cols=[ 0  2  4  7  9 10 11 15 16 17 18 19 20 21 24 25 29 31 32 33 35 38 42 43
 46 47 48 51 55 58 68 70 73])
Bicluster(rows=[7, 14], cols=[ 0  2  4  5  6  7  9 10 11 12 13 15 16 17 18 19 20 21 22 24 25 26 30 34
 38 41 43 45 46 48 50 51 52 53 55 56 58 59 62 63 65 68 73])
Bicluster(rows=[7, 15], cols=[ 0  2  4  5  6  7  9 10 11 12 13 14 15 16 17 18 19 20 21 24 28 29 36 39
 41 48 53 56 57 58 62 64 67 68 69 74])
Bicluster(rows=[7, 16], cols=[ 0  2  4  5  6  7  9 10 11 12 13 14 15 16 17 18 19 20 21 24 26 27 34 35
 45 46 53 54 58 60 65 66 71 73])
Bicluster(rows=[7, 17], cols=[ 0  1  2  3  4  5  6  7  8  9 10 11 12 13 14 15 16 17 18 19 20 21 22 23
 24 25 26 28 29 33 38 39 43 44 48 49 50 53 54 59 60 64 65 69 70 71 72 74])
Bicluster(rows=[7, 18], cols=[ 0  1  2  3  4  5  6  7  8  9 10 11 12 13 14 15 16 17 18 19 20 21 22 23
 24 27 29 31 40 49 50 56 57 58 60 67 74])
Bicluster(rows=[7, 19], cols=[ 0  1  2  3  4  5  6  7  8  9 10 11 12 13 14 15 16 17 18 19 20 21 22 23
 24 27 30 34 37 41 54 55 57 58 59 60 62 65 68])
Bicluster(rows=[7, 20], cols=[ 0  1  2  3  4  5  6  7  8  9 10 11 12 13 14 15 16 17 18 19 20 21 22 23
 24 27 32 41 43 49 51 52 53 54 56 57 63 65 66 68 71 73])
Bicluster(rows=[7, 21], cols=[ 0  1  2  3  4  5  6  7  8  9 10 11 12 13 14 15 16 17 18 19 20 21 22 23
 24 27 30 34 37 59 62 63 65 67 68 71])
Bicluster(rows=[7, 22], cols=[ 0  1  2  3  4  5  6  7  8  9 10 11 12 13 14 15 16 17 18 19 20 21 22 23
 24 27 32 34 37 40 46 54 62 65 67 68 71])
Bicluster(rows=[7, 23], cols=[ 0  1  2  3  4  5  6  7  8  9 10 11 12 13 14 15 16 17 18 19 20 21 22 23
 24 27 28 29 30 31 36 40 49 54 56 57 58 60 74])
Bicluster(rows=[7, 24], cols=[ 2  7  9 10 12 13 15 20 24 25 26 28 33 36 39 47 52 53 55 56 57 58 59 61
 63 64 68 71 74])
Bicluster(rows=[7, 25], cols=[ 0  1  2  3  4  5  6  7  8  9 10 11 12 13 14 15 16 17 18 19 20 21 22 23
 24 25 28 29 30 31 32 35 37 38 45 48 49 53 55 58 63 69 71 73])
Bicluster(rows=[7, 26], cols=[ 2  4  7  9 10 11 12 15 16 17 18 20 21 24 26 28 31 33 35 37 38 39 41 44
 48 49 52 55 58 64 71 72 74])
Bicluster(rows=[7, 27], cols=[ 0  1  2  3  4  5  6  7  8  9 10 11 12 13 14 15 16 17 18 19 20 21 22 23
 24 27 30 31 34 37 40 43 45 50 51 52 59 65 66 67 69 73])
Bicluster(rows=[7, 28], cols=[ 2  4  7  9 10 12 13 15 16 17 18 20 21 24 25 26 27 28 30 31 35 36 37 43
 44 46 51 52 54 57 58 61 63])
Bicluster(rows=[7, 29], cols=[ 0  1  2  3  4  5  6  7  8  9 10 11 12 13 14 15 16 17 18 19 20 21 22 23
 24 27 28 29 36 40 49 56 62 63 68 71 74])
Bicluster(rows=[7, 30], cols=[ 0  1  2  3  4  5  6  7  8  9 10 11 12 13 14 15 16 17 18 19 20 21 22 23
 24 27 30 32 37 46 50 54 57 59 60 62 63 68 69 71 74])
Bicluster(rows=[7, 31], cols=[ 0  1  2  3  4  5  6  7  8  9 10 11 12 13 14 15 16 17 18 19 20 21 22 23
 24 25 26 30 38 40 41 43 45 46 48 49 50 51 52 55 59 65 66 67 68 69 70 71])
Bicluster(rows=[7, 32], cols=[ 0  1  2  3  4  5  6  7  8  9 10 11 12 13 14 15 16 17 18 19 20 21 22 23
 24 27 28 32 33 34 36 39 41 42 52 53 57 58 60 66 67 68 71])
Bicluster(rows=[7, 33], cols=[ 0  2  3  4  6  7 10 12 14 16 17 18 21 22 24 26 29 32 35 36 37 40 41 42
 44 45 49 59 60 62 64 65 67 68 71 74])
Bicluster(rows=[7, 34], cols=[ 2  4  6  7  8 10 12 13 15 16 17 20 22 24 27 28 30 31 32 40 49 50 58 60
 62 65 66 67 68 72 74])
Bicluster(rows=[7, 35], cols=[ 0  1  2  3  5  6  8  9 10 12 13 16 18 20 22 26 27 29 30 34 35 36 37 40
 41 44 45 54 55 60 64 65 71])
Bicluster(rows=[7, 36], cols=[ 4  5  6  7  9 11 12 21 22 27 30 40 55 56 58 60 63 65 66 68 69 71 74])
Bicluster(rows=[7, 37], cols=[ 0  2  4  5  6  7  9 10 11 12 13 15 17 18 19 20 21 22 24 26 35 38 41 43
 44 46 51 58 59 60 62 65 67 68 71 74])
Bicluster(rows=[7, 38], cols=[ 1  2  6 10 12 13 14 19 23 24 25 27 34 37 38 43 46 52 53 54 56 58 62 64
 67 69])
Bicluster(rows=[7, 39], cols=[ 2  5  8 12 13 17 19 22 25 26 35 38 41 43 44 46 48 52 57 60 62 64 65 69
 71])
Bicluster(rows=[7, 40], cols=[ 4  6  8  9 11 12 13 18 21 24 26 27 30 34 35 37 41 44 45 52 56 58 59 61
 62 67 69 74])
Bicluster(rows=[7, 41], cols=[ 0  1  4  5  6  7  9 10 11 12 13 14 15 16 17 19 20 21 24 26 27 34 35 37
 41 44 45 56 58 62 68 69 71 74])
Bicluster(rows=[7, 42], cols=[ 0  4  5 12 13 17 21 22 24 26 27 34 35 37 41 44 45 50 57 58 60 66 67 70
 73])
Bicluster(rows=[7, 43], cols=[ 4  5  6  7 10 13 15 17 22 23 24 27 34 37 41 45 52 55 57 58 59 62 63 65
 68 69 70 74])
Bicluster(rows=[7, 44], cols=[ 1  2  3  4  5  7  8 10 12 13 20 23 24 26 27 29 30 32 34 35 36 37 40 41
 44 45 52 55 56 58 59 61 63 68 70 74])
Bicluster(rows=[7, 45], cols=[ 1  2  3  4 10 11 13 14 16 19 25 27 28 31 34 37 38 40 43 46 53 56 57 58
 59 60 61 63 64 65 67 68 71 72 74])
Bicluster(rows=[7, 46], cols=[ 0  1  3  4  5  6  9 13 14 15 16 17 18 22 24 26 27 29 30 34 35 36 37 41
 44 45 54 56 57 59 60 62 65 67 68 71 74])
Bicluster(rows=[7, 47], cols=[ 0  2  3  4  7  8  9 12 13 14 15 16 17 18 19 26 35 38 41 43 44 46 54 55
 60 62 63 65 66 69 71])
Bicluster(rows=[7, 48], cols=[ 1  5  6  9 10 11 15 17 18 19 21 22 23 26 27 29 30 32 34 35 36 37 40 41
 44 45 49 55 58 59 60 62 63 66 68 69 71 72])
Bicluster(rows=[7, 49], cols=[ 5  9 10 14 15 26 27 29 30 32 35 36 37 40 41 42 44 45 49 50 51 53 56 63
 65 68 71 73])
Bicluster(rows=[7, 50], cols=[ 1  2  7  9 12 13 14 15 19 22 24 28 29 31 32 36 40 42 49 51 55 57 62 66
 67 69 71 72 73])
Bicluster(rows=[7, 51], cols=[ 2  6  9 10 12 13 14 15 17 18 20 21 22 23 26 27 34 35 37 41 44 45 50 56
 57 58 59 63 64 65 67 68 70 74])
Bicluster(rows=[7, 52], cols=[ 0  6  8 10 11 12 13 15 17 18 21 23 26 35 38 41 43 44 46 51 52 54 55 60
 63 65 67 68 74])
Bicluster(rows=[7, 53], cols=[ 5  7 10 12 15 16 18 19 22 23 24 26 27 29 30 32 34 35 36 37 40 41 42 44
 45 49 52 53 58 59 60 61 65 74])
Bicluster(rows=[7, 54], cols=[ 1  3  5  8 10 11 12 13 15 18 19 21 22 27 30 31 32 40 57 59 65 66 69 71
 74])
Bicluster(rows=[7, 55], cols=[ 1  2  3  4  6  7 10 11 13 14 16 17 19 20 25 26 35 38 43 44 46 48 54 55
 59 65 68])
Bicluster(rows=[7, 56], cols=[ 3  4  5  6 13 16 17 18 20 22 26 27 29 30 32 34 35 36 37 40 41 42 44 45
 50 53 54 56 57 58 59 60 62 68 74])
Bicluster(rows=[7, 57], cols=[ 0  5  6 10 12 14 16 19 23 24 26 35 41 43 44 46 50 52 58 59 62 63 67 71])
Bicluster(rows=[7, 58], cols=[ 0  1  3  7  8  9 10 11 12 14 17 18 19 20 21 22 24 26 29 32 35 36 37 40
 42 44 45 49 51 53 59 62 65 66 68 70 71])
Bicluster(rows=[7, 59], cols=[ 3  7 12 17 18 20 21 24 26 34 35 41 43 44 45 46 50 52 57 58 60 63 67 68
 70 71 73 74])
Bicluster(rows=[7, 60], cols=[ 1  3  4  5  7  9 10 11 12 14 20 22 26 27 29 30 32 34 35 36 37 40 41 42
 44 45 49 50 54 55 58 59 61 63 72 74])
Bicluster(rows=[7, 61], cols=[ 0  2  3  4  6  7  8 12 13 14 15 16 17 21 23 25 38 41 43 45 46 48 50 51
 54 57 60 62 67 68 69 70])
Bicluster(rows=[7, 62], cols=[ 1  4  5  7  9 10 11 13 15 19 20 24 26 27 29 30 32 35 36 37 40 41 42 44
 45 49 50 56 57 62 63 65 67 74])
Bicluster(rows=[7, 63], cols=[ 0 10 11 12 15 17 19 23 26 27 29 30 32 35 36 37 40 41 42 44 45 49 50 53
 54 55 59 65 66 68 71])
Bicluster(rows=[7, 64], cols=[ 3  4  5  8  9 11 12 13 14 15 17 18 19 20 21 23 27 28 30 31 32 40 49 52
 58 59 60 63 65 71 72])
Bicluster(rows=[7, 65], cols=[ 0  2  6  7  8 10 12 13 14 15 16 18 19 22 26 35 38 41 43 44 46 48 53 58
 67 68 73 74])
Bicluster(rows=[7, 66], cols=[ 1  2  3  4  6  7  9 15 16 18 19 20 24 27 28 29 31 32 36 44 48 50 52 53
 54 62 71 73 74])
Bicluster(rows=[7, 67], cols=[ 0  1  3  7  8 12 15 23 26 32 43 44 45 46 51 56 57 58 62 63 66 67 69 71
 72])
Bicluster(rows=[7, 68], cols=[ 6  8  9 10 11 15 20 22 24 27 28 30 33 34 36 37 38 39 40 41 42 49 51 54
 56 57 58 59 60 62 63 65 66 68 69 71 72])
Bicluster(rows=[7, 69], cols=[ 4  5  6  7  9 10 12 20 21 24 30 31 32 35 41 45 46 51 54 56 57 58 62 63
 65 66 68 69 71])
Bicluster(rows=[7, 70], cols=[ 0  1  5  7  9 10 12 13 16 18 19 20 27 28 30 32 36 42 49 50 51 52 53 59
 60 63 65 66 69 70 72 73])
Bicluster(rows=[7, 71], cols=[ 0  5  7 16 18 22 25 26 28 29 32 33 35 37 41 44 45 46 47 50 52 53 54 62
 71 73 74])
Bicluster(rows=[7, 72], cols=[ 1  2  3  6  9 20 23 25 27 28 33 34 35 38 39 41 45 47 50 52 53 54 59 60
 65 66 68 69 70 72 73])
Bicluster(rows=[7, 73], cols=[ 0  1  2  8 11 12 17 21 23 24 28 32 33 36 38 39 45 49 50 51 52 53 54 55
 59 63 65 66 69 70 72 73])
Bicluster(rows=[7, 74], cols=[ 2  3  4  6  7 11 13 20 21 26 33 35 38 39 43 46 49 50 51 52 53 54 59 60
 63 65 66 69 70 72 73])
Bicluster(rows=[7, 75], cols=[ 3  4  9 11 12 16 17 19 22 24 27 31 38 40 46 48 49 50 52 53 54 55 62 71
 73])
Bicluster(rows=[7, 76], cols=[ 0  4  5  7  9 10 12 13 14 16 17 19 20 21 24 26 34 41 43 44 45 52 59 60
 65 66 70 72])
Bicluster(rows=[7, 77], cols=[ 0  2  3  5 11 12 16 17 21 25 27 31 32 36 37 39 42 45 47 51 53 63 66 69
 70 72 73])
Bicluster(rows=[7, 78], cols=[ 3  4  6 11 18 19 23 24 27 30 35 37 38 43 45 46 51 54 56 57 58 62 63 66
 67 68 69 72])
Bicluster(rows=[7, 79], cols=[ 2  4  7  9 10 11 12 13 14 15 16 17 18 19 21 24 27 30 37 40 45 51 54 56
 57 58 62 63 66 67 68 69 72])
Bicluster(rows=[7, 80], cols=[ 0  5  8  9 10 11 16 18 23 24 25 26 33 39 42 49 50 52 54 55 59 62 65 68
 71 74])
Bicluster(rows=[7, 81], cols=[ 2  5  9 10 11 12 14 15 18 21 22 24 27 28 32 34 36 38 42 45 54 55 59 65
 68 74])
Bicluster(rows=[7, 82], cols=[ 4  6  7  8 13 14 16 18 19 23 25 26 32 37 40 41 45 50 52 53 55 62 63 69
 71 73])
Bicluster(rows=[7, 83], cols=[ 1  2  3  4  5  6  8  9 11 15 16 17 19 21 24 25 27 29 30 31 32 35 49 50
 51 52 53 63 66 69 70 71 73])
Bicluster(rows=[7, 84], cols=[ 1  2  3  4  5  6  7  9 13 14 21 23 27 45 46 51 54 56 57 58 62 63 66 67
 68 69 71 72])
Bicluster(rows=[7, 85], cols=[ 0  2  3  4  5 16 19 20 23 24 25 26 32 34 35 36 37 39 41 49 51 54 56 57
 58 62 63 65 66 67 68 69 71 72])
Bicluster(rows=[7, 86], cols=[ 0  1  4  6  7  9 14 15 19 23 27 35 37 40 41 43 45 46 48 54 56 57 58 62
 63 66 67 68 69 72])
Bicluster(rows=[7, 87], cols=[ 0  1  2  9 10 12 13 14 16 18 19 22 24 27 28 30 31 33 34 39 42 46 49 50
 51 52 53 54 55 59 63 65 66 69 70 72 73])
Bicluster(rows=[7, 88], cols=[ 1  3  6 15 16 17 20 22 24 26 28 30 35 36 38 42 47 49 51 52 54 56 57 58
 60 62 63 65 66 68 69 70 72])
Bicluster(rows=[7, 89], cols=[ 2 10 12 13 14 15 22 27 28 37 39 45 48 51 54 56 57 58 62 63 65 66 68 69
 72])
Bicluster(rows=[7, 90], cols=[ 4  9 12 14 18 20 25 27 30 31 33 36 37 42 44 46 47 49 50 52 53 54 55 62
 71 73 74])
Bicluster(rows=[7, 91], cols=[ 0  1  3  5  6  7 10 11 12 15 16 18 20 21 22 24 34 35 36 38 41 45 48 51
 54 56 57 58 62 63 66 67 68 69 71 72])
Bicluster(rows=[7, 92], cols=[ 0  1  3  4  5  9 15 16 18 19 20 24 26 27 30 34 38 42 45 46 48 50 51 52
 53 54 55 59 62 63 66 69 71 73])
Bicluster(rows=[7, 93], cols=[ 1  3  4  5  6 10 12 17 19 21 22 26 27 28 34 36 37 38 41 42 44 47 50 52
 53 54 73 74])
Bicluster(rows=[7, 94], cols=[ 0  3  6  7  9 10 13 14 15 16 19 21 24 29 31 35 37 43 44 50 52 53 62 71
 73])
Bicluster(rows=[7, 95], cols=[ 1  2  4  5  6  8  9 14 16 19 23 28 34 37 38 39 41 46 48 51 54 56 57 58
 62 63 66 67 68 69 71 72])
Bicluster(rows=[7, 96], cols=[ 0  1  2  3  6  7  8 10 11 12 13 15 17 18 19 20 21 22 24 30 32 37 40 46
 50 52 53 62 71 73])
Bicluster(rows=[7, 97], cols=[ 0  1  6  7  9 10 11 13 18 20 21 22 28 29 31 32 36 37 40 45 46 49 52 53
 63 71 73])
Bicluster(rows=[7, 98], cols=[ 1  5  6  7 13 14 16 18 23 26 27 35 41 45 48 51 54 59 60 62 63 65 68 69
 71])
Bicluster(rows=[7, 99], cols=[ 0  1  4  7  9 14 22 23 30 32 36 37 42 43 49 50 51 52 53 55 58 60 63 65
 66 68 69 70 74])
Bicluster(rows=[8, 9], cols=[ 0  1  2  3  4  5  6  7  8  9 10 11 12 13 14 15 16 17 18 19 20 21 22 23
 24 25 29 31 32 33 34 35 36 37 38 40 41 43 46 47 48 50 54 56 57 58 61 62
 63 67 68 74])
Bicluster(rows=[8, 10], cols=[ 0  1  2  3  4  5  6  7  8  9 10 11 12 13 14 15 16 17 18 19 20 21 22 23
 24 28 29 30 43 46 49 50 53 56 57 58 59 63 65 66])
Bicluster(rows=[8, 11], cols=[ 2  4  7  9 10 12 13 15 16 17 18 20 21 24 28 29 35 41 42 44 46 49 50 55
 61 62 66 67 71 72 73 74])
Bicluster(rows=[8, 12], cols=[ 0  1  2  3  4  5  6  7  8  9 10 11 12 13 14 15 16 17 18 19 20 21 22 23
 24 31 34 35 36 42 44 49 52 54 56 57 58 59 66 69 70 72])
Bicluster(rows=[8, 13], cols=[ 0  1  2  3  4  5  6  7  8  9 10 11 12 13 14 15 16 17 18 19 20 21 22 23
 24 25 38 43 45 46 48 50 55 56 57 58 59 64 68 69 72 73])
Bicluster(rows=[8, 14], cols=[ 0  1  2  3  4  5  6  7  8  9 10 11 12 13 14 15 16 17 18 19 20 21 22 23
 24 28 30 31 34 39 41 42 45 49 51 52 56 58 61 66 68])
Bicluster(rows=[8, 15], cols=[ 0  1  2  3  4  5  6  7  8  9 10 11 12 13 14 15 16 17 18 19 20 21 22 24
 27 30 33 41 43 46 48 50 57 58 59 60 67 68 69 74])
Bicluster(rows=[8, 16], cols=[ 0  2  4  7  9 10 11 12 13 14 15 16 17 18 19 20 21 24 26 28 34 36 38 40
 43 44 53 55 56 57 58 61 63 64 70 71 73])
Bicluster(rows=[8, 17], cols=[ 2  4  5  6  7  9 10 12 13 15 16 17 18 20 21 22 24 25 26 29 30 31 33 35
 41 43 44 46 47 48 49 55 58 61 64 67 68])
Bicluster(rows=[8, 18], cols=[ 0  1  2  3  4  5  6  7  8  9 10 11 12 13 14 15 16 17 18 19 20 21 22 23
 24 25 26 31 32 34 35 36 37 38 39 42 44 47 49 53 54 55 56 65 73])
Bicluster(rows=[8, 19], cols=[ 0  1  2  3  4  5  6  7  8  9 10 11 12 13 14 15 16 17 18 19 20 21 22 23
 24 29 32 35 36 38 43 44 46 47 49 54 55 56 61 67])
Bicluster(rows=[8, 20], cols=[ 0  1  2  3  4  5  6  7  8  9 10 11 12 13 14 15 16 17 18 19 20 21 22 23
 24 29 30 32 33 34 35 36 37 38 43 47 55 56 57 63 70 71])
Bicluster(rows=[8, 21], cols=[ 0  1  2  3  4  5  6  7  8  9 10 11 12 13 14 15 16 17 18 19 20 21 22 23
 24 29 30 32 34 35 36 37 38 43 46 47 49 54 55 56 57 63 66 71 73])
Bicluster(rows=[8, 22], cols=[ 0  1  2  3  4  5  6  7  8  9 10 11 12 13 14 15 16 17 18 19 20 21 22 23
 24 30 34 35 43 47 49 53 55 56 57 71 73 74])
Bicluster(rows=[8, 23], cols=[ 0  1  2  3  4  5  6  7  8  9 10 11 12 13 14 15 16 17 18 19 20 21 22 23
 24 25 26 28 31 34 41 42 44 47 53 54 55 56 61 65 67 69 73])
Bicluster(rows=[8, 24], cols=[ 0  1  2  3  4  5  6  7  8  9 10 11 12 13 14 15 16 17 18 19 20 21 22 23
 24 30 31 38 44 46 49 51 53 54 55 61 63 66 67 70 73])
Bicluster(rows=[8, 25], cols=[ 0  1  2  3  4  5  6  7  8  9 10 11 12 13 14 15 16 17 18 19 20 21 22 23
 24 28 29 30 34 36 37 40 42 43 49 51 60 64 65 66 67 70 71])
Bicluster(rows=[8, 26], cols=[ 2  4  6  7  9 10 11 12 13 15 16 17 18 20 21 24 25 27 28 31 32 34 35 37
 46 47 49 50 51 55 57 59 63 65 66 67 68 73])
Bicluster(rows=[8, 27], cols=[ 0  1  2  3  4  5  6  7  8  9 10 11 12 13 14 15 16 17 18 19 20 21 22 23
 24 29 32 34 35 36 43 49 50 55 56 57 58 62 64 70 71])
Bicluster(rows=[8, 28], cols=[ 0  1  2  3  4  5  6  7  8  9 10 11 12 13 14 15 16 17 18 19 20 21 22 23
 24 25 26 29 30 33 37 38 40 41 42 44 45 47 49 51 53 54 55 56 57 59 65 67
 68 69 71 73])
Bicluster(rows=[8, 29], cols=[ 0  1  2  3  4  5  6  7  8  9 10 11 12 13 14 15 16 17 18 19 20 21 22 23
 24 25 28 30 34 35 37 38 41 47 51 53 54 55 56 61 62 63 65 66 67 71])
Bicluster(rows=[8, 30], cols=[ 0  1  2  3  4  5  6  7  8  9 10 11 12 13 14 15 16 17 18 19 20 21 22 23
 24 25 26 28 33 34 36 37 39 43 44 47 48 51 55 56 57 58 61 62 64 65 66 67
 70 71])
Bicluster(rows=[8, 31], cols=[ 0  2  4  7  9 10 11 12 13 15 16 17 18 20 21 24 26 27 28 30 31 39 41 42
 44 45 49 53 62 67 68 69 73])
Bicluster(rows=[8, 32], cols=[ 0  2  4  7  9 10 11 12 15 16 17 18 20 21 24 30 32 33 34 40 46 49 53 57
 58 59 62 63 66 67 70 74])
Bicluster(rows=[8, 33], cols=[ 1  2  4  5  6  8 10 12 16 17 18 19 24 28 32 37 41 45 56 63 66 67 68 70
 71 72 74])
Bicluster(rows=[8, 34], cols=[ 2  4  6  7  8 10 12 13 15 16 17 20 22 24 26 28 29 31 34 36 37 38 41 43
 46 47 49 50 53 55 57 62 63 70 72 73])
Bicluster(rows=[8, 35], cols=[ 2  4  5  6 11 12 13 17 18 20 24 26 28 29 31 34 36 37 38 41 43 46 49 51
 54 58 62 63 64 68 70])
Bicluster(rows=[8, 36], cols=[ 0  4  5  6  7  9 11 14 17 21 22 34 36 37 38 43 44 46 47 49 53 62 64])
Bicluster(rows=[8, 37], cols=[ 0  2  3  4  8  9 10 11 12 13 14 18 19 20 21 25 26 27 28 31 41 42 45 47
 48 51 55 56 57 58 60 61 67 68 74])
Bicluster(rows=[8, 38], cols=[ 2  5  6  7 10 11 12 13 16 22 24 25 34 35 37 38 42 49 53 54 55 56 64 65
 66])
Bicluster(rows=[8, 39], cols=[ 2  3  5 12 13 16 19 22 23 29 30 33 40 50 53 55 63 66 67 68 70 71 74])
Bicluster(rows=[8, 40], cols=[ 1  2  4  9 11 18 22 24 26 28 29 31 34 36 37 38 41 43 46 47 49 50 53 55
 58 63 64 65 67 69 70 73 74])
Bicluster(rows=[8, 41], cols=[ 3  4  9 14 16 17 19 21 23 26 28 29 30 31 32 34 37 41 43 45 46 49 50 55
 57 58 59 62 63 64 70 71 72])
Bicluster(rows=[8, 42], cols=[ 1  4  5  6 10 12 13 16 19 21 22 23 24 26 28 31 37 38 41 42 47 53 55 57
 62 65 66 67 72 73])
Bicluster(rows=[8, 43], cols=[ 0  1  7  8 10 13 14 15 17 19 24 25 26 27 28 31 36 38 41 42 45 47 48 50
 52 53 57 58 64 65 68 71 74])
Bicluster(rows=[8, 44], cols=[ 2  3  4  5  6  7 10 13 14 18 19 20 25 32 34 38 42 46 47 49 50 53 61 63
 67 70])
Bicluster(rows=[8, 45], cols=[ 1  2  4  7 10 11 13 14 16 19 26 28 30 31 32 34 37 41 46 49 54 55 56 57
 59 61 63 68 70 71 72 73])
Bicluster(rows=[8, 46], cols=[ 2  4  9 11 13 15 16 17 18 19 21 24 26 28 29 31 34 36 37 38 41 43 46 49
 54 55 56 57 63 66 70 73 74])
Bicluster(rows=[8, 47], cols=[ 1  3 11 14 19 20 21 23 26 28 29 31 34 36 37 38 41 42 43 46 47 49 50 55
 60 62 63 64 66 67 70 71])
Bicluster(rows=[8, 48], cols=[ 1  3  5  6  9 10 11 14 15 16 17 18 19 21 22 25 32 34 38 42 46 49 54 56
 57 62 63 64 70 71 72 73])
Bicluster(rows=[8, 49], cols=[ 4  9 10 14 15 22 25 32 34 38 42 46 47 49 50 55 56 57 59 60 63 64 67 70
 71 74])
Bicluster(rows=[8, 50], cols=[ 1  2  7  9 13 14 15 19 22 24 25 27 28 31 39 41 42 44 48 53 57 58 60 62
 64 72])
Bicluster(rows=[8, 51], cols=[ 2  3  4  6  8 11 12 13 18 19 20 21 22 25 26 27 28 31 41 42 47 48 55 56
 57 64 65])
Bicluster(rows=[8, 52], cols=[ 0  1  7 11 15 16 17 20 21 22 26 28 31 34 37 38 41 42 47 51 56 57 60 64
 67 68 69 70 74])
Bicluster(rows=[8, 53], cols=[ 5  7  9 10 12 14 15 16 17 18 19 22 24 25 32 34 35 37 38 42 46 47 49 50
 51 54 55 56 57 61 63 64 66 67 68 71 73])
Bicluster(rows=[8, 54], cols=[ 5  8 10 13 15 18 19 21 22 26 28 29 31 32 34 36 37 38 43 46 47 49 51 55
 58 59 60 61 70 73])
Bicluster(rows=[8, 55], cols=[ 0  3  9 12 14 15 19 23 24 26 28 31 34 36 37 38 41 42 43 44 46 47 49 50
 57 59 64 67 68 70 72 74])
Bicluster(rows=[8, 56], cols=[ 0  1  5  6  8 11 13 14 17 20 21 22 26 28 29 31 34 36 37 41 43 46 49 51
 54 56 57 63 73])
Bicluster(rows=[8, 57], cols=[ 0  2  3  7 10 11 13 14 15 17 18 19 20 29 32 34 36 37 38 43 44 46 49 57
 58 61 62 65 67 71])
Bicluster(rows=[8, 58], cols=[ 0  1  3  7  8  9 10 11 12 14 18 19 20 24 27 34 37 39 48 60 62 64 67 68
 69 74])
Bicluster(rows=[8, 59], cols=[ 1  2  4  7  8 13 14 15 16 17 21 22 29 32 34 36 37 38 43 44 46 47 49 53
 54 55 56 58 65 67 68 73 74])
Bicluster(rows=[8, 60], cols=[ 3  4  6  7 10 11 14 20 25 32 34 38 42 46 49 50 51 53 55 59 61 63 64 65
 67 70 72 74])
Bicluster(rows=[8, 61], cols=[ 2  6  7  8 11 12 13 14 15 16 17 20 21 23 33 35 40 53 54 55 56 59 65 66
 70 73 74])
Bicluster(rows=[8, 62], cols=[ 0  4  5  8 13 14 15 16 18 20 24 26 28 29 30 31 32 34 36 37 41 43 46 49
 51 53 54 55 56 57])
Bicluster(rows=[8, 63], cols=[10 11 12 13 14 15 18 19 21 25 34 35 37 42 48 51 55 56 57 58 60 63 73 74])
Bicluster(rows=[8, 64], cols=[ 3  4  5  8  9 11 12 13 14 15 17 18 19 20 21 23 26 28 29 31 34 36 37 38
 41 43 46 47 49 54 55 56 57 59 62 63 64 68 71 72 74])
Bicluster(rows=[8, 65], cols=[ 0  2  3 10 11 14 16 18 19 20 25 26 27 28 31 38 41 42 45 47 48 56 58 59
 63 67 68 70 73])
Bicluster(rows=[8, 66], cols=[ 1  2  3  4  6  7  9 12 14 15 16 18 19 20 24 26 28 31 34 35 40 41 42 49
 50 51 58 59 60 64 66 67 68 70])
Bicluster(rows=[8, 67], cols=[ 0  2  4  6  7  9 10 11 13 14 17 18 20 21 22 24 26 28 29 33 34 35 36 39
 41 44 47 50 51 58 59 60 62 64 66 67 68 70 71])
Bicluster(rows=[8, 68], cols=[ 6  8  9 10 11 20 24 26 28 29 30 32 35 39 46 55 56 57 62 63 64 67 68 70
 72 74])
Bicluster(rows=[8, 69], cols=[ 0  1  3  7 11 14 16 17 18 19 20 22 24 32 34 38 41 42 43 44 45 49 51 53
 54 55 56 57 61 69 73])
Bicluster(rows=[8, 70], cols=[ 0  2  5  6  7  9 10 16 17 18 19 20 22 24 25 28 29 34 37 38 42 46 47 49
 55 57 58 59 62 64 67 68 70 72 74])
Bicluster(rows=[8, 71], cols=[ 0 16 18 23 25 26 27 29 31 33 35 36 39 44 49 53 54 62 63 65 70 71 72 73
 74])
Bicluster(rows=[8, 72], cols=[ 1  2  4  6 20 26 28 32 34 35 38 39 48 49 56 57 62 63 64 70 71 72 74])
Bicluster(rows=[8, 73], cols=[ 2  3  5 12 14 15 17 19 21 24 25 32 33 36 40 41 42 43 44 49 51 53 54 61
 65 66 69 73])
Bicluster(rows=[8, 74], cols=[ 2  3  4  6  7 11 14 20 21 23 24 25 29 30 35 37 39 40 49 55 56 57 58 62
 63 64 67 68 70 71 74])
Bicluster(rows=[8, 75], cols=[ 0  1  2  3  5  8 10 13 14 15 18 20 25 26 27 32 36 39 41 42 46 51 54 58
 59 60 66 68 69])
Bicluster(rows=[8, 76], cols=[ 0  2  4  6  8 10 14 16 19 21 22 26 27 28 31 34 36 42 46 49 53 54 56 57
 60 61 69 73])
Bicluster(rows=[8, 77], cols=[ 0  2  5  8  9 11 12 16 17 21 26 31 32 34 37 38 39 40 41 42 46 48 49 50
 58 59 60 62 63 64 67 68 70 71 74])
Bicluster(rows=[8, 78], cols=[ 1  2  5  9 11 13 15 16 19 21 22 24 28 30 31 33 38 42 44 46 47 51 58 59
 60 64 66 67 68])
Bicluster(rows=[8, 79], cols=[ 0  2  4  5  6  7  9 10 11 12 13 15 16 17 18 21 22 24 30 32 35 36 37 42
 43 44 46 47 49 51 54 58 59 60 66 68 69])
Bicluster(rows=[8, 80], cols=[ 9 11 15 18 23 32 35 37 38 39 41 42 46 47 49 51 58 59 60 64 66 67 68 70
 71])
Bicluster(rows=[8, 81], cols=[ 1  3  9 10 11 12 15 17 18 27 28 29 31 34 35 39 41 48 49 53 54 56 57 59
 60 61 69 73])
Bicluster(rows=[8, 82], cols=[ 0  9 10 12 14 15 19 20 24 25 28 36 40 47 53 56 57 62 63 64 70 71 74])
Bicluster(rows=[8, 83], cols=[ 1  2  4  5  6  7  8  9 12 13 15 17 20 21 24 28 31 33 39 40 41 42 44 47
 48 50 58 59 60 62 63 64 67 68 70 71 74])
Bicluster(rows=[8, 84], cols=[ 0  2  4  7  8  9 14 15 21 28 31 32 35 36 38 42 45 51 54 58 59 60 66 67
 68 69])
Bicluster(rows=[8, 85], cols=[ 1  2  4  6 16 18 20 24 25 26 27 30 31 32 34 36 37 40 43 44 46 47 49 51
 53 54 55 56 57 66 73])
Bicluster(rows=[8, 86], cols=[ 0  2  3  4  5  9 10 12 13 14 15 16 17 19 20 21 22 24 29 31 32 33 34 43
 46 47 49 51 58 59 60 66 67 68])
Bicluster(rows=[8, 87], cols=[ 0  2  9 10 12 13 14 15 17 18 19 20 22 24 25 30 34 35 36 38 39 40 42 43
 47 49 58 59 62 63 64 67 68 70 72 74])
Bicluster(rows=[8, 88], cols=[ 1  2  3  6  8 13 15 16 17 18 19 28 30 37 42 44 49 55 56 57 58 62 63 64
 67 68 70 72 74])
Bicluster(rows=[8, 89], cols=[ 0  1  5  7 10 12 13 14 15 19 29 32 34 35 36 40 44 47 49 55 56 57 63 70
 71 74])
Bicluster(rows=[8, 90], cols=[ 4  5 12 13 14 16 21 22 28 30 35 36 37 42 48 49 50 58 59 60 62 64 67 68
 70 71])
Bicluster(rows=[8, 91], cols=[ 2  7  8 10 11 13 14 15 16 18 20 23 24 27 32 34 37 42 43 44 48 49 51 54
 58 59 60 66 67 68 69])
Bicluster(rows=[8, 92], cols=[ 0  4  5  9 14 15 16 18 20 21 24 25 29 33 34 35 36 37 40 44 47 49 58 59
 62 63 64 67 68 70 71])
Bicluster(rows=[8, 93], cols=[ 1  3  4  5  6 10 12 17 19 21 22 28 29 30 32 37 40 42 43 46 48 51 58 59
 60 66 67 68 69])
Bicluster(rows=[8, 94], cols=[ 1  2  4  8 15 17 19 20 22 28 30 32 35 36 37 41 42 43 47 49 51 58 59 60
 66 67 68 69])
Bicluster(rows=[8, 95], cols=[ 2  3  4  6  9 15 16 19 20 27 29 34 35 36 42 45 47 48 51 58 59 60 64 66
 67 68])
Bicluster(rows=[8, 96], cols=[ 0  1  2  3  7  8  9 11 12 13 16 17 18 19 20 22 24 25 26 27 28 29 31 34
 35 36 37 38 41 42 45 47 48 49 50 51 58 59 60 62 63 64 67 68 70 71])
Bicluster(rows=[8, 97], cols=[ 1  6  7  9 10 11 13 18 20 21 22 24 25 28 31 32 37 38 47 48 49 50 51 58
 59 60 62 64 67 68 70 71])
Bicluster(rows=[8, 98], cols=[ 0  3  9 11 12 15 17 19 21 24 25 27 28 29 30 31 34 35 37 44 47 49 51 54
 61 65 66 73])
Bicluster(rows=[8, 99], cols=[ 8  9 11 19 21 22 25 26 28 31 32 35 36 37 39 40 44 48 49 51 52 57 65 69
 71])
Bicluster(rows=[9, 10], cols=[ 0  1  2  3  4  5  6  7  8  9 10 11 12 13 14 15 16 17 18 19 20 21 22 23
 24 26 27 28 29 32 35 37 39 42 43 45 46 51 52 56 57 63 64 67 68 71 73])
Bicluster(rows=[9, 11], cols=[ 2  4  7  9 10 11 12 13 15 16 17 18 20 21 24 26 27 33 35 39 40 41 45 46
 50 51 52 53 61 62 65 69 70 74])
Bicluster(rows=[9, 12], cols=[ 0  4  7  9 10 11 15 16 17 18 20 21 26 33 35 36 40 41 42 43 50 53 56 57
 59 60 66 69 72 74])
Bicluster(rows=[9, 13], cols=[ 0  1  2  3  4  5  6  7  8  9 10 11 12 13 14 15 16 17 18 19 20 21 22 23
 24 25 28 32 38 43 44 45 46 48 51 55 56 57 59 64 65 66 68 70 71])
Bicluster(rows=[9, 14], cols=[ 0  2  3  4  7  9 10 11 12 13 14 15 16 17 18 19 20 21 24 25 28 31 34 35
 41 55 56 59 61 68])
Bicluster(rows=[9, 15], cols=[ 0  2  4  5  6  7  9 10 11 12 13 15 16 17 18 19 20 21 24 27 31 33 36 39
 41 42 43 44 46 48 49 51 52 58 60 65 67 68 72 74])
Bicluster(rows=[9, 16], cols=[ 0  2  4  5  6  7  9 10 11 12 13 15 16 17 18 20 21 24 30 32 39 47 49 51
 53 54 56 57 62 67 69 70 74])
Bicluster(rows=[9, 17], cols=[ 0  2  4  5  6  7  9 10 11 12 13 15 16 17 18 20 21 24 28 30 31 39 41 42
 43 48 52 58 59 60 61 66 70 71 72 73])
Bicluster(rows=[9, 18], cols=[ 0  1  2  3  4  5  6  7  8  9 10 11 12 13 14 15 16 17 18 19 20 21 22 23
 24 25 27 28 31 32 34 38 43 46 47 51 54 57 59 63 66 72])
Bicluster(rows=[9, 19], cols=[ 0  1  2  3  4  5  6  7  8  9 10 11 12 13 14 15 16 17 18 19 20 21 22 23
 24 27 31 36 37 38 42 45 46 48 51 54 56 57 59 61 63 64 65 67 68 70 71 72
 73])
Bicluster(rows=[9, 20], cols=[ 0  1  2  3  4  5  6  7  8  9 10 11 12 13 14 15 16 17 18 19 20 21 22 23
 24 26 27 28 30 31 33 34 35 36 37 42 45 46 47 52 56 57 59 60 64 66 67 68
 72 73])
Bicluster(rows=[9, 21], cols=[ 0  1  2  3  4  5  6  7  8  9 10 11 12 13 14 15 16 17 18 19 20 21 22 23
 24 28 29 34 36 37 38 42 43 45 51 54 56 57 59 63 64 68 72])
Bicluster(rows=[9, 22], cols=[ 0  1  2  3  4  5  6  7  8  9 10 11 12 13 14 15 16 17 18 19 20 21 22 23
 24 27 29 35 37 38 42 43 47 48 51 59 63 64 66 68 72 74])
Bicluster(rows=[9, 23], cols=[ 0  1  2  3  4  5  6  7  8  9 10 11 12 13 14 15 16 17 18 19 20 21 22 23
 24 27 31 32 34 35 41 45 46 48 51 54 55 64 67 70 71 72])
Bicluster(rows=[9, 24], cols=[ 0  1  2  3  4  5  6  7  8  9 10 11 12 13 14 15 16 17 18 19 20 21 22 23
 24 26 27 28 29 31 34 35 38 42 43 45 46 51 54 56 57 59 63 64 67 68 72 73])
Bicluster(rows=[9, 25], cols=[ 2  4  7  9 10 12 15 16 17 18 20 21 24 25 29 32 42 45 47 48 51 52 55 59
 61 62 64 65 71 74])
Bicluster(rows=[9, 26], cols=[ 0  1  2  3  4  5  6  7  8  9 10 11 12 13 14 15 16 17 18 19 20 21 22 23
 24 30 33 35 37 38 39 41 46 48 51 55 57 58 61 62 64 65 66 69 71 72 73])
Bicluster(rows=[9, 27], cols=[ 0  1  2  3  4  5  6  7  8  9 10 11 12 13 14 15 16 17 18 19 20 21 22 23
 24 26 27 31 32 33 36 37 39 42 46 50 52 56 57 58 59 62 63 65 66 67 69 74])
Bicluster(rows=[9, 28], cols=[ 0  1  2  3  4  5  6  7  8  9 10 11 12 13 14 15 16 17 18 19 20 21 22 23
 24 25 27 28 29 33 36 38 40 47 54 57 67 68 70 72])
Bicluster(rows=[9, 29], cols=[ 0  1  2  3  4  5  6  7  8  9 10 11 12 13 14 15 16 17 18 19 20 21 22 23
 24 27 30 31 34 35 37 38 41 42 43 45 46 47 48 54 63 64 67 68 72 73])
Bicluster(rows=[9, 30], cols=[ 0  1  2  3  4  5  6  7  8  9 10 11 12 13 14 15 16 17 18 19 20 21 22 23
 24 27 28 29 33 34 35 36 37 42 43 47 48 49 52 56 57 58 59 61 62 67 68 69
 71 72 73])
Bicluster(rows=[9, 31], cols=[ 0  1  2  3  4  5  6  7  8  9 10 11 12 13 14 15 16 17 18 19 20 21 22 23
 24 26 29 32 39 42 52 56 58 59 60 68 69 73 74])
Bicluster(rows=[9, 32], cols=[ 0  2  3  4  5  6  7  9 10 11 12 13 14 15 16 17 18 19 20 21 23 24 25 28
 32 45 47 48 49 52 53 55 57 61 64 68 70])
Bicluster(rows=[9, 33], cols=[ 0  2  3  4 10 12 14 16 17 18 21 25 26 27 34 37 44 46 48 51 54 55 56 58
 59 66 67 68 72])
Bicluster(rows=[9, 34], cols=[ 2  4  6  8 10 12 13 15 17 22 24 27 29 34 36 38 41 42 45 46 48 50 51 52
 59 62 63 64 65 68 71 73])
Bicluster(rows=[9, 35], cols=[ 0  6  9 10 11 16 17 18 19 28 31 34 36 37 42 45 51 52 55 56 57 58 59 62
 66 71])
Bicluster(rows=[9, 36], cols=[ 2  3  4  7  8  9 11 13 17 21 23 24 26 29 32 33 36 38 42 44 49 50 52 54
 55 58 60 63 65 67 68 70 72 73 74])
Bicluster(rows=[9, 37], cols=[ 0  3  9 11 14 18 19 21 27 29 34 38 41 43 45 46 47 48 53 56 58 59 60 64
 65 66 68 69 74])
Bicluster(rows=[9, 38], cols=[ 1  2  6 12 13 14 19 24 28 30 31 32 37 39 42 45 53 54 55 57 60 61 62 66
 69 70 74])
Bicluster(rows=[9, 39], cols=[ 2  3  5 12 13 16 19 22 23 26 30 32 33 39 40 49 50 51 52 67 69 73 74])
Bicluster(rows=[9, 40], cols=[ 0  2  3  4  6  8  9 10 12 13 14 17 21 24 26 27 28 29 37 38 43 46 47 54
 55 59 61 65 69 72 73])
Bicluster(rows=[9, 41], cols=[ 1  4  5  6  9 10 11 12 13 15 16 17 19 20 21 24 29 32 33 38 43 44 47 51
 54 57 59 63 64 68 69 72])
Bicluster(rows=[9, 42], cols=[ 0  3  4  7  8 10 16 20 21 30 32 33 36 39 40 42 44 49 50 51 52 54 57 58
 59 60 65 67 71 72 74])
Bicluster(rows=[9, 43], cols=[ 0  1  7  8 10 13 14 15 17 19 24 27 29 34 38 41 43 45 46 47 48 51 55 57
 58 61 64 66 68 72 74])
Bicluster(rows=[9, 44], cols=[ 3  4  5  6  7 10 13 14 18 19 20 26 29 37 38 43 44 46 47 50 51 52 54 59
 60 61 64 66 67 68 73])
Bicluster(rows=[9, 45], cols=[ 3 11 12 15 16 17 19 20 21 24 29 32 33 38 43 44 46 47 52 58 59 62 65 66
 68 69 71 72 74])
Bicluster(rows=[9, 46], cols=[ 0  1  3  4  5  6  9 14 17 18 22 24 25 32 33 38 40 43 46 49 52 58 60 61
 62 66 67 68 69 70 73])
Bicluster(rows=[9, 47], cols=[ 3  5 10 11 14 19 20 21 23 27 28 29 31 34 35 36 37 38 42 43 45 46 50 52
 57 60 62 63 65 68])
Bicluster(rows=[9, 48], cols=[ 1  3  5  6  9 10 11 14 15 16 17 18 19 21 22 25 26 27 28 34 37 43 44 46
 47 48 51 54 56 57 59 63 65 66 67 68])
Bicluster(rows=[9, 49], cols=[ 0  4  9 10 15 19 22 26 27 28 34 37 38 43 46 47 48 52 56 57 58 60 63 64
 66 67 68 73])
Bicluster(rows=[9, 50], cols=[ 3  5  6  7  8  9 15 24 26 30 32 33 36 39 42 49 51 55 57 61 72])
Bicluster(rows=[9, 51], cols=[ 1  3  5  9 10 12 13 15 17 18 21 27 29 31 34 36 38 41 43 45 46 48 53 58
 59 66 67 68 69 70 71 74])
Bicluster(rows=[9, 52], cols=[ 0  3  6  7 10 12 13 15 16 17 21 26 32 33 36 42 52 54 56 58 62 63 64 69
 72])
Bicluster(rows=[9, 53], cols=[ 5  7 10 12 15 16 17 18 19 22 24 25 26 27 28 34 37 38 43 44 46 47 48 50
 52 54 56 61 65 70 72])
Bicluster(rows=[9, 54], cols=[ 1  3  5  8 10 13 15 18 19 21 22 27 29 31 34 36 38 41 42 43 45 46 48 53
 58 60 61 64 65 67 69 72])
Bicluster(rows=[9, 55], cols=[ 0  1  2  3  4  6  7 10 11 13 14 16 17 18 19 20 26 30 32 33 36 39 40 42
 44 49 51 53 54 56 58 59 60 63 66 67 68 71 72 73])
Bicluster(rows=[9, 56], cols=[ 0  3 12 13 17 19 20 21 25 29 32 33 38 43 46 47 50 52 53 56 57 62 64 68
 73 74])
Bicluster(rows=[9, 57], cols=[ 0  2  3  7 10 11 13 14 15 17 18 19 27 29 31 34 36 38 41 43 45 46 48 55
 57 58 59 61 64 68 73])
Bicluster(rows=[9, 58], cols=[ 0  3  7  9 10 11 14 17 18 19 20 21 22 24 25 26 27 28 34 37 44 46 48 51
 53 58 59 60 62 65 67 68 71 73 74])
Bicluster(rows=[9, 59], cols=[ 1  2  4  7  8 13 14 15 16 17 21 22 27 29 31 34 36 38 43 45 46 48 54 56
 58 69 70 71 74])
Bicluster(rows=[9, 60], cols=[ 3  6 10 19 20 25 27 29 32 33 38 43 44 46 47 48 50 51 60 61 66 69 71 73
 74])
Bicluster(rows=[9, 61], cols=[ 0  1  4  5  7 12 15 16 17 20 21 22 24 25 31 34 35 41 45 56 63 65 66 67
 68 70 72 73])
Bicluster(rows=[9, 62], cols=[ 4  5  7  9 10 11 15 19 20 24 25 26 27 34 37 44 46 48 51 54 57 59 60 61
 63 64 71 72])
Bicluster(rows=[9, 63], cols=[ 0 10 11 12 14 15 17 18 19 26 27 28 34 37 43 46 47 48 51 56 58 59 60 64
 66 67 68 69 73 74])
Bicluster(rows=[9, 64], cols=[ 3  4  5  9 12 13 15 17 18 19 20 21 23 27 29 34 36 38 41 43 45 46 48 51
 52 54 56 57 62 63 64 67 71 73])
Bicluster(rows=[9, 65], cols=[ 0  1  2  4  6  7 10 12 13 14 15 16 18 19 22 23 26 30 32 33 36 39 40 42
 44 49 51 55 56 60 61 62 68 70 72 73])
Bicluster(rows=[9, 66], cols=[ 1  2  3  4  6  7  9 15 18 19 20 24 29 31 33 34 40 41 43 44 45 46 50 51
 52 53 62 63 72])
Bicluster(rows=[9, 67], cols=[ 0  2  4  9 10 11 13 17 18 20 21 22 24 27 32 33 34 36 41 42 43 46 47 50
 51 52 53 58 62 63 72])
Bicluster(rows=[9, 68], cols=[ 5  9 10 11 12 13 15 16 23 29 34 35 36 37 39 41 49 54 56 59 60 64 67 68
 71 72 73])
Bicluster(rows=[9, 69], cols=[ 2  4  9 10 13 15 21 23 26 30 33 36 39 41 42 45 46 47 49 52 58 64 65 67
 71 72 73])
Bicluster(rows=[9, 70], cols=[ 0  2  6  7  9 10 16 17 18 19 20 22 24 34 35 38 43 45 47 52 56 58 62 65
 66 67 69 73 74])
Bicluster(rows=[9, 71], cols=[ 0  1  4  5  7  9 15 20 24 26 28 29 30 34 36 37 39 40 51 52 58 63 65 67
 73])
Bicluster(rows=[9, 72], cols=[ 0  2  5  6  8  9 14 20 22 26 30 31 33 34 39 41 43 45 54 56 57 59 61 70])
Bicluster(rows=[9, 73], cols=[ 0  4 11 14 16 19 26 27 29 30 32 34 37 38 39 40 41 51 54 56 57 59 64 67
 68 71 72 73])
Bicluster(rows=[9, 74], cols=[ 2  3  5  6  7 13 14 23 25 26 29 36 38 40 41 48 52 56 57 59 62 63 64 66
 67 68 69 73 74])
Bicluster(rows=[9, 75], cols=[ 4  9 11 12 16 17 19 22 24 29 30 31 32 41 42 44 47 50 51 52 53 62 63 66
 69])
Bicluster(rows=[9, 76], cols=[ 0  3  4  5 10 11 12 13 20 21 26 30 32 33 34 38 42 46 47 48 55 56 57 59
 62 67 68 69 73 74])
Bicluster(rows=[9, 77], cols=[ 0  2  3  4  5  8  9 11 16 17 21 31 32 34 35 40 41 43 49 50 52 53 58 62
 66 69 74])
Bicluster(rows=[9, 78], cols=[ 3  4  6 11 17 18 19 20 26 27 32 34 36 37 40 42 48 49 55 57 64 66 67 68
 69 73 74])
Bicluster(rows=[9, 79], cols=[ 2  3  4  5  7 10 11 12 13 16 18 22 24 26 27 29 36 37 45 47 50 52 54 58
 64 65 67 70 73])
Bicluster(rows=[9, 80], cols=[ 0  1  9 11 15 18 20 23 27 30 32 38 41 45 46 51 52 58 60 63 64 65 67 72
 73])
Bicluster(rows=[9, 81], cols=[ 9 10 11 12 14 15 17 18 21 23 29 30 33 35 39 40 44 47 55 56 57 59 64 66
 67 68 69 73 74])
Bicluster(rows=[9, 82], cols=[ 1  3  4  7 16 17 18 22 25 27 29 31 37 41 42 43 44 45 48 51 54 55 61 70
 71 72])
Bicluster(rows=[9, 83], cols=[ 2  4  5  6  9 11 15 16 19 21 24 26 27 28 31 33 34 36 38 40 41 42 45 48
 50 52 53 58 62 66 69 74])
Bicluster(rows=[9, 84], cols=[ 3  4  5  6  7  9 13 14 20 21 23 24 26 27 30 34 36 37 38 42 48 49 55 57
 64 66 67 68 69 73 74])
Bicluster(rows=[9, 85], cols=[ 1  2  4  6 16 18 20 24 29 30 34 36 39 40 48 54 56 57 59 60 68 70 71 72])
Bicluster(rows=[9, 86], cols=[ 0  2  3  4  5  9 10 12 13 15 16 17 19 20 22 24 28 29 31 32 33 34 35 37
 42 43 44 46 47 48 52 58 64 65 71 72 73])
Bicluster(rows=[9, 87], cols=[ 0  2  9 10 12 13 14 18 19 22 24 25 27 28 31 32 34 36 38 40 43 45 47 52
 58 60 62 65 69 74])
Bicluster(rows=[9, 88], cols=[ 3  7 16 19 23 27 29 30 33 35 38 39 44 47 49 51 58 60 63 64 65 67 71 72
 73])
Bicluster(rows=[9, 89], cols=[ 0  1  5  7 10 12 13 14 15 19 28 34 36 37 40 42 46 47 56 57 59 63 66 67
 68 69 73 74])
Bicluster(rows=[9, 90], cols=[ 3  4  9 18 20 23 26 29 33 36 40 43 46 47 55 57 59 63 64 66 67 68 73])
Bicluster(rows=[9, 91], cols=[ 2  7 10 11 13 15 18 24 27 28 31 34 35 36 47 48 60 64 67 68 71 72 73])
Bicluster(rows=[9, 92], cols=[ 0  1  5 14 16 17 18 21 22 25 26 27 28 29 32 33 34 35 36 40 47 51 56 58
 60 63 64 65 66 67 68 73])
Bicluster(rows=[9, 93], cols=[ 1  3  6 10 15 17 19 21 27 30 32 35 37 40 43 44 48 49 50 52 58 64 65 71
 72 73])
Bicluster(rows=[9, 94], cols=[ 0  3  6  7  9 10 13 14 16 21 24 26 28 30 31 34 37 39 40 44 45 46 49 50
 51 53 62 63 66 72])
Bicluster(rows=[9, 95], cols=[ 2  3  4  6 15 16 20 24 27 29 30 31 34 37 39 45 46 47 48 58 60 64 65 67
 71 72 73])
Bicluster(rows=[9, 96], cols=[ 0  1  2  3  6  7 10 11 13 14 15 17 18 19 21 22 24 27 28 31 34 36 37 38
 41 43 44 45 47 48 49 50 51 53 62 63 66 69 74])
Bicluster(rows=[9, 97], cols=[ 0  1  6  7  9 10 11 13 17 18 20 21 22 26 28 30 31 37 38 42 43 48 50 51
 52 53 62 63 66])
Bicluster(rows=[9, 98], cols=[ 0  1  3  5  6  9 11 12 13 15 17 18 19 20 26 27 31 32 33 37 38 42 43 46
 51 54 57 59 63 64 68])
Bicluster(rows=[9, 99], cols=[ 0  4  5 10 12 14 20 24 26 33 34 40 42 49 51 54 58 59 60 63 65 67 74])
Bicluster(rows=[10, 11], cols=[ 2  4  7  9 10 12 13 15 16 17 18 20 24 25 27 28 29 31 32 33 34 35 36 40
 45 47 49 50 54 59 69 70 72])
Bicluster(rows=[10, 12], cols=[ 2  4  7  9 10 12 13 15 16 17 18 20 24 28 29 32 33 34 35 40 44 47 49 50
 52 55 57 60 65 70])
Bicluster(rows=[10, 13], cols=[ 0  1  2  3  4  5  6  7  8  9 10 11 12 13 14 15 16 17 18 19 20 21 22 23
 24 29 32 34 41 42 43 45 46 50 57 58 61 63 64 70 71 72 74])
Bicluster(rows=[10, 14], cols=[ 2  4  6  7  9 10 12 13 15 16 17 18 20 24 26 30 31 34 38 39 42 49 50 51
 55 60 62 63 65 66 68 70])
Bicluster(rows=[10, 15], cols=[ 0  2  4  7  9 10 11 12 13 15 16 17 18 20 21 24 25 29 30 32 33 34 38 43
 46 47 52 53 54 56 58 60 61 63 67 73 74])
Bicluster(rows=[10, 16], cols=[ 0  2  4  6  7  9 10 11 12 13 15 16 17 18 20 21 24 25 26 27 29 32 33 34
 39 43 44 55 56 59 67 69 70 73])
Bicluster(rows=[10, 17], cols=[ 0  1  2  3  4  5  6  7  9 10 11 12 13 14 15 16 17 18 19 20 21 22 24 26
 28 31 32 35 38 43 50 65 69 72 74])
Bicluster(rows=[10, 18], cols=[ 0  1  2  3  4  5  6  7  8  9 10 11 12 13 14 15 16 17 18 19 20 21 22 23
 24 27 32 33 44 45 48 50 53 57 58 61 65 67 70 71])
Bicluster(rows=[10, 19], cols=[ 0  1  2  3  4  5  6  7  8  9 10 11 12 13 14 15 16 17 18 19 20 21 22 23
 24 25 27 29 33 34 37 40 41 43 45 46 49 51 53 54 55 56 57 62 64 66 68 71
 73 74])
Bicluster(rows=[10, 20], cols=[ 0  1  2  3  4  5  6  7  8  9 10 11 12 13 14 15 16 17 18 19 20 21 22 23
 24 25 27 29 30 40 41 43 44 48 51 52 54 57 58 60 61 62 63 64 65 67 68 69
 70 73 74])
Bicluster(rows=[10, 21], cols=[ 0  1  2  3  4  5  6  7  8  9 10 11 12 13 14 15 16 17 18 19 20 21 22 23
 24 25 27 29 30 33 34 37 40 43 44 45 46 48 50 51 55 56 57 58 60 61 62 63
 64 65 66 67 68 69 70 74])
Bicluster(rows=[10, 22], cols=[ 0  1  2  3  4  5  6  7  8  9 10 11 12 13 14 15 16 17 18 19 20 21 22 23
 24 25 27 30 33 34 35 36 37 40 43 44 48 53 54 58 60 61 62 64 65 66 68 69
 70])
Bicluster(rows=[10, 23], cols=[ 0  1  2  3  4  5  6  7  8  9 10 11 12 13 14 15 16 17 18 19 20 21 22 23
 24 27 28 32 35 36 44 45 47 48 51 53 64 67 68 71])
Bicluster(rows=[10, 24], cols=[ 0  1  2  3  4  5  6  7  8  9 10 11 12 13 14 15 16 17 18 19 20 21 22 23
 24 25 28 29 30 33 35 40 44 45 46 47 48 49 52 53 57 64 66 68 69 74])
Bicluster(rows=[10, 25], cols=[ 0  1  2  3  4  5  6  7  8  9 10 11 12 13 14 15 16 17 18 19 20 21 22 23
 24 28 30 33 37 38 43 44 47 55 56 63 64 66 67 69 70 73])
Bicluster(rows=[10, 26], cols=[ 0  4  9 11 16 17 18 21 25 26 28 32 33 36 37 40 41 43 45 46 49 52 55 59
 62 63 64 65 66 69 70 72])
Bicluster(rows=[10, 27], cols=[ 0  1  2  3  4  5  6  7  8  9 10 11 12 13 14 15 16 17 18 19 20 21 22 23
 24 25 29 32 33 34 37 44 45 47 48 49 50 51 52 55 56 57 58 60 62 67 69 70
 73 74])
Bicluster(rows=[10, 28], cols=[ 0  1  2  3  4  5  6  7  8  9 10 11 12 13 14 15 16 17 18 19 20 21 22 23
 24 27 30 31 33 34 48 53 54 55 58 59 66 70 74])
Bicluster(rows=[10, 29], cols=[ 0  1  2  3  4  5  6  7  8  9 10 11 12 13 14 15 16 17 18 19 20 21 22 23
 24 25 27 28 30 33 35 36 48 53 62 64 65 66 67 68 69 70 74])
Bicluster(rows=[10, 30], cols=[ 0  1  2  3  4  5  6  7  8  9 10 11 12 13 14 15 16 17 18 19 20 21 22 23
 24 27 28 31 33 35 37 40 41 45 50 52 54 56 57 58 60 63 66 68 69 70 71])
Bicluster(rows=[10, 31], cols=[ 0  1  2  3  4  5  6  7  8  9 10 11 12 13 14 15 16 17 18 19 20 21 22 23
 24 26 29 30 31 32 40 41 42 44 47 49 50 52 53 55 58 65 67 68 72 73])
Bicluster(rows=[10, 32], cols=[ 2  4  6  7  9 10 12 13 15 16 17 18 20 24 30 31 37 39 44 48 51 55 58 60
 61 62 63 64 67 68 69 71 72 73])
Bicluster(rows=[10, 33], cols=[ 1  2  4  5  6 10 12 16 17 18 19 24 27 28 30 33 37 38 39 40 42 45 49 55
 57 61 66 67 69 70 72 73])
Bicluster(rows=[10, 34], cols=[ 3  9 11 27 29 30 33 35 37 45 46 47 48 49 50 51 52 55 58 60 61 64 67 69
 72 73])
Bicluster(rows=[10, 35], cols=[ 0  2  3  4 11 15 17 18 19 24 26 27 30 31 32 34 40 41 43 46 48 49 50 51
 53 54 56 60 61 64 66 68 69 70])
Bicluster(rows=[10, 36], cols=[ 2  3  4  7  8  9 11 13 17 21 23 24 25 27 29 30 31 32 34 40 41 43 46 48
 49 51 52 59 67 70 73])
Bicluster(rows=[10, 37], cols=[ 0  2  5  6  9 12 13 18 20 21 25 26 29 30 31 32 34 41 47 51 53 56 57 61
 62 64 65 66 68])
Bicluster(rows=[10, 38], cols=[ 9 14 17 18 19 20 21 22 25 26 29 30 31 32 34 41 43 46 50 54 60 63 65 72])
Bicluster(rows=[10, 39], cols=[ 2  3  5 12 13 16 17 19 23 29 31 32 34 39 41 42 47 50 51 52 53 54 57 58
 61 62 63 64 65 66 73])
Bicluster(rows=[10, 40], cols=[ 4  5  9 10 11 18 21 25 27 29 30 33 35 37 40 43 45 46 47 48 49 50 54 55
 57 58 60 62 63 65 68 71])
Bicluster(rows=[10, 41], cols=[ 1  4  5  6  9 10 12 13 15 16 17 19 20 21 24 26 27 30 31 32 34 40 41 43
 46 48 49 51 53 57 60 61 62 64 65 66 69 70])
Bicluster(rows=[10, 42], cols=[ 0  4  8 10 12 13 14 16 20 21 24 25 27 29 30 31 32 34 40 41 43 46 48 49
 50 56 57 58 60 61 69 71 73 74])
Bicluster(rows=[10, 43], cols=[ 4  5  6  7 10 13 15 22 23 24 25 27 29 30 31 32 34 37 40 41 43 46 48 49
 52 55 57 60 62 63 64 66 67 68 71 73])
Bicluster(rows=[10, 44], cols=[ 3  4  5  6  7 13 15 18 20 21 26 27 30 31 34 40 41 43 46 48 49 51 55 58
 62 63 64 65 69 72 74])
Bicluster(rows=[10, 45], cols=[ 1  2  4  7 10 11 14 16 19 22 27 28 30 33 34 37 38 39 40 42 45 49 56 59
 60 63 67 72 74])
Bicluster(rows=[10, 46], cols=[ 0  4  5  6  9 12 14 16 17 18 20 26 27 30 31 32 34 36 40 43 46 48 49 52
 53 54 57 58 60 67 70 72 73])
Bicluster(rows=[10, 47], cols=[ 0  5 10 11 19 20 21 25 27 33 35 43 45 48 50 52 54 56 57 59 60 61 62 66
 67 68 69 73 74])
Bicluster(rows=[10, 48], cols=[ 1  3  6  9 10 11 14 15 16 17 18 19 21 22 33 36 37 41 55 56 57 61 62 67
 68 69 72 74])
Bicluster(rows=[10, 49], cols=[ 1  2  3  4  8  9 10 15 27 29 30 33 34 35 37 40 45 46 47 48 49 53 56 57
 62 64 65 67 69 70 74])
Bicluster(rows=[10, 50], cols=[ 2  4  5  6  7  8  9 15 18 21 24 25 27 29 30 33 34 37 40 43 46 48 49 53
 57 63 67 74])
Bicluster(rows=[10, 51], cols=[ 1  3  5  9 10 11 15 17 18 19 21 24 25 28 35 43 45 51 54 55 56 58 61 67
 69 71 73])
Bicluster(rows=[10, 52], cols=[ 0  3  6  7 10 12 13 15 16 17 21 25 29 30 31 32 34 41 47 51 52 53 55 56
 59 66 68 70])
Bicluster(rows=[10, 53], cols=[ 6  9 11 13 19 23 26 27 30 31 32 34 40 41 43 46 48 49 52 54 55 59 62 66
 69 70 73])
Bicluster(rows=[10, 54], cols=[ 2 10 12 19 21 23 24 25 26 29 30 31 32 34 40 41 43 46 48 52 53 63 64 65
 67 70 71 72])
Bicluster(rows=[10, 55], cols=[ 0  1  2  3  4  6  7 10 11 13 14 16 17 19 20 26 29 31 32 38 39 42 47 55
 56 60 65 66 67 69 71 73 74])
Bicluster(rows=[10, 56], cols=[ 0  4  7  9 10 14 15 16 18 19 27 29 30 33 35 37 40 46 47 48 49 56 58 60
 61 62 63])
Bicluster(rows=[10, 57], cols=[ 5  6  8 10 11 12 15 17 18 24 26 27 30 31 32 34 40 41 43 46 48 49 64 66
 68 70 71 74])
Bicluster(rows=[10, 58], cols=[ 2  5  6  7  9 10 11 12 13 18 20 21 23 24 30 32 33 34 37 38 39 40 42 45
 49 57 63 65 67 68])
Bicluster(rows=[10, 59], cols=[ 1  2  3  4  7 10 13 15 16 22 23 25 27 29 30 33 35 37 40 43 45 46 47 48
 49 55 56 61 62 65 70 72])
Bicluster(rows=[10, 60], cols=[ 3  6 10 13 15 18 19 20 26 27 30 31 34 36 37 40 41 43 46 48 49 50 53 54
 55 59 63 65 68 69 71 72 73])
Bicluster(rows=[10, 61], cols=[ 0  2  4  6  7 13 14 15 16 17 21 23 31 32 38 39 41 42 44 50 56 57 58 59
 60 61 62 64 65 67 69 71 72])
Bicluster(rows=[10, 62], cols=[ 4  7  8  9 10 12 13 20 22 23 27 28 30 33 37 38 39 40 42 45 48 49 54 62
 64 65 68 69 70 73 74])
Bicluster(rows=[10, 63], cols=[ 0  3  5  6 10 11 13 15 17 18 20 22 24 30 32 34 35 37 38 39 40 42 47 51
 52 53 57 61 66 67 70 73])
Bicluster(rows=[10, 64], cols=[ 3  7  9 11 14 16 19 23 27 29 30 33 35 37 40 43 45 46 47 48 49 51 52 54
 55 56 59 60 61 63 69 73])
Bicluster(rows=[10, 65], cols=[ 0  1  2  4  5  7 10 12 13 15 16 18 21 23 25 29 30 32 34 40 41 43 46 48
 49 60 62 65 66 68 73 74])
Bicluster(rows=[10, 66], cols=[ 7  9 12 15 16 18 22 23 26 27 31 32 33 34 35 38 39 41 42 46 49 51 53 62
 63 64 65 68 69 70 72])
Bicluster(rows=[10, 67], cols=[ 1  2  4  5  6  9 10 11 12 17 18 19 21 27 30 34 35 36 39 40 41 43 44 45
 46 47 51 66 69 70 74])
Bicluster(rows=[10, 68], cols=[ 4  5  9 10 11 12 13 15 16 17 23 26 27 30 31 37 39 40 42 44 47 55 56 58
 61 62 64 66 67 69 70 73 74])
Bicluster(rows=[10, 69], cols=[ 2  4  7  9 10 13 14 15 19 21 28 30 31 32 33 34 35 40 44 45 48 49 55 56
 58 61 62 64 66 67 70 73 74])
Bicluster(rows=[10, 70], cols=[ 0  2  6  7  9 10 16 17 18 19 20 22 24 27 28 29 33 35 44 45 46 48 50 52
 54 56 58 60 61 63 72 73])
Bicluster(rows=[10, 71], cols=[ 0  1  4  5  7  9 15 20 24 26 31 33 37 39 41 48 49 50 52 54 58 59 61 62
 66 69 73 74])
Bicluster(rows=[10, 72], cols=[ 3  4 10 12 16 21 24 25 26 32 34 39 40 44 49 50 54 55 58 61 62 64 66 67
 69 70 73 74])
Bicluster(rows=[10, 73], cols=[ 0  1  2  8 11 12 15 17 21 22 24 25 28 36 38 42 43 44 48 49 50 51 52 54
 55 56 58 60 61 63 72 73])
Bicluster(rows=[10, 74], cols=[ 4  5  7 11 12 13 16 19 21 22 25 28 35 36 37 39 41 47 48 49 53 57 65 68
 71])
Bicluster(rows=[10, 75], cols=[ 3  4  9 11 12 16 17 22 24 25 27 30 32 33 38 40 43 50 52 54 59 61 62 66
 69 73 74])
Bicluster(rows=[10, 76], cols=[ 0  3  4  5 10 12 13 16 20 21 24 26 29 31 32 36 40 41 46 48 49 54 57 58
 61 63 67 72 73])
Bicluster(rows=[10, 77], cols=[ 0  3  6 10 11 15 20 22 23 24 25 26 27 28 31 32 34 37 39 42 44 45 46 49
 51 53 57 62 64 65 66 67 68 69 70 74])
Bicluster(rows=[10, 78], cols=[ 1  2  5  9 11 13 15 19 22 25 27 28 30 36 37 41 45 50 52 54 58 59 61 62
 64 70 71 73])
Bicluster(rows=[10, 79], cols=[ 0  2  4  5  6  7  9 10 11 12 13 15 16 18 21 22 24 25 34 37 40 43 45 46
 48 49 50 58 59 64 67 71])
Bicluster(rows=[10, 80], cols=[ 1  9 11 15 18 20 23 26 27 31 32 37 45 46 48 49 50 51 52 54 55 58 59 61
 62 69 73 74])
Bicluster(rows=[10, 81], cols=[ 2  3  5  6  8  9 10 11 15 18 21 22 24 25 27 28 29 33 34 36 38 47 49 55
 56 58 61 62 64 66 67 70 73 74])
Bicluster(rows=[10, 82], cols=[ 3 10 12 15 17 18 20 24 27 28 29 33 38 40 42 43 45 48 51 53 57 62 64 65
 67 68 69 70 74])
Bicluster(rows=[10, 83], cols=[ 3  7 10 17 18 19 22 23 25 31 32 33 35 38 39 40 42 47 51 53 57 62 64 65
 66 67 68 69 70 74])
Bicluster(rows=[10, 84], cols=[ 3  5  6 13 14 20 21 23 24 25 27 31 33 37 40 41 42 44 47 54 57 61 63 65
 67 72])
Bicluster(rows=[10, 85], cols=[ 0  3  4  5 12 16 18 19 20 22 23 26 29 34 36 41 43 44 45 48 49 54 56 57
 58 61 63 67 72 73])
Bicluster(rows=[10, 86], cols=[ 0  2  3  4  5  9 10 12 13 15 16 17 19 20 22 24 27 35 36 37 38 40 45 46
 49 50 52 54 59 61 62 64 66 70 71 73])
Bicluster(rows=[10, 87], cols=[ 0  3  6 16 19 23 30 31 34 38 41 42 48 53 57 60 64 65 66 67 68 70 71])
Bicluster(rows=[10, 88], cols=[ 2  3  4  6  8  9 12 13 14 15 17 18 19 26 28 30 37 38 45 48 49 50 52 54
 56 58 61 63 72 73])
Bicluster(rows=[10, 89], cols=[ 0  1  5  7 10 12 13 15 19 25 27 28 29 33 37 42 49 51 54 56 57 58 61 62
 63 67 72 73])
Bicluster(rows=[10, 90], cols=[ 1  3  4  8  9 18 20 23 27 30 37 41 42 49 51 53 57 61 62 63 64 65 67 68
 69 70 72 74])
Bicluster(rows=[10, 91], cols=[ 0  1  3  5  6 10 12 15 16 18 20 21 22 24 33 34 36 38 40 41 44 47 49 51
 53 62 63 64 65 68 69 70 72])
Bicluster(rows=[10, 92], cols=[ 1  5 14 17 18 21 22 26 28 31 32 35 38 46 49 50 51 52 54 55 56 58 59 61
 62 64 66 67 69 70 73 74])
Bicluster(rows=[10, 93], cols=[ 1  3  4  6 10 15 17 19 21 25 26 27 28 29 30 32 33 34 35 37 38 41 43 46
 50 52 54 59 61 62 64 66 70 71 73 74])
Bicluster(rows=[10, 94], cols=[ 0  2  3  4 14 17 19 25 30 31 36 38 41 42 43 47 48 49 51 53 57 61 62 63
 64 65 67 68 72])
Bicluster(rows=[10, 95], cols=[ 0  2  5  7  9 15 17 18 20 21 22 27 28 32 33 35 40 46 48 53 57 64 65 66
 68 70 74])
Bicluster(rows=[10, 96], cols=[ 2  6  7  9 12 13 15 16 17 20 24 28 29 33 44 46 49 50 52 54 55 58 59 61
 62 66 69 73 74])
Bicluster(rows=[10, 97], cols=[ 1  4  5  6  7  9 10 13 20 22 24 27 28 30 35 36 44 45 46 50 52 54 55 58
 59 61 62 64 66 70 73 74])
Bicluster(rows=[10, 98], cols=[ 0  1  3  5  6 11 12 13 14 15 17 18 20 26 28 29 32 34 37 40 42 43 44 47
 49 53 57 62 64 65 66 67 68 69 70 74])
Bicluster(rows=[10, 99], cols=[ 0  4  5  7 10 12 13 14 20 24 25 29 30 32 37 38 41 42 43 44 46 47 48 51
 56 58 60 66 67 69 70 72 73])
Bicluster(rows=[11, 12], cols=[ 2  4  5  6  7  9 10 11 12 13 15 16 17 18 20 21 24 25 26 30 36 37 39 42
 43 44 45 49 57 60 61 63 64 65 66 70 72])
Bicluster(rows=[11, 13], cols=[ 0  1  2  3  4  5  6  7  8  9 10 11 12 13 14 15 16 17 18 19 20 21 22 23
 24 25 26 28 41 46 47 51 52 55 58 63 66 69 71 73 74])
Bicluster(rows=[11, 14], cols=[ 0  1  2  3  4  5  6  7  9 10 11 12 13 14 15 16 17 18 19 20 21 22 23 24
 29 31 32 33 38 39 40 43 47 48 49 51 53 54 55 57 58 67 71 74])
Bicluster(rows=[11, 15], cols=[ 0  1  2  3  4  5  6  7  8  9 10 11 12 13 14 15 16 17 18 19 20 21 22 24
 26 35 36 37 40 42 46 48 53 58 61 62 64 66 69])
Bicluster(rows=[11, 16], cols=[ 0  1  2  3  4  5  6  7  9 10 11 12 13 14 15 16 17 18 19 20 21 22 24 27
 29 30 32 33 34 36 38 41 42 51 52 53 59 60 63 64 65 67 68 69 70 71 72 74])
Bicluster(rows=[11, 17], cols=[ 0  1  2  3  4  5  6  7  8  9 10 11 12 13 14 15 16 17 18 19 20 21 22 24
 29 36 37 41 44 49 55 56 57 61 65 67 68 70])
Bicluster(rows=[11, 18], cols=[ 0  1  2  3  4  5  6  7  8  9 10 11 12 13 14 15 16 17 18 19 20 21 22 23
 24 25 26 27 29 33 35 39 40 45 49 51 52 54 55 58 62 65 68 69 71 74])
Bicluster(rows=[11, 19], cols=[ 0  1  2  3  4  5  6  7  8  9 10 11 12 13 14 15 16 17 18 19 20 21 22 23
 24 26 27 28 33 35 36 41 42 46 52 53 58 69 73])
Bicluster(rows=[11, 20], cols=[ 0  1  2  3  4  5  6  7  8  9 10 11 12 13 14 15 16 17 18 19 20 21 22 23
 24 27 34 35 36 38 39 41 42 44 55 58 60 63 66 70 72])
Bicluster(rows=[11, 21], cols=[ 0  1  2  3  4  5  6  7  8  9 10 11 12 13 14 15 16 17 18 19 20 21 22 23
 24 26 27 33 35 36 42 44 45 46 49 52 58 60 63 70])
Bicluster(rows=[11, 22], cols=[ 0  1  2  3  4  5  6  7  8  9 10 11 12 13 14 15 16 17 18 19 20 21 22 23
 24 27 28 33 35 42 44 45 46 49 51 52 55 58 60])
Bicluster(rows=[11, 23], cols=[ 0  1  2  3  4  5  6  7  8  9 10 11 12 13 14 15 16 17 18 19 20 21 22 23
 24 25 27 29 31 34 37 38 39 40 43 44 49 51 52 53 55 57 62 68 69 71 72 74])
Bicluster(rows=[11, 24], cols=[ 0  3  4  7  9 10 11 14 15 16 17 18 19 21 26 29 31 32 37 39 43 49 52 54
 55 56 57 62 63 69 70 71 72 74])
Bicluster(rows=[11, 25], cols=[ 0  1  2  3  4  5  6  7  8  9 10 11 12 13 14 15 16 17 18 19 20 21 22 23
 24 29 32 33 34 36 39 41 44 45 49 51 58 61 62 65 70 72 73])
Bicluster(rows=[11, 26], cols=[ 0  1  2  3  4  5  6  7  8  9 10 11 12 13 14 15 16 17 18 19 20 21 22 23
 24 28 38 40 45 46 48 49 50 52 53 54 55 56 58 59 66 67 68 70 73])
Bicluster(rows=[11, 27], cols=[ 0  1  2  3  4  5  6  7  8  9 10 11 12 13 14 15 16 17 18 19 20 21 22 23
 24 27 28 35 36 40 41 42 44 45 49 60 61 64 66 68 70])
Bicluster(rows=[11, 28], cols=[ 0  1  2  3  4  5  6  7  8  9 10 11 12 13 14 15 16 17 18 19 20 21 22 23
 24 25 27 28 29 32 36 39 43 49 52 55 58 61 62 65 73 74])
Bicluster(rows=[11, 29], cols=[ 0  1  2  3  4  5  6  7  8  9 10 11 12 13 14 15 16 17 18 19 20 21 22 23
 24 25 26 27 29 32 33 34 35 39 40 42 43 49 51 52 55 57 59 63 65 72 73 74])
Bicluster(rows=[11, 30], cols=[ 0  1  2  3  4  5  6  7  8  9 10 11 12 13 14 15 16 17 18 19 20 21 22 23
 24 25 26 27 29 32 35 36 38 39 41 42 45 48 51 55 60 63 64 65 70 73 74])
Bicluster(rows=[11, 31], cols=[ 0  1  2  3  4  5  6  7  8  9 10 11 12 13 14 15 16 17 18 19 20 21 22 23
 24 28 35 40 41 42 44 49 60 61 62 64 65 66 73])
Bicluster(rows=[11, 32], cols=[ 0  1  2  3  4  5  6  7  8  9 10 11 12 13 14 15 16 17 18 19 20 21 22 23
 24 26 27 31 38 41 43 46 47 48 56 62 66 67 69 72])
Bicluster(rows=[11, 33], cols=[ 0  2  3  4  5  6  7 12 14 20 21 22 24 28 33 34 38 39 40 41 43 45 48 49
 51 52 53 58 65 69 72 74])
Bicluster(rows=[11, 34], cols=[ 0  1  6  9 11 12 13 14 15 19 21 22 25 27 28 29 33 39 41 45 47 49 50 56
 58 62 65 74])
Bicluster(rows=[11, 35], cols=[ 1  2  4  5  8 11 12 13 17 20 23 24 32 34 36 37 39 42 48 50 54 56 57 63
 64 65 66 67 70])
Bicluster(rows=[11, 36], cols=[ 0  2  4  6  7 11 13 14 17 24 25 29 31 32 34 39 40 48 49 50 53 56 57 59
 64 65 66 70 71])
Bicluster(rows=[11, 37], cols=[ 1  2  4  6  7  8 10 11 12 13 14 15 17 20 22 25 29 31 32 34 38 39 43 47
 48 52 55 58 60 62 63 65 71 73])
Bicluster(rows=[11, 38], cols=[ 1  2  6  7  8 10 11 12 13 16 24 26 29 32 33 34 35 38 39 40 43 44 47 48
 49 51 53 55 58 59 62 63 64 68 69 71 73 74])
Bicluster(rows=[11, 39], cols=[ 0  2 12 13 17 22 25 29 31 32 34 38 39 40 43 47 48 50 51 54 55 56 58 60
 66 68 69 71])
Bicluster(rows=[11, 40], cols=[ 1  2  4  9 10 11 18 22 24 27 33 36 40 42 46 49 52 57 60 61 63 64 65 66
 68 69 70 71 73])
Bicluster(rows=[11, 41], cols=[ 4  8  9 12 15 16 17 19 20 25 27 28 29 41 46 47 50 51 53 54 55 56 58 60
 63 72])
Bicluster(rows=[11, 42], cols=[ 2  5  6  9 11 14 15 17 18 22 24 25 27 28 29 41 45 46 47 49 52 54 55 57
 58 62 64 66 67 69 70 72 73 74])
Bicluster(rows=[11, 43], cols=[ 1  2  3  8  9 11 12 18 21 23 25 26 29 33 34 35 38 39 40 44 47 48 49 50
 52 53 55 57 62 65 67 68 72])
Bicluster(rows=[11, 44], cols=[ 2  3  8 10 12 14 17 19 24 29 33 38 39 40 41 43 45 47 48 49 51 53 55 56
 58 60 62 63 69 70 74])
Bicluster(rows=[11, 45], cols=[ 0  2  4  5  6  7  8 10 13 16 27 28 29 33 38 39 41 43 45 47 48 49 52 53
 55 58 61 64 65 71 72 73])
Bicluster(rows=[11, 46], cols=[ 0  1  2  8 13 15 24 27 28 38 39 41 43 48 49 50 52 53 55 56 57 58 64 65
 71 73])
Bicluster(rows=[11, 47], cols=[ 2  4  6  7  9 12 15 16 17 18 22 24 25 29 31 32 34 38 39 43 47 48 52 57
 65 68 69 71 72 73 74])
Bicluster(rows=[11, 48], cols=[ 5  6  9 10 11 15 17 18 19 21 23 27 28 29 33 38 39 40 41 43 45 47 48 49
 51 52 54 61 63 64 66 70])
Bicluster(rows=[11, 49], cols=[ 2  7 16 19 20 26 32 34 35 38 43 44 48 51 52 56 57 60 62 65 66 68 71 72
 74])
Bicluster(rows=[11, 50], cols=[ 1  2  7  9 13 14 15 19 22 24 25 26 29 31 32 33 34 35 38 39 40 43 47 48
 49 52 61 64 66 67 68 71])
Bicluster(rows=[11, 51], cols=[ 2  3  4  6  8 11 12 13 18 19 20 21 22 25 29 31 32 34 39 40 48 50 52 58
 62 64 65 71 73])
Bicluster(rows=[11, 52], cols=[10 11 13 14 15 18 25 29 31 32 38 39 43 47 48 56 57 59 60 65])
Bicluster(rows=[11, 53], cols=[ 1  3  7  9 10 11 12 15 16 18 24 26 27 33 36 42 46 49 50 52 53 55 61 65
 66 67 68 70 71 73])
Bicluster(rows=[11, 54], cols=[ 4  5 13 14 17 18 23 27 28 29 33 38 39 40 41 43 45 47 48 49 59 61 63 67
 73])
Bicluster(rows=[11, 55], cols=[ 0  8 11 16 19 22 23 24 25 29 31 32 34 38 39 40 47 48 55 60 61 63 66 70
 73])
Bicluster(rows=[11, 56], cols=[ 0  1  5  6  8 11 12 13 14 17 19 20 21 22 27 31 33 34 36 40 42 46 49 50
 51 53 54 58 60 62 63 66 67 74])
Bicluster(rows=[11, 57], cols=[ 1  2  7  8 13 15 18 22 25 27 28 29 41 44 45 46 49 52 53 60 61 62 67 69
 71 74])
Bicluster(rows=[11, 58], cols=[ 0  1  2  3  7  8  9 10 11 12 14 18 19 20 24 29 33 34 38 39 40 43 45 47
 48 49 51 52 60 61 66 69 70 71 73])
Bicluster(rows=[11, 59], cols=[ 0  2  9 10 13 15 19 25 26 27 29 33 35 39 40 44 45 47 49 52 57 64 67 68
 70 71 72 73])
Bicluster(rows=[11, 60], cols=[ 1  3  4  7  9 10 11 12 14 20 22 27 28 29 33 38 39 41 43 45 47 49 53 56
 60 63 64 65 68 70 73])
Bicluster(rows=[11, 61], cols=[ 0  1  3  5  7 12 14 15 16 17 20 21 22 24 26 32 34 35 38 39 40 43 44 47
 48 55 58 60 63 64 66 74])
Bicluster(rows=[11, 62], cols=[ 1  7  9 10 11 12 13 17 19 20 28 33 34 38 39 40 41 43 45 48 51 52 54 56
 57 58 60 65 67 69 71 72 74])
Bicluster(rows=[11, 63], cols=[ 4  6  7  8  9 13 20 21 24 26 29 32 34 35 38 39 40 43 44 47 48 55 58 60
 65 71])
Bicluster(rows=[11, 64], cols=[ 1  5  9 11 12 13 15 16 20 22 25 27 28 41 45 46 51 53 55 60 62 68 70 72
 74])
Bicluster(rows=[11, 65], cols=[ 2  3  6  7 10 11 12 13 15 16 18 19 20 25 29 31 32 34 38 39 40 43 47 48
 51 52 53 57 61 62 63 66 70 71])
Bicluster(rows=[11, 66], cols=[ 2  4  7  8  9 12 15 18 20 22 23 24 25 27 28 33 36 40 41 42 45 46 49 50
 53 54 56 57 59 63 66 67 68])
Bicluster(rows=[11, 67], cols=[ 0  2  4  5  6  8  9 10 11 12 13 17 18 19 20 21 24 25 27 28 29 31 32 38
 41 44 46 48 50 51 53 54 56 57 59 62 67 68 69 71 74])
Bicluster(rows=[11, 68], cols=[ 3  4  8  9 10 11 15 16 17 20 22 25 31 35 39 40 41 43 44 47 48 52 58 63
 66 70 73])
Bicluster(rows=[11, 69], cols=[ 1  2  4 15 21 22 33 34 38 39 40 41 43 46 48 50 52 53 56 57 59 63 66 67
 68 70])
Bicluster(rows=[11, 70], cols=[ 0  3  5  7  9 11 12 14 16 17 18 20 23 27 28 29 33 36 39 42 44 48 53 54
 55 57 62 65 67 68 72])
Bicluster(rows=[11, 71], cols=[ 4  5  9 11 14 15 20 22 24 29 30 31 33 48 50 51 53 54 56 57 59 62 67 68
 69 71 74])
Bicluster(rows=[11, 72], cols=[ 8 10 11 16 17 24 25 30 31 32 36 38 40 43 46 50 51 53 54 56 57 59 62 67
 68 69 71 74])
Bicluster(rows=[11, 73], cols=[ 1  2  3  9 10 15 18 24 25 26 31 36 37 38 46 48 49 50 53 54 56 57 62 67
 68 72])
Bicluster(rows=[11, 74], cols=[ 0  2  3  6  7 13 14 17 23 25 28 35 36 39 46 47 49 55 58 63 66 70 73])
Bicluster(rows=[11, 75], cols=[ 1  4  7  8  9 11 12 17 24 25 26 27 32 33 35 38 40 41 50 51 53 54 56 57
 59 62 67 68 69 71 74])
Bicluster(rows=[11, 76], cols=[ 1  5  7  8  9 12 13 16 17 18 19 20 24 29 30 31 32 36 40 43 49 54 55 58
 60 62 65 72])
Bicluster(rows=[11, 77], cols=[ 0  1  2  3  4  9 11 12 16 17 21 23 25 27 33 36 41 42 46 47 49 50 51 53
 54 56 57 59 62 65 67 68 69 71 74])
Bicluster(rows=[11, 78], cols=[ 0  3  8  9 11 13 15 16 21 23 24 25 26 28 36 42 44 45 46 50 53 54 56 57
 59 63 66 67 68 70])
Bicluster(rows=[11, 79], cols=[ 1  2  7  8 12 13 16 17 18 24 25 27 38 40 42 43 45 48 49 50 52 53 56 57
 59 63 66 68 70])
Bicluster(rows=[11, 80], cols=[ 8 14 15 19 20 21 28 30 31 32 33 41 42 47 48 50 51 53 54 56 57 59 62 67
 68 69 71 74])
Bicluster(rows=[11, 81], cols=[ 0  1  5  6  7 19 20 22 24 27 31 33 34 36 37 42 44 46 47 50 51 53 54 56
 57 59 62 67 68 69 71 74])
Bicluster(rows=[11, 82], cols=[ 9 10 11 12 15 20 21 22 24 27 28 29 32 33 38 40 45 51 52 55 58 60 69 71
 74])
Bicluster(rows=[11, 83], cols=[ 2  3  4  9 11 12 13 14 15 16 17 19 20 21 23 24 25 26 27 28 36 37 40 41
 42 44 45 50 51 53 54 56 57 59 62 67 68 69 71 74])
Bicluster(rows=[11, 84], cols=[ 8 10 12 16 17 19 26 28 29 32 37 38 39 40 45 46 49 50 51 53 54 56 59 62
 67 68 69 71 74])
Bicluster(rows=[11, 85], cols=[ 1  6  8  9 10 13 21 25 26 27 29 30 32 33 34 35 42 43 47 48 50 51 53 54
 56 57 62 65 67 68 69 71 74])
Bicluster(rows=[11, 86], cols=[ 2  5  8  9 10 11 12 13 16 17 18 20 21 24 25 26 29 35 36 38 40 45 49 50
 53 54 56 57 59 63 67 68])
Bicluster(rows=[11, 87], cols=[ 1  2  3  4  7  8  9 12 13 15 17 18 20 21 22 23 24 26 27 32 34 37 42 45
 48 49 50 53 54 56 57 62 67 68 72])
Bicluster(rows=[11, 88], cols=[ 2  4  5  6  9 11 13 15 17 18 20 22 24 25 28 29 32 33 36 42 43 44 45 46
 47 49 52 55 58 60 65 69 71 74])
Bicluster(rows=[11, 89], cols=[ 4  7  8  9 10 11 12 13 21 25 26 28 29 33 44 46 48 49 55 58 60 62 65 69
 71 72 74])
Bicluster(rows=[11, 90], cols=[ 0  5  7 11 12 13 16 21 26 28 32 35 42 43 49 50 51 53 54 56 57 59 62 67
 68 69 71 74])
Bicluster(rows=[11, 91], cols=[ 5  6  7  8 11 12 15 17 18 20 24 26 33 34 36 38 39 40 46 47 48 49 52 58
 69 71 72 73 74])
Bicluster(rows=[11, 92], cols=[ 1  2  5  7  8 20 22 29 31 32 34 38 39 42 47 53 54 56 57 62 67 68 69 71
 72 74])
Bicluster(rows=[11, 93], cols=[ 0  5  6  7  8 11 12 15 16 18 21 22 25 27 28 29 31 32 33 34 35 36 38 39
 42 50 53 54 56 57 59 63 66 67 68])
Bicluster(rows=[11, 94], cols=[ 1  6  8 11 12 13 16 18 21 22 24 25 26 32 33 39 43 45 46 47 48 50 51 53
 54 56 59 62 67 68 69 71 74])
Bicluster(rows=[11, 95], cols=[ 0  6  7  9 11 13 15 17 18 20 21 24 25 26 27 29 30 33 34 43 45 46 50 51
 53 54 56 57 59 62 67 68 69 71 74])
Bicluster(rows=[11, 96], cols=[ 2  4  5  7 10 11 12 13 14 15 17 18 20 21 22 24 28 29 33 36 41 42 49 50
 51 53 54 56 57 59 62 67 68 69 71 74])
Bicluster(rows=[11, 97], cols=[ 0  3  6  7  9 10 11 13 14 16 17 18 20 21 24 26 28 30 36 41 47 49 50 51
 53 54 56 59 62 67 68 69 71 74])
Bicluster(rows=[11, 98], cols=[ 6  7  8 12 13 16 20 28 30 39 47 51 52 55 58 60 69 71 74])
Bicluster(rows=[11, 99], cols=[ 6  8  9 11 19 21 22 25 26 27 29 31 33 35 36 41 42 43 45 48 49 50 51 53
 58 59 60 65 67 69 73])
Bicluster(rows=[12, 13], cols=[ 0  1  2  3  4  5  6  7  8  9 10 11 12 13 14 15 16 17 18 19 20 21 22 23
 24 26 27 28 37 39 40 41 45 47 56 58 59 60 67 69 70 71 72 74])
Bicluster(rows=[12, 14], cols=[ 0  1  2  3  4  5  6  7  8  9 10 11 12 13 14 15 16 17 18 19 20 21 22 23
 24 29 31 32 33 34 38 40 42 44 46 47 48 49 50 52 53 54 56 58 59 60 61 63
 64 65 66 70 72 73 74])
Bicluster(rows=[12, 15], cols=[ 0  2  4  5  6  7  9 10 11 12 13 14 15 16 17 18 19 20 21 24 26 32 33 34
 36 37 38 41 42 52 60 64 66 71 74])
Bicluster(rows=[12, 16], cols=[ 0  1  2  3  4  5  6  7  8  9 10 11 12 13 14 15 16 17 18 19 20 21 22 24
 25 29 31 32 34 36 37 38 41 44 46 53 54 61 62 69 71 73 74])
Bicluster(rows=[12, 17], cols=[ 0  2  3  4  5  6  7  9 10 11 12 13 14 15 16 17 18 19 20 21 22 24 27 28
 30 31 32 35 38 44 50 51 53 59 61 62 65 67 69 71 74])
Bicluster(rows=[12, 18], cols=[ 0  2  3  4  7  9 10 11 12 13 14 15 16 17 18 19 20 21 24 29 34 35 36 38
 40 42 44 45 46 47 52 60 62 63 64 68 69 70 73 74])
Bicluster(rows=[12, 19], cols=[ 0  2  4  7  9 10 11 15 16 17 18 20 21 24 28 31 33 36 37 41 43 44 45 51
 53 54 60 66 67 69 71])
Bicluster(rows=[12, 20], cols=[ 0  2  4  7  9 10 11 12 13 14 15 16 17 18 19 20 21 24 30 31 32 34 38 41
 43 46 51 58 64 70])
Bicluster(rows=[12, 21], cols=[ 0  1  2  3  4  5  6  7  8  9 10 11 12 13 14 15 16 17 18 19 20 21 22 23
 24 26 36 45 49 54 66 70])
Bicluster(rows=[12, 22], cols=[ 0  4  9 11 16 17 18 21 26 28 29 31 40 42 44 45 47 55 57 60 62 66 68 69
 71 73])
Bicluster(rows=[12, 23], cols=[ 0  2  3  4  5  6  7  9 10 11 12 13 14 15 16 17 18 19 20 21 24 29 34 38
 40 42 44 45 46 52 54 62 63 68 69 71])
Bicluster(rows=[12, 24], cols=[ 0  2  3  4  5  6  7  9 10 11 12 13 14 15 16 17 18 19 20 21 23 24 31 34
 36 44 45 49 54 60 65])
Bicluster(rows=[12, 25], cols=[ 0  2  4  6  7  9 10 11 12 13 15 16 17 18 20 21 24 26 28 31 33 36 38 39
 43 44 45 53 55 58 59 61 68 69 70 71 72])
Bicluster(rows=[12, 26], cols=[ 0  2  3  4  5  6  7  9 10 11 12 13 14 15 16 17 18 19 20 21 22 24 25 27
 28 30 32 38 40 42 43 49 51 52 53 58 60 61 68 70 74])
Bicluster(rows=[12, 27], cols=[ 0  4  7  9 10 11 16 17 18 21 25 26 27 29 30 32 33 34 38 41 42 44 45 47
 53 57 60 62 64 65 67 69 70 72 73 74])
Bicluster(rows=[12, 28], cols=[ 0  1  2  3  4  5  6  7  8  9 10 11 12 13 14 15 16 17 18 19 20 21 22 23
 24 32 42 44 49 54 57 59 60 63 64 69 70 74])
Bicluster(rows=[12, 29], cols=[ 0  2  4  7  9 10 11 12 13 15 16 17 18 19 20 21 24 29 30 31 33 34 38 40
 46 61 64 66 67 71 74])
Bicluster(rows=[12, 30], cols=[ 2  4  7  9 10 11 15 16 17 18 20 21 24 25 28 33 35 36 37 40 42 43 45 46
 50 51 53 54 57 59 62 64 69 70])
Bicluster(rows=[12, 31], cols=[ 0  2  4  6  7  9 10 11 12 13 15 16 17 18 19 20 21 24 31 32 38 42 44 46
 47 48 49 50 52 55 59 60 61 64 65 69 71])
Bicluster(rows=[12, 32], cols=[ 0  2  4  5  6  7  9 10 11 12 13 15 16 17 18 19 20 21 22 24 26 29 30 34
 37 43 51 53 57 58 59 71 72])
Bicluster(rows=[12, 33], cols=[ 0  2  3  4  5  6  7 12 14 16 20 21 22 24 29 32 34 38 41 46 47 53 54 56
 57 58 60 63 64 69 70 74])
Bicluster(rows=[12, 34], cols=[ 0  6  8  9 18 21 29 31 32 33 34 35 38 40 45 46 47 52 53 54 55 60 61 64
 68 69 71 73])
Bicluster(rows=[12, 35], cols=[ 0  1  2  3  5  6  8  9 10 12 13 16 18 19 20 28 29 37 41 42 47 49 52 53
 54 56 60 62 64 65 68 69 73])
Bicluster(rows=[12, 36], cols=[ 5 10 12 15 16 22 26 29 31 32 33 34 35 38 40 44 45 46 47 55 56 59 61 68
 71 74])
Bicluster(rows=[12, 37], cols=[ 0  1  2  4  6  9 10 11 12 13 18 19 20 21 22 23 25 27 28 30 37 43 51 53
 54 56 59 60 65 66 72 73 74])
Bicluster(rows=[12, 38], cols=[ 0  4  5  8  9 17 18 20 21 23 32 33 34 36 40 42 50 54 55 59 60 61 65 66
 69 71 73 74])
Bicluster(rows=[12, 39], cols=[ 1 10 11 14 15 18 23 31 32 33 34 36 40 42 44 45 52 54 55 56 61 62 63 69
 73 74])
Bicluster(rows=[12, 40], cols=[ 0  1  3 14 17 22 26 29 31 32 33 34 35 38 40 45 47 50 51 55 57 59 60 61
 64 65])
Bicluster(rows=[12, 41], cols=[ 0  1  3  5  7 10 11 12 13 14 15 17 19 21 24 28 36 37 39 54 67 70 74])
Bicluster(rows=[12, 42], cols=[ 0  1  2  3  4  6  9 15 17 21 25 31 33 34 39 45 49 50 51 57 58 59 64 66
 72])
Bicluster(rows=[12, 43], cols=[ 1  3  8  9 11 12 18 21 23 26 29 31 32 33 34 35 38 40 44 45 46 47 53 60
 62 63 68])
Bicluster(rows=[12, 44], cols=[ 3  8 10 12 14 17 19 24 29 32 33 34 35 38 40 45 46 47 53 57 60 61 62 64
 66 69 70 73])
Bicluster(rows=[12, 45], cols=[ 5  6  8 11 12 14 15 17 18 20 21 24 25 32 33 34 39 40 43 49 51 59 60 61
 62 64 66 69 70 72 73 74])
Bicluster(rows=[12, 46], cols=[ 0  1  3  4  5  6  9 14 15 16 17 18 22 24 28 36 37 39 42 58 59 63 65 70
 74])
Bicluster(rows=[12, 47], cols=[ 6 11 14 19 22 24 25 27 28 30 37 43 52 58 60 61 62 64 70 71 72 73])
Bicluster(rows=[12, 48], cols=[ 2  3  4  5  8 12 13 14 15 16 19 24 29 31 32 33 34 35 38 40 45 46 47 50
 52 60 63 65 70 71 72 73 74])
Bicluster(rows=[12, 49], cols=[ 0  2  6  7 16 19 20 26 29 31 32 33 34 35 38 40 44 46 47 54 58 62 63 64
 69 71 74])
Bicluster(rows=[12, 50], cols=[ 1  2  3  4  7  9 13 15 21 22 24 25 26 28 30 35 37 41 43 44 55 59 61 62
 64 67 69 73 74])
Bicluster(rows=[12, 51], cols=[ 5  7  8 16 24 26 29 31 32 33 34 35 38 40 44 45 47 52 55 60 61 63 68 70
 71 73])
Bicluster(rows=[12, 52], cols=[ 0  6  7  8 10 11 12 13 15 16 17 21 23 25 28 37 41 43 51 54 56 57 58 59
 60 65 70 73 74])
Bicluster(rows=[12, 53], cols=[ 1  7  8 15 16 17 19 23 24 29 32 33 34 35 38 40 41 45 46 47 49 56 57 59
 60 61 62 65 67 69 74])
Bicluster(rows=[12, 54], cols=[ 4  5 14 17 22 23 29 31 32 33 34 35 38 40 41 45 46 47 49 50 51 55 57 64
 74])
Bicluster(rows=[12, 55], cols=[ 0  2  3  5  7 11 14 16 17 19 20 25 27 28 30 37 41 43 50 52 54 57 58 61
 62 63 66 70 74])
Bicluster(rows=[12, 56], cols=[ 1  4  6  8  9 15 16 18 29 32 33 34 38 40 41 46 47 54 59 64 67 71 74])
Bicluster(rows=[12, 57], cols=[ 0  1  2  7 10 11 13 14 15 17 19 22 25 32 33 34 36 39 40 42 49 51 55 56
 59 61 63 66 67 70])
Bicluster(rows=[12, 58], cols=[ 0  2  5  6  7  9 10 11 12 18 19 20 24 27 30 31 37 41 45 53 54 55 59 60
 61 64 65 72 74])
Bicluster(rows=[12, 59], cols=[ 2  3  4  6  7  8 13 14 15 16 17 21 22 23 31 33 36 39 44 45 49 51 54 56
 57 58 63 64])
Bicluster(rows=[12, 60], cols=[ 0  1  2  4  5  9 11 12 14 16 22 29 31 32 33 34 35 38 40 45 46 47 53 54
 57 59 60 61 63 66 68 69 70 72 74])
Bicluster(rows=[12, 61], cols=[ 1  5  9 10 11 18 19 22 23 24 26 30 31 37 41 43 44 45 51 52 53 59 60 61
 62 68 69 70 73 74])
Bicluster(rows=[12, 62], cols=[ 2  8 17 21 22 26 29 31 32 33 34 35 38 40 45 46 47 60 61 63 69 71 73 74])
Bicluster(rows=[12, 63], cols=[ 1  4  6  7  8  9 13 14 18 20 21 24 26 29 31 32 33 34 35 38 40 45 46 47
 52 54 58 64 70 71])
Bicluster(rows=[12, 64], cols=[ 5  9 11 12 13 15 16 20 28 37 39 41 42 47 49 52 53 54 58 62 64 66 68 70
 71 74])
Bicluster(rows=[12, 65], cols=[ 0  2 10 12 14 16 18 19 20 29 32 34 36 38 40 42 46 53 56 60 62 64 67 71
 72])
Bicluster(rows=[12, 66], cols=[ 2  4  6  7  8 15 18 20 21 23 24 28 30 33 36 37 39 40 41 42 45 48 49 50
 52 53 54 55 63 64 66 68 71 73 74])
Bicluster(rows=[12, 67], cols=[ 0  2  3  4  5  6  8  9 10 11 12 13 17 18 21 23 30 31 32 36 38 42 43 45
 50 51 52 53 54 64 68 70 72 73])
Bicluster(rows=[12, 68], cols=[ 2  6  7  8 18 21 24 26 31 33 35 36 37 41 42 49 51 56 58 59 65 72])
Bicluster(rows=[12, 69], cols=[ 0  1  3  5  6 11 12 14 16 17 18 19 20 25 26 29 33 34 40 42 44 46 47 49
 54 64 69 71])
Bicluster(rows=[12, 70], cols=[ 0  1  2  3  5  7  8  9 11 12 14 16 17 18 20 23 25 26 28 29 30 31 35 36
 37 41 43 44 49 50 52 53 60 61 62 64 68 73])
Bicluster(rows=[12, 71], cols=[ 1  5  9 11 14 15 20 24 32 33 42 43 46 50 52 53 55 61 62 63 64 66 68 69
 71 73 74])
Bicluster(rows=[12, 72], cols=[ 0  2  3  5  6  8  9 14 20 22 28 29 30 31 39 40 42 44 45 46 47 49 54 56
 59 63 66 69 71 74])
Bicluster(rows=[12, 73], cols=[ 1  2  3  9 10 14 15 24 26 29 30 31 32 38 39 49 50 52 53 60 61 62 64 68
 69 73])
Bicluster(rows=[12, 74], cols=[ 0  8 12 15 17 18 23 26 27 28 29 36 38 43 48 50 52 53 54 55 63 64 66 68
 70 71 73 74])
Bicluster(rows=[12, 75], cols=[ 1  4  8  9 11 12 16 17 19 24 26 32 37 38 39 40 41 42 46 48 50 52 53 55
 61 62 63 64 66 68 69 71 73 74])
Bicluster(rows=[12, 76], cols=[ 0  3  4  5  7  9 10 12 13 14 16 19 20 21 24 28 30 35 36 37 39 41 43 51
 56 58 59 60 65 72])
Bicluster(rows=[12, 77], cols=[ 2  4  5  7  9 16 17 18 21 23 26 29 31 33 35 36 39 41 42 43 44 47 50 52
 53 55 61 62 63 64 66 68 69 71 73 74])
Bicluster(rows=[12, 78], cols=[ 0  1  2  5  7 10 12 13 14 22 26 31 32 35 36 42 44 45 47 48 49 52 53 61
 62 63 64 66 68 71 73 74])
Bicluster(rows=[12, 79], cols=[ 1  2  4  7  8  9 10 11 12 13 14 15 16 17 18 19 24 26 31 34 36 39 40 44
 49 50 51 55 72])
Bicluster(rows=[12, 80], cols=[ 8 14 19 20 21 28 32 38 39 41 42 45 47 50 52 53 55 61 62 63 64 66 68 69
 71 73 74])
Bicluster(rows=[12, 81], cols=[ 0  5  6  7 19 20 22 29 31 33 34 36 43 47 50 52 53 55 62 63 64 66 68 69
 71 73 74])
Bicluster(rows=[12, 82], cols=[ 0  1  9 10 12 15 20 22 24 25 28 29 31 33 36 38 39 40 41 45 46 54 56 57
 59 63 65 66 70 71 74])
Bicluster(rows=[12, 83], cols=[ 1  2  4  5  6  8 11 12 14 15 16 19 21 23 24 36 39 40 41 42 43 44 45 50
 52 53 55 61 62 63 64 66 68 69 71 73 74])
Bicluster(rows=[12, 84], cols=[ 3  8 10 12 15 17 18 19 23 26 28 30 31 32 33 36 38 40 42 48 50 51 52 53
 54 61 64 68 70 72 73])
Bicluster(rows=[12, 85], cols=[ 0  1  3  6  8 17 23 25 27 29 34 47 48 50 51 52 53 54 55 64 68 70 72 73])
Bicluster(rows=[12, 86], cols=[ 2  5  8  9 10 12 13 15 16 17 20 21 24 26 30 32 35 38 39 40 42 45 49 50
 51 52 53 54 64 68 70 72 73])
Bicluster(rows=[12, 87], cols=[ 0  1  2  3  4  7  8  9 12 13 15 17 18 20 21 22 23 24 25 26 29 31 32 34
 36 40 45 46 49 50 52 53 55 60 61 62 64 68 69 73])
Bicluster(rows=[12, 88], cols=[ 1  2  3  4  6  8  9 12 13 15 17 18 19 25 27 34 36 39 42 44 45 49 51 56
 57 58 59 65 72])
Bicluster(rows=[12, 89], cols=[ 4  7  8  9 10 11 12 13 21 22 23 26 28 29 30 32 33 38 39 43 44 48 50 52
 53 61 62 64 68 73])
Bicluster(rows=[12, 90], cols=[ 0  5  7 11 12 13 16 21 23 26 28 29 31 32 36 45 46 47 49 50 52 53 54 55
 63 64 66 68 71 74])
Bicluster(rows=[12, 91], cols=[ 0  2  3 10 13 16 18 21 26 27 30 31 32 33 34 35 37 39 40 41 44 45 46 49
 50 51 52 53 54 64 68 70 72 73])
Bicluster(rows=[12, 92], cols=[ 1  4  5  8  9 15 19 20 22 24 25 32 34 37 39 43 44 46 48 50 52 53 55 61
 62 63 64 68 69 71 73 74])
Bicluster(rows=[12, 93], cols=[ 0  5  6  8 10 11 12 15 16 18 21 22 23 28 31 32 34 35 36 38 40 47 50 51
 52 53 54 55 70 72])
Bicluster(rows=[12, 94], cols=[ 0  3  5  7  9 10 14 15 17 20 21 22 23 26 32 40 41 49 50 51 52 53 54 64
 68 70 72 73])
Bicluster(rows=[12, 95], cols=[ 2  3  4  5  6 16 26 28 30 31 34 35 36 37 38 42 43 46 48 54 56 57 58 59
 63 65 66 69 70 71 74])
Bicluster(rows=[12, 96], cols=[ 0  2  5  7 10 11 12 13 14 15 17 18 19 20 21 22 24 25 27 28 29 36 39 43
 46 49 50 52 53 61 62 63 64 66 68 69 71 73 74])
Bicluster(rows=[12, 97], cols=[ 0  3  6  7 10 13 14 16 17 18 20 21 22 24 25 26 35 39 41 42 45 46 49 50
 52 53 55 61 62 63 64 66 68 71 73 74])
Bicluster(rows=[12, 98], cols=[11 12 14 15 17 18 22 24 25 27 28 32 33 34 36 39 40 41 42 43 44 45 48 49
 56 57 58 59 65 70])
Bicluster(rows=[12, 99], cols=[ 0  4  7  8  9 14 15 22 25 26 27 31 37 41 44 50 52 53 55 56 57 58 61 62
 63 65 66 72])
Bicluster(rows=[13, 14], cols=[ 0  1  2  3  4  5  6  7  8  9 10 11 12 13 14 15 16 17 18 19 20 21 22 23
 24 35 36 40 47 55 56 58 60 62 68 70 71 72 74])
Bicluster(rows=[13, 15], cols=[ 0  1  2  4  5  6  7  9 10 11 12 13 14 15 16 17 18 19 20 21 22 24 26 29
 34 43 44 46 48 50 51 54 58 59 61 62 63 66 68])
Bicluster(rows=[13, 16], cols=[ 0  2  3  4  5  6  7  9 10 11 12 13 14 15 16 17 18 19 20 21 22 24 27 29
 31 34 40 44 47 49 50 51 52 56 60 67 68 70 72])
Bicluster(rows=[13, 17], cols=[ 0  2  4  5  6  7  9 10 11 12 13 15 16 17 18 19 20 21 24 25 26 27 28 29
 33 37 38 40 43 48 62 63 66 67 70 73 74])
Bicluster(rows=[13, 18], cols=[ 0  1  2  3  4  5  6  7  8  9 10 11 12 13 14 15 16 17 18 19 20 21 22 23
 24 25 26 28 30 32 38 43 46 50 51 56 57 58 62 66 70 71 74])
Bicluster(rows=[13, 19], cols=[ 0  1  2  3  4  5  6  7  8  9 10 11 12 13 14 15 16 17 18 19 20 21 22 23
 24 26 29 34 39 46 48 51 52 56 57 59 60 64 70 73])
Bicluster(rows=[13, 20], cols=[ 0  1  2  3  4  5  6  7  8  9 10 11 12 13 14 15 16 17 18 19 20 21 22 23
 24 28 29 31 38 39 45 46 52 53 55 56 57 58 61 62 63 66 68])
Bicluster(rows=[13, 21], cols=[ 0  1  2  3  4  5  6  7  8  9 10 11 12 13 14 15 16 17 18 19 20 21 22 23
 24 26 28 31 39 43 46 50 51 52 53 56 57 58 59 70 73])
Bicluster(rows=[13, 22], cols=[ 0  1  2  3  4  5  6  7  8  9 10 11 12 13 14 15 16 17 18 19 20 21 22 23
 24 26 28 31 39 43 48 51 52 55 56 58 62 64 70 73])
Bicluster(rows=[13, 23], cols=[ 0  1  2  3  4  5  6  7  8  9 10 11 12 13 14 15 16 17 18 19 20 21 22 23
 24 25 30 32 35 36 45 48 51 55 60 62 69 71 73])
Bicluster(rows=[13, 24], cols=[ 0  1  2  3  4  5  6  7  8  9 10 11 12 13 14 15 16 17 18 19 20 21 22 23
 24 26 38 43 45 46 51 52 53 56 57 59 60 62 73 74])
Bicluster(rows=[13, 25], cols=[ 0  4  7  9 10 11 15 16 17 18 19 21 25 26 31 32 34 35 38 39 48 51 55 56
 58 59 60 64 65 66 70 72 73])
Bicluster(rows=[13, 26], cols=[ 0  2  4  7  9 10 11 12 13 15 16 17 18 20 21 24 25 30 32 36 41 44 45 46
 52 54 61 62 63 67 68 70 72 73 74])
Bicluster(rows=[13, 27], cols=[ 0  1  2  3  4  5  6  7  8  9 10 11 12 13 14 15 16 17 18 19 20 21 22 23
 24 26 28 32 39 50 51 52 53 54 56 57 58 59 61 64 66 70])
Bicluster(rows=[13, 28], cols=[ 0  1  2  3  4  5  6  7  8  9 10 11 12 13 14 15 16 17 18 19 20 21 22 23
 24 25 28 31 34 35 38 45 46 55 56 57 58 59 60 61 62 68 69 70 73 74])
Bicluster(rows=[13, 29], cols=[ 0  1  2  3  4  5  6  7  8  9 10 11 12 13 14 15 16 17 18 19 20 21 22 23
 24 26 31 38 45 46 48 51 52 56 60 70 73 74])
Bicluster(rows=[13, 30], cols=[ 0  1  2  3  4  5  6  7  8  9 10 11 12 13 14 15 16 17 18 19 20 21 22 23
 24 26 38 43 48 49 50 52 53 55 57 58 59 63 68 73 74])
Bicluster(rows=[13, 31], cols=[ 0  1  2  3  4  5  6  7  8  9 10 11 12 13 14 15 16 17 18 19 20 21 22 23
 24 27 28 31 32 33 37 41 50 53 54 58 59 62 63 66 68 72 73])
Bicluster(rows=[13, 32], cols=[ 0  1  2  3  4  5  6  7  8  9 10 11 12 13 14 15 16 17 18 19 20 21 22 24
 25 26 29 30 34 35 36 40 45 46 47 48 52 53 57 60 62 66])
Bicluster(rows=[13, 33], cols=[ 0  2  3  4  6  7 10 12 14 16 17 18 20 21 22 24 25 28 30 31 36 44 47 48
 51 52 55 56 58 59 70 73 74])
Bicluster(rows=[13, 34], cols=[ 2  4 10 12 14 17 19 20 24 25 32 34 38 39 41 43 44 46 54 55 57 58 59 62
 64 70 73 74])
Bicluster(rows=[13, 35], cols=[ 0  1  2  5  8 12 13 17 18 19 20 25 32 33 34 36 37 38 39 43 46 47 50 59
 60 61 67 69])
Bicluster(rows=[13, 36], cols=[ 1  3  5 10 12 16 22 26 28 29 31 32 51 52 53 54 56 60 63 67 68 72 74])
Bicluster(rows=[13, 37], cols=[ 0  2  4  5  6  7  9 10 11 13 15 17 19 20 21 24 27 29 32 33 34 37 41 44
 52 58 59 60 61 64 68 72 73 74])
Bicluster(rows=[13, 38], cols=[ 8 14 19 25 32 33 34 36 37 38 39 43 46 47 48 50 54 62 66 67 68 71 72 74])
Bicluster(rows=[13, 39], cols=[ 2  3  5 12 13 16 17 19 22 27 29 32 33 34 37 41 42 44 51 52 54 55 57 58
 60 61 63])
Bicluster(rows=[13, 40], cols=[ 1  2  4  9 10 11 18 21 22 23 24 29 35 39 43 45 46 48 50 54 58 62 63 66
 67 69 71 72 73])
Bicluster(rows=[13, 41], cols=[ 0  1  3  5  6  7 10 11 13 14 19 21 24 27 32 33 34 37 41 52 56 58 59 61
 64 67 68 70 73 74])
Bicluster(rows=[13, 42], cols=[ 0  4  5  8 10 12 13 14 16 17 20 21 24 32 34 39 41 43 44 50 51 52 53 57
 58 61 62 63 65 66 68 71])
Bicluster(rows=[13, 43], cols=[ 0  1  4  7  8 10 13 14 15 17 19 24 35 38 39 43 45 46 48 50 51 54 55 58
 60 62 64 66 68 69])
Bicluster(rows=[13, 44], cols=[ 1  3  4  5  7 13 18 20 23 25 32 34 38 39 41 43 44 46 51 53 56 58 59 62
 63 66 67 68 72 73 74])
Bicluster(rows=[13, 45], cols=[ 3  5  6 11 12 16 17 19 20 23 24 25 32 34 36 38 39 41 43 46 47 48 52 54
 58 66 67 68 70])
Bicluster(rows=[13, 46], cols=[ 0  1  3  4  5  6  9 14 15 17 18 22 24 25 32 33 34 37 38 39 43 46 47 52
 56 57 58 59 66 68 70 72])
Bicluster(rows=[13, 47], cols=[ 1  2  4  6  7  9 12 15 16 17 18 22 24 35 38 45 48 51 52 55 56 59 64 70
 74])
Bicluster(rows=[13, 48], cols=[ 1  3  5  6  9 10 11 14 15 16 17 18 19 21 22 25 28 31 38 44 46 47 48 51
 52 53 56 59 61 64 65 66 73])
Bicluster(rows=[13, 49], cols=[ 4  9 10 14 15 23 25 28 30 31 36 38 41 44 46 47 48 53 54 56 61 62 63 64
 65 68 69 72])
Bicluster(rows=[13, 50], cols=[ 3  6  8 10 14 16 19 20 23 27 29 32 33 34 37 41 42 44 50 51 53 55 58 60
 63 64 67 73])
Bicluster(rows=[13, 51], cols=[ 2  3  4  6  8  9 11 12 13 18 19 20 21 22 35 38 45 48 51 53 56 58 60 71])
Bicluster(rows=[13, 52], cols=[ 0  1  7 15 16 17 20 21 22 30 35 38 39 40 43 45 46 48 50 53 54 55 56 57
 61 66 67 69 71 72])
Bicluster(rows=[13, 53], cols=[ 1  2  4  8 14 17 20 21 25 26 30 36 45 47 50 52 53 55 56 57 60 64 68 69
 74])
Bicluster(rows=[13, 54], cols=[ 2  9 10 11 12 19 21 23 24 27 29 32 34 41 44 50 54 56 58 59 60 63 64 70
 72])
Bicluster(rows=[13, 55], cols=[ 1  2  3  4  6  7 10 11 13 14 16 17 18 19 20 27 29 32 33 34 37 41 42 44
 51 56 59 62 64 66 68 71])
Bicluster(rows=[13, 56], cols=[ 4  5  6 13 16 17 18 20 22 25 28 31 36 38 41 44 46 47 48 50 51 52 53 55
 57 59 60 64 67 69 70 73 74])
Bicluster(rows=[13, 57], cols=[ 1  2  7  8 11 13 15 18 22 25 28 31 38 39 41 43 44 46 48 54 57 62 65 69
 70 71 74])
Bicluster(rows=[13, 58], cols=[ 0  1  2  3  7  8  9 10 11 12 14 18 19 20 22 24 25 28 30 31 36 44 47 48
 51 52 53 59 61 64 66 68])
Bicluster(rows=[13, 59], cols=[ 3 12 17 18 20 21 24 27 29 32 33 34 37 41 44 53 54 57 61 63 65 66 74])
Bicluster(rows=[13, 60], cols=[ 0  1  3  4  7  9 10 11 12 14 20 22 25 28 31 36 38 44 46 47 48 50 59 64
 70 71 72 73 74])
Bicluster(rows=[13, 61], cols=[ 0  1  3  4  5  7 12 14 15 16 17 20 21 22 24 25 26 30 36 45 47 52 53 55
 56 58 64 65 66 68 74])
Bicluster(rows=[13, 62], cols=[ 1  5  7  9 10 11 12 13 15 17 19 20 24 25 28 30 31 36 44 47 48 51 52 55
 57 58 62 64 68 70 73 74])
Bicluster(rows=[13, 63], cols=[ 4  5  6  7 18 19 20 21 22 24 26 27 31 33 37 41 42 50 59 60 61 65 72])
Bicluster(rows=[13, 64], cols=[ 2  4  6 11 12 14 15 17 18 19 21 22 24 32 34 39 41 43 44 51 62 64 73])
Bicluster(rows=[13, 65], cols=[ 0  1  2  5  6  7 10 11 12 13 14 15 16 18 19 23 29 32 34 41 44 51 52 53
 54 55 56 68 70])
Bicluster(rows=[13, 66], cols=[ 1  2  4  6  7  9 12 14 15 16 18 19 20 24 30 43 46 47 50 52 53 58 61 64
 68 74])
Bicluster(rows=[13, 67], cols=[ 1  3  7 15 23 27 29 31 34 38 44 49 52 55 56 57 60 63 64 66 72 73])
Bicluster(rows=[13, 68], cols=[ 9 10 11 15 20 22 25 29 34 36 40 41 45 47 52 53 55 56 57 60 61 63 64 66
 68 72 73])
Bicluster(rows=[13, 69], cols=[ 0  1  3  7 11 14 16 17 18 19 20 22 24 26 31 35 38 43 45 47 48 56 62 70
 71 73])
Bicluster(rows=[13, 70], cols=[ 1  5  7  9 10 12 13 18 20 25 26 30 35 38 39 40 45 46 47 48 50 52 53 55
 56 58 59 60 61 63 64 66 68 72])
Bicluster(rows=[13, 71], cols=[ 8 12 13 16 17 18 19 21 23 26 29 31 32 33 39 42 46 47 52 53 55 56 57 58
 59 60 61 63 64 66 68 72])
Bicluster(rows=[13, 72], cols=[ 0  5  6  7  8  9 14 15 19 20 22 25 28 33 35 36 38 39 43 45 55 56 57 69
 71])
Bicluster(rows=[13, 73], cols=[ 0  1  2  8 11 12 15 17 19 21 23 24 26 27 29 30 31 36 37 40 42 43 44 47
 50 53 54 58 59 61 63 65 66 67 68 72])
Bicluster(rows=[13, 74], cols=[ 5  8 11 13 22 33 35 37 38 40 41 46 52 56 57 59 62 69 70 71 73 74])
Bicluster(rows=[13, 75], cols=[ 0  2  3  6 10 15 18 23 27 28 29 32 33 37 38 41 42 45 46 48 49 52 53 55
 56 57 58 60 61 63 64 66 68 72 73])
Bicluster(rows=[13, 76], cols=[ 0  5  7  9 12 13 14 16 19 20 24 27 29 32 34 37 38 39 41 44 53 54 55 56
 58 59 60 63 68])
Bicluster(rows=[13, 77], cols=[ 3  4  7  8  9 13 17 18 21 26 27 31 32 39 43 48 50 54 63 65 66 67 72])
Bicluster(rows=[13, 78], cols=[ 1  2  5  9 11 13 15 16 19 21 22 26 27 28 33 35 38 39 40 41 43 45 46 50
 53 61 64 65 67 68 70 74])
Bicluster(rows=[13, 79], cols=[ 0  4  9 10 11 14 15 16 18 19 20 21 26 28 31 39 43 46 52 55 56 57 60 63
 64 66 72])
Bicluster(rows=[13, 80], cols=[ 0  3  4 10 11 12 13 16 24 25 26 27 31 32 33 36 37 41 42 52 53 55 56 57
 58 59 60 61 63 64 66 68 72 73])
Bicluster(rows=[13, 81], cols=[ 1  2  5  9 10 11 12 14 15 18 21 22 24 26 29 30 36 37 40 48 50 52 53 58
 59 62 64 68 70 73 74])
Bicluster(rows=[13, 82], cols=[ 0  9 10 12 14 15 19 20 23 24 25 26 29 30 37 39 42 49 52 53 55 56 57 58
 60 61 63 64 66 68 72 73])
Bicluster(rows=[13, 83], cols=[ 3  4  7  9 10 11 12 13 14 16 17 19 20 21 22 26 28 29 31 32 34 35 41 51
 55 57 60 62 70 73 74])
Bicluster(rows=[13, 84], cols=[ 2  4  7  8  9 14 15 21 26 27 30 32 34 37 39 43 44 47 50 53 61 62 64 65
 67 69 70 71 74])
Bicluster(rows=[13, 85], cols=[ 0  2  3  4  5 12 14 16 18 19 20 22 23 24 27 28 30 33 34 38 40 42 43 45
 46 52 53 55 56 57 58 59 60 61 63 64 66 68 72])
Bicluster(rows=[13, 86], cols=[ 0  4  5  9 13 14 15 16 19 20 22 26 28 30 32 33 35 36 44 45 46 47 48 50
 53 61 62 64 65 67 70 71 74])
Bicluster(rows=[13, 87], cols=[ 0  2  9 10 12 13 14 18 19 22 24 25 26 28 29 32 37 38 43 45 47 50 53 58
 59 61 63 65 66 68 72])
Bicluster(rows=[13, 88], cols=[ 1  2  3  4  6  8  9 13 14 15 16 17 18 19 20 27 29 31 39 40 45 46 48 52
 53 55 56 58 59 61 63 64 66 68 72])
Bicluster(rows=[13, 89], cols=[ 3  5 10 12 13 14 15 22 26 29 30 31 32 42 46 47 52 53 55 56 58 59 60 61
 63 64 66 68 72])
Bicluster(rows=[13, 90], cols=[ 1  3  4  8  9 14 18 20 23 27 31 33 41 42 46 47 52 53 55 56 57 58 60 61
 63 64 66 68 72 73])
Bicluster(rows=[13, 91], cols=[ 1  7 11 12 14 15 17 27 31 32 34 37 41 42 43 46 52 53 55 56 57 60 61 63
 64 68 72])
Bicluster(rows=[13, 92], cols=[ 6 10 12 13 14 17 21 23 26 27 29 31 34 37 38 44 48 51 52 53 56 58 59 61
 64 66 68 72])
Bicluster(rows=[13, 93], cols=[ 2  3  4  9 19 20 23 26 27 29 31 32 34 38 42 45 52 53 55 56 57 58 60 61
 63 64 68])
Bicluster(rows=[13, 94], cols=[ 0  3  5  7  9 10 14 15 17 20 22 23 25 26 28 30 33 35 36 39 40 41 42 43
 48 62 63 66 70 72])
Bicluster(rows=[13, 95], cols=[ 4 10 14 16 19 22 23 27 28 29 31 33 34 41 42 43 49 52 53 55 56 57 58 60
 61 63 64 66 68 72 73])
Bicluster(rows=[13, 96], cols=[ 0  1  2  3  6  7  8 10 11 13 14 15 17 18 19 21 22 24 26 28 29 38 39 44
 45 48 51 54 65 66 67])
Bicluster(rows=[13, 97], cols=[ 0  1  6  7  9 10 11 13 17 18 20 21 22 25 27 28 35 36 38 39 43 44 48 51
 54 61 65 66 67])
Bicluster(rows=[13, 98], cols=[ 6 13 18 20 23 25 31 37 38 41 42 43 44 46 49 52 53 55 56 57 58 59 60 61
 63 64 66 68 72 73])
Bicluster(rows=[13, 99], cols=[ 0  1  3  4  7 10 13 15 22 25 26 28 31 34 35 36 39 40 43 45 46 47 48 50
 51 52 53 54 56 57 59 60 61 66 71 74])
Bicluster(rows=[14, 15], cols=[ 0  1  2  3  4  5  6  7  9 10 11 12 13 14 15 16 17 18 19 20 21 22 24 29
 30 32 33 35 39 42 45 47 50 51 52 54 55 59 61 68 69 72 73 74])
Bicluster(rows=[14, 16], cols=[ 0  1  2  3  4  5  6  7  8  9 10 11 12 13 14 15 16 17 18 19 20 21 22 23
 24 26 34 35 39 46 53 55 56 61 65 68 73 74])
Bicluster(rows=[14, 17], cols=[ 0  1  2  4  5  6  7  9 10 11 12 13 15 16 17 18 19 20 21 22 24 31 36 38
 40 41 44 53 59 61 65])
Bicluster(rows=[14, 18], cols=[ 0  2  4  7  9 10 11 12 13 14 15 16 17 18 19 20 21 24 25 26 28 29 31 34
 37 42 43 46 49 52 54 58 59 60 63 64 70 71 73 74])
Bicluster(rows=[14, 19], cols=[ 0  4  9 11 16 17 18 19 21 26 31 33 44 45 46 48 49 50 57 59 61 62 63 66
 71])
Bicluster(rows=[14, 20], cols=[ 2  4  6  7  9 10 12 13 15 16 17 18 20 24 26 28 29 35 36 40 41 43 44 52
 53 54 55 56 60 61 65 68 69 70 71 73 74])
Bicluster(rows=[14, 21], cols=[ 3 23 26 29 31 32 35 36 37 38 42 43 44 45 46 47 52 57 61 63 67 71 73 74])
Bicluster(rows=[14, 22], cols=[ 3 14 19 27 28 29 30 31 37 39 40 41 42 43 44 45 47 48 52 53 60 61 64 67
 71 73])
Bicluster(rows=[14, 23], cols=[ 0  1  2  3  4  5  6  7  9 10 11 12 13 14 15 16 17 18 19 20 21 22 23 24
 26 28 29 30 31 34 35 36 37 38 39 41 42 43 46 55 57 60 62 63 64 74])
Bicluster(rows=[14, 24], cols=[ 0  4  7  9 10 11 14 15 16 17 18 19 21 28 30 31 32 33 35 37 39 43 45 49
 51 54 59 60 61 64 65 66 68 74])
Bicluster(rows=[14, 25], cols=[ 1  2  5  6 12 13 20 22 24 25 26 27 33 34 36 37 41 44 45 47 48 49 50 51
 59 64 66 67 71 72 73])
Bicluster(rows=[14, 26], cols=[ 0  2  3  4  6  7  9 10 11 12 13 14 15 16 17 18 19 20 21 23 24 26 34 35
 41 44 49 53 54 55 58 60 61 66 69])
Bicluster(rows=[14, 27], cols=[ 2  4  7  9 10 12 13 15 16 17 18 20 24 33 34 35 36 39 43 49 50 51 55 59
 61 70 71 72 73])
Bicluster(rows=[14, 28], cols=[ 0  1  2  3  4  5  6  7  9 10 11 12 13 14 15 16 17 18 19 20 21 22 23 24
 26 30 32 39 41 42 43 44 45 46 49 51 58 60 62 63 66 70 72])
Bicluster(rows=[14, 29], cols=[ 0  2  3  4  5  6  7  9 10 11 12 13 14 15 16 17 18 19 20 21 24 28 32 33
 34 36 39 43 44 45 51 57 64 66 68 69 70 74])
Bicluster(rows=[14, 30], cols=[ 0  3  4  7  9 10 11 14 15 16 17 18 19 21 30 32 34 35 38 39 44 51 55 56
 58 59 61 66 68 69 74])
Bicluster(rows=[14, 31], cols=[ 0  2  4  5  6  7  9 10 11 12 13 15 16 17 18 19 20 21 24 25 26 27 28 30
 31 32 35 41 42 43 44 45 46 47 48 49 50 52 54 59 60 65 68 71])
Bicluster(rows=[14, 32], cols=[ 0  1  2  3  4  5  6  7  8  9 10 11 12 13 14 15 16 17 18 19 20 21 22 23
 24 25 28 36 38 39 40 42 43 44 50 51 59 60 62 63 64 68 69 73])
Bicluster(rows=[14, 33], cols=[ 0  2  3  4  5  6  7 10 12 14 16 17 18 20 21 22 24 25 29 33 34 36 38 39
 42 43 46 47 49 53 55 56 58 59 61 63 64 66 68 70 74])
Bicluster(rows=[14, 34], cols=[ 1  2  4  7 10 12 16 17 20 22 24 26 30 31 33 34 41 44 45 49 54 56 59 60
 64 65 68])
Bicluster(rows=[14, 35], cols=[ 1  2  4  5  7  8 13 14 15 21 22 24 26 37 40 41 45 50 51 58 59 60 66 68
 70 71 72 74])
Bicluster(rows=[14, 36], cols=[ 0  2  7 13 14 17 18 24 26 32 36 37 39 40 41 42 43 45 46 52 53 57 63 69
 70 72 73])
Bicluster(rows=[14, 37], cols=[ 0  1  2  3  4  6  9 10 11 12 13 14 15 17 19 20 21 22 26 27 29 32 36 37
 38 39 40 41 42 43 45 46 47 48 58 59 61 62 64 65 68 69])
Bicluster(rows=[14, 38], cols=[ 0  4  5  8 17 18 20 21 22 23 26 32 37 39 40 41 42 45 46 50 54 57 59 60
 65 73 74])
Bicluster(rows=[14, 39], cols=[ 1  7  9 10 14 18 26 29 31 32 36 37 38 39 40 41 42 43 44 45 46 47 52 54
 56 63 71 73 74])
Bicluster(rows=[14, 40], cols=[ 6  7 12 13 15 16 19 26 32 37 39 40 41 42 45 46 52 53 55 56 57 58 60 66
 70 71 73])
Bicluster(rows=[14, 41], cols=[ 0  3  7  9 10 11 12 13 14 15 17 20 21 22 23 24 26 30 31 33 41 45 49 55
 56 58 63 68 72])
Bicluster(rows=[14, 42], cols=[ 5  7 10 12 13 16 19 20 22 26 32 37 39 40 41 42 45 46 53 55 59 60 61 72
 73 74])
Bicluster(rows=[14, 43], cols=[ 3  9 11 16 18 20 23 25 27 29 31 32 35 36 37 38 39 40 41 43 45 46 47 48
 53 55 57 63 67 69])
Bicluster(rows=[14, 44], cols=[ 0  1  4  5  7  8  9 13 15 16 18 20 21 26 28 30 31 33 34 41 44 49 52 55
 56 57 59 60 65 66 68 69 71])
Bicluster(rows=[14, 45], cols=[ 5  6  8  9 11 12 14 15 17 18 20 21 24 26 30 31 33 34 41 45 49 54 55 61
 62 64 66 68 70 72 73 74])
Bicluster(rows=[14, 46], cols=[ 4  6  8  9 10 11 13 15 16 17 18 19 21 22 24 26 28 30 31 33 34 41 44 49
 56 59 62 64 65 66 68])
Bicluster(rows=[14, 47], cols=[ 2  4  7  9 12 13 15 16 17 18 26 27 29 32 36 37 38 39 40 41 42 43 45 46
 47 56 57 62 63 74])
Bicluster(rows=[14, 48], cols=[ 2  3  5  8 11 12 14 15 16 17 18 19 21 23 24 25 28 29 33 34 36 38 39 42
 43 46 47 50 51 54 59 60 63 68 69])
Bicluster(rows=[14, 49], cols=[ 1  8 11 13 24 25 27 29 31 32 35 37 38 40 41 43 44 45 46 47 48 50 51 53
 54 60 61 66 71])
Bicluster(rows=[14, 50], cols=[ 5  6 10 16 20 25 26 27 29 31 32 35 36 37 38 39 40 41 43 44 45 46 47 48
 50 51 55 58 62 65 66 67 69 71 72 74])
Bicluster(rows=[14, 51], cols=[ 2  3  4  6  9 11 12 13 18 20 21 22 26 31 33 37 40 41 42 45 50 56 58 59
 60 66 68 69 71])
Bicluster(rows=[14, 52], cols=[ 6  8 10 11 12 13 14 15 18 26 27 29 32 36 37 38 39 40 41 42 43 45 46 47
 48 52 57 63 66 68 70 71])
Bicluster(rows=[14, 53], cols=[ 1  2  4  8 14 17 20 21 25 28 29 31 33 36 38 39 40 43 46 47 54 55 59 60
 73 74])
Bicluster(rows=[14, 54], cols=[ 0  2  3  9 11 12 16 21 24 26 31 32 37 39 40 41 42 43 45 46 50 52 55 56
 57 58 59 61 64 65 69 70 73])
Bicluster(rows=[14, 55], cols=[ 2  4  5  7 10 13 16 17 18 20 26 27 29 32 36 37 38 39 40 41 42 43 45 46
 47 48 55 56 57 59 60 64 65 66 68 69 70 72 74])
Bicluster(rows=[14, 56], cols=[ 0  1  5  6  8 11 12 13 14 17 19 20 21 22 26 30 31 33 34 41 45 49 50 51
 53 54 55 56 58 62 64 65 67 68 69 70 72 74])
Bicluster(rows=[14, 57], cols=[ 0  1  3  5  6 10 12 14 16 17 19 22 24 28 30 31 33 34 44 49 54 56 60 61
 63 66 68 69 70 72])
Bicluster(rows=[14, 58], cols=[ 0  1  2  3  5  6  7  8  9 10 11 12 14 16 18 19 20 24 25 28 29 33 34 36
 38 39 42 43 46 47 58 59 65 68 72])
Bicluster(rows=[14, 59], cols=[12 14 18 20 21 23 24 26 32 37 39 40 41 42 43 45 46 50 52 53 54 55 58 60
 63 66 68 69 71 72 73])
Bicluster(rows=[14, 60], cols=[ 1  6 10 15 17 18 20 22 23 26 28 30 31 33 34 41 44 49 50 52 54 55 56 57
 58 60 63 64 65 66 68 70 74])
Bicluster(rows=[14, 61], cols=[ 0  2  3  4  6  7 12 13 14 15 16 17 21 25 27 29 31 32 35 36 37 38 39 40
 41 43 45 46 47 48 50 51 55 56 60 62 63 65 68 74])
Bicluster(rows=[14, 62], cols=[ 2  7  9 10 11 12 13 17 19 25 28 29 33 34 36 38 39 43 46 47 51 54 55 59
 61 62 63 64 68 70 74])
Bicluster(rows=[14, 63], cols=[ 1  2  4  5  6  7  9 14 20 21 22 24 25 27 29 31 32 37 38 39 40 41 43 46
 47 48 50 52 55 58 59 61 62 64 66 69 70])
Bicluster(rows=[14, 64], cols=[ 2  3  4  5  8 12 13 14 15 17 18 19 20 21 23 26 30 31 33 41 44 45 49 60
 66 70])
Bicluster(rows=[14, 65], cols=[ 3  6  7  8 11 12 13 15 16 18 22 26 27 29 32 36 37 38 39 40 41 42 43 45
 46 47 48 51 53 57 58 65 66 68 69 71 72 73 74])
Bicluster(rows=[14, 66], cols=[ 1  2  4  6  7 18 20 21 23 24 33 34 35 40 44 48 49 50 53 54 57 61 62 64
 66 69 70 72 73])
Bicluster(rows=[14, 67], cols=[ 0  2  3  4  6  9 10 11 13 17 18 19 20 21 23 24 31 32 35 36 37 38 42 52
 53 54 57 61 62 63 64 66 67 69 70 72 73])
Bicluster(rows=[14, 68], cols=[ 3  4 12 13 14 16 17 25 27 34 35 44 45 46 48 50 53 54 57 61 62 63 64 66
 70 72 74])
Bicluster(rows=[14, 69], cols=[ 0  1  5  6  7 11 12 14 16 17 18 19 20 22 29 30 33 34 37 41 45 46 47 49
 51 56 59 62 63 64 68 74])
Bicluster(rows=[14, 70], cols=[ 1  2  4  5  6  8 11 14 15 17 21 23 24 30 31 33 34 39 46 49 50 52 53 54
 60 61 71 73])
Bicluster(rows=[14, 71], cols=[ 1  4  5  9 11 14 15 20 23 24 25 26 27 28 33 34 36 41 42 45 46 50 51 52
 53 54 57 61 63 64 66 73 74])
Bicluster(rows=[14, 72], cols=[ 0  1  7  9 14 15 19 20 29 30 31 34 35 36 37 40 41 42 44 46 47 54 55 59
 61 64 71])
Bicluster(rows=[14, 73], cols=[ 1  2  3  6  7  8  9 10 13 14 15 18 22 24 27 28 29 30 31 37 38 44 45 50
 52 53 54 57 60 61 71 73])
Bicluster(rows=[14, 74], cols=[ 1  2  4  6 10 16 19 20 21 24 26 27 31 32 36 40 42 43 45 46 49 50 53 54
 55 59 60 61 64 71])
Bicluster(rows=[14, 75], cols=[ 1  4  7  8  9 11 12 16 17 19 24 35 36 38 42 44 45 46 48 50 52 53 54 57
 61 62 63 64 66 73 74])
Bicluster(rows=[14, 76], cols=[ 0  1  4 10 12 13 14 16 19 21 23 26 33 34 35 37 40 42 43 44 49 54 56 58
 61 64 65 68 71])
Bicluster(rows=[14, 77], cols=[ 2  4  5  7  9 16 17 18 21 23 29 30 33 34 40 44 45 47 50 51 52 53 54 57
 61 63 64 71 73 74])
Bicluster(rows=[14, 78], cols=[ 0  1  2  5  7 10 12 14 22 25 27 28 37 39 42 44 46 47 48 49 52 53 54 57
 61 63 66 72 73 74])
Bicluster(rows=[14, 79], cols=[ 6 22 25 26 31 32 33 36 37 38 39 40 41 44 46 52 53 54 61 62 64 69 70 72
 73])
Bicluster(rows=[14, 80], cols=[ 1  6  7 14 21 22 25 26 28 32 33 38 39 42 45 46 47 50 51 52 53 54 57 61
 71 73])
Bicluster(rows=[14, 81], cols=[ 0  5  6  7 19 20 22 23 25 28 29 30 31 33 45 47 50 51 52 53 54 57 61 62
 63 64 66 72 73 74])
Bicluster(rows=[14, 82], cols=[ 1  9 10 11 12 15 20 21 22 24 30 31 32 33 35 38 40 42 44 46 51 56 58 62
 63 65 66 68 70 74])
Bicluster(rows=[14, 83], cols=[ 1  2  3  4  5  6  8 11 14 15 16 19 21 23 24 25 26 30 37 40 50 51 52 53
 54 57 61 63 71 73 74])
Bicluster(rows=[14, 84], cols=[ 3  8 10 12 16 17 19 22 23 25 27 28 30 31 32 36 37 38 39 40 41 42 44 48
 49 52 53 54 57 61 62 63 66 72 73 74])
Bicluster(rows=[14, 85], cols=[ 9 10 13 21 28 32 33 36 38 43 44 45 46 47 50 51 53 54 61 62 63 64 66 74])
Bicluster(rows=[14, 86], cols=[ 2  5 10 11 12 13 17 18 21 22 24 25 28 32 34 37 38 40 42 49 52 53 54 57
 61 62 63 64 66 69 70 72 73])
Bicluster(rows=[14, 87], cols=[ 0  1  2  3  4  7  8  9 10 12 13 15 17 18 20 21 22 23 24 28 29 30 32 34
 35 37 40 44 46 49 50 52 53 54 55 57 60 61 71 73])
Bicluster(rows=[14, 88], cols=[ 1  2  4  6  9 11 12 13 15 17 18 22 23 26 27 29 30 31 33 38 47 49 51 54
 55 59 61 64 71 74])
Bicluster(rows=[14, 89], cols=[ 1  4  5  7  9 11 17 18 21 25 27 28 29 30 32 34 36 37 38 41 45 48 50 52
 53 54 55 60 61 71 73])
Bicluster(rows=[14, 90], cols=[ 6  7 15 17 22 29 31 32 33 34 35 36 39 42 46 47 50 51 52 53 54 57 61 63
 73 74])
Bicluster(rows=[14, 91], cols=[ 5  6  7 11 12 14 15 17 18 20 22 23 24 27 28 29 31 33 37 38 39 40 41 42
 44 45 47 48 49 56 58 62 64 65 68 70 71 74])
Bicluster(rows=[14, 92], cols=[ 1  3  4  5  8  9 15 19 20 22 24 26 28 30 32 34 35 36 38 45 46 48 50 51
 52 53 54 57 61 63 64 71 73 74])
Bicluster(rows=[14, 93], cols=[ 0  1  6  7  8 11 15 16 18 22 26 31 32 33 38 39 40 41 46 47 50 52 53 54
 57 61 62 64 66 69 70 72 73])
Bicluster(rows=[14, 94], cols=[ 0  1  3  6  7  9 10 14 15 16 20 21 22 23 27 28 35 36 40 44 49 50 52 53
 54 57 61 62 64 69 70 72 73])
Bicluster(rows=[14, 95], cols=[ 0  7 11 13 15 17 21 24 31 37 44 50 52 53 54 57 61 62 63 64 66 72 73])
Bicluster(rows=[14, 96], cols=[ 0  1  2  3  7  8 11 12 13 14 17 18 19 20 21 22 23 24 28 30 31 32 34 40
 41 43 45 69 72])
Bicluster(rows=[14, 97], cols=[ 0  3  6  7  9 10 11 13 14 17 18 20 21 23 24 44 46 49 50 52 53 54 57 61
 62 63 64 66 70 72 73])
Bicluster(rows=[14, 98], cols=[ 4  5  6  7  8 13 16 20 26 29 32 39 40 42 44 47 48 51 55 59 62 63 64 65
 66 68 70 74])
Bicluster(rows=[14, 99], cols=[ 3  5 12 17 18 20 24 27 29 31 32 34 36 37 38 41 44 45 46 47 51 55 57 59
 62 63 66 70 71 73])
Bicluster(rows=[15, 16], cols=[ 0  1  2  3  4  5  6  7  8  9 10 11 12 13 14 15 16 17 18 19 20 21 22 23
 24 25 28 30 31 39 40 43 48 49 51 55 57 59 61 65 66 67 68 73 74])
Bicluster(rows=[15, 17], cols=[ 0  1  2  3  4  5  6  7  9 10 11 12 13 14 15 16 17 18 19 20 21 22 23 24
 26 29 30 31 34 35 39 41 42 43 45 48 51 52 53 55 56 62 63 64 65 66 69 72])
Bicluster(rows=[15, 18], cols=[ 0  2  4  7  9 10 11 15 16 17 18 20 21 24 29 36 39 42 51 54 57 59 64 65
 73 74])
Bicluster(rows=[15, 19], cols=[ 2  5  6  7 10 12 13 15 20 24 25 26 28 31 33 34 36 39 42 46 47 49 53 59
 64 68 72 73 74])
Bicluster(rows=[15, 20], cols=[ 2  4  7  9 10 11 12 13 15 16 17 18 20 21 24 25 31 35 37 42 44 52 54 58
 60 62 63 66 67 68 69 73 74])
Bicluster(rows=[15, 21], cols=[ 2  7 10 12 13 15 20 24 25 26 28 30 36 41 51 58 59 61 63 71 72])
Bicluster(rows=[15, 22], cols=[ 2  6 12 13 20 24 27 28 33 34 35 39 43 45 51 54 58 60 61 64 65 66 68 71
 72])
Bicluster(rows=[15, 23], cols=[ 0  2  4  7  9 10 11 12 13 15 16 17 18 20 21 24 28 29 30 35 39 42 49 55
 56 60 61 66 70 71 73])
Bicluster(rows=[15, 24], cols=[ 2  5  6 12 13 20 24 27 30 31 36 37 42 43 47 51 55 57 59 62 65 68 70 71
 72])
Bicluster(rows=[15, 25], cols=[ 1  2  4  5  6  7  9 10 12 13 15 16 17 18 20 21 22 24 30 31 33 36 43 45
 47 51 54 56 60 62 63 71 72 73])
Bicluster(rows=[15, 26], cols=[ 0  2  4  6  7  9 10 11 12 13 14 15 16 17 18 19 20 21 24 27 31 35 43 46
 50 56 57 59 67 68])
Bicluster(rows=[15, 27], cols=[ 0  1  2  4  5  6  7  8  9 10 11 12 13 15 16 17 18 20 21 22 24 25 27 31
 33 35 36 40 42 50 51 54 55 57 58 61 65 67 71])
Bicluster(rows=[15, 28], cols=[ 0  4  7  9 10 11 14 16 17 18 19 21 29 30 31 32 39 40 44 49 50 52 56 57
 58 60 68 70 74])
Bicluster(rows=[15, 29], cols=[ 0  2  4  7  9 10 11 12 13 15 16 17 18 20 21 24 25 28 29 31 32 33 34 35
 39 44 45 49 56 60 61 62 64 68 74])
Bicluster(rows=[15, 30], cols=[ 0  4  7  9 10 11 15 16 17 18 19 21 28 29 30 32 34 38 40 42 44 53 55 59
 62 66 68 69 71])
Bicluster(rows=[15, 31], cols=[ 0  1  2  3  4  5  6  7  8  9 10 11 12 13 14 15 16 17 18 19 20 21 22 24
 30 34 35 39 42 45 47 50 52 54 55 56 57 58 61 62 64 66 67 68 70 71])
Bicluster(rows=[15, 32], cols=[ 0  1  2  3  4  5  6  7  9 10 11 12 13 14 15 16 17 18 19 20 21 22 24 26
 27 30 33 35 36 39 42 46 51 53 54 55 56 57 58 59 67 68 73 74])
Bicluster(rows=[15, 33], cols=[ 2  4  5  6  8 10 12 16 17 18 22 23 24 38 39 41 49 51 55 61 62 64 65 67
 68 73 74])
Bicluster(rows=[15, 34], cols=[ 2  6  8 10 12 13 15 17 22 23 27 36 40 41 42 46 51 55 56 57 65 66 67 68
 74])
Bicluster(rows=[15, 35], cols=[ 0  1  2  4  5  8 11 12 13 17 18 19 20 22 24 28 30 33 43 44 45 46 50 51
 53 56 57 61 62 65 69 71 72 74])
Bicluster(rows=[15, 36], cols=[ 1  3  5 10 12 15 16 20 22 23 26 29 30 31 33 36 42 47 51 54 57 58 61 64
 65 66 70 71])
Bicluster(rows=[15, 37], cols=[ 0  1  2  3  4  5  6  7  9 10 11 12 13 15 17 19 20 21 22 23 28 29 32 34
 36 39 44 45 47 49 53 57 59 61 65 68 70 71])
Bicluster(rows=[15, 38], cols=[ 0  3  4  5 17 18 20 21 22 23 25 28 30 34 36 42 44 45 49 50 54 60 63 66
 70 71 74])
Bicluster(rows=[15, 39], cols=[ 2  5  8 12 13 17 22 28 32 34 39 44 45 47 49 51 52 53 54 55 58 61 63 65
 70 71 73])
Bicluster(rows=[15, 40], cols=[ 1  2  4 11 12 18 22 23 24 25 27 36 40 41 42 43 46 50 53 54 55 56 58 62
 64 66 72])
Bicluster(rows=[15, 41], cols=[ 0  1  3  5  6  7  8 10 11 12 13 14 15 17 21 23 24 25 28 30 34 42 43 44
 45 51 55 57 58 71 72])
Bicluster(rows=[15, 42], cols=[ 0  3  4  5  7 10 12 13 16 19 20 21 24 25 28 30 34 36 42 44 45 49 51 55
 56 58 61 62 63 64 66 67 70 72 73 74])
Bicluster(rows=[15, 43], cols=[ 0  5  7 13 15 17 19 24 27 37 40 41 48 50 51 53 54 57 58 62 68 72 74])
Bicluster(rows=[15, 44], cols=[ 0  1  5  6  7  9 13 15 16 18 20 21 25 28 30 42 43 44 45 51 52 58 59 60
 63 65 70])
Bicluster(rows=[15, 45], cols=[ 3  5  6  8 11 12 14 15 16 17 19 20 21 23 24 28 33 43 44 45 46 53 54 55
 56 57 58 64 65 68 72 73 74])
Bicluster(rows=[15, 46], cols=[ 0  3  4  8 13 14 15 17 18 23 24 27 29 30 37 40 41 46 47 50 56 61 62 63
 65 67 68 69 70 72])
Bicluster(rows=[15, 47], cols=[ 0  2  3  4  7  8  9 12 13 15 16 17 18 23 28 29 34 36 39 44 45 47 49 55
 58 65 66 67 71 74])
Bicluster(rows=[15, 48], cols=[ 2  3  4 13 14 16 20 23 26 29 31 33 39 47 49 50 54 56 57 59 71 72 73 74])
Bicluster(rows=[15, 49], cols=[ 4  5  9 10 14 15 23 27 40 44 48 50 52 54 55 57 59 61 62 65 66 67 68 69
 71 72 73 74])
Bicluster(rows=[15, 50], cols=[ 5  6  8 10 14 16 19 23 28 29 34 35 39 45 47 49 50 51 57 59 69 71 72 74])
Bicluster(rows=[15, 51], cols=[ 2  3  4 11 18 20 21 25 28 29 32 34 36 39 42 44 47 49 50 53 57 59 60 61
 63 65 67 68])
Bicluster(rows=[15, 52], cols=[ 1  2  3  4  5  9 20 23 25 26 30 31 33 36 42 46 50 51 54 55 57 60 61 62
 64 65 66 69 70])
Bicluster(rows=[15, 53], cols=[ 5  9 10 11 12 15 18 19 22 24 27 33 40 43 44 45 46 52 55 56 59 62 63 65
 69 72 74])
Bicluster(rows=[15, 54], cols=[ 2  9 11 12 19 21 24 25 28 29 30 34 36 39 42 44 45 49 50 52 53 55 58 63
 64 67 69 73])
Bicluster(rows=[15, 55], cols=[ 2  4  5  6  7 10 13 16 17 18 20 23 28 29 32 34 39 44 45 47 49 55 62 64
 65 67 68 70 72 73 74])
Bicluster(rows=[15, 56], cols=[ 1  3  4  5  6  8 16 17 22 23 29 30 39 40 41 53 56 58 60 61 62 63 65 66
 68 71])
Bicluster(rows=[15, 57], cols=[ 0  5  6  8 10 11 12 14 17 19 23 24 25 28 30 33 34 36 42 44 45 49 53 54
 57 60 62 68 72 74])
Bicluster(rows=[15, 58], cols=[ 0  2  3  5  6  7  9 10 11 12 14 18 19 20 24 31 32 33 34 38 39 49 51 53
 59 62 63 67 68 71])
Bicluster(rows=[15, 59], cols=[12 14 18 20 21 23 24 25 28 29 30 34 36 39 42 44 45 47 49 52 54 55 56 61
 68 69 70 71 72])
Bicluster(rows=[15, 60], cols=[ 0  2  3  4  5  7  9 11 12 14 16 24 26 30 31 36 42 47 51 56 58 61 62 65
 67 71 72])
Bicluster(rows=[15, 61], cols=[ 0  2  3  4  6  7  8 12 13 14 15 16 17 21 28 32 34 35 38 39 45 49 50 55
 58 67 68 70 74])
Bicluster(rows=[15, 62], cols=[ 2  7  8 10 11 12 17 19 22 29 30 31 33 39 47 51 55 56 58 59 61 65 66 68
 71 73 74])
Bicluster(rows=[15, 63], cols=[ 1  4  5  6  7 14 18 19 20 21 22 23 24 26 28 32 34 38 45 49 50 52 53 55
 56 57 59 61 64 67 69 70 71 73])
Bicluster(rows=[15, 64], cols=[ 0  2  3  6 10 17 22 24 25 28 30 34 36 42 44 49 50 51 54 55 56 60 61 62
 65 68 70 71 72 74])
Bicluster(rows=[15, 65], cols=[ 0  2  6  7  8 11 12 13 14 15 16 18 19 22 28 29 32 34 36 39 42 44 45 47
 49 51 60 64 68 71 72 73])
Bicluster(rows=[15, 66], cols=[ 1  2  3  4  6  7  9 12 15 16 18 20 24 25 31 33 35 43 46 50 56 58 59 60
 65 72])
Bicluster(rows=[15, 67], cols=[ 0  2  3  4  6  7  9 10 11 12 13 17 18 20 21 22 24 25 27 31 33 35 36 40
 41 42 43 50 56 58 59 60 61 65 72])
Bicluster(rows=[15, 68], cols=[ 6  7  8 18 21 24 25 29 30 34 36 38 43 45 46 50 52 54 55 56 57 59 63 64
 70 73])
Bicluster(rows=[15, 69], cols=[ 0  5  6  8 11 12 14 16 17 18 19 23 25 26 28 29 30 31 33 36 42 43 45 47
 57 58 61 65 66 67 68 71 74])
Bicluster(rows=[15, 70], cols=[ 0  1  2  3  5  6 11 14 16 17 18 20 22 24 25 26 29 31 33 40 43 50 52 54
 55 56 59 61 64 66 70 73])
Bicluster(rows=[15, 71], cols=[ 3  8 12 13 17 19 21 25 26 28 29 30 31 32 35 36 38 40 45 46 49 50 54 57
 58 59 61 63 64 65 66 67 68 70 73])
Bicluster(rows=[15, 72], cols=[ 0  1  3  7  9 14 15 20 45 48 49 50 52 54 55 56 57 58 59 61 63 64 66 70
 73])
Bicluster(rows=[15, 73], cols=[ 1  2  6  8  9 10 13 14 15 18 19 21 22 24 29 34 40 45 46 50 54 55 56 59
 61 64 66 70 71 73 74])
Bicluster(rows=[15, 74], cols=[ 1  2  5  6  7 11 13 28 29 30 32 35 36 37 41 48 50 55 57 58 59 61 64 65
 66 67 68 70 71 73 74])
Bicluster(rows=[15, 75], cols=[ 4  8  9 11 12 13 16 17 19 23 25 26 27 28 30 35 37 38 40 41 42 43 44 51
 52 54 61 64 70 71 72 73 74])
Bicluster(rows=[15, 76], cols=[ 5  7  9 12 13 14 16 17 19 20 23 24 25 28 29 32 44 45 46 49 50 52 54 57
 58 59 61 63 64 65 70 73])
Bicluster(rows=[15, 77], cols=[ 0  2  3  4  5  7  8  9 16 17 18 21 26 28 29 31 33 43 45 46 47 48 50 51
 52 54 56 59 60 61 64 70 71 73 74])
Bicluster(rows=[15, 78], cols=[ 4  6 18 19 25 27 28 30 32 38 39 41 44 47 48 54 61 63 64 67 68 70])
Bicluster(rows=[15, 79], cols=[ 0  1  2  3  4  5  6  7  9 10 11 12 13 14 15 16 17 18 19 21 22 23 24 25
 26 27 31 35 46 56 58 59 60 62 65 67 68 69])
Bicluster(rows=[15, 80], cols=[ 1  6  7 14 19 21 22 33 42 44 45 47 49 52 54 60 64 66 70 71 73 74])
Bicluster(rows=[15, 81], cols=[ 0  6  7  8 19 20 22 23 29 33 34 38 40 43 45 46 47 49 50 51 52 54 56 60
 61 64 70 71 73 74])
Bicluster(rows=[15, 82], cols=[ 2  9 11 12 21 24 25 26 29 30 32 33 36 44 49 55 57 58 59 61 65 67 68 71
 74])
Bicluster(rows=[15, 83], cols=[ 1  2  3  4  5  6  8  9 11 12 13 15 16 17 19 20 21 24 27 31 33 41 42 48
 50 51 52 54 56 60 61 64 70 71 73 74])
Bicluster(rows=[15, 84], cols=[ 0  1  5  6  7 13 14 20 21 24 25 28 29 33 35 36 42 45 47 49 66 67 68 71
 74])
Bicluster(rows=[15, 85], cols=[ 9 13 21 23 25 26 27 28 29 31 32 33 34 35 38 44 49 50 51 52 54 61 64 70
 71 73 74])
Bicluster(rows=[15, 86], cols=[ 0  2  4  5  9 10 11 12 13 14 15 16 17 19 20 21 22 23 24 25 26 31 33 42
 43 46 50 56 58 59 60 65 67 72])
Bicluster(rows=[15, 87], cols=[ 0  2  3  4  7  9 12 13 15 17 18 20 21 22 24 26 29 31 35 36 43 50 52 54
 55 56 59 61 64 66 70 73])
Bicluster(rows=[15, 88], cols=[ 1  2  4  6  8  9 11 12 13 18 29 30 32 33 36 40 46 47 50 55 57 58 59 61
 64 65 66 70 71 73])
Bicluster(rows=[15, 89], cols=[ 0  2  3  6  8 14 15 20 25 28 31 33 34 39 47 48 55 56 57 58 59 60 62 65
 67 68 69 72])
Bicluster(rows=[15, 90], cols=[ 0  6  7 15 17 22 23 29 30 33 35 36 40 42 44 50 51 52 54 56 60 61 64 70
 71 73 74])
Bicluster(rows=[15, 91], cols=[ 5  6  7 10 11 12 14 15 18 20 23 24 25 26 27 31 36 40 43 46 48 55 56 57
 58 59 60 62 65 67 68 69])
Bicluster(rows=[15, 92], cols=[ 0  1  3  5  9 15 16 19 22 23 24 27 29 32 35 36 37 38 45 50 51 52 54 56
 60 61 64 66 70 71 73 74])
Bicluster(rows=[15, 93], cols=[ 3  4  5  6  8 10 12 17 19 21 22 24 25 27 30 31 43 45 46 47 48 50 56 58
 59 60 62 65 67 68 69 72])
Bicluster(rows=[15, 94], cols=[ 6  7 12 13 14 16 21 23 24 31 32 39 42 44 46 47 49 51 52 54 64 70 71 72
 73 74])
Bicluster(rows=[15, 95], cols=[ 6  7  9 14 15 17 18 19 20 24 25 26 27 28 31 35 36 39 40 42 46 48 50 56
 60 61 72 73])
Bicluster(rows=[15, 96], cols=[ 0  1  2  3  6  7  8 10 11 12 13 14 15 17 18 19 20 21 22 23 24 25 26 27
 29 31 35 36 40 41 43 50 51 52 54 61 64 70 71 73 74])
Bicluster(rows=[15, 97], cols=[ 0  1  3  6  7 10 11 13 14 17 18 20 21 22 23 31 40 42 43 48 51 52 54 61
 64 71 72 73 74])
Bicluster(rows=[15, 98], cols=[ 5  6  7 13 16 18 20 25 27 29 31 32 34 36 39 43 45 46 47 49 51 57 58 65
 67 68 71 74])
Bicluster(rows=[15, 99], cols=[ 0  4  7  8 13 14 15 23 25 26 30 31 32 33 38 43 45 46 49 51 56 57 58 60
 62 64 65 67 71 73])
Bicluster(rows=[16, 17], cols=[ 0  1  2  3  4  5  6  7  8  9 10 11 12 13 14 15 16 17 18 19 20 21 22 23
 24 31 37 38 42 43 44 50 53 54 58 60 62 64 65 69 71 72 74])
Bicluster(rows=[16, 18], cols=[ 0  2  4  7  9 10 11 12 13 15 16 17 18 20 21 24 27 30 33 36 38 39 44 51
 56 62 65 67 69 72 73 74])
Bicluster(rows=[16, 19], cols=[ 2  7  9 10 12 13 15 17 18 20 24 25 29 33 34 36 52 54 55 56 60 67 70])
Bicluster(rows=[16, 20], cols=[ 0  4  7  9 10 11 16 17 18 19 21 27 31 32 39 40 41 46 49 50 55 60 65 68
 69 70])
Bicluster(rows=[16, 21], cols=[ 4  7  9 10 11 16 17 18 21 31 32 34 36 40 42 43 44 45 48 49 51 56 60 63
 69 71 73])
Bicluster(rows=[16, 22], cols=[ 4  7  9 10 15 16 17 18 25 28 30 31 33 34 38 41 44 45 46 47 52 63 70 71])
Bicluster(rows=[16, 23], cols=[ 0  2  4  5  6  7  9 10 11 12 13 14 15 16 17 18 19 20 21 24 26 27 28 30
 34 35 39 44 45 46 47 49 50 51 53 54 55 59 62 66 73])
Bicluster(rows=[16, 24], cols=[ 0  4  7  9 10 11 15 16 17 18 21 25 32 36 39 44 45 47 50 52 62 63 65 68
 69 70 71 72 74])
Bicluster(rows=[16, 25], cols=[ 0  2  4  6  7  9 10 11 12 13 15 16 17 18 19 20 21 24 28 29 31 32 33 34
 36 37 40 41 43 47 48 51 62 64 70 72])
Bicluster(rows=[16, 26], cols=[ 0  2  4  6  7  9 10 11 12 13 15 16 17 18 20 21 24 26 32 35 37 38 47 55
 57 58 61 64 70 72])
Bicluster(rows=[16, 27], cols=[ 2  4  7  9 10 11 12 13 15 16 17 18 20 21 24 25 29 32 34 38 39 44 53 55
 57 61 62 63 65 69 73 74])
Bicluster(rows=[16, 28], cols=[ 0  2  4  7  9 10 11 12 13 14 15 16 17 18 19 20 21 24 26 27 29 33 39 40
 46 49 50 53 54 57 62 72 74])
Bicluster(rows=[16, 29], cols=[ 2  4  7  9 10 11 12 15 16 17 18 20 21 24 27 28 29 31 34 38 39 42 49 59
 63 68 71 74])
Bicluster(rows=[16, 30], cols=[ 0  4  7  9 10 11 16 17 18 21 27 28 29 34 36 39 41 43 44 52 55 58 61 64
 68 70 71 72])
Bicluster(rows=[16, 31], cols=[ 0  2  3  4  5  6  7  9 10 11 12 13 14 15 16 17 18 19 20 21 24 27 31 39
 43 44 45 50 55 56 57 69 71 74])
Bicluster(rows=[16, 32], cols=[ 0  1  2  3  4  5  6  7  8  9 10 11 12 13 14 15 16 17 18 19 20 21 22 24
 27 29 34 37 41 42 47 48 49 53 58 64 66 68 70 71])
Bicluster(rows=[16, 33], cols=[ 2  4  5  6  7  8 10 12 14 16 17 18 19 20 22 23 24 31 33 35 42 47 50 51
 52 54 56 57 60 64])
Bicluster(rows=[16, 34], cols=[ 1  2  4 10 12 17 20 23 24 26 27 28 32 34 36 42 43 45 47 52 57 63 67 69
 70 71])
Bicluster(rows=[16, 35], cols=[ 0  1  2  4  5  8 11 12 13 17 18 19 20 22 23 24 26 27 28 32 34 42 45 47
 50 51 54 56 57 58 60 63 64 65 67 70 74])
Bicluster(rows=[16, 36], cols=[ 5 10 12 15 16 22 23 30 31 32 34 39 44 45 49 51 52 53 56 60 61 66 73 74])
Bicluster(rows=[16, 37], cols=[ 1  2  3  4  6  7  9 10 11 12 13 14 15 17 19 20 22 26 28 29 30 38 39 46
 49 50 52 54 56 57 60 61 63 65 68 69 72])
Bicluster(rows=[16, 38], cols=[ 0  3  5 17 18 20 21 22 23 25 27 32 34 35 36 38 43 45 52 61 68 69 71 72
 73 74])
Bicluster(rows=[16, 39], cols=[ 1 10 11 14 15 18 23 27 29 32 34 38 43 44 45 50 59 61 62 66 67 68 69 73
 74])
Bicluster(rows=[16, 40], cols=[ 6  7 11 12 13 16 18 23 25 26 27 28 29 30 32 34 36 38 43 49 53 54 59 62
 63 64 70 72 73])
Bicluster(rows=[16, 41], cols=[ 0  3  8  9 10 11 12 13 14 15 17 20 21 23 24 25 26 27 28 32 34 36 42 43
 47 51 52 55 57 64 68 69 70 71])
Bicluster(rows=[16, 42], cols=[ 0  3  4  5 10 12 13 16 21 22 24 25 26 28 29 30 32 36 38 43 49 52 53 54
 55 68 73 74])
Bicluster(rows=[16, 43], cols=[ 0  5 14 15 17 19 22 26 28 29 30 32 38 39 49 51 53 57 58 59 62 64 67 71
 72 73])
Bicluster(rows=[16, 44], cols=[ 0  1  5  6  9 15 16 18 21 25 26 28 29 30 32 36 38 43 49 53 54 56 59 65
 69 74])
Bicluster(rows=[16, 45], cols=[ 3  5  6  8 11 12 14 16 17 19 20 21 24 26 27 28 34 42 45 47 50 55 56 60
 61 62 63 65 67 68 69 70 73 74])
Bicluster(rows=[16, 46], cols=[ 1  4  5  6  9 10 11 16 17 18 19 21 22 23 24 26 27 28 32 34 42 43 47 50
 55 56 57 62 63 65 67 68 69 71 72 73])
Bicluster(rows=[16, 47], cols=[ 0  2  4  7  8  9 12 13 15 16 17 18 23 29 32 34 35 38 45 52 54 55 56 65
 67 69 71 72 74])
Bicluster(rows=[16, 48], cols=[ 5  6  8  9 10 11 15 17 18 21 26 28 33 34 45 48 51 52 53 56 57 58 60 61
 62 66 67 68 69 71 74])
Bicluster(rows=[16, 49], cols=[ 0  2  7 16 19 20 30 31 32 34 39 45 46 49 50 51 52 54 55 58 62 65 67 71
 72 74])
Bicluster(rows=[16, 50], cols=[ 5  6  8 10 14 16 19 20 27 29 34 38 43 44 50 51 54 57 60 65 67 68 70 71])
Bicluster(rows=[16, 51], cols=[ 2  3  4 11 18 19 20 21 28 29 30 32 34 35 38 45 49 51 54 56 57 62 64 67
 68 69 72])
Bicluster(rows=[16, 52], cols=[ 6  8 10 11 12 13 15 18 21 28 29 30 32 34 35 38 45 49 50 54 55 59 60 62
 64 65 72])
Bicluster(rows=[16, 53], cols=[ 1  2  7  8 16 17 20 23 27 29 30 31 32 34 38 39 41 52 55 56 57 61 62 63
 64 65 72 73 74])
Bicluster(rows=[16, 54], cols=[ 2  3  9 11 12 19 21 24 25 27 32 34 35 36 38 43 45 50 55 60 61 62 65 67
 70 73 74])
Bicluster(rows=[16, 55], cols=[ 2  4  5  6  7 10 13 17 18 20 28 29 30 35 39 46 49 50 51 52 54 55 56 65
 67 68 69 74])
Bicluster(rows=[16, 56], cols=[ 0  5 11 12 13 14 17 19 20 21 22 23 26 27 28 32 34 42 43 45 47 53 55 56
 57 59 60 62 63 65 68 71 72 73 74])
Bicluster(rows=[16, 57], cols=[ 0  5  6  8 12 14 16 19 24 25 26 28 29 30 32 36 38 43 49 50 51 56 58 61
 68 69 71 72 74])
Bicluster(rows=[16, 58], cols=[ 0  1  7  8 10 11 12 17 18 19 20 21 24 31 33 35 42 47 50 51 52 53 63 65
 68 74])
Bicluster(rows=[16, 59], cols=[ 3  6 12 17 21 25 26 28 29 30 32 34 36 38 43 49 53 56 58 59 60 62])
Bicluster(rows=[16, 60], cols=[ 6 15 18 20 23 25 26 27 28 32 34 36 42 43 45 47 51 59 65 69 73 74])
Bicluster(rows=[16, 61], cols=[ 1  5  9 10 11 18 19 20 22 24 31 33 35 37 41 42 44 47 48 50 51 53 55 62
 66 68 69 70 72 73])
Bicluster(rows=[16, 62], cols=[ 0  6 14 16 23 25 26 27 28 32 34 36 42 43 47 53 55 56 57 62 67 69 71 72
 74])
Bicluster(rows=[16, 63], cols=[ 0  8 10 11 15 17 26 31 33 37 40 41 45 48 50 55 62 64 65 66 67 71 72])
Bicluster(rows=[16, 64], cols=[ 1  2  4 12 14 15 17 18 19 21 22 25 26 27 28 32 34 36 38 43 50 51 52 55
 56 57 63 65 67 69 71])
Bicluster(rows=[16, 65], cols=[ 0  2  6  7  8 11 12 13 14 15 16 18 19 22 26 28 29 30 32 35 38 39 46 49
 51 53 56 58 62 63 68 69 70 73])
Bicluster(rows=[16, 66], cols=[ 3  7  8  9 10 12 14 15 16 18 19 22 25 27 28 29 30 32 33 34 39 43 45 48
 52 54 58 69 71 72 74])
Bicluster(rows=[16, 67], cols=[ 0  2  3  4  6  9 10 11 12 13 17 18 19 20 21 22 23 24 25 27 28 34 37 39
 42 43 44 48 49 51 58 63 64 70 71 72])
Bicluster(rows=[16, 68], cols=[ 3  4  5 12 13 14 16 17 26 28 29 30 32 34 41 44 45 46 49 51 53 59 67 69
 71 72 73 74])
Bicluster(rows=[16, 69], cols=[ 0  5  6  7 11 12 14 16 17 18 19 20 23 25 27 28 29 34 35 43 44 45 50 56
 57 60 65 67 68 69 74])
Bicluster(rows=[16, 70], cols=[ 0  1  2  3  5  6  7  8  9 11 14 16 17 18 20 24 25 27 29 31 33 36 37 39
 40 41 42 44 47 53 55 59 61 62 66 73])
Bicluster(rows=[16, 71], cols=[ 3 12 13 17 19 21 27 28 31 35 44 45 47 49 50 53 56 57 60 61 62 65 66 67
 68 73])
Bicluster(rows=[16, 72], cols=[ 4  8 10 16 21 24 25 26 28 30 31 32 34 36 37 38 39 44 45 47 50 54 55 63
 65 67 68 71])
Bicluster(rows=[16, 73], cols=[ 1  2  3  6  8  9 10 13 14 15 18 22 24 27 29 31 33 34 35 36 38 43 44 50
 55 67 68 69 72 74])
Bicluster(rows=[16, 74], cols=[ 2  4 10 16 19 20 21 24 25 28 29 30 33 35 37 41 44 46 47 53 55 59 61 62
 73])
Bicluster(rows=[16, 75], cols=[ 4  8  9 11 12 16 17 19 23 24 25 27 28 30 31 32 33 37 41 43 46 51 53 59
 61 62 69 71 72 73 74])
Bicluster(rows=[16, 76], cols=[ 5  7  9 12 13 14 16 17 19 20 23 24 25 26 28 29 32 34 35 36 38 45 49 50
 53 56 57 60 61 62 65 66 67 68 73])
Bicluster(rows=[16, 77], cols=[ 1  6 10 11 15 24 25 27 30 32 34 35 38 39 44 47 51 52 54 64 70 71 72])
Bicluster(rows=[16, 78], cols=[ 0  1  2  3  5  9 11 13 15 16 21 22 23 31 35 36 37 38 43 48 49 51 58 64
 69 70 71 72 74])
Bicluster(rows=[16, 79], cols=[ 2  4  7 10 11 12 13 14 16 17 18 19 24 31 36 38 42 43 54 59 67 68 70])
Bicluster(rows=[16, 80], cols=[ 3  8  9 15 18 19 20 26 27 30 32 33 35 37 38 40 41 42 51 53 59 61 62 69
 71 72 73 74])
Bicluster(rows=[16, 81], cols=[ 4  9 10 11 12 14 15 16 17 18 25 27 30 32 37 46 50 52 56 57 60 65 68 69
 72 74])
Bicluster(rows=[16, 82], cols=[ 0  1 10 14 15 19 20 22 23 27 28 30 33 34 36 37 40 50 52 54 55 56 63 65
 68 70])
Bicluster(rows=[16, 83], cols=[ 1  2  3  4  8  9 11 12 13 15 17 19 20 21 27 29 32 36 37 38 39 40 44 45
 46 49 58 63 64 70])
Bicluster(rows=[16, 84], cols=[ 0  1  5  6 13 20 24 27 28 29 30 32 38 44 45 46 49 50 52 56 57 60 65 67
 68 74])
Bicluster(rows=[16, 85], cols=[ 5 12 15 18 22 26 28 29 32 35 36 40 43 44 53 55 62 67 73])
Bicluster(rows=[16, 86], cols=[ 0  4  9 14 15 16 19 20 23 30 34 35 40 42 43 54 58 64 69 71 74])
Bicluster(rows=[16, 87], cols=[ 0  3  4  7  9 12 13 15 17 18 20 21 22 23 24 27 31 32 34 35 41 42 43 46
 47 53 59 61 62 66 73])
Bicluster(rows=[16, 88], cols=[ 1  2  4  6  9 13 15 17 18 19 20 22 24 29 31 33 35 36 38 40 41 42 50 56
 57 60 65 67 68 69 72 74])
Bicluster(rows=[16, 89], cols=[ 0  2  3  6  8 14 15 20 25 27 28 30 31 33 34 36 39 40 42 44 50 52 54 55
 56 57 63 65 70])
Bicluster(rows=[16, 90], cols=[ 0  3  5  7 11 12 13 16 21 23 27 31 32 36 40 41 42 46 51 53 59 67 69 71
 72 73 74])
Bicluster(rows=[16, 91], cols=[ 5  6  7 11 12 14 15 18 20 22 23 24 25 33 36 37 41 42 47 48 50 52 54 55
 56 57 63 65 70])
Bicluster(rows=[16, 92], cols=[ 1  3  4  5  9 15 16 19 22 23 24 26 27 29 32 34 37 45 46 53 59 61 62 69
 72 73 74])
Bicluster(rows=[16, 93], cols=[ 0  1  6 11 15 16 18 21 22 23 26 27 29 30 32 33 34 36 42 43 49 53 59 63
 71 73])
Bicluster(rows=[16, 94], cols=[ 0  1  3  6  7  8  9 10 14 15 16 20 21 22 23 24 29 34 38 40 41 51 58 64
 70 72])
Bicluster(rows=[16, 95], cols=[ 2  6  7  9 14 15 17 18 19 20 23 25 28 30 31 35 36 39 40 41 42 44 48 53
 59 63 67 68 71 73])
Bicluster(rows=[16, 96], cols=[ 0  2  7 11 12 13 14 17 18 19 20 21 22 23 24 25 29 33 36 40 42 46 47 48
 51 53 59 61 62 69 71 72 73 74])
Bicluster(rows=[16, 97], cols=[ 0  3  6 13 14 16 17 18 20 21 22 23 25 31 41 43 45 46 48 51 53 59 61 62
 69 71 72 73 74])
Bicluster(rows=[16, 98], cols=[ 6  8 12 13 18 20 25 26 29 30 31 35 36 43 44 45 49 50 51 52 54 56 57 60
 65 67 68 69 71 72 74])
Bicluster(rows=[16, 99], cols=[ 0  1  6  7  9 14 21 22 25 33 39 40 41 42 43 44 47 51 53 55 56 57 59 60
 61 62 65 67 69 71])
Bicluster(rows=[17, 18], cols=[ 0  2  4  6  7  9 10 11 12 13 14 15 16 17 18 19 20 21 24 29 30 32 39 42
 45 46 47 49 50 52 60 65 68])
Bicluster(rows=[17, 19], cols=[ 2  7  9 10 12 13 15 17 18 20 24 26 31 32 34 37 39 44 47 48 49 50 51 53
 54 59 61 64 67 69 71 72 73])
Bicluster(rows=[17, 20], cols=[ 0  4  7  9 10 11 15 16 17 18 19 21 26 28 34 35 36 37 39 40 42 44 53 55
 56 57 61 64 65 68 70 74])
Bicluster(rows=[17, 21], cols=[ 4  7  9 10 11 15 16 17 18 21 31 33 37 39 40 43 44 45 47 48 52 53 54 57
 59 61 64 66 67 68 71])
Bicluster(rows=[17, 22], cols=[ 2  7 12 13 15 20 24 25 26 27 29 31 35 38 43 44 47 49 55 61 65 69 71 73])
Bicluster(rows=[17, 23], cols=[ 0  2  3  4  5  6  7  9 10 11 12 13 14 15 16 17 18 19 20 21 22 24 28 29
 32 35 37 42 45 46 47 49 52 54 55 57 58 60 66 73])
Bicluster(rows=[17, 24], cols=[ 2  4  7  9 10 15 16 17 18 20 24 25 26 27 28 34 35 37 39 51 56 59 64 70
 73])
Bicluster(rows=[17, 25], cols=[ 0  2  4  7  9 10 11 12 13 15 16 17 18 19 20 21 24 27 31 43 45 47 50 57
 59 60 62 68 72 73])
Bicluster(rows=[17, 26], cols=[ 0  2  4  6  7  9 10 11 12 13 15 16 17 18 19 20 21 24 26 27 28 29 30 32
 38 39 44 45 47 48 49 51 53 61 72 73 74])
Bicluster(rows=[17, 27], cols=[ 0  2  4  7  9 10 11 12 13 15 16 17 18 19 20 21 24 26 27 36 38 44 46 48
 59 62 68 74])
Bicluster(rows=[17, 28], cols=[ 0  2  3  4  5  6  7  9 10 11 12 13 14 15 16 17 18 19 20 21 22 24 31 36
 39 40 42 46 47 48 49 51 52 60 61 64 71 73 74])
Bicluster(rows=[17, 29], cols=[ 0  2  3  4  5  6  7  9 10 11 12 13 14 15 16 17 18 19 20 21 24 28 29 35
 46 47 49 51 54 57 58 69 73])
Bicluster(rows=[17, 30], cols=[ 2  4  6  7  9 10 11 12 13 15 16 17 18 20 21 24 25 26 38 42 43 44 45 47
 48 52 54 55 56 58 59 61 63 64 67 71 72 73])
Bicluster(rows=[17, 31], cols=[ 0  2  4  5  6  7  9 10 11 12 13 14 15 16 17 18 19 20 21 24 27 28 33 34
 35 39 42 46 51 52 59 60 62 63 64 65 66 73])
Bicluster(rows=[17, 32], cols=[ 0  1  2  3  4  5  6  7  8  9 10 11 12 13 14 15 16 17 18 19 20 21 22 23
 24 28 30 32 33 37 39 42 45 47 51 53 56 58 60 63 67 71])
Bicluster(rows=[17, 33], cols=[ 0  1  3  4  5  6  7  8 12 14 20 21 22 24 26 27 30 31 39 44 46 49 54 60
 64])
Bicluster(rows=[17, 34], cols=[ 1  2  6 10 11 12 13 14 15 17 19 20 22 24 26 31 32 42 43 44 47 55 59 65
 66 69 73])
Bicluster(rows=[17, 35], cols=[ 0  1  3  5  6  8  9 10 12 16 18 20 26 29 31 32 42 50 52 54 58 59 60 65
 66 68 71 74])
Bicluster(rows=[17, 36], cols=[ 2  4  6  7  9 11 17 21 28 42 43 45 47 49 51 52 56 58 61 62 65 69 70 72
 73])
Bicluster(rows=[17, 37], cols=[ 0  1  2  3  4  6  9 10 11 12 13 18 19 20 21 22 23 25 36 38 40 41 48 50
 54 55 59 60 61 63 65 66 67 69 70 71 72])
Bicluster(rows=[17, 38], cols=[ 0  4  5 17 18 20 21 22 23 27 29 30 37 42 46 47 57 58 59 60 63 65 66 67
 68])
Bicluster(rows=[17, 39], cols=[ 3  6  8 16 19 20 22 24 25 26 31 36 38 40 41 44 48 55 57 60 64 65 66 69
 71 73])
Bicluster(rows=[17, 40], cols=[ 0  1  2  4  9 10 14 17 21 22 24 26 28 29 31 42 44 45 46 49 56 58 59 60
 63 64 67 71 73])
Bicluster(rows=[17, 41], cols=[ 0  3  8 10 11 12 13 14 15 17 20 21 23 24 25 27 30 33 34 36 37 42 43 46
 47 51 53 55 59 60 67 68 70 72])
Bicluster(rows=[17, 42], cols=[ 3  4  5 10 12 13 16 19 20 22 24 27 30 37 42 46 47 49 55 56 59 60 62 63
 64 66 68 71 72])
Bicluster(rows=[17, 43], cols=[ 1  2  8  9 11 12 18 21 23 28 29 42 45 46 47 49 51 57 58 59 60 64 66 68
 69 70 73])
Bicluster(rows=[17, 44], cols=[ 1  5  7  9 13 18 20 21 25 27 30 34 36 37 42 43 46 47 49 51 58 61 63 65
 66 67 68 69 73 74])
Bicluster(rows=[17, 45], cols=[ 5  6  8 12 14 15 17 20 21 24 25 27 33 34 36 37 38 43 46 49 52 53 56 57
 58 59 60 66 67 68 71 72])
Bicluster(rows=[17, 46], cols=[ 0  3  8 13 14 15 17 18 24 29 32 41 46 54 55 56 57 59 62 63 65 69 72 73])
Bicluster(rows=[17, 47], cols=[ 2  4  7  8  9 12 13 15 16 17 18 27 29 30 34 37 39 46 50 54 57 58 59 60
 66 68 73])
Bicluster(rows=[17, 48], cols=[ 5  8 11 12 15 16 17 18 19 21 23 24 26 27 30 31 39 46 49 51 52 58 59 60
 61 69 70 74])
Bicluster(rows=[17, 49], cols=[ 5  9 10 14 23 25 32 35 36 38 48 51 52 54 58 62 65 66 72 73 74])
Bicluster(rows=[17, 50], cols=[ 6  8 10 11 16 20 27 29 30 37 39 46 51 52 55 65 67 68 70 73])
Bicluster(rows=[17, 51], cols=[ 8 10 14 15 17 22 23 26 29 31 32 41 42 43 47 50 52 56 57 58 60 62 65 66
 67 68 71])
Bicluster(rows=[17, 52], cols=[ 0  3  7 15 16 17 20 22 23 26 31 32 43 44 47 48 54 62 64 65 66 67 68 71])
Bicluster(rows=[17, 53], cols=[ 1  7  8  9 10 11 12 15 16 18 19 24 25 28 32 36 38 43 45 52 55 60 61 62
 63 64 65 67 68 69 70 72 74])
Bicluster(rows=[17, 54], cols=[10 12 13 15 17 18 19 21 23 24 26 31 32 43 44 47 50 59 60 61 62 65 66 68
 72 74])
Bicluster(rows=[17, 55], cols=[ 2  4  5  7 10 13 16 17 20 27 29 30 33 34 37 39 50 54 55 57 58 59 60 61
 62 64 65 66 69 72 73 74])
Bicluster(rows=[17, 56], cols=[ 1  4  7  8  9 10 15 18 26 27 28 30 31 39 44 45 46 49 50 51 52 54 55 56
 57 58 59 63 64 68 73])
Bicluster(rows=[17, 57], cols=[ 1  2  5  7 10 11 12 13 15 17 18 22 23 26 31 32 42 43 44 47 51 58 59 61
 67 73 74])
Bicluster(rows=[17, 58], cols=[ 0  1  2  3  5  7  8  9 10 11 12 14 18 19 20 24 26 27 28 30 31 39 44 45
 46 49 50 53 59 61 63 65 70 73])
Bicluster(rows=[17, 59], cols=[ 0  2  4  6  7  9 10 13 15 16 26 31 32 42 43 44 47 49 50 55 57 58 59 60
 66 67 68 70])
Bicluster(rows=[17, 60], cols=[ 1  3  4  5  7  9 10 11 12 19 22 25 28 32 36 38 45 52 54 55 57 60 61 69
 74])
Bicluster(rows=[17, 61], cols=[ 1  5  9 10 11 18 19 20 22 23 24 25 31 32 35 36 38 48 50 52 54 55 56 57
 60 64 67 70 74])
Bicluster(rows=[17, 62], cols=[ 1  3  7  9 10 11 13 20 27 30 31 39 41 46 49 50 54 55 56 57 59 65 66 67
 74])
Bicluster(rows=[17, 63], cols=[ 0  8 10 11 13 15 17 18 19 23 26 27 28 30 31 39 44 45 46 49 50 51 52 53
 59 62 65 71 72 73])
Bicluster(rows=[17, 64], cols=[ 0  1  2  3  6 10 22 23 24 27 29 30 33 34 37 39 46 47 51 56 57 58 59 66
 72 73])
Bicluster(rows=[17, 65], cols=[ 0  2  4  6  8 10 12 14 16 18 19 20 22 25 36 38 40 41 48 51 53 58 62 63
 66 67 68 71 74])
Bicluster(rows=[17, 66], cols=[ 2  3  4  7  8  9 12 15 16 18 23 24 26 31 32 35 36 38 43 49 52 54 56 57
 58 68 69 71 72 73 74])
Bicluster(rows=[17, 67], cols=[ 0  2  3  4  5  6  7  9 10 11 12 13 17 18 19 20 21 23 24 26 35 37 41 42
 43 44 45 52 54 56 57 58 67 68 69 71 72 74])
Bicluster(rows=[17, 68], cols=[ 1  6  9 10 11 15 20 22 24 28 32 33 38 39 41 44 45 46 47 49 50 55 59 60
 65 69 70 71 72 74])
Bicluster(rows=[17, 69], cols=[ 0  1  5  6  7 11 12 14 16 17 18 19 20 29 31 32 37 42 43 46 49 51 54 59
 65 66 73])
Bicluster(rows=[17, 70], cols=[ 0  1  3  5  7  8  9 11 12 14 16 17 18 19 20 25 26 29 31 36 38 39 40 44
 46 52 55 56 57 58 60 63 64 67 68])
Bicluster(rows=[17, 71], cols=[ 3 16 17 18 19 25 26 29 31 33 34 35 37 40 44 45 49 50 54 59 63 65 66 73])
Bicluster(rows=[17, 72], cols=[ 2  3  4  5  6 20 22 23 25 27 30 31 32 33 38 39 41 43 44 45 50 55 59 60
 61 62 65 70])
Bicluster(rows=[17, 73], cols=[ 1  2 14 15 17 19 21 24 27 28 34 36 37 40 43 45 49 52 56 57 58 60 63 64
 66 67 68])
Bicluster(rows=[17, 74], cols=[ 0  1  3  5  8 12 13 14 15 17 18 22 23 26 33 37 39 42 43 55 59 60 65 69
 71 72 73 74])
Bicluster(rows=[17, 75], cols=[ 1  4  5 13 16 17 19 20 23 25 26 28 30 31 34 41 42 43 46 52 54 56 57 58
 68 69 71 72 73 74])
Bicluster(rows=[17, 76], cols=[ 0  1  4 10 14 16 19 21 23 25 27 29 35 36 37 38 42 45 48 49 52 54 59 63
 64 65 73])
Bicluster(rows=[17, 77], cols=[ 0  2  3  4  5  9 11 12 16 17 21 26 27 31 32 36 41 45 46 49 51 52 56 57
 58 64 66 67 68])
Bicluster(rows=[17, 78], cols=[ 0  1  2  3  5  8  9 11 13 15 16 21 22 23 24 27 30 31 32 33 34 36 38 40
 42 43 47 52 54 56 57 58 67 68 69 71 72 73 74])
Bicluster(rows=[17, 79], cols=[ 1  2  3  4  7  8  9 10 11 12 13 14 15 16 17 18 19 21 24 28 32 34 44 46
 49 56 57 58 62 70 73])
Bicluster(rows=[17, 80], cols=[ 0  4  5 10 11 12 13 16 23 24 25 26 27 33 35 37 39 44 46 47 49 50 51 54
 59 65 66 73])
Bicluster(rows=[17, 81], cols=[ 1  2  9 10 12 14 15 18 21 23 24 29 35 36 37 40 44 45 48 49 54 55 60 65
 69 71 72 73 74])
Bicluster(rows=[17, 82], cols=[ 3  4  5  6  7 16 17 18 27 30 34 35 38 39 43 44 51 52 54 56 57 58 64 66
 67 68])
Bicluster(rows=[17, 83], cols=[ 1  2  3  4  5  6  8  9 11 12 13 14 15 16 17 19 20 21 23 24 31 32 37 38
 41 42 44 47 48 51 52 54 56 57 58 64 66 67 68])
Bicluster(rows=[17, 84], cols=[ 3  8 10 12 15 17 18 19 23 27 31 34 37 42 43 47 52 54 56 57 58 67 68 69
 71 72 74])
Bicluster(rows=[17, 85], cols=[ 1  2  4  5  8 12 14 16 18 20 24 27 28 32 36 38 40 43 47 49 51 54 59 65
 66 73])
Bicluster(rows=[17, 86], cols=[ 2  5 10 11 12 13 16 17 20 21 22 24 27 28 31 36 42 43 45 46 49 52 54 56
 57 58 68 69 71 72 74])
Bicluster(rows=[17, 87], cols=[ 0  1  2  3  4  7  8  9 12 13 15 17 18 20 21 22 23 24 25 28 37 43 45 46
 49 52 56 57 58 60 63 64 67 68])
Bicluster(rows=[17, 88], cols=[ 3  6 13 15 16 17 19 20 22 24 25 28 31 34 38 46 49 50 55 59 60 61 62 70])
Bicluster(rows=[17, 89], cols=[ 0  2  3  8 10 12 13 14 15 20 22 28 30 31 32 36 40 46 48 50 55 59 60 65
 69 70 71 72])
Bicluster(rows=[17, 90], cols=[ 0  5  7 11 13 15 16 21 22 23 27 29 30 35 38 40 42 45 49 51 52 56 57 58
 64 66 67 68])
Bicluster(rows=[17, 91], cols=[ 0  2  3  5  6 10 13 16 18 21 24 28 38 45 46 48 49 52 54 56 57 58 68 69
 71 72 73 74])
Bicluster(rows=[17, 92], cols=[ 8 14 17 18 21 26 27 28 29 30 31 32 35 37 38 39 40 41 45 48 49 50 51 54
 59 65 69 73 74])
Bicluster(rows=[17, 93], cols=[ 0  5  6  8 10 11 15 16 18 21 22 23 30 43 46 48 52 54 56 57 58 68 69 71
 72 73 74])
Bicluster(rows=[17, 94], cols=[ 0  1  3  5  6  7  8  9 10 14 15 16 17 20 21 22 23 27 31 35 38 43 47 49
 52 54 56 57 58 68 69 71 72 73 74])
Bicluster(rows=[17, 95], cols=[ 2  4  5  6  7  9 14 15 17 18 19 20 23 28 30 35 38 39 40 42 47 48 52 54
 56 57 58 68 69 71 72 73 74])
Bicluster(rows=[17, 96], cols=[ 0  3  5  7  9 11 12 13 14 16 17 18 19 20 21 23 24 25 26 29 31 35 36 38
 40 41 46 48 49 52 54 56 57 58 64 67 68 69 72 74])
Bicluster(rows=[17, 97], cols=[ 0  3  6  7  9 10 11 12 13 14 17 18 20 21 22 23 24 25 27 30 31 32 36 38
 42 43 45 46 47 48 52 54 56 57 58 64 67 68 69 72 74])
Bicluster(rows=[17, 98], cols=[ 0  2  3  9 11 19 21 22 24 26 32 42 45 46 47 48 49 51 52 56 57 58 64 66
 67 68])
Bicluster(rows=[17, 99], cols=[ 1  2  6 11 19 21 29 30 32 34 35 36 38 39 40 42 45 46 47 49 51 56 58 60
 63 67 68 72 73 74])
Bicluster(rows=[18, 19], cols=[ 0  1  2  3  4  5  6  7  8  9 10 11 12 13 14 15 16 17 18 19 20 21 22 23
 24 26 27 31 32 33 35 36 44 45 46 48 56 57 58 59 60 61 63 66 69 72])
Bicluster(rows=[18, 20], cols=[ 0  1  2  3  4  5  6  7  8  9 10 11 12 13 14 15 16 17 18 19 20 21 22 23
 24 27 28 34 35 37 38 39 46 47 48 55 56 57 58 59 64 65 66 69 70])
Bicluster(rows=[18, 21], cols=[ 0  1  2  3  4  5  6  7  8  9 10 11 12 13 14 15 16 17 18 19 20 21 22 23
 24 27 28 34 35 36 37 41 44 45 47 48 49 50 51 54 55 56 57 58 59 60 61 64
 65 67 69 70 72])
Bicluster(rows=[18, 22], cols=[ 0  1  2  3  4  5  6  7  8  9 10 11 12 13 14 15 16 17 18 19 20 21 22 23
 24 27 28 33 34 36 40 41 44 45 47 48 49 51 53 55 56 58 59 60 61 63 65 66
 67 69 70 72])
Bicluster(rows=[18, 23], cols=[ 0  1  2  3  4  5  6  7  8  9 10 11 12 13 14 15 16 17 18 19 20 21 22 23
 24 27 29 30 31 38 39 40 42 43 44 45 46 48 49 50 51 52 53 56 61 62 63 64
 68 69 71 73 74])
Bicluster(rows=[18, 24], cols=[ 0  1  2  3  4  5  6  7  8  9 10 11 12 13 14 15 16 17 18 19 20 21 22 23
 24 31 36 37 38 40 41 42 43 44 48 49 51 53 54 55 56 57 58 59 62 63 64 65
 69 72 74])
Bicluster(rows=[18, 25], cols=[ 0  1  2  3  4  5  6  7  8  9 10 11 12 13 14 15 16 17 18 19 20 21 22 23
 24 31 33 34 36 41 42 43 44 46 49 50 51 52 58 59 62 70])
Bicluster(rows=[18, 26], cols=[ 0  1  2  3  4  5  6  7  8  9 10 11 12 13 14 15 16 17 18 19 20 21 22 23
 24 26 34 38 40 41 42 52 54 55 57 58 60 66 67 68 72])
Bicluster(rows=[18, 27], cols=[ 0  1  2  3  4  5  6  7  8  9 10 11 12 13 14 15 16 17 18 19 20 21 22 23
 24 28 31 32 33 34 35 40 41 45 46 49 55 57 60 63 66 67 68 70 72])
Bicluster(rows=[18, 28], cols=[ 0  1  2  3  4  5  6  7  8  9 10 11 12 13 14 15 16 17 18 19 20 21 22 23
 24 25 26 27 28 33 34 37 39 42 43 46 47 48 49 52 53 55 56 58 60 62 63 66
 70 72 74])
Bicluster(rows=[18, 29], cols=[ 0  1  2  3  4  5  6  7  8  9 10 11 12 13 14 15 16 17 18 19 20 21 22 23
 24 26 27 29 31 37 38 39 40 43 46 47 48 49 50 52 53 54 55 56 63 64 65 66
 69 70 74])
Bicluster(rows=[18, 30], cols=[ 0  1  2  3  4  5  6  7  8  9 10 11 12 13 14 15 16 17 18 19 20 21 22 23
 24 25 26 27 33 34 36 37 38 39 40 43 44 45 47 50 55 57 59 60 70 72 74])
Bicluster(rows=[18, 31], cols=[ 0  1  2  3  4  5  6  7  8  9 10 11 12 13 14 15 16 17 18 19 20 21 22 23
 24 35 40 49 50 53 59 62 65 67])
Bicluster(rows=[18, 32], cols=[ 0  3  4  7  9 10 11 14 15 16 17 18 19 21 25 27 28 31 32 38 39 42 43 44
 45 47 59 60 61 67 70 73])
Bicluster(rows=[18, 33], cols=[ 0  2  3  4 10 12 14 16 17 18 21 25 28 29 33 34 40 43 46 49 50 51 53 60
 63 64 65 66 67 69 70 74])
Bicluster(rows=[18, 34], cols=[ 0  2  9 11 12 13 15 18 21 25 28 33 34 35 38 40 42 43 45 47 49 52 53 57
 59 60 62 67 74])
Bicluster(rows=[18, 35], cols=[ 5  6  9 10 20 22 25 28 33 34 35 38 40 42 43 45 46 47 49 51 52 56 57 59
 60 62 64 65 68 69 73])
Bicluster(rows=[18, 36], cols=[ 6  8 10 12 15 16 19 28 34 36 38 40 41 42 44 45 46 47 49 50 51 53 54 57
 58 60 62 64 65 67 69])
Bicluster(rows=[18, 37], cols=[ 0  3  4  9 11 14 18 19 21 26 31 36 37 38 42 43 46 47 49 50 55 59 66 70
 72])
Bicluster(rows=[18, 38], cols=[ 1  2  3  6 12 13 23 24 26 27 28 31 32 33 34 40 41 45 48 57 66 67 70 72
 73])
Bicluster(rows=[18, 39], cols=[ 2  4  5 11 12 13 14 16 20 21 27 28 32 33 35 48 50 51 53 57 58 59 60 61
 64 65 70 72])
Bicluster(rows=[18, 40], cols=[ 1  7 11 12 13 16 19 22 24 26 31 36 37 38 42 46 49 50 52 53 55 58 60 62
 66 68 70 71 72])
Bicluster(rows=[18, 41], cols=[ 4  5  6  9 12 13 15 16 17 20 24 27 28 32 33 35 36 48 51 53 55 56 58 59
 61 63 65 70 72 74])
Bicluster(rows=[18, 42], cols=[ 2  5  8  9 11 12 13 14 15 17 18 24 27 28 32 33 34 35 36 38 42 47 48 50
 54 57 58 59 60 61 62 66 67 69 71])
Bicluster(rows=[18, 43], cols=[ 2  3  5  9 11 13 18 21 22 24 27 28 34 35 36 38 40 42 45 47 48 49 53 54
 55 57 59 60 64 65 67 72])
Bicluster(rows=[18, 44], cols=[ 1  2  5 10 12 14 17 19 24 25 28 34 35 38 40 42 43 45 46 47 49 53 55 58
 59 60 62 64 69 72 74])
Bicluster(rows=[18, 45], cols=[ 0  2  5  6  7 10 13 25 28 34 35 38 40 42 43 45 46 47 49 55 58 59 60 65])
Bicluster(rows=[18, 46], cols=[ 2  5  6  7 13 15 22 24 28 34 35 38 40 42 45 47 49 53 56 57 58 59 60 65
 67 72 74])
Bicluster(rows=[18, 47], cols=[ 1  4  6  7  9 12 15 16 17 18 22 24 26 31 37 38 42 43 46 47 50 53 60 61
 63 65 67 68 69 70 74])
Bicluster(rows=[18, 48], cols=[ 1  2  3  4  5  6 12 14 15 16 22 24 25 28 29 35 37 40 43 45 46 49 52 53
 54 56 57 59 60 61 63 66 67 69 70 73])
Bicluster(rows=[18, 49], cols=[ 0  5  7 16 19 25 29 30 35 37 39 40 41 43 45 46 49 50 51 53 56 57 61 62
 63 65 66 67 70 72 74])
Bicluster(rows=[18, 50], cols=[ 1  5  6 10 11 16 20 22 25 26 29 30 31 39 43 52 53 55 57 58 61 65 68 72
 74])
Bicluster(rows=[18, 51], cols=[ 0  1  2  4  5  6 11 12 13 18 19 20 26 31 36 37 38 42 46 47 49 51 55 58
 59 60 61 62 65 67 72])
Bicluster(rows=[18, 52], cols=[ 2  4  8  9 19 20 27 28 34 35 36 38 40 42 45 47 48 49 51 54 56 57 58 59
 63 64 65 68])
Bicluster(rows=[18, 53], cols=[ 0  2  4 14 20 21 22 25 29 30 31 37 39 41 43 44 46 49 50 53 54 56 57 59
 60 62 65 73 74])
Bicluster(rows=[18, 54], cols=[ 0  1  2  5  8  9 11 12 13 16 22 24 26 31 36 37 38 40 42 46 47 49 52 54
 58 59 60 62 65 66 67 70 73 74])
Bicluster(rows=[18, 55], cols=[ 2  4  5  7  8 10 13 18 20 21 22 25 26 29 30 39 43 51 56 59 61 63 64 65
 67 69 72 74])
Bicluster(rows=[18, 56], cols=[ 4  7  9 13 15 16 18 28 34 35 38 40 42 45 47 49 51 55 56 57 60 65 69 70
 72])
Bicluster(rows=[18, 57], cols=[ 1  2  8 13 20 21 22 25 28 34 35 38 40 41 42 43 45 46 47 49 52 55 57 60
 61 62 63 64 71 73 74])
Bicluster(rows=[18, 58], cols=[ 1  2  5  6 12 13 16 22 25 29 30 35 37 39 41 43 55 58 59 60 61 65 66 67
 70])
Bicluster(rows=[18, 59], cols=[ 1  2  3  4  7  8 13 15 16 22 23 26 27 28 31 32 33 34 40 41 45 48 52 54
 63 65 66 70 73])
Bicluster(rows=[18, 60], cols=[ 0  1  2  5 12 16 21 22 25 28 29 30 35 37 39 41 43 45 46 49 59 60 63 67
 68 69 70 71 74])
Bicluster(rows=[18, 61], cols=[ 0  4  5  7 12 15 16 17 20 21 22 24 25 29 30 31 37 39 41 43 44 46 55 58
 60 61 63 66 69 72 74])
Bicluster(rows=[18, 62], cols=[ 5  7  9 10 11 15 17 19 20 24 25 28 29 33 34 40 43 46 49 50 51 53 56 57
 58 59 65 67 69 70 72])
Bicluster(rows=[18, 63], cols=[ 4 10 12 13 14 15 18 21 25 29 30 35 37 39 40 41 43 45 46 49 52 55 59 61
 65 66 70 72])
Bicluster(rows=[18, 64], cols=[ 3  4  9 11 14 15 18 19 20 21 23 26 27 31 34 37 40 41 48 49 50 55 60 61
 66 70])
Bicluster(rows=[18, 65], cols=[ 6  7 12 13 15 17 25 29 30 39 43 52 55 56 58 59 61 62 63 64 65 69 70 71
 72 73 74])
Bicluster(rows=[18, 66], cols=[ 1  2  7  9 12 14 15 16 19 24 26 27 29 30 31 33 35 39 42 43 46 49 50 61
 63 69 70 74])
Bicluster(rows=[18, 67], cols=[ 2  4  5  6  8  9 10 11 12 13 17 18 19 21 27 31 37 42 45 51 52 54 63 64
 66 68 70 73])
Bicluster(rows=[18, 68], cols=[ 3  4  6  8  9 10 11 14 15 16 17 20 24 26 32 36 39 40 43 44 45 46 47 49
 56 57 58 59 60 61 65 66])
Bicluster(rows=[18, 69], cols=[ 0  1  3 11 12 14 16 17 18 19 20 22 24 27 29 32 34 38 42 44 49 52 53 54
 55 56 57 58 59 62 64 65 67 71])
Bicluster(rows=[18, 70], cols=[ 0  3  7  9 10 11 12 13 14 16 17 18 20 23 27 33 35 44 48 52 53 54 55 56
 57 59 60 62 64 65 67 68 71 73])
Bicluster(rows=[18, 71], cols=[ 4  7  8  9 14 25 26 28 30 31 32 33 36 39 41 46 48 49 51 52 53 63 66 67
 70])
Bicluster(rows=[18, 72], cols=[ 0  5  6  7  8  9 14 19 20 22 25 27 28 29 31 34 38 42 49 52 54 55 56 57
 59 60 62 64 65 67 71 73])
Bicluster(rows=[18, 73], cols=[ 2  5  9 10 12 15 18 24 28 33 37 38 42 49 52 53 56 57 59 60 65 67 69 74])
Bicluster(rows=[18, 74], cols=[ 5  6  9 12 13 15 18 25 27 28 32 36 37 38 39 40 42 45 51 53 56 57 58 59
 60 61 63 65 67 70 72])
Bicluster(rows=[18, 75], cols=[ 1  2  8 18 25 29 34 36 39 43 45 46 48 52 53 54 55 56 57 58 59 62 64 65
 67 71])
Bicluster(rows=[18, 76], cols=[ 1  5  7  8  9 12 13 17 18 20 22 24 29 30 36 38 46 47 49 52 54 55 56 57
 59 62 64 65 67 71 73])
Bicluster(rows=[18, 77], cols=[ 0  1  2  4  6  9 12 16 17 21 22 23 25 27 29 32 33 35 37 38 44 49 51 52
 54 62 63 64 68 69 72 73 74])
Bicluster(rows=[18, 78], cols=[ 2  5  7  8 10 12 13 14 22 25 26 30 35 36 37 38 42 45 46 47 51 52 54 62
 63 64 68 69 72 73 74])
Bicluster(rows=[18, 79], cols=[ 0  2  4  5  6  7  9 10 11 12 13 16 18 21 22 24 32 35 44 48 50 61 70 71])
Bicluster(rows=[18, 80], cols=[ 5 14 15 19 20 21 25 26 27 29 31 33 38 45 47 49 51 52 53 57 63 64 65 67
 69 70 72 74])
Bicluster(rows=[18, 81], cols=[ 2  3  4  5  6  8  9 10 11 12 15 16 17 18 24 34 41 42 43 45 46 55 58 61
 63 69 70 72])
Bicluster(rows=[18, 82], cols=[ 3  4 16 17 18 20 25 26 30 35 36 47 48 51 52 53 56 57 63 65 67 70 72])
Bicluster(rows=[18, 83], cols=[ 0  2 11 12 13 14 15 16 20 24 25 26 27 28 32 36 42 44 45 52 54 62 63 64
 68 69 72 73 74])
Bicluster(rows=[18, 84], cols=[ 1 10 11 12 16 17 25 28 38 41 42 45 51 52 54 63 64 68 70 73])
Bicluster(rows=[18, 85], cols=[ 2  5  6  9 17 20 21 22 24 27 28 30 33 34 35 39 41 43 44 46 47 49 51 53
 56 57 59 61 63 65 67 70 72])
Bicluster(rows=[18, 86], cols=[ 1  2  8 10 11 12 13 17 18 20 21 24 25 34 36 37 41 42 45 46 48 49 51 52
 54 63 64 68 73])
Bicluster(rows=[18, 87], cols=[ 2  4  5  6  7  9 13 15 17 18 21 24 27 28 33 34 36 37 45 46 52 54 56 57
 59 60 64 65 67 74])
Bicluster(rows=[18, 88], cols=[ 2  4  5  6  9 11 13 18 22 25 28 29 31 36 41 44 45 48 49 52 54 56 57 59
 60 62 64 65 71 73])
Bicluster(rows=[18, 89], cols=[ 4  7  9 11 12 13 21 25 28 29 31 34 37 41 44 49 52 53 54 55 56 57 59 60
 62 64 65 67 71 73])
Bicluster(rows=[18, 90], cols=[ 1  5  7  8 13 15 17 25 28 29 31 33 34 36 37 41 48 49 52 54 62 63 64 68
 69 72 73 74])
Bicluster(rows=[18, 91], cols=[ 2  8 10 13 14 16 18 23 28 29 30 32 33 34 37 38 40 41 42 44 45 49 50 61
 63 69 70 74])
Bicluster(rows=[18, 92], cols=[ 1 10 11 12 22 25 30 33 36 45 47 49 53 55 56 58 59 60 63 65 67 69 70 72
 74])
Bicluster(rows=[18, 93], cols=[ 0  5  6  7 11 15 16 18 22 25 28 30 31 35 36 37 46 48 51 52 54 63 64 66
 68 70 73])
Bicluster(rows=[18, 94], cols=[ 6 11 12 13 18 22 24 25 26 30 33 34 37 41 42 43 45 47 51 52 54 62 63 64
 68 69 72 73 74])
Bicluster(rows=[18, 95], cols=[ 0  1  5  6  7  8 11 15 17 20 21 24 27 30 31 32 33 34 36 37 39 40 41 42
 45 47 48 51 52 54 63 64 68 69 72 73 74])
Bicluster(rows=[18, 96], cols=[ 2  4  5 10 12 13 15 18 20 21 24 27 28 32 34 36 46 48 49 51 52 54 62 63
 64 68 69 72 73 74])
Bicluster(rows=[18, 97], cols=[ 6  8 13 16 17 18 19 20 24 26 28 30 33 35 37 40 41 42 45 46 47 48 49 51
 52 54 62 63 64 68 69 72 73 74])
Bicluster(rows=[18, 98], cols=[ 0  1  3  5  6  9 11 12 13 15 17 19 20 21 24 31 33 35 36 38 41 44 45 46
 51 53 56 57 59 60 63 65 67 70 72])
Bicluster(rows=[18, 99], cols=[ 1 10 12 13 17 18 22 25 26 30 31 34 46 53 55 59 61 63 64 67 68 69 70 71
 73])
Bicluster(rows=[19, 20], cols=[ 0  1  2  3  4  5  6  7  8  9 10 11 12 13 14 15 16 17 18 19 20 21 22 23
 24 25 27 29 31 32 40 41 42 43 45 46 47 50 51 56 57 58 59 62 67 68 69 72
 74])
Bicluster(rows=[19, 21], cols=[ 0  1  2  3  4  5  6  7  8  9 10 11 12 13 14 15 16 17 18 19 20 21 22 23
 24 25 26 27 30 32 33 36 38 40 42 45 46 47 51 52 54 55 56 57 58 59 62 66
 68 69 71 72 74])
Bicluster(rows=[19, 22], cols=[ 0  1  2  3  4  5  6  7  8  9 10 11 12 13 14 15 16 17 18 19 20 21 22 23
 24 25 27 28 33 34 36 37 38 39 40 41 42 47 48 50 52 56 58 59 62 63 64 66
 68 69 71 72 73 74])
Bicluster(rows=[19, 23], cols=[ 0  1  2  3  4  5  6  7  8  9 10 11 12 13 14 15 16 17 18 19 20 21 22 23
 24 25 27 30 44 45 47 48 50 51 53 54 56 60 61 63 67 69 70 71 72])
Bicluster(rows=[19, 24], cols=[ 0  1  2  3  4  5  6  7  8  9 10 11 12 13 14 15 16 17 18 19 20 21 22 23
 24 25 27 31 33 36 38 40 42 44 45 46 47 48 49 50 52 56 57 58 59 60 61 63
 65 66 67 68 69 71 72 73 74])
Bicluster(rows=[19, 25], cols=[ 0  1  2  3  4  5  6  7  8  9 10 11 12 13 14 15 16 17 18 19 20 21 22 23
 24 30 31 33 36 37 41 47 50 58 59 64 66 67 72 73])
Bicluster(rows=[19, 26], cols=[ 0  1  2  3  4  5  6  7  8  9 10 11 12 13 14 15 16 17 18 19 20 21 22 23
 24 28 29 32 34 37 39 43 46 47 48 49 51 52 53 57 60 61 62 64 65 66 71 72
 73 74])
Bicluster(rows=[19, 27], cols=[ 0  1  2  3  4  5  6  7  8  9 10 11 12 13 14 15 16 17 18 19 20 21 22 23
 24 25 27 28 29 30 31 34 35 37 38 39 41 42 43 45 49 51 55 57 59 63 64 65
 72 74])
Bicluster(rows=[19, 28], cols=[ 0  1  2  3  4  5  6  7  8  9 10 11 12 13 14 15 16 17 18 19 20 21 22 23
 24 27 28 30 34 38 47 50 52 53 54 55 58 60 66 67 70 72 73 74])
Bicluster(rows=[19, 29], cols=[ 0  1  2  3  4  5  6  7  8  9 10 11 12 13 14 15 16 17 18 19 20 21 22 23
 24 25 26 27 31 33 42 46 47 48 50 52 53 54 56 61 62 63 66 67 68 69 70 71
 72 73])
Bicluster(rows=[19, 30], cols=[ 0  1  2  3  4  5  6  7  8  9 10 11 12 13 14 15 16 17 18 19 20 21 22 23
 24 25 26 27 30 36 40 41 42 44 45 47 48 52 54 56 57 59 60 61 66 67 68 71
 72 73])
Bicluster(rows=[19, 31], cols=[ 1  5  6  8 22 25 27 30 31 32 34 36 37 39 44 46 47 50 51 52 54 56 57 58
 63 66 69 71 72 74])
Bicluster(rows=[19, 32], cols=[ 2  6  7 10 12 13 15 20 24 26 27 32 35 37 38 42 43 46 47 51 53 55 59 62
 65 68 71])
Bicluster(rows=[19, 33], cols=[ 2 10 11 12 16 17 18 20 24 29 31 32 33 39 43 45 49 50 52 54 56 57 58 59
 62 63 64 66 71 73 74])
Bicluster(rows=[19, 34], cols=[ 4  5  7 10 11 14 17 19 20 25 28 34 35 36 37 38 40 41 49 52 56 59 63 64
 72 73])
Bicluster(rows=[19, 35], cols=[ 0  4  7 11 15 17 18 24 25 28 34 35 36 37 38 40 41 47 49 51 52 55 58 59
 62 63 66 67 68])
Bicluster(rows=[19, 36], cols=[ 0  1  4  5  7  9 11 12 14 17 21 22 25 26 27 31 32 33 36 38 44 45 46 47
 48 52 55 57 58 60 63 64 68 71])
Bicluster(rows=[19, 37], cols=[ 2  5  6  9 12 13 15 16 18 20 21 25 28 34 35 36 37 38 39 40 41 42 43 47
 49 50 51 52 53 56 57 58 59 60 62 68 69 71])
Bicluster(rows=[19, 38], cols=[ 1  2  3  6 12 13 23 24 26 27 29 31 32 33 38 39 42 43 45 49 50 54 61 62
 66 70 74])
Bicluster(rows=[19, 39], cols=[ 2  4  5 13 16 20 22 23 28 29 34 35 37 39 40 41 42 43 49 52 53 57 58 60
 61 62 73])
Bicluster(rows=[19, 40], cols=[ 0  3  4  7 11 13 14 15 18 21 25 34 35 36 37 38 39 40 41 42 47 49 50 54
 56 58 61 63 65 66 73])
Bicluster(rows=[19, 41], cols=[ 2  4  6  7  9 10 13 16 17 21 24 25 28 34 35 36 37 38 40 41 47 49 50 52
 56 59 62 66 67])
Bicluster(rows=[19, 42], cols=[ 0  4  8  9 10 12 13 14 17 20 21 24 25 28 34 35 36 37 38 39 40 41 42 47
 49 52 54 57 58 59 65 69 72 73 74])
Bicluster(rows=[19, 43], cols=[ 4  5  6  7 10 13 15 22 23 24 25 27 28 32 34 35 36 37 38 39 40 41 42 47
 49 55 57 62 68 71])
Bicluster(rows=[19, 44], cols=[ 3  4  6  7  9 14 15 18 21 25 28 34 35 36 37 38 39 40 41 42 47 49 51 55
 56 61 62 64 67 73 74])
Bicluster(rows=[19, 45], cols=[ 2 10 11 13 16 17 21 22 26 27 31 32 33 38 39 42 43 45 49 50 51 52 56 58
 61 66 69])
Bicluster(rows=[19, 46], cols=[ 2  5  6  7 13 15 22 24 27 30 32 33 35 41 46 48 52 54 57 58 59 61 62 64
 66 68 71])
Bicluster(rows=[19, 47], cols=[ 4  5  7  9 16 17 18 20 25 26 30 31 33 36 44 45 46 48 51 54 57 58 62 63
 64 68 69 73])
Bicluster(rows=[19, 48], cols=[ 1  3  6  9 10 11 14 15 16 17 18 19 21 22 27 30 32 33 35 41 46 48 50 52
 55 56 58 59 60 62 63 64 65 68 71 74])
Bicluster(rows=[19, 49], cols=[ 1  2  3  6  7  9 10 16 20 26 29 34 37 39 40 43 44 49 50 52 54 58 59 60
 63 64 73 74])
Bicluster(rows=[19, 50], cols=[ 4  6  7  9 15 18 20 21 34 37 38 39 40 42 43 49 52 58 59 60 61 62 66 69
 70 72 74])
Bicluster(rows=[19, 51], cols=[ 1  5  9 11 15 18 19 21 24 25 26 27 30 31 32 33 36 44 45 46 47 48 50 51
 52 55 59 66 70 71 73 74])
Bicluster(rows=[19, 52], cols=[ 3  7  8 15 16 17 25 28 34 35 36 37 38 39 40 41 42 43 47 49 50 51 53 61
 63 66 72])
Bicluster(rows=[19, 53], cols=[ 5  6  7 10 12 14 15 16 17 18 24 27 30 32 33 35 46 48 54 58 61 67 69 70
 74])
Bicluster(rows=[19, 54], cols=[ 1  3  8 17 18 19 26 27 31 32 33 38 39 42 43 44 45 49 52 55 57 61 64 65
 67 72])
Bicluster(rows=[19, 55], cols=[ 0  1  2  6  7 10 11 13 14 16 17 19 20 28 29 34 35 37 38 39 40 41 42 43
 49 50 54 56 59 61 63 64 66 68 69 72 73 74])
Bicluster(rows=[19, 56], cols=[ 0  1  5  6  8 11 13 20 21 29 30 38 42 43 46 48 53 56 58 61 68 71 72])
Bicluster(rows=[19, 57], cols=[ 5  6  7 10 11 12 17 18 24 25 28 34 35 36 37 38 40 41 47 49 50 52 53 55
 59 63 65 66 68 69 71 72])
Bicluster(rows=[19, 58], cols=[ 2  5  6  7  9 10 11 12 17 18 20 21 23 24 26 29 31 33 34 37 39 40 43 45
 49 50 52 53 57 59 60 61 68 70])
Bicluster(rows=[19, 59], cols=[ 1  2  3  4  7 10 13 15 16 22 23 26 27 29 31 32 33 38 39 42 43 44 45 49
 50 52 54 55 62 63])
Bicluster(rows=[19, 60], cols=[ 2  4  7  8  9 11 16 19 23 24 26 29 31 33 34 37 39 40 43 44 45 49 50 51
 54 57 59 63 65 72 73 74])
Bicluster(rows=[19, 61], cols=[ 2  6  7  9 10 11 12 13 15 18 19 20 29 34 37 39 40 42 43 49 51 52 56 57
 58 62 63 68 71 74])
Bicluster(rows=[19, 62], cols=[ 0  4  7  9 10 12 13 14 18 20 22 29 31 32 33 39 43 45 49 50 52 54 58 59
 60 62 63 67 68 73 74])
Bicluster(rows=[19, 63], cols=[ 0  3  5  6 10 11 13 15 17 18 22 24 26 29 31 34 37 39 40 43 44 49 50 51
 53 54 56 57 58 59 62 64 66 69 71 73])
Bicluster(rows=[19, 64], cols=[ 2  4  6  9 10 11 15 17 18 21 24 25 28 34 35 36 37 38 39 40 41 42 47 49
 52 59 63 66 68 72 73 74])
Bicluster(rows=[19, 65], cols=[ 0  1  2  4  6  7 10 12 13 15 16 18 20 21 22 23 25 28 34 35 36 37 38 39
 40 41 42 43 47 49 50 52 56 61 62 64 68 69 70 72 73])
Bicluster(rows=[19, 66], cols=[ 4  7  9 10 15 16 18 25 28 34 39 41 42 43 44 48 49 50 51 52 54 56 57 58
 60 62 68 74])
Bicluster(rows=[19, 67], cols=[ 0  4  7  9 11 15 17 18 19 21 25 28 32 33 34 36 39 40 41 42 43 50 51 52
 54 57 58 60 62 63 68 74])
Bicluster(rows=[19, 68], cols=[ 3  4  6  8  9 10 11 14 15 16 20 24 27 30 32 34 37 41 45 46 48 50 51 52
 54 56 57 58 60 62 64 68 73 74])
Bicluster(rows=[19, 69], cols=[ 2  4  5  6  7  8  9 10 12 15 20 21 24 26 28 29 30 33 35 36 37 41 44 47
 48 50 51 52 54 56 57 58 60 62 63 64 66 68 73 74])
Bicluster(rows=[19, 70], cols=[ 0  7  9 10 11 13 14 16 18 28 34 35 37 38 43 46 49 50 52 56 58 59 61 68
 69 70 72])
Bicluster(rows=[19, 71], cols=[ 0  8 13 14 16 18 25 26 27 28 29 30 31 36 37 42 44 46 49 50 51 52 54 56
 57 58 59 60 62 64 68 73 74])
Bicluster(rows=[19, 72], cols=[ 2  4 10 11 16 20 21 25 26 30 32 37 48 50 52 54 56 58 60 62 63 66 68 74])
Bicluster(rows=[19, 73], cols=[ 1  4  8 12 16 22 25 26 27 31 34 35 37 38 41 42 44 45 48 50 51 52 54 56
 58 59 60 62 63 64 66 68 73 74])
Bicluster(rows=[19, 74], cols=[ 1  5 13 14 17 23 28 31 36 38 43 50 51 52 54 56 57 58 62 64 68 73 74])
Bicluster(rows=[19, 75], cols=[ 2  6 10 15 16 19 29 32 35 36 39 40 41 42 43 45 46 48 50 51 52 54 56 57
 58 59 60 62 64 68 73 74])
Bicluster(rows=[19, 76], cols=[ 0  2  4 10 14 19 21 26 27 30 31 32 33 34 38 39 42 44 49 52 54 55 62 65
 69 71 72 73])
Bicluster(rows=[19, 77], cols=[ 0  6 11 15 16 17 21 24 25 27 32 34 35 38 39 41 42 43 45 46 52 57 58 60
 61 63 66 68 69 71])
Bicluster(rows=[19, 78], cols=[ 0  9 11 14 16 20 21 24 25 27 30 33 35 36 38 40 42 43 47 48 49 50 51 52
 54 56 57 58 60 62 68 74])
Bicluster(rows=[19, 79], cols=[ 0  2  4  6  7  9 10 11 16 17 18 21 27 32 33 34 36 38 40 43 45 47 49 54
 55 65 69 71 72 73])
Bicluster(rows=[19, 80], cols=[ 0  1  9 11 15 16 18 20 22 27 29 32 33 38 45 46 47 49 55 62 63 64 65 66
 73 74])
Bicluster(rows=[19, 81], cols=[ 2  3  5  6  8  9 10 11 15 17 18 22 24 27 30 31 33 37 47 48 49 52 54 55
 59 62 69 71 72 73])
Bicluster(rows=[19, 82], cols=[ 5  6  8  9 10 11 15 20 21 27 28 31 33 34 36 47 48 50 52 54 56 58 59 62
 66 68 69 71 72 73])
Bicluster(rows=[19, 83], cols=[ 4  7  9 11 14 16 17 20 21 22 26 29 33 34 39 41 42 43 47 49 50 52 57 58
 60 61 63 66 68 69 71])
Bicluster(rows=[19, 84], cols=[ 3  4  6  7  9 13 19 20 21 24 25 27 28 32 38 39 42 43 48 50 51 52 54 56
 57 58 60 64 68 73])
Bicluster(rows=[19, 85], cols=[ 0  3  5 12 16 19 22 28 32 34 35 36 37 41 45 46 47 49 50 51 56 59 60 64
 73])
Bicluster(rows=[19, 86], cols=[ 4  7  9 11 15 16 17 21 25 27 32 33 34 39 44 49 50 51 52 54 56 57 58 60
 62 68 74])
Bicluster(rows=[19, 87], cols=[ 4  6  9 10 17 18 21 27 36 38 39 42 44 46 47 49 50 52 56 58 61 68 69 71
 72])
Bicluster(rows=[19, 88], cols=[ 1  6  8 13 15 16 20 24 25 29 30 31 33 35 38 44 48 50 51 52 54 56 57 58
 59 60 62 63 64 68 73 74])
Bicluster(rows=[19, 89], cols=[ 3  6 14 20 23 25 31 36 37 38 41 45 48 49 54 55 62 63 65 69 71 72 73])
Bicluster(rows=[19, 90], cols=[ 0  4  9 11 16 18 20 21 24 25 27 28 32 34 36 40 42 44 46 49 50 52 54 56
 58 59 60 62 63 66 68 74])
Bicluster(rows=[19, 91], cols=[ 0  1 10 12 15 16 18 19 20 21 24 25 29 32 33 34 35 37 41 42 46 49 50 51
 52 54 57 58 62 68 74])
Bicluster(rows=[19, 92], cols=[ 0  6 12 13 16 17 18 19 21 26 31 32 34 36 37 39 48 49 50 52 54 56 58 59
 62 63 66 68 74])
Bicluster(rows=[19, 93], cols=[ 0  2 10 11 12 16 17 18 20 21 24 25 26 27 31 32 36 42 44 45 46 50 51 52
 54 57 58 60 62 68 74])
Bicluster(rows=[19, 94], cols=[ 0  2  9 10 17 21 25 27 29 32 34 36 37 41 42 44 47 49 50 51 52 54 56 57
 58 60 62 68 74])
Bicluster(rows=[19, 95], cols=[ 0  2  7  9 11 15 17 18 21 22 25 27 30 36 38 40 44 47 50 52 54 57 58 60
 62 63 66 68 74])
Bicluster(rows=[19, 96], cols=[ 0  7  9 11 16 17 18 21 34 36 37 38 39 40 41 42 43 46 49 50 51 52 54 56
 57 58 60 62 63 66 68 74])
Bicluster(rows=[19, 97], cols=[ 0  2  4  7  9 10 11 14 15 18 19 21 27 29 30 34 35 37 39 40 41 42 43 46
 47 49 50 51 52 54 56 57 58 60 62 63 68 74])
Bicluster(rows=[19, 98], cols=[ 0  1  3  5  6  9 11 12 13 15 17 18 19 20 21 25 31 34 35 36 37 40 42 46
 47 49 50 52 54 56 57 58 59 60 61 62 63 66 68 71 74])
Bicluster(rows=[19, 99], cols=[ 9 11 13 15 19 21 25 26 31 33 40 42 44 46 47 48 49 56 58 61 68 69 70 73
 74])
Bicluster(rows=[20, 21], cols=[ 0  1  2  3  4  5  6  7  8  9 10 11 12 13 14 15 16 17 18 19 20 21 22 23
 24 25 27 28 31 32 34 35 37 39 40 42 47 48 53 55 56 57 58 61 62 63 64 65
 68 69 70 72 74])
Bicluster(rows=[20, 22], cols=[ 0  1  2  3  4  5  6  7  8  9 10 11 12 13 14 15 16 17 18 19 20 21 22 23
 24 25 26 27 28 30 31 32 35 41 42 47 48 50 54 55 56 58 59 60 61 62 65 68
 69 72 74])
Bicluster(rows=[20, 23], cols=[ 0  1  2  3  4  5  6  7  8  9 10 11 12 13 14 15 16 17 18 19 20 21 22 23
 24 25 27 34 35 38 39 46 47 48 49 50 51 55 56 62 64 67 72])
Bicluster(rows=[20, 24], cols=[ 0  1  2  3  4  5  6  7  8  9 10 11 12 13 14 15 16 17 18 19 20 21 22 23
 24 25 32 34 35 37 39 40 42 45 48 50 52 55 56 57 59 62 64 65 67 68 69 70
 72])
Bicluster(rows=[20, 25], cols=[ 0  1  2  3  4  5  6  7  8  9 10 11 12 13 14 15 16 17 18 19 20 21 22 23
 24 26 31 34 36 39 40 41 44 46 49 50 53 58 59 63 67 69 70 71 72 73])
Bicluster(rows=[20, 26], cols=[ 0  1  2  3  4  5  6  7  8  9 10 11 12 13 14 15 16 17 18 19 20 21 22 23
 24 29 30 32 33 37 38 42 43 46 51 55 57 58 62 69 70 72 73 74])
Bicluster(rows=[20, 27], cols=[ 0  1  2  3  4  5  6  7  8  9 10 11 12 13 14 15 16 17 18 19 20 21 22 23
 24 25 26 27 28 29 31 33 36 41 42 43 44 46 48 51 52 53 55 57 60 65 66 67
 70 71 73 74])
Bicluster(rows=[20, 28], cols=[ 0  1  2  3  4  5  6  7  8  9 10 11 12 13 14 15 16 17 18 19 20 21 22 23
 24 27 28 33 36 37 39 40 45 46 47 48 49 50 54 55 56 57 58 61 62 67 71 74])
Bicluster(rows=[20, 29], cols=[ 0  1  2  3  4  5  6  7  8  9 10 11 12 13 14 15 16 17 18 19 20 21 22 23
 24 25 27 30 31 34 35 37 38 39 42 45 46 47 48 49 50 55 56 64 65 67 68 69
 72 73 74])
Bicluster(rows=[20, 30], cols=[ 0  1  2  3  4  5  6  7  8  9 10 11 12 13 14 15 16 17 18 19 20 21 22 23
 24 25 27 32 33 34 35 36 37 38 39 40 41 42 47 52 53 54 55 57 58 59 63 67
 68 70])
Bicluster(rows=[20, 31], cols=[ 0  1  2  4  5  6  7  8  9 10 11 12 13 15 16 17 18 19 20 21 22 24 26 28
 33 35 36 41 42 43 44 51 52 54 58 59 60 61 62 63 65 66 68 71])
Bicluster(rows=[20, 32], cols=[ 0  2  4  7  9 10 11 12 13 14 15 16 17 18 19 20 21 24 27 29 37 38 41 45
 47 52 53 57 59 62 64 66 68 69 72])
Bicluster(rows=[20, 33], cols=[ 0  2  3  4 10 16 17 18 21 26 28 32 38 39 41 44 46 55 58 64 65 68 69 72])
Bicluster(rows=[20, 34], cols=[ 0  2  4  5  7 10 11 14 17 19 20 21 24 25 26 27 28 41 42 44 47 48 54 55
 56 57 58 62 65 67 68 72])
Bicluster(rows=[20, 35], cols=[ 0  6 10 11 16 17 18 19 27 29 32 34 36 37 43 45 48 50 52 53 56 57 60 63
 65 66])
Bicluster(rows=[20, 36], cols=[ 1  4  5  9 10 11 12 14 20 21 27 28 31 42 48 54 56 57 59 61 66 67 70])
Bicluster(rows=[20, 37], cols=[ 2  4  9 10 11 12 13 14 17 20 21 34 38 39 45 46 47 49 50 53 54 55 56 57
 58 59 60 62 63 64 65 67 68 69 72 73 74])
Bicluster(rows=[20, 38], cols=[ 2  8 24 26 28 31 32 34 37 38 39 41 44 46 50 51 57 58 61 62 63 67 70 72
 73])
Bicluster(rows=[20, 39], cols=[ 2  3  4  5 12 13 16 20 22 23 26 29 30 33 36 40 41 43 44 48 54 55 58 59
 63 64 65 67 70])
Bicluster(rows=[20, 40], cols=[ 0  3  4  6  7  8  9 10 12 13 14 18 21 24 25 26 27 28 41 42 44 47 48 50
 51 52 55 56 64 71])
Bicluster(rows=[20, 41], cols=[ 4  5  6  9 10 12 13 15 16 17 20 24 25 26 27 28 41 42 44 47 48 55 56 57
 59 62 64 65 67 68])
Bicluster(rows=[20, 42], cols=[ 0  4  8  9 10 11 12 13 14 17 20 21 24 25 26 27 28 40 41 42 44 47 48 55
 57 58 59 62 63 68 69 70 72 74])
Bicluster(rows=[20, 43], cols=[ 3  4  5  6  7 10 13 15 22 23 24 25 26 27 28 41 42 44 47 48 52 57 61 62
 64 65 73])
Bicluster(rows=[20, 44], cols=[ 2  4  5  6  7 10 13 14 17 19 20 24 26 27 28 31 41 44 47 52 56 58 62 64
 65 67 68 69 70 71])
Bicluster(rows=[20, 45], cols=[ 1  2  4  7 10 11 13 14 16 19 22 27 29 30 36 43 48 50 51 53 55 57 60 62
 63 64 68 69 70 71])
Bicluster(rows=[20, 46], cols=[ 2  4  9 11 13 15 17 18 19 24 27 32 34 36 37 43 45 48 51 55 59 61 62 63
 65 67 68 69 70])
Bicluster(rows=[20, 47], cols=[ 1  3 11 14 19 21 23 25 32 34 37 39 42 45 46 47 49 52 53 55 58 61 69 70
 71 74])
Bicluster(rows=[20, 48], cols=[ 1  3  5  6 10 11 14 15 16 17 18 19 21 22 26 28 31 32 34 37 38 39 41 44
 46 56 57 59 61 66 67 68 69 70 74])
Bicluster(rows=[20, 49], cols=[ 0  9 10 14 15 22 26 28 31 32 34 38 39 41 44 46 51 52 54 55 56 57 62 66
 67 68 70 73 74])
Bicluster(rows=[20, 50], cols=[ 2  7  9 12 13 15 19 24 32 34 35 37 38 39 46 47 50 54 57 58 59 61 73 74])
Bicluster(rows=[20, 51], cols=[ 1  4  5  6 11 12 13 18 19 20 21 25 32 34 37 39 45 46 47 53 54 57 58 59
 65 67 68 69 74])
Bicluster(rows=[20, 52], cols=[ 1  7 10 11 14 15 17 21 22 25 32 34 37 38 39 45 46 47 50 54 56 57 59 60
 65 67 70 73])
Bicluster(rows=[20, 53], cols=[ 5  7 10 12 15 16 17 18 24 26 27 28 31 32 38 39 41 44 47 52 53 55 62 63
 69 71 74])
Bicluster(rows=[20, 54], cols=[ 1  3  5  8  9 10 11 13 15 21 22 25 32 34 37 39 42 45 46 47 50 53 55 58
 60 64 65 66 70 71 72])
Bicluster(rows=[20, 55], cols=[ 0  1  2  6  7 10 11 13 14 16 17 19 20 26 29 30 33 36 40 43 44 50 53 55
 56 59 60 62 65 67 68 69 70 72 74])
Bicluster(rows=[20, 56], cols=[ 0  1  5  6  8 14 17 19 20 21 27 29 32 34 36 37 43 45 48 55 58 60 63 64
 66 68 70])
Bicluster(rows=[20, 57], cols=[ 5  6  7 10 11 12 15 17 18 24 25 26 27 28 41 42 44 47 48 50 54 56 57 59
 60 61 62 64 68 69])
Bicluster(rows=[20, 58], cols=[ 0  7  9 10 12 14 18 20 22 24 26 28 31 32 34 37 38 39 41 44 46 49 50 53
 54 60 61 65 66 67 68 70 74])
Bicluster(rows=[20, 59], cols=[ 0  3  5  9 10 23 28 29 30 31 35 36 40 41 43 50 53 60 61 64 65 66 70 71])
Bicluster(rows=[20, 60], cols=[ 0  2  3  4  8  9 11 16 19 23 24 28 29 30 31 36 40 41 43 50 51 53 54 55
 57 62 64 66 67 70 72 73 74])
Bicluster(rows=[20, 61], cols=[ 0  7 10 15 16 17 20 21 24 31 32 34 35 37 38 39 46 49 50 52 54 55 58 59
 66 67 68 69 71 73])
Bicluster(rows=[20, 62], cols=[ 0  4  8 12 13 15 18 20 22 24 27 29 30 36 37 43 45 48 54 55 59 61 62 64
 65 66 67 69 73])
Bicluster(rows=[20, 63], cols=[ 0 10 11 12 14 15 17 18 19 26 28 31 32 34 37 38 39 41 44 46 49 50 53 54
 55 63 64 65 66 67 68 70])
Bicluster(rows=[20, 64], cols=[ 3  4  5 12 13 15 18 19 20 21 23 32 34 37 39 42 45 46 49 50 51 52 53 55
 56 57 63 65 67 69 74])
Bicluster(rows=[20, 65], cols=[ 0  1  4  5  7 10 11 12 13 14 15 16 18 19 23 26 29 30 33 36 40 43 50 52
 53 59 60 65 68 69 71 72 73 74])
Bicluster(rows=[20, 66], cols=[ 2  4  5  6  7  9 14 15 16 18 19 20 24 27 31 32 34 37 38 39 40 42 44 52
 53 54 61 69 70 73 74])
Bicluster(rows=[20, 67], cols=[ 0  1  3  7 11 12 15 18 19 21 25 26 30 31 32 35 37 38 40 42 43 44 51 62
 64 70 74])
Bicluster(rows=[20, 68], cols=[ 5  7  9 10 12 13 15 19 20 21 25 26 27 28 32 33 34 37 38 43 48 50 55 57
 62 64 65 68 69 72])
Bicluster(rows=[20, 69], cols=[ 5  6  7  8  9 10 12 20 21 25 29 32 40 42 48 50 51 52 54 55 56 57 58 59
 61 63 65 66 67 68 70 71])
Bicluster(rows=[20, 70], cols=[ 0  2  5  6  7  9 10 16 17 18 19 20 22 24 25 27 31 32 34 37 38 45 47 48
 51 52 53 54 55 58 61 63 66 67 71 73])
Bicluster(rows=[20, 71], cols=[ 0  8 12 13 16 17 18 23 25 27 29 31 33 35 36 39 41 50 51 52 54 55 56 57
 58 59 61 63 65 66 67 68 70 71])
Bicluster(rows=[20, 72], cols=[ 0  2  9 14 19 24 25 26 27 30 31 33 35 37 42 46 50 58 60 62 64 65 68 69
 72])
Bicluster(rows=[20, 73], cols=[ 0  1  2  8 11 12 15 17 21 22 24 29 31 32 39 44 46 48 51 52 53 54 58 60
 61 63 66 67 70 71 73])
Bicluster(rows=[20, 74], cols=[ 3  4 10 11 14 16 20 21 23 24 25 26 29 30 36 37 39 42 43 44 47 48 51 52
 53 54 60 61 63 66 71 73])
Bicluster(rows=[20, 75], cols=[ 0  2  6 10 15 18 23 26 28 29 30 33 34 38 40 43 50 51 54 56 57 58 59 61
 63 65 66 67 68 70 71])
Bicluster(rows=[20, 76], cols=[ 0  3  4  5 10 11 12 13 20 21 25 26 30 35 38 39 40 41 42 43 44 47 50 51
 54 56 57 58 59 61 63 65 66 67 68 70 71])
Bicluster(rows=[20, 77], cols=[ 0  2  5  8  9 11 16 17 21 27 29 31 32 34 39 40 44 52 53 54 61 70 71 73
 74])
Bicluster(rows=[20, 78], cols=[ 1  4  5 13 17 18 22 24 25 27 32 37 38 39 41 45 46 47 48 49 50 58 60 62
 64 67 68 72])
Bicluster(rows=[20, 79], cols=[ 4  9 10 11 14 15 16 18 19 20 21 25 28 31 33 34 35 44 48 50 51 54 56 57
 59 61 63 65 66 67 68 71])
Bicluster(rows=[20, 80], cols=[ 0  1  4 10 16 24 26 29 31 32 35 38 44 45 46 47 50 58 60 62 64 65 67 68
 69 72])
Bicluster(rows=[20, 81], cols=[ 9 10 11 14 17 18 23 25 26 33 35 37 38 47 50 51 54 55 56 57 58 59 61 63
 65 66 67 68 70 71])
Bicluster(rows=[20, 82], cols=[ 0  4  6  7  8 13 14 17 18 19 26 30 31 35 36 37 38 46 48 52 53 54 61 67
 70 73 74])
Bicluster(rows=[20, 83], cols=[ 2  4  5  6  9 11 15 16 17 21 24 26 27 31 32 33 34 38 39 40 42 46 47 49
 52 53 54 61 66 70 71 73 74])
Bicluster(rows=[20, 84], cols=[ 3  4  5  6 13 14 20 21 23 24 25 26 27 29 34 35 37 40 41 43 50 51 54 56
 57 59 63 65 66 67 68 70 71])
Bicluster(rows=[20, 85], cols=[ 0  2  3  5 16 19 20 22 23 24 28 32 33 38 41 45 46 47 48 50 51 54 55 56
 57 58 59 61 63 65 66 67 68 70 71])
Bicluster(rows=[20, 86], cols=[ 0  4  6  7 14 19 25 26 27 28 30 36 38 41 42 43 50 51 56 57 59 63 65 66
 67 68 70 71])
Bicluster(rows=[20, 87], cols=[ 0  4  7  9 10 12 14 15 17 18 19 20 21 24 25 27 28 29 31 39 40 41 42 44
 47 48 51 52 53 54 60 61 63 66 71 73])
Bicluster(rows=[20, 88], cols=[ 1  2  3  6  8 13 14 15 16 17 20 24 26 29 31 37 39 45 46 50 51 52 54 55
 56 57 58 59 61 63 65 66 67 68 70 71 73])
Bicluster(rows=[20, 89], cols=[ 0  1  5 10 12 13 15 19 27 29 34 36 39 41 46 50 51 52 54 55 57 58 61 63
 65 66 67 68 70 71])
Bicluster(rows=[20, 90], cols=[ 1  3  4  8  9 18 20 23 25 26 27 30 31 32 36 46 50 51 54 56 57 58 59 63
 65 66 67 68 70 71 74])
Bicluster(rows=[20, 91], cols=[ 0  1  3  6  7 12 15 16 18 20 24 25 28 29 30 31 40 41 44 46 50 51 56 59
 63 65 66 68 70 71])
Bicluster(rows=[20, 92], cols=[ 1  5 14 17 18 21 22 24 26 33 34 35 37 39 40 47 54 58 60 67 69 70 74])
Bicluster(rows=[20, 93], cols=[ 2  4  9 17 19 20 21 24 31 33 36 43 45 47 50 51 54 56 57 59 61 63 65 66
 67 68 70 71])
Bicluster(rows=[20, 94], cols=[ 0  6  7  9 10 15 17 19 20 28 34 36 37 38 40 43 44 45 46 47 48 52 53 54
 61 69 70 72 73])
Bicluster(rows=[20, 95], cols=[ 3  4  7  9 13 15 17 18 19 20 24 25 30 31 38 41 42 43 44 45 47 49 52 53
 54 61 69 70 73 74])
Bicluster(rows=[20, 96], cols=[ 0  1  2  7  8  9 11 12 13 16 17 20 22 24 25 34 35 37 38 39 44 45 47 52
 53 54 61 69 70 73 74])
Bicluster(rows=[20, 97], cols=[ 0  2  3  4  9 11 12 14 15 21 27 29 33 36 40 41 42 43 50 56 57 59 62 65
 68 70 74])
Bicluster(rows=[20, 98], cols=[ 0  1  3  5  6 11 12 13 14 17 18 20 25 30 31 33 40 41 50 55 56 57 59 62
 65 68 69 70 74])
Bicluster(rows=[20, 99], cols=[ 1  4  7 15 22 25 28 31 37 43 45 48 49 52 53 56 57 61 64 65 66 67 69 72])
Bicluster(rows=[21, 22], cols=[ 0  1  2  3  4  5  6  7  8  9 10 11 12 13 14 15 16 17 18 19 20 21 22 23
 24 25 26 28 29 30 31 32 33 34 36 37 38 39 40 42 43 44 45 47 49 51 52 53
 56 58 60 61 62 65 67 68 69 70 71 72 73 74])
Bicluster(rows=[21, 23], cols=[ 0  1  2  3  4  5  6  7  8  9 10 11 12 13 14 15 16 17 18 19 20 21 22 23
 24 25 27 44 45 47 48 49 51 54 64 68 73])
Bicluster(rows=[21, 24], cols=[ 0  1  2  3  4  5  6  7  8  9 10 11 12 13 14 15 16 17 18 19 20 21 22 23
 24 25 26 29 30 32 33 36 38 39 40 41 42 44 45 46 47 48 51 52 53 54 55 57
 59 63 64 66 68 69 71 72 73])
Bicluster(rows=[21, 25], cols=[ 0  1  2  3  4  5  6  7  8  9 10 11 12 13 14 15 16 17 18 19 20 21 22 23
 24 26 29 30 36 39 43 44 49 51 66 70 71 72])
Bicluster(rows=[21, 26], cols=[ 0  1  2  3  4  5  6  7  8  9 10 11 12 13 14 15 16 17 18 19 20 21 22 23
 24 32 34 37 41 46 47 51 57 58 62 68 70 71 72 74])
Bicluster(rows=[21, 27], cols=[ 0  1  2  3  4  5  6  7  8  9 10 11 12 13 14 15 16 17 18 19 20 21 22 23
 24 25 26 28 29 34 35 38 42 44 45 48 49 52 53 55 56 57 58 59 60 67 70 72
 74])
Bicluster(rows=[21, 28], cols=[ 0  1  2  3  4  5  6  7  8  9 10 11 12 13 14 15 16 17 18 19 20 21 22 23
 24 27 28 29 30 31 34 37 38 47 48 49 54 55 57 58 66 72 73])
Bicluster(rows=[21, 29], cols=[ 0  1  2  3  4  5  6  7  8  9 10 11 12 13 14 15 16 17 18 19 20 21 22 23
 24 25 26 27 31 33 35 37 42 47 49 50 52 54 55 56 62 63 64 65 68 69 71 72
 73])
Bicluster(rows=[21, 30], cols=[ 0  1  2  3  4  5  6  7  8  9 10 11 12 13 14 15 16 17 18 19 20 21 22 23
 24 25 27 30 34 36 37 40 42 43 45 47 50 52 53 55 56 57 59 60 66 68 70 71
 72 73])
Bicluster(rows=[21, 31], cols=[ 1  2  5  6  8 12 13 20 22 24 26 27 31 38 42 43 44 46 47 48 49 55 56 57
 58 60 61 63 65 67 68 69 71 72 73 74])
Bicluster(rows=[21, 32], cols=[ 0  3 14 19 28 30 33 36 38 39 42 43 44 47 51 58 59 60 61 62 65 70 72 73])
Bicluster(rows=[21, 33], cols=[ 1  2  5  6 10 11 12 17 24 27 33 34 37 41 46 48 52 53 54 55 61 65 66 70
 74])
Bicluster(rows=[21, 34], cols=[ 2  3  4  6  7 10 12 13 15 16 20 24 25 29 32 33 36 38 39 41 43 47 49 50
 51 52 56 57 62 64 67 70 73])
Bicluster(rows=[21, 35], cols=[ 0  3  4  7 11 15 17 24 25 27 29 36 38 40 42 43 46 47 48 50 52 59 60 61
 68 69 70 73])
Bicluster(rows=[21, 36], cols=[ 2  8 10 16 19 26 30 31 34 35 37 39 44 45 50 51 52 56 57 58 59 60 65 67
 68 72])
Bicluster(rows=[21, 37], cols=[ 2  5  6 12 13 16 18 20 25 27 28 29 30 31 35 36 38 42 43 46 47 51 52 54
 56 57 61 62 65 66 67 69 70 71 73])
Bicluster(rows=[21, 38], cols=[ 1  2  3  6  9 23 29 30 32 33 34 37 38 39 41 42 43 46 49 53 54 57 60 62
 67 69 71 72])
Bicluster(rows=[21, 39], cols=[ 4  6  8 11 20 21 22 23 24 25 26 27 28 29 30 31 34 35 36 38 40 42 43 44
 46 47 48 50 52 63 67 69 72 73 74])
Bicluster(rows=[21, 40], cols=[ 0  3  4  6  9 12 13 14 18 21 25 27 28 29 30 31 34 36 38 39 43 46 47 53
 54 59 60 62 64 66 67])
Bicluster(rows=[21, 41], cols=[ 1  5  6  9 10 13 15 17 19 24 27 29 38 40 43 46 48 51 52 55 60 61 62 63
 64 65 66 72 73])
Bicluster(rows=[21, 42], cols=[ 0  4  8 10 12 13 14 17 20 21 25 27 29 30 36 38 40 42 43 46 47 48 50 52
 53 54 55 57 58 60 61 67 69 72 74])
Bicluster(rows=[21, 43], cols=[ 3  4  5  6  7 10 13 15 21 22 24 25 27 28 29 30 31 34 35 36 38 39 43 46
 47 55 56 57 59 60 62 63 64 66 67 68])
Bicluster(rows=[21, 44], cols=[ 4  6  7 14 15 18 19 25 27 28 29 30 31 36 38 43 46 47 51 54 55 58 59 62
 63 69])
Bicluster(rows=[21, 45], cols=[ 2 10 11 13 16 17 21 22 27 30 34 37 41 42 45 46 52 53 54 56 57 59 60 64
 67 69 70 71 73])
Bicluster(rows=[21, 46], cols=[ 2  4  9 11 13 15 16 19 21 24 29 30 32 33 38 39 41 42 43 49 52 54 56 61
 63 66 70 72 73 74])
Bicluster(rows=[21, 47], cols=[ 3  5 11 14 19 20 21 23 29 30 32 33 34 36 37 38 39 41 42 43 45 46 47 49
 55 58 63 68 69 74])
Bicluster(rows=[21, 48], cols=[ 1  3  6 10 11 14 15 16 17 18 19 21 22 28 31 32 34 37 49 52 56 57 59 61
 62 67 68 69 71 73 74])
Bicluster(rows=[21, 49], cols=[ 1  4  8 15 17 21 29 30 33 34 36 37 38 39 41 42 43 45 46 47 56 57 62 64
 65 67 69 72 73])
Bicluster(rows=[21, 50], cols=[ 2  4  5  6  7  8  9 15 18 21 24 26 27 28 29 30 31 38 42 44 46 48 52 57
 59 63 64 65 66 71])
Bicluster(rows=[21, 51], cols=[ 1  4  5  9 11 12 13 15 18 19 21 25 29 32 33 36 37 39 41 43 47 49 51 52
 53 55 56 58 59 65 69 74])
Bicluster(rows=[21, 52], cols=[ 6  7  9 12 13 15 16 17 19 25 27 28 29 30 31 34 35 36 38 42 43 44 46 47
 51 54 56 58 59 64 67 68 71 73])
Bicluster(rows=[21, 53], cols=[ 5  7 10 12 14 15 16 17 24 31 32 34 35 37 39 44 45 49 53 54 56 59 60 63
 66 71 72 73])
Bicluster(rows=[21, 54], cols=[ 1  3  5  8 10 11 13 15 21 22 25 29 30 32 33 34 36 37 38 39 41 42 43 47
 49 53 55 58 59 64 67 72 73])
Bicluster(rows=[21, 55], cols=[ 1  2  6  9 13 20 25 27 28 29 30 31 34 35 36 38 42 43 44 46 47 53 54 58
 60 65 66 67 68 69 70 72 73])
Bicluster(rows=[21, 56], cols=[ 0  1  5  8 11 13 20 21 22 29 30 32 38 39 42 43 49 56 58 60 63 64 68 72
 73])
Bicluster(rows=[21, 57], cols=[ 0  2  3  7 10 13 15 17 19 25 29 30 32 33 36 37 38 39 41 43 47 49 51 52
 53 57 59 62 70])
Bicluster(rows=[21, 58], cols=[ 2  6  7  9 10 11 12 18 20 21 23 24 27 28 40 45 48 52 54 59 64 65 71 73])
Bicluster(rows=[21, 59], cols=[ 1  2  4  7 13 14 15 16 17 29 30 33 34 36 37 38 39 41 42 43 45 47 54 55
 56 61 65 71 73])
Bicluster(rows=[21, 60], cols=[ 5  8 12 17 18 20 29 30 32 33 36 37 38 39 41 42 43 47 49 51 54 58 61 64
 66 67 71 73])
Bicluster(rows=[21, 61], cols=[ 2  7  9 10 11 12 13 15 18 26 27 28 31 42 44 46 48 51 52 54 59 60 64 65
 66 67 69 70 73])
Bicluster(rows=[21, 62], cols=[ 0  4 12 13 14 15 18 20 22 27 33 34 37 41 46 48 51 52 55 61 64 65 68 69
 70 71])
Bicluster(rows=[21, 63], cols=[ 5  6 10 13 15 16 17 22 27 29 30 34 37 38 42 43 45 46 51 52 54 65 66 67
 72])
Bicluster(rows=[21, 64], cols=[ 3  4  9 13 15 18 20 21 23 29 30 32 33 36 38 39 41 42 43 49 51 53 54 55
 56 57 61 63 65 69 70 71 74])
Bicluster(rows=[21, 65], cols=[ 1  2  4  5  6 10 12 13 15 21 25 27 28 29 30 31 35 36 38 40 42 43 46 47
 48 52 53 56 60 62 65 66 67 68 69 71 72])
Bicluster(rows=[21, 66], cols=[ 2  4  5  6  7  9 14 15 16 18 19 20 24 27 32 34 35 39 40 41 43 45 50 53
 61 62 66 69 70 71 72])
Bicluster(rows=[21, 67], cols=[ 1  4  7  9 10 11 12 17 18 19 21 25 27 29 32 33 37 43 44 45 46 51 54 64
 67 68 69 71 73])
Bicluster(rows=[21, 68], cols=[ 3  4  6  8  9 14 15 16 17 20 29 32 34 37 38 51 52 54 57 62 65 67 68 69
 70 71 73 74])
Bicluster(rows=[21, 69], cols=[ 0  2  3  7 10 11 13 15 16 17 18 20 24 26 27 30 31 34 38 39 41 43 52 54
 55 56 59 64 66 67 72])
Bicluster(rows=[21, 70], cols=[ 7  9 10 11 12 13 16 17 18 21 26 28 30 34 35 36 38 39 40 42 44 47 54 57
 60 64 65 66 67 68 72 73])
Bicluster(rows=[21, 71], cols=[ 0  8 14 18 28 29 36 41 42 45 48 49 52 54 57 61 62 63 65 67 68 70 71 73
 74])
Bicluster(rows=[21, 72], cols=[ 0  4 10 12 19 24 25 27 28 31 37 38 42 43 44 48 55 56 58 59 62 69 70 71])
Bicluster(rows=[21, 73], cols=[ 0  1  4  8 12 25 27 32 42 44 45 49 51 52 53 55 56 58 59 60 61 62 63 70
 71 74])
Bicluster(rows=[21, 74], cols=[ 0  2  7 17 20 24 28 29 30 31 33 35 37 38 40 41 46 49 56 58 59 60 61 62
 70 74])
Bicluster(rows=[21, 75], cols=[ 0 12 13 14 22 25 26 28 30 33 39 41 43 44 46 48 49 50 53 58 59 61 62 66
 69 70 71 72])
Bicluster(rows=[21, 76], cols=[ 6  7  9 16 17 18 25 32 33 36 38 39 41 45 47 49 55 57 60 64 65 67 68 73])
Bicluster(rows=[21, 77], cols=[ 2  5  8 10 12 14 15 24 25 28 29 32 33 37 41 45 47 49 52 55 56 58 59 60
 62 69 70 71 72])
Bicluster(rows=[21, 78], cols=[ 0  6  9 14 15 16 21 24 26 28 29 31 33 36 37 38 39 40 41 42 43 44 47 51
 52 54 62 64 65 67 68 69 70 71 73 74])
Bicluster(rows=[21, 79], cols=[ 0  2  4  5  6  7  9 10 12 13 16 18 21 22 28 30 33 35 36 38 39 40 46 50
 53 54 64])
Bicluster(rows=[21, 80], cols=[ 0  9 11 15 16 18 20 22 31 33 35 37 38 39 41 44 45 47 51 53 55 56 58 59
 61 62 69 70 71])
Bicluster(rows=[21, 81], cols=[ 2  3  4  5  8  9 10 11 12 15 16 17 18 22 24 25 26 29 33 34 35 41 45 47
 52 54 55 56 58 59 64 66 72 73])
Bicluster(rows=[21, 82], cols=[ 5  6  8  9 10 11 12 15 20 21 24 25 26 28 30 33 34 39 45 47 52 54 55 56
 57 60 64 65 66 67 68 72 73])
Bicluster(rows=[21, 83], cols=[ 0  4  9 11 12 13 16 20 22 27 28 30 31 33 36 38 44 46 47 48 54 64 65 66
 67 68 69 73])
Bicluster(rows=[21, 84], cols=[ 2  5  6 10 11 13 15 16 17 18 26 28 29 30 32 37 39 43 46 47 51 54 65 67
 68 69 70 71 73])
Bicluster(rows=[21, 85], cols=[ 2  5  9 17 20 21 22 24 25 27 31 32 34 35 37 42 49 51 52 54 57 65 67 68
 69 70 71 73])
Bicluster(rows=[21, 86], cols=[ 0  2  3  4  9 10 12 13 16 17 19 24 26 27 28 29 34 39 40 42 43 45 46 50
 53 61 62 66 69 70 71 72])
Bicluster(rows=[21, 87], cols=[ 9 10 12 15 18 20 24 26 30 33 34 35 36 40 45 46 50 53 55 58 59 60 61 63
 74])
Bicluster(rows=[21, 88], cols=[ 0  1  6  7  8 20 21 24 25 26 27 29 33 35 38 41 49 51 52 54 57 65 67 68
 69 70 71 73])
Bicluster(rows=[21, 89], cols=[ 1  2  5 12 13 15 16 20 25 29 32 36 37 38 40 42 48 49 51 52 54 57 62 65
 67 68 69 70 71 73])
Bicluster(rows=[21, 90], cols=[ 0  1  8 11 12 16 20 21 26 30 35 36 37 39 42 45 48 51 54 64 65 67 68 69
 70 71 73])
Bicluster(rows=[21, 91], cols=[ 0  1  5  6 10 16 19 20 21 22 24 28 31 32 34 35 39 42 44 45 48 54 62 63
 64 67 68 70 71 73 74])
Bicluster(rows=[21, 92], cols=[ 2  9 15 16 18 20 21 24 29 30 31 34 37 39 40 44 46 47 48 51 55 58 59 61
 62 74])
Bicluster(rows=[21, 93], cols=[ 1  5  6  9 12 20 22 24 26 32 33 38 44 47 52 54 55 56 59 64 67 73])
Bicluster(rows=[21, 94], cols=[ 4  6 10 13 15 17 20 24 26 27 30 33 35 37 40 43 45 47 50 53 61 62 66 69
 70 72])
Bicluster(rows=[21, 95], cols=[ 0  2  7  9 11 15 17 18 21 22 25 26 27 34 36 37 38 40 42 46 47 48 51 52
 54 64 65 67 68 69 70 71 73])
Bicluster(rows=[21, 96], cols=[ 2  6  7  9 15 16 17 24 25 26 29 30 32 34 35 36 37 39 41 44 46 50 51 53
 61 62 69 70 71])
Bicluster(rows=[21, 97], cols=[ 2  7  9 10 12 15 16 17 18 19 21 26 28 31 35 38 43 47 48 51 52 54 65 67
 68 69 70 71 73])
Bicluster(rows=[21, 98], cols=[ 0  1  5  6  9 11 12 13 15 17 19 20 21 24 29 34 35 36 37 39 42 44 45 47
 48 52 54 57 64 65 66 67 68 69 72 73])
Bicluster(rows=[21, 99], cols=[ 3  4  6  7 25 26 28 29 30 31 32 37 41 43 44 45 46 49 50 51 53 55 56 57
 61 63 64 65 68 69 72 73])
Bicluster(rows=[22, 23], cols=[ 0  1  2  3  4  5  6  7  8  9 10 11 12 13 14 15 16 17 18 19 20 21 22 23
 24 25 27 35 44 48 49 55 56 63 72 73])
Bicluster(rows=[22, 24], cols=[ 0  1  2  3  4  5  6  7  8  9 10 11 12 13 14 15 16 17 18 19 20 21 22 23
 24 25 26 27 29 30 32 33 35 36 38 40 41 42 43 44 48 49 50 51 52 53 55 56
 58 59 63 65 66 68 69 71 72 73])
Bicluster(rows=[22, 25], cols=[ 0  1  2  3  4  5  6  7  8  9 10 11 12 13 14 15 16 17 18 19 20 21 22 23
 24 26 29 30 31 32 33 37 41 43 44 45 49 51 58 59 64 66 70 71 72])
Bicluster(rows=[22, 26], cols=[ 0  1  2  3  4  5  6  7  8  9 10 11 12 13 14 15 16 17 18 19 20 21 22 23
 24 32 34 35 37 40 42 55 58 62 64 66 67 69 71 72])
Bicluster(rows=[22, 27], cols=[ 0  1  2  3  4  5  6  7  8  9 10 11 12 13 14 15 16 17 18 19 20 21 22 23
 24 25 26 27 28 33 34 37 38 41 42 44 45 49 52 53 60 63 64 65 67 72 74])
Bicluster(rows=[22, 28], cols=[ 0  1  2  3  4  5  6  7  8  9 10 11 12 13 14 15 16 17 18 19 20 21 22 23
 24 28 29 30 34 38 47 49 50 53 54 56 57 58 63 66 70 72 73])
Bicluster(rows=[22, 29], cols=[ 0  1  2  3  4  5  6  7  8  9 10 11 12 13 14 15 16 17 18 19 20 21 22 23
 24 25 27 29 30 31 32 33 35 37 40 42 47 48 49 52 53 55 56 65 66 68 69 70
 71 72 73])
Bicluster(rows=[22, 30], cols=[ 0  1  2  3  4  5  6  7  8  9 10 11 12 13 14 15 16 17 18 19 20 21 22 23
 24 25 27 29 32 34 35 37 40 41 42 43 44 45 46 47 52 54 55 59 60 66 68 71
 72 73])
Bicluster(rows=[22, 31], cols=[ 1  2  5  6  8 12 13 20 22 24 26 28 29 31 35 38 41 42 44 46 49 53 54 57
 58 59 60 64 65 67 68 71 73 74])
Bicluster(rows=[22, 32], cols=[ 0  3 14 19 26 28 33 35 36 37 42 43 44 45 46 48 51 55 56 57 58 60 61 62
 63 64 65 70 72 73])
Bicluster(rows=[22, 33], cols=[ 0  3  4 10 13 16 17 18 21 28 29 34 36 37 40 43 45 47 48 52 55 57 60 63
 66 69 71])
Bicluster(rows=[22, 34], cols=[ 0  2  5  9 10 11 12 15 20 21 24 28 29 31 34 36 37 40 43 45 47 48 51 54
 55 56 58 60 63 65 68 69 70 71 73])
Bicluster(rows=[22, 35], cols=[ 0  2  3 12 13 17 18 22 24 29 30 36 39 43 47 54 57 60 61 69 70 72 74])
Bicluster(rows=[22, 36], cols=[ 0  1  4  5  6  7 11 12 14 17 22 25 27 29 33 42 43 47 48 49 54 61 63 64
 65 66 68 69 71 73])
Bicluster(rows=[22, 37], cols=[ 2  5  6 12 13 16 20 25 26 28 30 31 34 37 39 40 42 45 50 55 56 59 61 62
 65 67 68 71])
Bicluster(rows=[22, 38], cols=[ 1  2  3  6 23 24 30 33 34 37 38 39 40 42 48 50 60 62 66 67 69 70 71 72])
Bicluster(rows=[22, 39], cols=[ 4  6  8 11 20 21 22 23 24 25 26 28 30 31 34 37 38 39 40 41 42 44 45 48
 54 62 67 68 69 70 72 73 74])
Bicluster(rows=[22, 40], cols=[ 0  2  3  4  6  8  9 10 12 13 14 17 21 24 26 28 29 31 33 34 36 37 40 41
 43 45 47 48 50 52 53 55 57 60 62 70 72])
Bicluster(rows=[22, 41], cols=[ 5  6 12 13 15 16 20 24 26 29 31 34 36 37 40 41 43 45 47 48 50 51 56 59
 62 63 65 68 69 70 72 73])
Bicluster(rows=[22, 42], cols=[ 0  2  4  9 15 17 19 21 23 25 27 33 37 38 39 40 42 48 49 50 52 53 54 56
 57 58 60 61 65 68 70 73])
Bicluster(rows=[22, 43], cols=[ 3  5  9 10 11 13 18 21 22 24 26 29 31 33 34 36 37 40 41 43 44 45 47 48
 52 53 61 62 65 67 72])
Bicluster(rows=[22, 44], cols=[ 6  7 10 13 14 19 20 28 29 31 34 36 37 40 43 45 47 48 51 53 56 57 58 60
 62 65 66 69 73])
Bicluster(rows=[22, 45], cols=[ 0  4  7 10 12 20 24 26 29 31 33 36 37 40 41 43 45 47 48 52 58 59 61 63
 64 68 69 70 72])
Bicluster(rows=[22, 46], cols=[ 5  6  7 13 15 24 26 29 31 33 36 37 40 41 43 45 48 50 55 56 62 64 65 68
 69 70 73])
Bicluster(rows=[22, 47], cols=[ 2  7 13 15 21 25 26 28 30 31 34 38 39 40 42 45 50 53 57 58 59 62 66 71
 73])
Bicluster(rows=[22, 48], cols=[ 1  3  6 10 11 14 15 16 17 18 19 21 22 27 28 31 33 34 37 40 45 48 49 50
 51 52 53 61 64 68 69 71 73])
Bicluster(rows=[22, 49], cols=[ 1  2  3  6  7  8  9 10 28 30 31 41 45 46 50 51 53 57 59 61 63 64 65 71
 73])
Bicluster(rows=[22, 50], cols=[ 4  6  7  9 15 18 21 26 30 31 34 37 38 39 40 41 42 44 45 51 52 53 55 62
 65 71 72 73])
Bicluster(rows=[22, 51], cols=[ 0  1  2  4  5  6 11 12 13 18 19 20 25 27 29 32 36 43 47 49 50 51 53 54
 58 59 64 65 68 69 72])
Bicluster(rows=[22, 52], cols=[ 2  5  7 11 14 15 16 17 20 21 25 27 29 33 43 47 48 49 51 53 54 55 56 59
 61 63 64 66 74])
Bicluster(rows=[22, 53], cols=[ 0  4  6  7 10 12 13 15 16 17 21 24 26 29 31 33 36 37 41 43 44 47 48 52
 53 55 64 70 71 73])
Bicluster(rows=[22, 54], cols=[ 0  1  2  5  8  9 12 13 16 22 24 25 27 29 32 36 43 47 49 50 53 55 58 59
 60 65 67 69 71 72])
Bicluster(rows=[22, 55], cols=[ 1  2  6  9 13 20 25 26 28 30 31 34 37 38 39 40 41 42 45 50 55 56 58 59
 63 65 68 69 70 72 73])
Bicluster(rows=[22, 56], cols=[ 0 11 15 17 21 30 33 34 37 38 40 50 51 52 57 59 60 61 62 64 67 71])
Bicluster(rows=[22, 57], cols=[ 2  5  6  7 12 13 15 18 21 24 26 29 31 33 34 36 37 40 41 43 45 47 48 50
 54 56 59 60 61 63 68 70 72 73])
Bicluster(rows=[22, 58], cols=[ 0  7 11 14 17 18 21 28 29 31 34 36 37 40 43 45 47 48 52 54 57 63 64 69
 71 74])
Bicluster(rows=[22, 59], cols=[ 2  4  5  7 10 13 15 16 17 21 25 33 35 37 39 40 41 42 48 50 53 57 59 60
 61 62 63 65 66 70 71 73 74])
Bicluster(rows=[22, 60], cols=[ 2  4  7  8  9 11 19 23 30 33 34 37 40 41 45 46 50 55 59 60 63 66 67 69
 72])
Bicluster(rows=[22, 61], cols=[ 6  8  9 11 12 15 18 19 20 26 28 30 31 35 41 44 45 46 55 56 58 62 63 67
 68 69])
Bicluster(rows=[22, 62], cols=[ 0  4 12 13 14 15 16 18 20 22 30 33 34 37 38 40 50 51 53 57 58 59 61 62
 63 65 66 69 70 71])
Bicluster(rows=[22, 63], cols=[ 4 10 12 15 18 21 26 27 29 33 36 41 43 44 47 48 49 51 62 66 68 71 74])
Bicluster(rows=[22, 64], cols=[ 2  6  7 12 15 16 20 24 26 31 37 40 41 43 45 47 48 51 58 59 63 68 69 72
 73])
Bicluster(rows=[22, 65], cols=[ 1  2  4  5  6 10 12 13 21 25 26 28 30 31 34 37 38 39 40 41 42 45 50 51
 52 53 54 57 59 60 62 64 65 67 68 69 70 71 72])
Bicluster(rows=[22, 66], cols=[ 4  7 11 12 15 18 21 26 28 30 31 33 34 35 38 39 41 42 45 50 56 59 62 63
 65 66 67 68 69 70 71 73])
Bicluster(rows=[22, 67], cols=[ 1  4  7  9 10 11 12 17 18 19 21 25 30 34 35 36 40 42 46 48 62 66 67 69
 70 71 73])
Bicluster(rows=[22, 68], cols=[ 3  4  6  8  9 10 14 15 16 17 20 24 27 34 36 37 38 44 50 52 53 55 56 58
 59 61 62 65 66 68 71 74])
Bicluster(rows=[22, 69], cols=[ 0  2  3  7  9 10 13 14 15 19 26 29 30 33 34 38 39 40 42 44 47 48 51 52
 53 57 58 61 62 63 69 70 72])
Bicluster(rows=[22, 70], cols=[ 7  9 10 11 12 13 16 17 18 26 28 30 31 34 38 41 44 48 50 55 56 59 60 65
 67 68 70 72 73])
Bicluster(rows=[22, 71], cols=[ 0  8 13 14 16 18 25 27 28 35 41 42 45 50 52 53 55 56 58 59 61 64 65 68
 74])
Bicluster(rows=[22, 72], cols=[ 0  4 10 12 14 19 24 25 28 29 30 31 34 40 41 42 44 45 47 51 52 53 58 62
 63 69 71])
Bicluster(rows=[22, 73], cols=[ 1  4  8 12 16 32 37 38 42 48 49 50 51 52 53 55 56 58 59 61 62 63 65 66
 68 69 71 73])
Bicluster(rows=[22, 74], cols=[ 0  4 10 11 16 21 25 28 30 31 33 37 38 41 42 44 47 54 57 60 61 64 74])
Bicluster(rows=[22, 75], cols=[ 0  3  4 12 14 16 22 24 25 27 28 29 30 33 35 39 40 42 46 47 49 51 54 57
 61 63 64 66 69 71])
Bicluster(rows=[22, 76], cols=[ 0  2  4  6  8 10 14 19 21 22 29 32 34 35 45 46 52 53 57 58 67 68 73])
Bicluster(rows=[22, 77], cols=[ 0  6 10 11 15 23 24 25 29 37 38 44 45 47 50 51 52 53 55 56 59 62 63 65
 66 67 68 69 70 71 73])
Bicluster(rows=[22, 78], cols=[ 0  9 14 16 20 21 25 26 28 31 33 37 38 39 42 44 45 48 52 53 55 56 59 65
 66 68])
Bicluster(rows=[22, 79], cols=[ 0  2  5  6  9 10 12 13 15 21 24 25 26 27 28 29 37 38 40 41 47 48 52 53
 57 70])
Bicluster(rows=[22, 80], cols=[ 1  4 10 16 22 26 27 31 35 44 47 48 49 51 52 53 58 60 62 63 70 72])
Bicluster(rows=[22, 81], cols=[ 2  3  4  5  6  8  9 10 11 15 16 17 18 22 24 25 27 32 33 36 45 52 53 57
 58 62 63 68 70 72 73])
Bicluster(rows=[22, 82], cols=[ 5  6  8  9 10 11 15 20 21 26 28 29 30 32 33 34 35 39 41 43 45 48 49 51
 52 53 58 60 62 63 68 69 70 72])
Bicluster(rows=[22, 83], cols=[ 4  7  9 10 11 14 16 17 21 28 30 31 33 35 38 42 45 46 50 51 55 56 59 62
 63 65 66 67 68 69 70 71 73])
Bicluster(rows=[22, 84], cols=[ 3  4  5  6  7  9 13 18 19 21 25 26 27 31 33 35 39 40 41 42 44 46 48 50
 52 53 56 59 61 64 65 68 73 74])
Bicluster(rows=[22, 85], cols=[ 0  2  3  5 19 20 23 24 28 32 34 37 41 44 47 48 49 50 52 53 54 56 58 59
 61 64 65 68 74])
Bicluster(rows=[22, 86], cols=[ 7  9 11 15 16 17 21 25 26 30 31 33 34 37 39 41 45 50 55 56 59 62 65 66
 68 71])
Bicluster(rows=[22, 87], cols=[ 0  3  6  9 10 18 21 26 28 29 30 31 34 35 38 41 45 48 50 55 56 59 65 67
 68 70 72 73])
Bicluster(rows=[22, 88], cols=[ 4  9 11 15 17 18 20 24 27 28 29 32 33 34 37 39 41 42 44 45 47 53 58 60
 62 63 68 70 72 73])
Bicluster(rows=[22, 89], cols=[ 2  4  6  7  9 10 11 12 15 20 21 27 28 29 30 33 34 35 36 39 44 49 50 59
 60 65 67 68 70 72 73])
Bicluster(rows=[22, 90], cols=[ 0  2  4  9 11 16 18 21 24 25 26 28 31 37 39 41 42 43 45 47 52 53 55 58
 62 66 71])
Bicluster(rows=[22, 91], cols=[ 0 10 12 15 16 18 19 20 21 24 30 31 33 34 36 38 39 40 41 42 43 44 45 50
 56 59 62 65 66 67 68 71 73])
Bicluster(rows=[22, 92], cols=[ 1  5 14 17 21 22 27 29 31 35 45 49 51 52 53 57 58 61 62 63 64 66 69 71])
Bicluster(rows=[22, 93], cols=[ 4 10 14 15 17 25 30 31 33 34 35 37 38 39 48 51 52 57 61 62 63 69 72])
Bicluster(rows=[22, 94], cols=[ 2  7  9 10 11 15 16 17 20 21 25 27 31 34 35 36 37 38 39 41 42 43 45 48
 50 56 59 62 65 66 67 68 69 71 73])
Bicluster(rows=[22, 95], cols=[ 0  2  7  9 11 15 17 18 21 22 25 34 35 38 40 41 42 45 50 56 59 62 63 65
 66 67 68 69 71 73])
Bicluster(rows=[22, 96], cols=[ 2  6  7  9 15 16 17 20 24 25 27 32 33 37 43 44 47 48 51 54 57 61 64 66
 69 71])
Bicluster(rows=[22, 97], cols=[ 0  2  7  9 10 11 15 17 18 19 21 26 28 31 37 38 42 44 45 50 55 56 59 62
 65 66 68 69 71 73])
Bicluster(rows=[22, 98], cols=[ 0  1  3  5  6  9 11 12 13 15 17 19 20 21 27 30 34 37 39 40 41 42 43 44
 45 50 51 55 56 59 62 63 65 66 67 68 69 70 71 73])
Bicluster(rows=[22, 99], cols=[ 6  7 10 15 17 18 27 29 31 32 33 34 36 39 43 48 49 51 52 53 54 56 61 63
 65 66 68 69 72 73])
Bicluster(rows=[23, 24], cols=[ 0  1  2  3  4  5  6  7  8  9 10 11 12 13 14 15 16 17 18 19 20 21 22 23
 24 27 28 31 34 35 37 39 43 44 45 47 48 50 56 60 61 62 64 67 68 72 73])
Bicluster(rows=[23, 25], cols=[ 0  1  2  3  4  5  6  7  8  9 10 11 12 13 14 15 16 17 18 19 20 21 22 23
 24 28 34 39 42 44 46 47 49 50 51 52 62 64 65 67 72 74])
Bicluster(rows=[23, 26], cols=[ 2  4  7  9 10 12 15 16 17 18 20 24 25 28 29 31 32 33 39 43 62 64 65 67
 69 73])
Bicluster(rows=[23, 27], cols=[ 0  1  2  3  4  5  6  7  8  9 10 11 12 13 14 15 16 17 18 19 20 21 22 23
 24 25 27 30 32 40 46 47 48 51 63 68])
Bicluster(rows=[23, 28], cols=[ 0  1  2  3  4  5  6  7  8  9 10 11 12 13 14 15 16 17 18 19 20 21 22 23
 24 25 26 27 30 39 41 42 43 46 47 48 49 50 52 53 54 55 56 60 62 63 65 67
 70 73 74])
Bicluster(rows=[23, 29], cols=[ 0  1  2  3  4  5  6  7  8  9 10 11 12 13 14 15 16 17 18 19 20 21 22 23
 24 25 27 28 29 34 35 36 38 39 40 41 43 46 47 48 49 50 52 53 54 55 56 57
 58 59 60 61 64 67 68 72 74])
Bicluster(rows=[23, 30], cols=[ 0  1  2  3  4  5  6  7  8  9 10 11 12 13 14 15 16 17 18 19 20 21 22 23
 24 25 27 28 30 34 35 38 39 44 45 47 50 55 61 65 67 73 74])
Bicluster(rows=[23, 31], cols=[ 2  4  7  9 10 11 12 13 15 16 17 18 20 21 24 31 33 35 36 37 40 42 43 44
 46 52 56 60 66 67 69 70 71 74])
Bicluster(rows=[23, 32], cols=[ 0  2  3  4  5  6  7  9 10 11 12 13 14 15 16 17 18 19 20 21 23 24 30 33
 36 38 42 43 44 45 58 59 60 61 62 64 65 70 72 74])
Bicluster(rows=[23, 33], cols=[ 0  2  3  4  6  7 10 12 14 16 17 18 21 24 27 29 30 36 38 39 43 46 49 50
 51 53 54 55 61 63 69 72 73])
Bicluster(rows=[23, 34], cols=[ 0  6  9 13 18 21 22 29 30 34 36 38 39 40 43 46 49 54 57 59 60 64 65 68
 69 70 71 73 74])
Bicluster(rows=[23, 35], cols=[ 1  2  4  5  7 12 13 14 15 21 24 26 28 30 31 33 34 40 41 42 46 47 49 56
 61 63 64 71 74])
Bicluster(rows=[23, 36], cols=[ 0  2  7 13 14 17 18 24 25 26 28 30 31 33 34 38 39 40 41 42 46 49 53 58
 61 63 68 71 73 74])
Bicluster(rows=[23, 37], cols=[ 2  4  6  7  8 10 11 12 13 14 15 17 20 25 26 29 31 33 36 37 38 39 41 42
 43 46 49 50 52 54 55 56 59 62 64 67 70 71 72])
Bicluster(rows=[23, 38], cols=[ 0  4  5  8 15 17 20 25 26 28 30 31 33 34 38 39 41 42 46 49 52 53 58 60
 62 68 69 70 71 72 74])
Bicluster(rows=[23, 39], cols=[ 7  8  9 10 14 15 18 25 27 30 34 35 40 42 44 45 46 49 50 52 54 57 58 59
 62 63 65 66 68 69 70 71 72 73])
Bicluster(rows=[23, 40], cols=[ 1  6  7 12 13 15 16 19 22 25 26 28 30 31 33 34 39 40 41 42 46 49 50 52
 53 54 55 57 59 60 62 63 64 65 67 73])
Bicluster(rows=[23, 41], cols=[ 0  7 10 11 12 13 15 18 20 22 24 26 28 30 31 33 34 40 41 46 47 49 50 55
 61 63 64 68 69 71])
Bicluster(rows=[23, 42], cols=[ 1  4  5  7 10 12 13 16 19 20 22 23 24 25 26 28 30 31 33 34 38 39 40 41
 42 46 47 49 51 52 53 54 55 56 60 61 65 66 67 68 70 74])
Bicluster(rows=[23, 43], cols=[ 1  2  3  8  9 11 12 18 21 23 28 29 30 34 36 38 39 40 42 43 44 45 46 49
 53 55 56 57 59 60 62 63 65 66 72 73])
Bicluster(rows=[23, 44], cols=[ 0  5  8  9 13 15 16 20 25 26 28 30 31 33 34 40 41 42 46 47 49 53 57 59
 60 64 68 69 70 72 73])
Bicluster(rows=[23, 45], cols=[ 5  6  9 12 15 17 18 20 21 24 26 27 28 30 31 33 34 40 41 47 48 49 51 52
 55 56 58 62 63 68 69 74])
Bicluster(rows=[23, 46], cols=[ 6  9 10 11 12 16 19 20 21 24 26 28 30 31 33 34 40 41 47 49 50 51 52 55
 59 60 62 68 69 71 72 73])
Bicluster(rows=[23, 47], cols=[ 2  4  9 12 13 15 16 17 18 22 25 26 29 31 33 36 37 38 39 41 42 43 46 49
 50 51 52 53 54 56 57 58 61 64 66 69 70 71 72 74])
Bicluster(rows=[23, 48], cols=[ 2  3  4  5 12 14 15 16 17 24 29 30 34 36 38 39 40 43 45 46 49 52 53 56
 58 60 63 68 73])
Bicluster(rows=[23, 49], cols=[ 2  5  7 16 19 20 29 30 34 36 38 39 40 43 44 45 46 49 50 51 53 54 55 56
 61 62 63 64 68 69 73])
Bicluster(rows=[23, 50], cols=[ 0  2  4  5  6  7  8  9 12 13 15 17 18 21 24 44 47 48 50 55 60 61 64 67
 70 73])
Bicluster(rows=[23, 51], cols=[ 2  3  4  6  8 11 12 13 18 19 20 21 22 25 26 28 30 31 33 34 38 39 40 41
 42 46 49 51 52 60 61 62 71])
Bicluster(rows=[23, 52], cols=[ 1 10 11 12 13 14 15 18 22 25 26 28 30 31 33 34 38 39 40 41 42 43 46 49
 50 52 54 55 56 58 59 61 63 67 71])
Bicluster(rows=[23, 53], cols=[ 1  2  4  8 14 20 21 29 30 34 36 38 39 40 43 44 45 46 49 55 56 58 60 66
 67 69 70 72 73 74])
Bicluster(rows=[23, 54], cols=[ 5  7 20 22 30 34 36 38 39 40 42 43 44 45 46 49 54 58 59 61 63 65 66 70
 73])
Bicluster(rows=[23, 55], cols=[ 2  4  5  7  8 10 13 17 18 20 21 22 26 28 29 31 33 34 36 38 39 41 42 43
 46 49 50 51 54 55 58 60 63 64 73])
Bicluster(rows=[23, 56], cols=[ 1  5  6  7  9 10 15 18 22 29 30 34 36 38 39 40 43 45 46 49 50 52 54 55
 57 58 60 65 66 67 68 70 71 72 73 74])
Bicluster(rows=[23, 57], cols=[ 0  1  3  4  5  6 12 16 22 24 25 26 28 30 31 33 34 38 39 40 41 42 46 49
 51 52 60 63 64 65 67 68])
Bicluster(rows=[23, 58], cols=[ 0  2  5  6  7  9 10 11 12 17 18 20 21 23 24 32 45 50 53 54 58 60 62 64
 66 70 73 74])
Bicluster(rows=[23, 59], cols=[ 6  8 12 18 20 21 24 25 26 28 30 31 33 34 38 39 40 41 42 46 49 51 53 55
 56 59 61 62 65 67 70 71])
Bicluster(rows=[23, 60], cols=[ 1  6 15 17 18 20 22 26 27 28 30 31 33 34 40 41 47 48 49 51 57 59 60 69
 70 73 74])
Bicluster(rows=[23, 61], cols=[ 5  6  8  9 10 11 12 15 18 19 20 21 23 24 32 35 44 50 51 52 53 54 55 56
 57 61 62 63 65 66 68 71 73])
Bicluster(rows=[23, 62], cols=[ 0  4  5  8 14 15 16 18 20 24 26 27 28 31 34 40 41 48 52 53 54 55 60 62
 63 64 67 68 69])
Bicluster(rows=[23, 63], cols=[ 4  6  7  9 13 20 21 24 29 30 34 36 38 39 40 43 44 45 46 49 52 54 55 56
 61 63 64 68 73])
Bicluster(rows=[23, 64], cols=[ 2  3  4  5  8 10 12 13 15 17 18 20 21 23 26 28 30 31 33 34 40 41 42 46
 47 49 50 51 54 55 56 58 60 61 64 69])
Bicluster(rows=[23, 65], cols=[ 2  3  6  7 11 12 13 15 16 18 25 26 28 29 30 31 33 34 36 38 39 41 42 43
 46 49 50 51 52 56 57 60 62 67 71 73])
Bicluster(rows=[23, 66], cols=[ 2  4  7  8  9 12 15 16 18 22 23 25 27 32 35 40 51 52 53 54 57 58 59 61
 64 65 68 73])
Bicluster(rows=[23, 67], cols=[ 2  4  5  6  8  9 10 11 12 13 17 18 19 20 21 24 25 33 35 38 42 45 47 51
 52 53 57 58 59 61 62 63 64 65 68 73])
Bicluster(rows=[23, 68], cols=[ 0  3  4  8 12 13 14 15 16 17 20 22 25 26 28 30 35 36 39 40 43 44 45 46
 49 50 51 53 54 55 56 60 61 64 73])
Bicluster(rows=[23, 69], cols=[ 0  1  3 11 12 14 16 17 18 19 20 22 24 27 29 30 34 37 40 41 42 44 46 50
 52 53 61 62 64 66 68 69 70 71 72 73 74])
Bicluster(rows=[23, 70], cols=[ 0  3  7  9 10 11 12 13 14 16 17 18 19 20 23 27 32 48 50 52 53 54 55 56
 61 62 64 66 68 69 70 71 72 73 74])
Bicluster(rows=[23, 71], cols=[ 0  4  7 14 23 25 26 30 31 32 35 39 45 46 48 49 51 52 53 54 56 57 58 59
 61 64 65 68 73])
Bicluster(rows=[23, 72], cols=[ 0  5  6  7  8  9 14 15 19 20 22 25 27 29 31 34 35 36 37 38 40 42 45 48
 49 52 53 55 56 62 66 68 69 70 71 72 73 74])
Bicluster(rows=[23, 73], cols=[ 2  3  5  9 10 12 14 15 17 18 24 25 29 38 41 42 45 47 52 53 55 56 59 60
 62 68 69 70 71 72 73 74])
Bicluster(rows=[23, 74], cols=[ 0  1  5  9 12 15 17 18 22 30 32 35 37 41 42 51 52 53 54 55 56 59 60 61
 63 64 68 73])
Bicluster(rows=[23, 75], cols=[ 4  5  9 11 12 13 16 17 25 27 28 30 36 38 46 47 51 52 53 57 58 59 61 62
 63 64 68 73])
Bicluster(rows=[23, 76], cols=[ 7  8  9 10 12 13 16 17 19 20 22 26 28 31 35 40 42 43 45 47 48 50 52 53
 61 62 64 66 69 70 71 72 73 74])
Bicluster(rows=[23, 77], cols=[ 0  1  2  4  6  9 11 12 15 16 17 21 22 23 24 25 27 28 29 40 44 45 52 53
 54 56 58 59 60 61 62 63 64 68 73])
Bicluster(rows=[23, 78], cols=[ 0  2  7  8  9 13 14 15 16 21 25 30 33 41 44 51 52 53 57 58 59 61 62 64
 65 68 73])
Bicluster(rows=[23, 79], cols=[ 1  2  7  8 12 13 16 17 18 19 24 25 28 38 40 43 44 46 47 52 53 54 57 58
 65 68 73])
Bicluster(rows=[23, 80], cols=[ 9 12 13 14 15 18 19 20 21 24 25 27 34 36 43 44 47 48 50 51 54 55 61 64])
Bicluster(rows=[23, 81], cols=[ 0  1  2  5  7 19 24 27 29 32 34 37 48 49 51 52 53 57 58 59 61 62 63 64
 65 68 73])
Bicluster(rows=[23, 82], cols=[ 1  3  4  5  6  7 13 16 26 32 33 35 36 39 40 41 52 57 58 59 62 63 65 68
 69 70 71 72 73 74])
Bicluster(rows=[23, 83], cols=[ 3  4  9 11 12 13 14 17 19 20 21 23 25 32 33 37 40 47 51 52 53 57 58 59
 61 62 63 64 65 68 69 70 71 73])
Bicluster(rows=[23, 84], cols=[ 1  2  3  4  7  9 15 18 19 23 25 34 35 38 40 44 47 52 53 54 57 58 59 61
 64 65 68 73])
Bicluster(rows=[23, 85], cols=[ 1  5  8 11 12 15 26 28 33 34 45 49 52 53 55 56 62 66 68 69 70 71 72 73
 74])
Bicluster(rows=[23, 86], cols=[ 1  2  8 10 11 12 13 16 17 18 20 21 24 25 27 33 38 40 42 45 47 48 51 52
 53 54 57 58 59 61 64 65 68 73])
Bicluster(rows=[23, 87], cols=[ 2  4  5  7  9 12 13 15 17 18 20 21 24 27 29 35 40 45 46 47 52 53 55 56
 59 60 62 68 69 70 71 72 73 74])
Bicluster(rows=[23, 88], cols=[ 4  5  9 13 15 17 18 20 22 23 24 25 26 29 38 48 50 52 53 61 62 64 66 68
 69 70 71 72 73 74])
Bicluster(rows=[23, 89], cols=[ 4  7  8  9 11 13 17 18 21 22 29 31 36 38 44 47 49 52 53 55 56 62 66 68
 69 70 71 72 73 74])
Bicluster(rows=[23, 90], cols=[ 0  1  7  8 11 12 13 16 25 27 35 43 45 46 48 52 53 56 59 60 61 63 64 68
 73])
Bicluster(rows=[23, 91], cols=[ 2  4  5  9 10 13 19 21 22 25 36 40 43 44 45 46 47 48 51 52 53 57 58 59
 61 64 68 73])
Bicluster(rows=[23, 92], cols=[ 4  5  7  9 15 20 22 24 26 27 31 33 35 41 44 46 49 52 53 58 59 60 62 68
 69 70 71 72 73 74])
Bicluster(rows=[23, 93], cols=[ 0  5  6  7 11 12 15 16 18 22 25 26 27 30 31 34 38 39 41 46 48 49 51 52
 53 54 57 58 59 61 64 65 68 73])
Bicluster(rows=[23, 94], cols=[ 0  5  7  9 10 14 15 16 17 20 21 25 30 35 36 40 47 51 52 53 54 57 58 59
 61 62 64 65 68 73])
Bicluster(rows=[23, 95], cols=[ 0  1  2  5  6  7  8  9 11 15 17 18 20 21 24 25 27 28 32 35 39 43 47 48
 51 52 53 54 56 57 58 59 61 63 64 68 73])
Bicluster(rows=[23, 96], cols=[ 2  4  5  7 10 11 12 13 15 17 18 20 21 24 32 35 46 47 48 51 52 53 57 58
 59 61 62 63 64 65 68 73])
Bicluster(rows=[23, 97], cols=[ 0  3  7  8  9 10 11 12 14 17 18 20 21 24 27 30 44 45 46 47 51 52 53 54
 57 58 59 61 62 64 65 68 73])
Bicluster(rows=[23, 98], cols=[ 0  3  8  9 11 15 17 19 21 24 31 32 38 43 44 45 46 47 52 53 57 58 59 60
 62 63 65 68 69 70 71 72 73 74])
Bicluster(rows=[23, 99], cols=[ 1 12 13 17 18 20 22 24 30 36 41 46 49 50 53 55 56 60 61 63 68 69 71 72
 74])
Bicluster(rows=[24, 25], cols=[ 0  1  2  3  4  5  6  7  8  9 10 11 12 13 14 15 16 17 18 19 20 21 22 23
 24 26 29 30 31 32 34 39 41 43 44 47 50 51 58 59 62 66 67 70 71 72])
Bicluster(rows=[24, 26], cols=[ 0  1  2  3  4  5  6  7  8  9 10 11 12 13 14 15 16 17 18 19 20 21 22 23
 24 25 32 35 40 41 42 46 47 49 57 60 61 66 68 70 71 72 74])
Bicluster(rows=[24, 27], cols=[ 0  1  2  3  4  5  6  7  8  9 10 11 12 13 14 15 16 17 18 19 20 21 22 23
 24 25 26 27 29 31 41 42 47 49 52 53 55 57 59 63 65 70 72])
Bicluster(rows=[24, 28], cols=[ 0  1  2  3  4  5  6  7  8  9 10 11 12 13 14 15 16 17 18 19 20 21 22 23
 24 29 30 37 38 39 47 48 50 53 55 56 57 58 60 62 66 67 72 73 74])
Bicluster(rows=[24, 29], cols=[ 0  1  2  3  4  5  6  7  8  9 10 11 12 13 14 15 16 17 18 19 20 21 22 23
 24 26 28 32 33 34 35 38 39 40 42 43 45 46 48 50 51 52 53 54 55 56 60 61
 63 64 66 67 68 69 71 72 73 74])
Bicluster(rows=[24, 30], cols=[ 0  1  2  3  4  5  6  7  8  9 10 11 12 13 14 15 16 17 18 19 20 21 22 23
 24 27 28 29 30 32 34 35 39 40 42 43 44 47 51 52 53 55 57 59 61 66 67 68
 70 71 72 73 74])
Bicluster(rows=[24, 31], cols=[ 0  4  7  9 10 11 16 17 18 21 27 29 30 34 37 38 39 40 41 42 43 44 45 49
 50 51 53 54 56 57 58 59 61 64 65 67 69 71])
Bicluster(rows=[24, 32], cols=[ 4  7  9 10 11 15 16 17 18 20 21 26 31 33 35 36 39 43 44 46 49 50 51 52
 54 56 58 69 71 72 73])
Bicluster(rows=[24, 33], cols=[ 2  5  6  9 11 12 24 25 28 30 31 33 45 46 47 48 49 50 51 53 55 56 57 58
 68 69])
Bicluster(rows=[24, 34], cols=[ 2  3  4  6  7 10 12 13 15 16 17 24 25 28 29 31 33 38 42 45 46 47 48 52
 53 54 55 58 63 64 65 68 69 71 73])
Bicluster(rows=[24, 35], cols=[ 2  4  6  7 12 13 14 15 20 21 25 27 28 29 31 33 38 42 45 46 50 51 52 53
 56 57 61 63 66 69])
Bicluster(rows=[24, 36], cols=[ 0  1  4  5  7  9 11 12 14 17 21 22 25 28 29 30 31 33 35 38 41 42 46 47
 48 49 51 53 56 57 58 60 63 65 70 71 73 74])
Bicluster(rows=[24, 37], cols=[ 2  4  7 10 12 13 15 17 20 27 31 32 34 37 39 43 45 50 53 56 57 61 63 65
 66 68 69 72])
Bicluster(rows=[24, 38], cols=[ 0  2  4  6  9 12 13 17 18 21 24 29 35 38 41 42 46 50 51 52 53 56 57 58
 59 61 65 66 68 69 71 73 74])
Bicluster(rows=[24, 39], cols=[ 4  5 11 14 20 21 22 24 25 26 29 30 38 40 42 44 46 48 49 51 58 60 61 63
 64 68 69 71 72 73])
Bicluster(rows=[24, 40], cols=[ 0  2  3  4  6  8  9 10 12 13 14 17 18 21 24 26 29 30 36 38 40 42 46 48
 49 52 53 54 56 58 64 72])
Bicluster(rows=[24, 41], cols=[ 7 10 12 15 20 24 25 27 29 32 34 36 37 38 39 42 51 52 53 57 58 59 60 61
 65 66])
Bicluster(rows=[24, 42], cols=[ 0  2  4  6 15 16 17 19 21 23 25 28 29 30 31 33 38 41 42 45 46 47 48 49
 52 53 55 56 61 64 66 67 68 73 74])
Bicluster(rows=[24, 43], cols=[ 3  4  5  6  7 10 11 15 21 22 24 26 29 30 36 38 40 42 46 48 49 51 52 53
 54 55 57 58 59 63 64 65 66 68 70 71])
Bicluster(rows=[24, 44], cols=[ 4  6  7 10 13 14 19 20 29 30 36 38 40 42 46 48 49 53 54 55 56 59 61 66
 67 69 70 73 74])
Bicluster(rows=[24, 45], cols=[ 1  9 12 13 15 17 18 20 21 22 24 25 28 29 31 33 38 42 45 46 47 48 50 53
 54 56 57 58 59 62 63 64 66 68 71])
Bicluster(rows=[24, 46], cols=[ 2  4  9 11 13 15 16 17 18 19 21 25 28 31 33 38 42 45 46 47 48 53 58 63
 64 65 66 68 69 71 72 73])
Bicluster(rows=[24, 47], cols=[ 1  3 11 14 19 21 23 25 27 28 29 31 32 33 34 36 37 38 39 42 45 46 47 55
 58 63 66 67 69 70 74])
Bicluster(rows=[24, 48], cols=[ 1  3  6 10 11 14 15 16 17 18 19 21 22 27 33 39 43 50 51 53 54 57 58 59
 60 63 68 69 70 71 73])
Bicluster(rows=[24, 49], cols=[ 1  4  8 10 15 17 21 25 28 29 30 31 33 38 41 42 46 47 48 49 54 57 61 64
 68 69 72 73 74])
Bicluster(rows=[24, 50], cols=[ 0  2  4  6  7  9 15 17 18 21 24 25 29 30 38 42 44 46 48 49 50 51 54 58
 59 60 61 63 64 71 72 73 74])
Bicluster(rows=[24, 51], cols=[ 0  1  2  4  5  6 11 12 13 18 19 20 27 28 31 32 33 34 36 39 43 45 53 55
 60 61 62 66 68 69 72])
Bicluster(rows=[24, 52], cols=[ 0  2  5  7 11 14 16 17 20 21 25 28 29 31 33 35 36 38 41 42 46 48 49 51
 55 58 62 63 65 67 70 71])
Bicluster(rows=[24, 53], cols=[ 6  7 10 12 13 14 15 16 17 21 24 26 36 46 51 52 53 58 59 61 63 65 66 67
 69 73])
Bicluster(rows=[24, 54], cols=[ 1  3  5  8 10 11 13 15 21 22 25 27 28 29 31 33 34 36 38 41 42 45 46 50
 54 55 59 61 62 65 70 72 73 74])
Bicluster(rows=[24, 55], cols=[ 2  4  7 10 17 18 20 21 22 27 31 32 34 37 39 43 45 50 52 57 59 63 64 65
 66 68 69 73 74])
Bicluster(rows=[24, 56], cols=[ 1  5  8 11 12 13 20 21 22 25 27 29 32 34 37 38 42 46 47 56 57 58 61 62
 63 64 65 68 69 72])
Bicluster(rows=[24, 57], cols=[ 0  2  3  7 10 11 13 15 17 19 25 28 29 30 31 33 38 41 42 45 46 47 48 49
 52 54 59 60 66 67])
Bicluster(rows=[24, 58], cols=[ 2  4  6  7 12 13 17 20 24 25 30 35 41 42 46 47 48 49 50 51 56 57 58 61
 63 64 68 69 71 73 74])
Bicluster(rows=[24, 59], cols=[ 1  2  4  7  8 13 14 15 16 17 22 23 25 28 29 30 31 33 38 41 42 45 46 47
 48 49 53 54 71])
Bicluster(rows=[24, 60], cols=[ 5  8 10 12 15 17 18 20 25 28 29 30 31 33 38 41 42 45 46 47 48 49 53 54
 60 62 64 65 66 69 73 74])
Bicluster(rows=[24, 61], cols=[ 5  8 20 24 25 29 30 35 38 41 42 46 47 48 49 50 51 54 56 58 59 60 61 62
 72 74])
Bicluster(rows=[24, 62], cols=[ 0  4  8 12 13 14 15 16 18 20 22 24 28 30 31 33 45 47 48 49 50 51 53 55
 58 59 60 64 67 69 71 74])
Bicluster(rows=[24, 63], cols=[ 5  6 13 15 16 22 25 29 30 35 38 41 42 46 47 48 49 50 56 57 58 60 68 72
 73])
Bicluster(rows=[24, 64], cols=[ 3  4  5 12 13 15 17 18 20 21 23 25 27 29 32 34 36 37 38 39 42 43 46 47
 50 52 54 55 56 57 60 61 63 66 69 71 73])
Bicluster(rows=[24, 65], cols=[ 2  3  7 10 11 12 16 18 20 27 28 31 32 33 34 36 37 39 43 45 60 62 63 64
 65 67 68 69 70 73])
Bicluster(rows=[24, 66], cols=[ 2  4  5  6  7  9 14 15 16 18 19 20 24 25 28 31 36 37 39 40 41 42 46 49
 51 52 66 67 69 71 72 74])
Bicluster(rows=[24, 67], cols=[ 1  2  4  5  9 10 11 12 17 18 19 21 26 29 30 31 32 35 36 40 42 47 54 61
 63 64 66 69 71 74])
Bicluster(rows=[24, 68], cols=[ 3  4  6  8  9 10 14 15 16 17 20 24 27 28 29 39 44 50 53 56 57 58 60 63
 68 71 73])
Bicluster(rows=[24, 69], cols=[ 0  2  3  7  9 10 11 13 14 15 18 19 25 26 28 30 35 36 41 42 44 45 48 49
 51 52 53 55 59 65 66 69 71 72 74])
Bicluster(rows=[24, 70], cols=[ 7  9 11 12 13 16 17 18 21 25 26 29 30 40 46 47 49 50 54 56 57 58 61 64
 68 72 73])
Bicluster(rows=[24, 71], cols=[ 1  5 16 17 18 21 25 26 28 30 32 33 34 36 40 46 47 49 51 53 55 59 65 68
 72 73 74])
Bicluster(rows=[24, 72], cols=[ 1  2  6 10 11 16 17 24 27 29 34 35 36 41 43 44 45 46 47 56 57 58 60 61
 66 68 69 71 73 74])
Bicluster(rows=[24, 73], cols=[ 2  5  9 10 12 15 18 24 27 30 34 40 45 47 54 56 57 58 60 61 62 64 72])
Bicluster(rows=[24, 74], cols=[ 4  7 12 13 16 19 21 25 27 28 29 32 34 35 36 38 42 43 44 45 46 47 48 49
 50 51 57 58 59 61 64 68 72 73 74])
Bicluster(rows=[24, 75], cols=[ 2  4  6 11 15 16 17 19 20 25 26 28 30 34 36 40 42 44 45 46 47 50 56 57
 58 60 63 68 71 73])
Bicluster(rows=[24, 76], cols=[ 0  2  4  6  8 10 14 19 21 22 25 27 32 33 35 37 41 46 47 48 49 50 53 54
 59 61 62 64 65 68 73])
Bicluster(rows=[24, 77], cols=[ 2  5  8 10 12 14 15 24 31 33 34 38 39 40 43 44 46 47 49 51 52 53 55 59
 65 66 69 71 74])
Bicluster(rows=[24, 78], cols=[ 0  6  9 14 15 16 21 24 26 29 33 34 38 40 41 42 44 46 50 56 57 58 60 63
 68 71 73])
Bicluster(rows=[24, 79], cols=[ 0  2  4  5  9 10 12 13 15 21 22 24 25 26 27 36 38 39 40 44 45 46 48 49
 52 53 54 61 62 64])
Bicluster(rows=[24, 80], cols=[ 4 10 15 16 20 22 25 26 30 33 38 41 46 48 49 51 52 53 55 59 65 66 69 71
 74])
Bicluster(rows=[24, 81], cols=[ 2  3  4  5  6  8  9 10 11 15 16 17 18 22 24 25 27 28 29 32 33 39 41 43
 47 49 51 52 53 55 59 65 66 69 71 72 73 74])
Bicluster(rows=[24, 82], cols=[ 5  6  8  9 10 11 12 15 20 21 25 26 30 31 33 35 36 43 47 50 51 53 55 59
 65 66 68 69 71 72 73 74])
Bicluster(rows=[24, 83], cols=[ 4  7  9 11 14 17 19 20 21 22 33 37 42 47 51 54 56 58 60 61 64 66 69 71
 73 74])
Bicluster(rows=[24, 84], cols=[ 2  5  6 10 11 13 15 16 17 18 29 30 33 35 36 41 42 44 49 50 56 57 58 60
 63 66 68 69 71 73])
Bicluster(rows=[24, 85], cols=[ 2  6  7 11 15 20 24 27 28 30 31 33 35 36 38 40 41 44 46 50 51 57 58 61
 64 68 72 73 74])
Bicluster(rows=[24, 86], cols=[ 6  9 10 11 15 16 17 18 20 21 26 29 30 33 42 46 47 48 49 50 56 57 58 60
 63 68 71 73])
Bicluster(rows=[24, 87], cols=[ 2  4  5  6  7 13 15 17 18 21 24 25 32 35 36 37 38 42 47 49 54 56 57 60
 61 62 64])
Bicluster(rows=[24, 88], cols=[ 0  1  6  7  8 20 21 24 26 29 31 33 34 37 38 39 45 47 50 56 57 58 60 61
 63 66 68 69 71 73])
Bicluster(rows=[24, 89], cols=[ 1  2  5 12 13 15 16 20 28 29 33 34 35 36 38 39 40 41 42 48 50 56 57 58
 60 63 66 68 69 71 73])
Bicluster(rows=[24, 90], cols=[ 0  1  8 11 12 16 20 21 26 30 32 36 49 54 58 61 63 64 66 69 71 73 74])
Bicluster(rows=[24, 91], cols=[ 1  2  4  5  6  9 10 13 19 22 28 30 33 38 41 42 43 44 47 48 54 61 63 64
 66 69 71])
Bicluster(rows=[24, 92], cols=[ 1  5 10 11 17 22 26 27 28 34 35 36 37 39 40 46 50 51 53 55 58 59 65 66
 68 69 71 72 73 74])
Bicluster(rows=[24, 93], cols=[ 1  5  9 12 14 20 22 24 26 27 31 37 38 39 40 43 47 49 50 53 54 59 61 62
 64 65 68 73])
Bicluster(rows=[24, 94], cols=[ 2  7  9 10 11 15 16 18 20 21 35 36 42 44 46 50 56 57 58 60 66 68 69 71
 73])
Bicluster(rows=[24, 95], cols=[ 0  2  7  9 11 15 17 18 20 21 22 26 28 29 35 36 38 39 40 41 42 43 44 46
 48 50 56 57 58 60 61 63 66 68 69 71 73])
Bicluster(rows=[24, 96], cols=[ 2  6 12 13 20 24 27 28 29 31 32 33 34 36 39 43 44 45 46 51 52 53 55 59
 65 66 69 71 72 74])
Bicluster(rows=[24, 97], cols=[ 0  2  7  9 10 11 12 15 16 17 18 19 21 25 26 40 42 44 46 49 50 56 57 58
 60 63 68 69 71 73])
Bicluster(rows=[24, 98], cols=[ 0  1  5  6  9 11 12 13 15 17 19 20 21 24 27 28 29 30 31 36 40 41 42 43
 44 49 50 51 56 57 58 60 61 64 66 68 69 71 73 74])
Bicluster(rows=[24, 99], cols=[ 4  5  7  9 11 12 13 15 19 21 25 26 29 30 44 46 47 48 49 50 54 61 65 66
 69])
Bicluster(rows=[25, 26], cols=[ 0  4  7  9 10 11 16 17 18 19 21 28 31 34 37 38 39 40 43 48 51 54 55 58
 60 61 63 64 65 66 68 70 71])
Bicluster(rows=[25, 27], cols=[ 0  1  2  3  4  5  6  7  8  9 10 11 12 13 14 15 16 17 18 19 20 21 22 23
 24 26 30 31 33 36 37 41 42 44 45 46 47 48 49 54 56 59 61 64 69 70 71 73])
Bicluster(rows=[25, 28], cols=[ 0  1  2  3  4  5  6  7  8  9 10 11 12 13 14 15 16 17 18 19 20 21 22 23
 24 29 30 32 33 39 40 42 46 47 48 49 50 52 58 61 62 65 66 67 70 71 72])
Bicluster(rows=[25, 29], cols=[ 0  1  2  3  4  5  6  7  8  9 10 11 12 13 14 15 16 17 18 19 20 21 22 23
 24 29 31 32 33 34 39 43 46 49 50 51 66 67 69 70 71 72])
Bicluster(rows=[25, 30], cols=[ 0  1  2  3  4  5  6  7  8  9 10 11 12 13 14 15 16 17 18 19 20 21 22 23
 24 29 30 32 33 34 36 37 39 41 43 45 50 51 53 56 59 63 65 66 67 69 70 71])
Bicluster(rows=[25, 31], cols=[ 0  1  2  3  4  5  6  7  8  9 10 11 12 13 14 15 16 17 18 19 20 21 22 23
 24 25 26 27 29 30 38 41 44 47 48 49 50 54 55 56 59 61 62 63 65 69 71 73])
Bicluster(rows=[25, 32], cols=[ 0  2  4  7  9 10 11 12 13 15 16 17 18 20 21 24 25 29 34 37 38 40 41 44
 45 47 48 49 52 54 55 56 63 64 67 69 73])
Bicluster(rows=[25, 33], cols=[ 1  2  4  5  6  8 10 12 16 17 18 19 24 27 28 33 37 48 51 53 55 59 61 62
 66 67 70 71 73])
Bicluster(rows=[25, 34], cols=[ 1  2 10 11 12 13 14 15 17 19 20 24 29 30 33 35 37 39 42 43 45 52 54 58
 59 62 64 65 69 71])
Bicluster(rows=[25, 35], cols=[ 0  1  2  3  5  6  9 10 12 13 16 17 18 20 22 24 29 30 33 35 37 39 42 43
 45 50 51 52 55 59 62 66 67 71 72])
Bicluster(rows=[25, 36], cols=[ 4  6  7  9 11 21 28 29 32 34 36 39 42 43 46 47 49 52 54 55 61 67 69 71
 74])
Bicluster(rows=[25, 37], cols=[ 0  2  3  4  8  9 11 12 13 14 18 19 21 28 29 32 34 39 42 43 46 49 50 53
 59 60 63 64 67 69 72 73])
Bicluster(rows=[25, 38], cols=[ 5  8 14 19 29 30 33 35 37 39 41 42 43 45 49 50 52 55 61 63 65 66 67 73])
Bicluster(rows=[25, 39], cols=[ 2  3  5 12 13 16 19 22 25 27 38 40 48 51 54 58 59 63 66 67 69 70 71 73])
Bicluster(rows=[25, 40], cols=[ 2  4  9 10 12 18 21 24 29 30 33 35 37 39 41 42 43 45 46 49 57 68 72 73
 74])
Bicluster(rows=[25, 41], cols=[ 1  4  5  9 10 12 13 14 15 16 17 19 20 21 24 29 30 35 37 40 42 43 51 52
 58 59 65 66 67 69 70 71 72 74])
Bicluster(rows=[25, 42], cols=[ 2  4  5  8  9 11 12 13 14 15 17 18 21 24 26 29 30 33 37 41 43 44 45 51
 58 59 62 63 70 72])
Bicluster(rows=[25, 43], cols=[ 2  4 10 13 21 23 24 26 29 30 33 37 39 41 42 43 44 45 49 56 59 61 72 73
 74])
Bicluster(rows=[25, 44], cols=[ 1  2  3  4  5  7 10 13 20 23 24 29 30 33 35 37 39 42 43 45 46 49 51 55
 57 58 59 62 63 65 66 67])
Bicluster(rows=[25, 45], cols=[ 3  4  5  6 11 12 15 16 17 19 20 21 24 29 30 33 35 37 39 42 43 45 50 56
 59 61 67 69 70 72 73])
Bicluster(rows=[25, 46], cols=[ 0  1  4  5  6  9 13 14 15 17 18 22 24 29 30 35 37 39 42 43 69 70 71 73
 74])
Bicluster(rows=[25, 47], cols=[ 0  2  3  4  7  8  9 13 14 15 16 17 18 19 25 27 35 38 40 47 48 50 51 55
 56 57 59 63 64 67 68 71])
Bicluster(rows=[25, 48], cols=[ 1  6  9 10 11 15 17 18 19 21 22 23 29 30 33 35 37 39 42 43 45 46 49 50
 51 55 58 61 69 71])
Bicluster(rows=[25, 49], cols=[ 0  1  2  3  6  7  8 14 16 20 25 26 27 38 40 41 44 45 48 50 51 56 58 59
 66 67 71 73])
Bicluster(rows=[25, 50], cols=[ 3  5  6  7  8  9 15 24 25 26 37 38 40 41 44 45 47 48 50 51 58 63 65 66
 67 71 72])
Bicluster(rows=[25, 51], cols=[ 3  6  8  9 11 12 13 15 18 20 21 22 28 29 32 34 39 42 43 46 49 52 53 54
 55 56 59 62 66 69 72 73])
Bicluster(rows=[25, 52], cols=[ 0  1  7 16 17 20 21 22 28 29 32 34 36 39 42 43 46 49 50 51 52 53 54 59
 60 61 68 70])
Bicluster(rows=[25, 53], cols=[ 5  7 10 12 15 16 18 19 22 23 24 29 30 33 34 35 37 39 41 42 43 45 46 49
 53 56 58 62 63 66 68 72])
Bicluster(rows=[25, 54], cols=[ 1  3  5  8 10 11 13 15 18 19 21 22 29 30 34 36 39 43 47 49 50 52 53 56
 62 64 68 69 70 71 72])
Bicluster(rows=[25, 55], cols=[ 0  1  2  3  4  6  7 10 11 13 14 16 17 19 20 25 27 35 38 40 47 48 50 51
 52 59 62 64 66 67 69 70 72 73])
Bicluster(rows=[25, 56], cols=[ 1  6  8 16 17 19 23 28 34 38 48 51 52 56 57 60 62 63 64 70 71])
Bicluster(rows=[25, 57], cols=[ 5  6  7  8 10 11 12 15 17 18 24 29 30 33 35 36 37 43 45 50 51 54 55 59
 60 61 62 64 66 70 72])
Bicluster(rows=[25, 58], cols=[ 0  3  7 10 11 17 18 19 21 22 33 34 35 37 39 41 42 45 46 49 50 53 54 57
 60 61 67 71 73])
Bicluster(rows=[25, 59], cols=[ 0  1  2  3  4  8  9 10 13 15 16 22 23 25 30 31 33 37 38 41 45 47 50 52
 55 56 57 59 60 61 68 70 71])
Bicluster(rows=[25, 60], cols=[ 0  2  3  4  7  8  9 10 11 12 16 19 23 24 25 31 33 37 38 41 45 48 50 52
 53 59 61 62 64 68 69 70 72 73])
Bicluster(rows=[25, 61], cols=[ 3  9 10 11 14 18 26 29 31 33 34 37 39 41 42 43 44 45 46 49 50 51 53 54
 56 57 59 61 63 69 70])
Bicluster(rows=[25, 62], cols=[ 2  3  7  8  9 10 11 12 13 17 22 23 31 33 37 38 41 48 50 56 61 64 67 69
 70 71 73])
Bicluster(rows=[25, 63], cols=[ 0 10 11 12 15 17 19 26 29 33 34 37 39 41 42 43 45 46 49 50 51 53 56 60
 63 64 70 71])
Bicluster(rows=[25, 64], cols=[ 2  4  6 10 11 14 17 18 19 21 22 24 27 35 36 40 47 48 50 51 56 59 62 64
 67 69 71 72 73])
Bicluster(rows=[25, 65], cols=[ 0  2  6  7 10 11 12 13 14 15 16 18 19 22 25 27 35 38 40 47 48 50 51 53
 56 57 58 59 60 65 66 69 72 73])
Bicluster(rows=[25, 66], cols=[ 1  2  3  4  6  7  9 14 15 16 18 19 20 24 28 29 31 32 33 34 39 40 42 43
 46 51 53 55 57 60 64 66 67 70 72 73])
Bicluster(rows=[25, 67], cols=[ 0  2  4  7  9 10 11 13 17 18 20 21 22 24 28 34 36 37 38 43 45 46 48 49
 51 53 55 57 60 64 66 67 69 70 71 73])
Bicluster(rows=[25, 68], cols=[ 3  4  6  8  9 10 11 14 15 16 17 20 24 37 39 41 42 49 58 59 64 69 70 71])
Bicluster(rows=[25, 69], cols=[ 2  4  7  9 10 13 15 21 23 24 25 26 27 28 30 33 36 38 44 46 50 55 56 60
 64 66 67 70 72 73])
Bicluster(rows=[25, 70], cols=[ 0  2  6  7  9 11 16 17 18 19 20 22 24 30 31 32 33 34 36 41 42 43 44 48
 49 53 54 56 61 63 67])
Bicluster(rows=[25, 71], cols=[ 0  1  4  5  7  9 15 20 24 25 27 29 33 34 36 37 40 45 51 55 56 60 64 66
 67 69 70 71 73])
Bicluster(rows=[25, 72], cols=[ 4 10 16 21 24 27 29 41 44 46 51 53 55 56 60 64 66 67 69 70 71 72 73])
Bicluster(rows=[25, 73], cols=[ 2  6  9 10 13 14 15 18 19 21 22 23 25 26 27 30 35 36 38 39 46 48 53 54
 55 56 60 61 63 67 68])
Bicluster(rows=[25, 74], cols=[ 1  2  4  5  6  7  8 13 16 19 20 21 22 28 32 33 37 41 42 46 47 52 59 62
 72])
Bicluster(rows=[25, 75], cols=[ 3  4  7  9 11 12 16 17 19 22 24 26 29 31 33 38 41 44 48 49 51 53 55 56
 60 64 67 69 70 71 73])
Bicluster(rows=[25, 76], cols=[ 0  2  4  6  8 10 11 14 19 21 22 23 25 28 29 32 38 41 42 45 47 48 49 50
 52 55 56 58 60 62 74])
Bicluster(rows=[25, 77], cols=[ 0  2  3  4  5  8  9 11 16 17 21 25 30 31 33 34 36 37 39 40 42 43 44 53
 54 55 57 60 61 67 68 69])
Bicluster(rows=[25, 78], cols=[ 1  2  5  9 11 12 13 15 16 19 21 22 25 29 31 37 42 43 44 47 48 49 51 53
 55 56 60 64 66 67 70 72 73])
Bicluster(rows=[25, 79], cols=[ 0  2  3  4  5  6  7  9 10 11 12 13 15 16 17 18 19 21 22 24 26 29 30 31
 36 37 39 41 42 44 55 56 60 64 72])
Bicluster(rows=[25, 80], cols=[ 1  3  9 11 15 18 20 23 28 33 39 42 45 47 48 51 53 55 56 60 64 67 69 70
 71 73])
Bicluster(rows=[25, 81], cols=[ 2  6  8 14 20 21 22 24 25 26 31 32 33 38 39 41 42 43 45 46 47 51 55 56
 60 64 66 67 69 70 71 73])
Bicluster(rows=[25, 82], cols=[ 0  4  5  6  7  8 14 17 18 19 25 29 31 32 33 36 42 43 45 46 47 49 51 55
 56 60 64 67 69 70 71 73])
Bicluster(rows=[25, 83], cols=[ 2  3  4  5  6  9 11 15 16 17 19 21 24 25 29 30 31 32 34 35 36 39 40 44
 46 47 49 53 54 55 57 60 61 63 67 68 69 71])
Bicluster(rows=[25, 84], cols=[ 2  4  7  8  9 10 12 14 15 18 21 22 28 29 31 33 36 37 41 43 44 46 48 49
 51 55 56 60 64 66 67 70 72 73])
Bicluster(rows=[25, 85], cols=[ 1  2  4  8 14 16 20 24 28 29 34 36 47 49 50 52 55 56 58 59 60 62 74])
Bicluster(rows=[25, 86], cols=[ 0  2  3  4  5  9 10 12 13 14 15 16 17 19 20 21 22 24 25 29 31 34 37 38
 39 41 43 51 53 55 57 60 64 66 67 70 72 73])
Bicluster(rows=[25, 87], cols=[ 0  7  9 12 15 17 18 20 21 22 24 26 30 31 36 40 41 42 43 45 48 49 53 54
 55 56 57 60 61 63 68])
Bicluster(rows=[25, 88], cols=[ 1  2  3  4  6  8  9 12 13 15 17 18 19 25 27 30 33 34 35 36 37 38 39 41
 42 44 46 53 54 56 61 63 67 73])
Bicluster(rows=[25, 89], cols=[ 0  1  2  5 10 12 13 15 19 20 22 33 34 36 37 39 40 41 45 46 48 49 50 58
 59 64 69 70 71])
Bicluster(rows=[25, 90], cols=[ 0  3  4  5  7 11 13 14 16 21 22 25 26 28 30 34 36 37 41 42 45 51 53 55
 56 60 64 66 67 69 70 71 73])
Bicluster(rows=[25, 91], cols=[ 0  2  8 10 13 14 16 18 21 23 25 26 31 33 34 41 42 44 45 53 57 64 66 67
 70 72 73])
Bicluster(rows=[25, 92], cols=[ 0  2  4  7  9 14 15 16 19 20 30 36 37 38 40 42 43 44 45 47 48 56 67 69
 71 73])
Bicluster(rows=[25, 93], cols=[ 1  4  5  8  9 10 12 14 17 20 22 24 26 28 29 30 31 34 39 41 43 44 45 46
 47 50 55 56 60 62 72 74])
Bicluster(rows=[25, 94], cols=[ 0  3  6  7  9 12 13 14 16 21 24 25 26 27 29 31 33 34 37 40 41 45 47 48
 51 53 55 57 60 67 69 71 73])
Bicluster(rows=[25, 95], cols=[ 3  4  6  7  9 13 15 17 18 19 20 24 31 32 36 37 41 44 46 51 55 56 60 64
 66 67 70 71 73])
Bicluster(rows=[25, 96], cols=[ 0  1  2  3  6  7 10 11 12 13 15 16 17 18 19 20 21 22 24 30 31 32 33 34
 36 37 39 42 43 51 53 55 57 60 61 67 69 71 73])
Bicluster(rows=[25, 97], cols=[ 0  1  5  6  7  9 10 11 13 17 18 20 21 22 26 29 31 34 37 39 41 43 44 45
 47 49 51 53 55 57 60 67 69 71 73])
Bicluster(rows=[25, 98], cols=[ 6 12 13 14 18 20 28 31 35 36 37 40 41 43 44 45 46 47 50 51 58 59 64 66
 69 70 71])
Bicluster(rows=[25, 99], cols=[ 0  4  7  9 13 15 19 21 26 29 30 31 33 34 36 37 38 39 40 41 43 44 45 47
 51 52 59 62 64 66 71 73])
Bicluster(rows=[26, 27], cols=[ 0  1  2  3  4  5  6  7  8  9 10 11 12 13 14 15 16 17 18 19 20 21 22 23
 24 28 33 34 37 39 40 42 43 47 49 51 57 58 62 64 66 68 69 70 72 73 74])
Bicluster(rows=[26, 28], cols=[ 0  1  2  3  4  5  6  7  8  9 10 11 12 13 14 15 16 17 18 19 20 21 22 23
 24 26 28 31 33 34 36 37 42 44 47 52 57 58 60 63 66 72 73 74])
Bicluster(rows=[26, 29], cols=[ 0  1  2  3  4  5  6  7  8  9 10 11 12 13 14 15 16 17 18 19 20 21 22 23
 24 30 35 37 38 40 42 44 46 48 52 55 59 61 62 66 68 69 71 72 74])
Bicluster(rows=[26, 30], cols=[ 0  1  2  3  4  5  6  7  8  9 10 11 12 13 14 15 16 17 18 19 20 21 22 23
 24 31 32 33 35 37 38 40 42 48 55 57 58 60 61 62 64 69 70 71 72])
Bicluster(rows=[26, 31], cols=[ 0  1  2  3  4  5  6  7  8  9 10 11 12 13 14 15 16 17 18 19 20 21 22 23
 24 27 28 31 36 40 43 45 47 49 58 67 68 69 71 73])
Bicluster(rows=[26, 32], cols=[ 0  1  2  3  4  5  6  7  8  9 10 11 12 13 14 15 16 17 18 19 20 21 22 23
 24 29 32 34 44 46 48 56 57 59 60 61 67 68 71])
Bicluster(rows=[26, 33], cols=[ 1  2  4  5  6  7 10 12 16 17 18 19 20 24 26 29 30 34 36 37 39 40 41 43
 44 49 57 64 66 69 70 71 73 74])
Bicluster(rows=[26, 34], cols=[ 2  3  4  6  7  8 10 12 13 15 16 17 20 22 24 25 26 32 40 41 44 46 47 54
 57 60 62 70 74])
Bicluster(rows=[26, 35], cols=[ 2  4  6 10 11 12 14 16 17 18 20 25 26 32 40 41 44 46 47 49 57 58 62 64
 66 69 70 73])
Bicluster(rows=[26, 36], cols=[ 0  2  4  6  7 11 13 14 17 24 26 32 38 41 42 44 48 50 56 59 64 66 68 69
 70])
Bicluster(rows=[26, 37], cols=[ 0  1  2  4  5  6  9 10 12 13 18 20 21 22 25 27 28 30 31 33 39 43 45 47
 51 53 54 55 57 60 62 63 64 67 70 71])
Bicluster(rows=[26, 38], cols=[ 1  2  3  6 14 19 24 25 26 29 30 34 36 37 39 40 41 43 44 46 49 56 57 61
 62 63 66 67 69 74])
Bicluster(rows=[26, 39], cols=[ 2  3  5 12 13 16 19 22 23 25 27 28 29 30 31 33 39 43 45 51 53 55 58 60
 62 69 70 71 73])
Bicluster(rows=[26, 40], cols=[ 0  2  3  4  6  8  9 10 12 13 14 17 18 21 24 34 37 40 42 46 49 55 61 62
 67 69 71 72])
Bicluster(rows=[26, 41], cols=[ 4  8  9 15 16 17 19 20 22 28 33 34 38 42 45 46 49 50 53 55 56 57 59 60
 61 69 71])
Bicluster(rows=[26, 42], cols=[ 1  4  5  6  7 10 12 13 16 19 20 22 23 24 26 32 38 41 42 44 48 52 55 57
 60 61 62 68 71])
Bicluster(rows=[26, 43], cols=[ 2  3  9 11 12 13 18 21 23 32 37 38 40 42 48 50 60 67 69 72])
Bicluster(rows=[26, 44], cols=[ 2  4  7 10 12 18 21 24 25 26 32 34 37 39 40 41 43 44 46 47 49 50 51 52
 55 58 60 62 63 64 65 66 67 69 72 73 74])
Bicluster(rows=[26, 45], cols=[ 1  2  4  7 10 11 13 14 16 19 26 29 30 34 36 37 39 40 41 43 44 49 55 57
 61 66 67 70 71 74])
Bicluster(rows=[26, 46], cols=[ 0  2  3  7 14 17 26 29 30 34 36 37 39 40 41 43 44 49 58 62 65 66 69 70
 71 73])
Bicluster(rows=[26, 47], cols=[ 6  7  8 11 12 14 19 21 24 25 27 28 30 31 33 34 39 43 45 47 50 52 54 58
 59 60 61 66 67 69 70 71 74])
Bicluster(rows=[26, 48], cols=[ 2  9 10 11 12 15 16 17 18 21 24 26 29 30 34 36 37 39 40 41 43 44 49 51
 57 58 61 71 73 74])
Bicluster(rows=[26, 49], cols=[ 3  4  5  9 10 15 26 29 30 34 36 37 39 40 41 43 44 46 49 53 54 55 57 59
 61 62 63 69 72 74])
Bicluster(rows=[26, 50], cols=[ 3  5  6  7  8 10 14 15 16 19 27 28 29 30 31 33 36 39 43 45 51 54 55 61
 62 66 72 74])
Bicluster(rows=[26, 51], cols=[ 3  6  8 11 12 13 18 19 20 21 22 26 32 38 41 42 44 48 51 52 57 58 60 63
 66 69 72 73 74])
Bicluster(rows=[26, 52], cols=[ 0  3  6  7  8 13 15 16 17 21 25 28 30 31 33 34 39 43 45 47 51 54 57 60
 67 68 72])
Bicluster(rows=[26, 53], cols=[ 1  3  7  9 10 11 12 15 16 18 24 25 26 32 34 35 37 40 41 43 44 46 47 49
 50 51 52 53 55 58 60 62 63 66 67 69 70 73 74])
Bicluster(rows=[26, 54], cols=[ 1  3  5  8 10 11 13 15 18 19 21 22 25 26 32 35 40 41 42 44 46 47 49 52
 54 58 61 63 64 65 69 70 72])
Bicluster(rows=[26, 55], cols=[ 0  1  2  3  4  6  7 10 11 13 14 16 17 19 20 25 27 28 29 30 31 33 39 43
 45 47 52 58 61 64 66 69 70 72 73 74])
Bicluster(rows=[26, 56], cols=[ 0  1  5  6  8 13 14 17 19 20 21 22 29 32 36 39 40 43 46 49 52 53 54 55
 58 59 65 71 72 74])
Bicluster(rows=[26, 57], cols=[ 0  2  3  7 10 11 13 14 15 17 18 19 20 25 26 32 35 37 40 41 44 46 47 49
 51 54 57 60 61 62 64 66 69 70 73 74])
Bicluster(rows=[26, 58], cols=[ 0  2  5  6  7  9 10 11 12 17 18 19 20 21 23 24 26 29 30 34 36 37 39 40
 41 43 44 49 52 53 54 56 60 61 67 68 69 71 72])
Bicluster(rows=[26, 59], cols=[ 1  2  3  4  7  8 13 15 16 22 23 25 26 32 35 37 40 41 44 46 47 49 52 66
 71])
Bicluster(rows=[26, 60], cols=[ 2  3  4  7  8  9 11 16 19 23 26 29 30 34 35 36 37 39 43 44 49 51 52 55
 65 66 69 70 72 73 74])
Bicluster(rows=[26, 61], cols=[ 5  9 10 11 18 19 20 23 24 27 28 29 30 31 33 34 35 36 37 39 43 44 45 51
 52 53 54 55 60 61 63 67 68 70 72 74])
Bicluster(rows=[26, 62], cols=[ 3  4  7  8  9 10 11 12 13 15 20 22 23 26 29 30 34 36 37 39 40 41 43 44
 49 51 58 60 62 68 69 70 71 73 74])
Bicluster(rows=[26, 63], cols=[ 0  4  5  6  7 11 18 19 20 21 22 24 27 28 29 30 31 33 35 36 39 45 57 60
 62 64 65 66 70 71 73])
Bicluster(rows=[26, 64], cols=[ 3  4  5  9 11 12 13 14 15 17 18 19 20 21 23 25 26 32 40 41 44 46 47 51
 57 60 64 66 71 73 74])
Bicluster(rows=[26, 65], cols=[ 0  2  4  6 10 12 13 16 18 20 21 22 23 25 28 30 31 33 34 39 43 45 47 49
 61 62 63 64 67 68 71 72 73 74])
Bicluster(rows=[26, 66], cols=[ 2  4  7  8  9 12 15 16 18 22 23 24 28 29 30 31 34 35 39 43 44 45 46 49
 51 52 53 54 56 59 61 66 67 68 69 71 74])
Bicluster(rows=[26, 67], cols=[ 0  2  4  5  6  7  8  9 10 11 12 13 17 18 19 21 24 28 30 32 34 35 38 39
 40 42 43 47 48 51 52 53 54 56 59 61 66 67 68 69 71 74])
Bicluster(rows=[26, 68], cols=[ 1  6  7 18 19 20 21 22 24 31 32 35 39 40 41 43 44 46 47 49 52 54 55 57
 61 63 67 68])
Bicluster(rows=[26, 69], cols=[ 4  5  6  7  8  9 10 12 20 21 24 28 29 32 34 40 42 45 47 49 51 55 57 60
 62 64 66 69 70 71])
Bicluster(rows=[26, 70], cols=[ 0  3  7  9 10 11 12 13 14 16 17 18 20 23 25 28 30 33 34 43 45 46 47 48
 49 52 53 54 55 57 60 61 63 67 68])
Bicluster(rows=[26, 71], cols=[ 4  7 14 22 23 26 33 35 37 41 42 44 51 52 53 54 59 61 66 67 68 69 71 74])
Bicluster(rows=[26, 72], cols=[ 1  2  5  6 10 11 16 17 21 22 24 26 32 37 40 42 46 47 48 55 60 66 71 74])
Bicluster(rows=[26, 73], cols=[ 2  3  5 12 14 15 17 19 21 24 30 32 33 38 39 44 47 48 49 52 54 55 60 61
 63 67 68 72])
Bicluster(rows=[26, 74], cols=[ 0  1  3  5  6 13 14 17 23 27 28 42 43 44 45 46 48 51 55 57 60 62 64 66
 69 70 71 73])
Bicluster(rows=[26, 75], cols=[ 1  4  5 13 16 19 20 25 29 31 32 33 39 40 42 44 47 51 52 53 54 56 59 61
 66 67 68 69 71 74])
Bicluster(rows=[26, 76], cols=[ 0  3  4  5 10 11 12 13 20 21 28 30 31 34 38 43 46 49 51 55 57 60 62 64
 69 70 73])
Bicluster(rows=[26, 77], cols=[ 0  1  2  3 11 12 15 16 17 21 22 23 24 30 31 33 34 37 39 43 46 52 53 54
 59 61 63 67 68 72])
Bicluster(rows=[26, 78], cols=[ 3  8  9 11 15 16 21 23 24 28 29 31 37 43 45 46 47 52 53 54 56 59 61 62
 67 68 69 70 71])
Bicluster(rows=[26, 79], cols=[ 1  2  4  7  8 10 11 12 13 14 15 16 17 18 19 24 26 32 33 35 37 38 41 45
 47 48 52 56 59 62 64 67 68 70])
Bicluster(rows=[26, 80], cols=[ 0  1  6  9 11 15 16 18 20 22 23 29 30 31 36 37 40 41 42 46 47 49 51 58
 62 64 65 66 69 70 71 73 74])
Bicluster(rows=[26, 81], cols=[ 1  2 21 23 24 26 28 30 31 33 36 39 51 52 53 54 56 59 61 62 66 67 68 69
 70 71 74])
Bicluster(rows=[26, 82], cols=[ 0  4  6  7  8 13 14 16 17 18 19 28 30 32 33 37 38 39 40 42 44 45 46 49
 51 58 62 64 65 66 69 70 71 73 74])
Bicluster(rows=[26, 83], cols=[ 2  3  4  9 11 12 13 14 15 17 19 20 21 23 26 27 28 29 30 31 39 42 45 47
 52 53 54 56 59 61 63 67 68 72 74])
Bicluster(rows=[26, 84], cols=[ 2  3  4  7  9 15 18 19 23 28 30 31 32 35 38 40 41 42 43 44 45 47 51 52
 53 54 56 59 61 62 66 67 68 69 71 74])
Bicluster(rows=[26, 85], cols=[ 0  3  4  5 12 16 18 19 20 22 23 25 27 28 33 34 37 38 46 49 51 55 57 58
 60 62 64 69 70 73])
Bicluster(rows=[26, 86], cols=[ 1  8  9 10 15 16 17 20 21 30 31 32 34 37 39 40 42 43 44 46 47 49 51 52
 53 56 59 61 66 67 68 69 71 74])
Bicluster(rows=[26, 87], cols=[ 2  3  4  5  7  9 12 13 15 17 18 20 21 24 25 32 33 35 39 44 47 48 49 52
 53 54 55 60 61 63 67 68])
Bicluster(rows=[26, 88], cols=[ 1  2  3  6  8 13 14 15 16 17 18 19 25 27 29 41 49 51 55 57 58 60 62 64
 69 70 73])
Bicluster(rows=[26, 89], cols=[ 4  7  8  9 10 11 12 13 15 21 30 32 34 35 38 41 43 46 47 52 54 55 57 61
 63 67 68])
Bicluster(rows=[26, 90], cols=[ 0  1  4  8  9 11 12 16 18 20 21 28 32 33 37 44 49 51 52 55 60 66 68 69
 71 74])
Bicluster(rows=[26, 91], cols=[ 0  2  3  5  6 10 13 16 19 21 26 27 29 30 32 34 37 40 42 49 51 52 53 54
 56 59 61 66 67 68 69 71 74])
Bicluster(rows=[26, 92], cols=[ 0  3 12 17 21 23 26 27 28 30 38 39 41 46 48 51 55 57 60 62 64 66 69 70
 71 74])
Bicluster(rows=[26, 93], cols=[ 0  5 10 11 12 17 21 24 26 28 32 37 38 41 44 46 51 52 59 62 67 68 69 70
 71])
Bicluster(rows=[26, 94], cols=[ 0  2  5  7  9 10 14 15 16 17 20 21 22 29 31 32 33 34 35 37 44 45 46 47
 48 51 52 53 54 56 59 61 66 67 68 69 71 74])
Bicluster(rows=[26, 95], cols=[ 1  2  5  6  7  8  9 14 15 17 18 20 33 34 41 42 44 45 47 51 52 53 54 56
 59 61 66 67 68 69 71 74])
Bicluster(rows=[26, 96], cols=[ 0  5  7  9 11 12 13 14 16 17 18 19 20 21 25 27 28 30 31 33 34 35 37 39
 43 44 47 49 51 52 53 54 56 59 61 66 67 68 69 71 74])
Bicluster(rows=[26, 97], cols=[ 0  3  7  8  9 10 11 12 13 14 17 18 20 21 24 25 28 29 31 33 36 37 39 42
 43 44 47 49 51 52 53 54 56 59 61 66 67 68 69 71 74])
Bicluster(rows=[26, 98], cols=[ 0  3  8  9 11 12 15 17 21 24 30 33 34 37 38 41 47 49 52 53 54 59 61 63
 67 68 72])
Bicluster(rows=[26, 99], cols=[ 0  4  7  8 14 15 25 27 30 33 36 37 45 46 48 51 53 57 58 59 61 63 64 65
 67 69])
Bicluster(rows=[27, 28], cols=[ 0  1  2  3  4  5  6  7  8  9 10 11 12 13 14 15 16 17 18 19 20 21 22 23
 24 28 30 33 34 36 38 42 46 48 49 55 57 59 61 63 71 72 74])
Bicluster(rows=[27, 29], cols=[ 0  1  2  3  4  5  6  7  8  9 10 11 12 13 14 15 16 17 18 19 20 21 22 23
 24 25 27 31 40 42 46 52 55 62 63 68 69])
Bicluster(rows=[27, 30], cols=[ 0  1  2  3  4  5  6  7  8  9 10 11 12 13 14 15 16 17 18 19 20 21 22 23
 24 25 27 30 33 34 36 40 41 42 45 52 53 55 56 57 58 59 60 62 64 69 70 72])
Bicluster(rows=[27, 31], cols=[ 0  1  2  3  4  5  6  7  8  9 10 11 12 13 14 15 16 17 18 19 20 21 22 23
 24 26 28 30 32 35 38 40 41 43 44 47 49 53 56 58 59 61 64 66 67 69 71 72])
Bicluster(rows=[27, 32], cols=[ 2  4  6  7  9 10 12 13 15 16 17 18 20 24 27 28 36 37 38 42 43 44 45 47
 48 51 54 57 58 59 60 62 70 73])
Bicluster(rows=[27, 33], cols=[ 1  2  5  6 10 11 12 16 17 18 24 29 36 38 39 40 43 47 48 49 53 55 63 64
 67 74])
Bicluster(rows=[27, 34], cols=[ 2  4  6  8 10 12 13 15 17 27 29 30 36 40 42 47 49 50 51 52 53 55 56 57
 62 65 67 70 74])
Bicluster(rows=[27, 35], cols=[ 2  5  9 10 12 13 16 20 22 24 26 30 35 41 44 45 49 55 57 67 68 74])
Bicluster(rows=[27, 36], cols=[ 1  3  5 10 12 15 16 20 22 26 28 29 32 33 34 36 37 38 39 41 43 45 47 48
 52 53 54 60 61 65 71 74])
Bicluster(rows=[27, 37], cols=[ 0  4  5  7  9 10 11 15 17 19 21 24 28 29 32 36 38 39 43 47 48 51 52 56
 57 59 63 65 67])
Bicluster(rows=[27, 38], cols=[ 9 14 17 18 19 20 21 22 25 28 32 33 34 37 42 58 60 61 69 73 74])
Bicluster(rows=[27, 39], cols=[ 2  3  5 12 13 16 20 22 23 26 28 29 32 33 34 35 36 37 38 39 43 44 47 48
 50 52 69 70 72])
Bicluster(rows=[27, 40], cols=[ 0  5 17 20 21 28 29 32 33 34 36 37 38 39 41 43 45 47 48 50 52 53 57 58
 59 61 64 65 66])
Bicluster(rows=[27, 41], cols=[ 3  9 14 15 17 20 21 22 27 29 30 36 38 42 46 47 50 52 54 57 63 64 66 68
 73])
Bicluster(rows=[27, 42], cols=[ 0  4  8 10 12 13 14 16 20 21 25 28 29 32 33 34 37 38 39 42 48 50 52 53
 55 56 60 66 67 73 74])
Bicluster(rows=[27, 43], cols=[ 9 11 18 20 21 26 28 29 32 33 34 36 37 38 39 41 43 44 45 47 48 50 52 53
 54 55 56 59 62 71])
Bicluster(rows=[27, 44], cols=[ 1  2  4  5  7 10 12 13 14 17 19 20 24 26 27 30 35 40 41 44 45 49 50 52
 55 60 67 70 71 72])
Bicluster(rows=[27, 45], cols=[11 12 15 16 17 19 20 21 24 28 33 34 37 49 52 55 56 58 60 61 62 63 64 65
 69 70 72 73])
Bicluster(rows=[27, 46], cols=[ 0  4  9 10 12 16 17 18 20 25 26 33 34 35 42 44 45 57 60 63])
Bicluster(rows=[27, 47], cols=[ 3  5 10 11 14 19 20 21 29 31 34 40 42 49 50 53 55 57 62 64 70 71 72 73
 74])
Bicluster(rows=[27, 48], cols=[ 1  3  6  9 10 11 14 15 17 18 19 21 22 27 28 30 40 41 45 46 49 57 59 64
 66 67 70 74])
Bicluster(rows=[27, 49], cols=[ 1  2  3  6  7  8  9 10 16 20 28 29 32 33 34 36 37 38 39 41 43 45 47 48
 55 56 57 62 63 65 67 69 70 72 74])
Bicluster(rows=[27, 50], cols=[ 2  4  9 12 13 14 18 19 27 30 31 40 41 44 46 49 51 52 53 54 57 58 61 62
 64 66 67 68 73 74])
Bicluster(rows=[27, 51], cols=[ 1  3  5  9 10 15 17 21 24 25 27 30 31 40 42 49 51 52 56 58 59 60 63 65
 69 72 73 74])
Bicluster(rows=[27, 52], cols=[ 2  3  5  9 26 28 29 32 33 34 36 37 38 39 41 43 44 45 47 48 50 51 52 54
 55 56 59 61])
Bicluster(rows=[27, 53], cols=[ 2  7 16 17 19 20 28 29 32 33 34 36 37 38 39 41 43 45 47 48 51 55 56 57
 58 59 60 61 62 63 65 66 67 68 69 73 74])
Bicluster(rows=[27, 54], cols=[ 1  3  5  8 10 11 13 15 18 19 21 22 25 27 30 31 40 42 49 53 55 56 58 59
 65 67 69 70 71])
Bicluster(rows=[27, 55], cols=[ 0  9 11 12 15 24 25 27 30 31 40 42 49 51 55 56 57 59 60 61 62 66 69 70
 74])
Bicluster(rows=[27, 56], cols=[ 4  7  9 10 14 15 16 18 19 29 33 34 36 37 38 39 41 43 45 47 48 52 55 56
 58 66 67 69 70 74])
Bicluster(rows=[27, 57], cols=[ 1  2  7  8 13 15 22 26 27 30 35 40 41 44 45 49 55 60 63 68])
Bicluster(rows=[27, 58], cols=[ 0  7  9 10 12 14 16 18 20 22 24 26 27 30 35 40 41 44 45 46 53 56 58 60
 65 66 67 70 72 74])
Bicluster(rows=[27, 59], cols=[ 1  2  3  4 10 13 15 16 22 23 29 31 33 34 36 37 38 39 41 43 45 47 48 49
 53 56 61 63 66])
Bicluster(rows=[27, 60], cols=[ 0  2  4  8  9 11 16 19 23 24 31 32 33 34 36 37 38 39 41 43 45 47 48 51
 53 55 58 59 60 61 63 66 67 69 70 71 72 74])
Bicluster(rows=[27, 61], cols=[ 2  6  7  8  9 11 12 13 15 16 17 19 21 28 29 32 33 34 36 37 38 39 41 43
 45 47 48 51 59 60 63 67 70 72 74])
Bicluster(rows=[27, 62], cols=[ 3  7  8  9 10 11 12 13 17 22 23 31 32 33 34 37 39 48 52 53 55 59 60 61
 63 65 66 69 70 73 74])
Bicluster(rows=[27, 63], cols=[ 0  2  3  4  5  6  7 11 18 20 21 22 24 28 29 32 33 34 36 37 38 39 41 43
 45 47 48 51 52 55 57 59 63 65 70 72])
Bicluster(rows=[27, 64], cols=[ 2  6  9 12 13 15 16 20 22 26 34 35 41 44 45 49 57 67])
Bicluster(rows=[27, 65], cols=[ 0  1  5  7 10 11 12 13 14 15 16 18 19 23 28 29 32 36 37 38 39 43 47 48
 52 53 54 56 62 63 64 67 71 72 73 74])
Bicluster(rows=[27, 66], cols=[ 2  4  5  6  7  9 14 15 16 18 19 20 24 30 31 33 35 42 44 49 52 53 58 63
 70 72])
Bicluster(rows=[27, 67], cols=[ 0  2  4  9 10 11 13 17 18 20 21 22 24 27 29 30 32 35 36 37 38 40 42 45
 46 48 50 58 62 63 64 70 72 73 74])
Bicluster(rows=[27, 68], cols=[ 2  3  7 18 21 25 29 31 35 37 38 44 45 49 51 52 53 56 59 60 62 64 65 66
 69 71])
Bicluster(rows=[27, 69], cols=[ 4  5  6  7  8  9 10 12 20 21 27 28 29 30 31 33 35 37 42 47 49 51 57 65
 66 67 69 70 74])
Bicluster(rows=[27, 70], cols=[ 0  2  6  7  9 11 15 16 17 18 19 22 24 25 29 30 39 40 41 49 51 52 53 55
 56 58 59 60 62 64 66 69 71 73])
Bicluster(rows=[27, 71], cols=[ 0  8 12 13 16 17 18 23 25 27 28 29 30 31 32 37 40 41 45 48 49 51 52 57
 62 65 66 67 69 70 71 74])
Bicluster(rows=[27, 72], cols=[ 0  7  9 13 15 30 34 35 36 38 44 45 51 52 53 56 59 60 62 64 65 66 69 71])
Bicluster(rows=[27, 73], cols=[ 0  2  6 11 15 17 21 22 24 29 30 37 38 40 44 45 46 48 49 51 52 53 55 56
 58 59 60 62 64 65 66 69 70 71 74])
Bicluster(rows=[27, 74], cols=[ 2  3  4  7 11 14 16 20 21 23 24 29 35 36 38 42 43 44 49 51 52 53 55 56
 58 59 60 62 64 66 69 71])
Bicluster(rows=[27, 75], cols=[ 0  3  4  7  9 12 14 16 17 22 24 25 28 31 36 38 42 44 48 49 52 53 56 58
 63 70 72 74])
Bicluster(rows=[27, 76], cols=[ 0  3  4  7  9 10 12 13 16 20 21 24 25 28 29 32 33 34 35 37 43 45 51 52
 53 57 62 65 66 69 71])
Bicluster(rows=[27, 77], cols=[ 0  2  4  5  8  9 11 16 17 21 30 31 34 37 38 42 44 50 51 58 62 64 66 69
 71 73 74])
Bicluster(rows=[27, 78], cols=[ 2  9 12 16 21 26 31 37 40 42 44 45 50 58 63 64 70 72 73])
Bicluster(rows=[27, 79], cols=[ 2  7 12 13 15 17 24 30 31 33 40 45 46 51 66 68 69 70 71 74])
Bicluster(rows=[27, 80], cols=[ 3  6 20 22 23 32 33 35 37 38 40 41 42 45 47 48 50 51 53 58 62 64 66 69
 73 74])
Bicluster(rows=[27, 81], cols=[ 2  3  4  5  6  8  9 10 11 12 15 17 18 22 24 25 27 29 30 31 37 38 45 46
 49 55 56 57 59 60 63 65 67])
Bicluster(rows=[27, 82], cols=[ 4  6  7  8 13 14 16 17 18 19 33 36 39 40 42 47 48 49 52 53 58 62 64 69
 70 73 74])
Bicluster(rows=[27, 83], cols=[ 2  4  5  6  7  9 12 15 17 18 20 24 26 27 30 31 33 35 37 42 46 52 53 55
 56 58 59 63 65 70 72 74])
Bicluster(rows=[27, 84], cols=[ 4  9 10 12 14 15 18 21 22 30 31 32 33 35 37 38 41 42 44 46 48 50 52 53
 58 63 70 73])
Bicluster(rows=[27, 85], cols=[ 3  7 14 15 19 28 29 30 37 40 44 45 48 51 52 53 55 56 59 60 62 64 65 66
 69 71])
Bicluster(rows=[27, 86], cols=[ 0  2  3  9 10 12 13 16 17 19 24 30 31 32 37 38 41 42 45 49 50 52 53 58
 63 70 73])
Bicluster(rows=[27, 87], cols=[ 2  9 10 12 13 14 18 19 22 24 27 29 30 31 32 35 44 49 51 52 53 55 56 58
 59 60 62 64 66 69 71 73])
Bicluster(rows=[27, 88], cols=[ 1  6  8 13 14 15 16 17 20 24 25 29 30 31 35 38 46 47 49 51 52 57 62 65
 66 67 69 70 71 74])
Bicluster(rows=[27, 89], cols=[ 1  4  5  7  9 10 14 26 29 30 32 33 35 36 37 38 41 51 52 53 56 57 59 60
 62 64 65 66 69 71])
Bicluster(rows=[27, 90], cols=[ 0  4  6  7 11 14 15 16 19 21 26 29 32 37 40 41 42 43 45 47 52 53 56 58
 59 70 72 74])
Bicluster(rows=[27, 91], cols=[ 0  1  5  6 10 12 15 16 18 19 20 21 22 24 29 31 34 35 37 38 40 41 42 45
 46 47 48 49 51 66 67 68 69 70 74])
Bicluster(rows=[27, 92], cols=[ 0  2  4  7  9 14 19 20 25 29 32 34 35 36 51 53 58 62 64 66 69 73])
Bicluster(rows=[27, 93], cols=[ 7 13 14 15 16 17 18 19 21 26 34 38 44 47 52 53 56 59 63 65 70 72])
Bicluster(rows=[27, 94], cols=[ 0  7  9 12 13 16 19 21 24 26 28 31 32 35 36 37 39 41 42 43 45 48 50 58
 62 63 64 70 72 73 74])
Bicluster(rows=[27, 95], cols=[ 3  4  7  9 13 15 17 18 19 20 24 25 27 28 34 35 37 39 40 41 42 43 44 52
 53 56 58 63 65 70 72])
Bicluster(rows=[27, 96], cols=[ 0  2  3  6  7 10 11 13 15 17 18 19 21 24 25 27 29 31 35 40 42 44 50 58
 62 64 69 70 72 73 74])
Bicluster(rows=[27, 97], cols=[ 0  1  6  7  9 10 11 13 18 20 21 22 26 31 37 40 42 44 45 47 49 50 61 62
 63 64 69 70 72 73 74])
Bicluster(rows=[27, 98], cols=[ 0  1  3  5  6  9 11 12 13 15 17 18 19 20 21 25 27 29 31 32 33 34 35 41
 42 45 48 49 57 63 67 72])
Bicluster(rows=[27, 99], cols=[ 0  2  6  9 14 21 25 26 27 28 29 33 37 39 40 41 42 43 44 45 48 49 50 51
 53 54 56 57 60 61 65 66 69 72 74])
Bicluster(rows=[28, 29], cols=[ 0  1  2  3  4  5  6  7  8  9 10 11 12 13 14 15 16 17 18 19 20 21 22 23
 24 25 27 29 32 37 39 41 42 43 44 45 46 47 48 49 50 51 52 53 54 55 56 65
 66 67 70 73 74])
Bicluster(rows=[28, 30], cols=[ 0  1  2  3  4  5  6  7  8  9 10 11 12 13 14 15 16 17 18 19 20 21 22 23
 24 25 27 29 30 31 32 33 37 39 44 47 51 54 55 60 65 66 67 68 72 73 74])
Bicluster(rows=[28, 31], cols=[ 0  4  7  9 10 11 15 16 17 18 21 25 26 29 30 32 42 43 45 46 50 51 53 56
 60 64 67 68 72 73])
Bicluster(rows=[28, 32], cols=[ 0  2  3  4  5  6  7  9 10 11 12 13 14 15 16 17 18 19 20 21 23 24 27 34
 35 37 42 43 44 45 50 51 60 62 65 68 70 71])
Bicluster(rows=[28, 33], cols=[ 1  2  5  6  9 10 11 12 16 17 18 24 26 27 35 36 37 38 44 48 50 54 55 56
 60 70 72 73 74])
Bicluster(rows=[28, 34], cols=[ 2  3  4  6  7  8 10 12 13 15 16 17 20 22 24 26 29 30 35 37 38 44 47 49
 55 57 58 60 73 74])
Bicluster(rows=[28, 35], cols=[ 2  4  5  7 12 13 14 15 20 21 24 26 29 30 35 37 42 45 47 49 50 56 58 60
 66 68 70 72])
Bicluster(rows=[28, 36], cols=[ 0  2  7 13 14 17 18 24 26 29 32 35 37 39 42 44 45 46 49 51 54 55 65 66
 70 72])
Bicluster(rows=[28, 37], cols=[ 2  4  6  7  8  9 10 11 12 13 14 15 17 20 21 25 26 32 35 39 41 42 43 45
 46 49 50 51 52 54 55 56 57 58 62 66 67 70])
Bicluster(rows=[28, 38], cols=[ 1  2  3  6 12 13 14 19 23 24 27 28 33 34 35 36 38 44 48 51 54 56 57 58
 63 64 66 68 70 71 72 73])
Bicluster(rows=[28, 39], cols=[ 3  4  8 16 20 21 22 23 27 28 31 33 34 36 38 40 48 58 64 65 67 68 72 73])
Bicluster(rows=[28, 40], cols=[ 1  6  7 11 12 13 16 18 19 22 24 26 29 30 35 37 42 44 45 46 47 49 52 53
 54 55 58 60 61 62 65 66 67 69 70 72 73])
Bicluster(rows=[28, 41], cols=[ 0  7 10 11 12 13 15 18 20 21 22 24 26 29 30 35 37 44 45 47 49 54 58 60
 63 66 72 73])
Bicluster(rows=[28, 42], cols=[ 1  2  4  5  6  7 10 12 13 16 19 20 21 22 23 24 26 29 30 35 37 39 42 44
 45 46 47 49 52 53 54 56 57 58 60 64 65 67 71 74])
Bicluster(rows=[28, 43], cols=[ 0  1  7  8 10 13 14 15 17 19 24 26 29 30 35 37 39 42 44 45 46 47 49 53
 56 57 60 62 63 66 68 69 71 72])
Bicluster(rows=[28, 44], cols=[ 0  2  4  7  9 12 13 18 20 21 24 26 30 35 37 38 44 47 53 58 60 61 63 73
 74])
Bicluster(rows=[28, 45], cols=[ 1  5  6  9 12 13 15 17 18 20 21 24 26 30 35 37 38 45 47 49 50 52 56 60
 62 64 70 72])
Bicluster(rows=[28, 46], cols=[ 4  9 11 13 15 16 17 18 19 21 24 30 36 37 38 41 45 48 49 52 54 55 57 58
 60 61 62 64 72 73])
Bicluster(rows=[28, 47], cols=[ 0  1  3  6 11 19 23 26 29 30 32 35 37 39 41 42 45 46 47 49 58 61 63 67
 70 71 72 74])
Bicluster(rows=[28, 48], cols=[ 0  5  6  9 10 15 26 27 30 35 36 37 38 44 48 53 54 56 58 62 63 65 70 73
 74])
Bicluster(rows=[28, 49], cols=[ 1  2  3  6  7  8  9 10 16 27 28 33 34 36 48 50 52 55 57 60 68 72 73])
Bicluster(rows=[28, 50], cols=[ 2  3  4  9 13 15 21 22 24 27 28 31 33 34 36 38 40 48 50 51 52 53 57 59
 62 64 65 67 68 69 74])
Bicluster(rows=[28, 51], cols=[ 0  2  4  6  8 11 12 13 19 20 22 26 35 37 39 42 44 45 46 49 52 54 55 57
 58 60 62 73 74])
Bicluster(rows=[28, 52], cols=[ 1 10 11 12 13 14 15 17 18 21 22 25 26 32 35 37 39 41 42 43 44 45 46 49
 50 51 53 54 56 63 66 67 68 69 70 72])
Bicluster(rows=[28, 53], cols=[ 5  7 10 12 15 16 18 19 22 24 25 27 28 29 30 31 33 42 51 54 55 59 62 71
 72 73])
Bicluster(rows=[28, 54], cols=[ 0  1  2  5  8  9 11 12 13 16 21 22 24 29 30 37 42 44 47 49 50 51 52 58
 62 63 68])
Bicluster(rows=[28, 55], cols=[ 2  4  5  7  8 10 13 16 17 18 20 22 25 26 32 35 39 41 42 43 44 45 46 49
 50 54 60 61 66 70 71 73 74])
Bicluster(rows=[28, 56], cols=[ 0  1  5  6  8 13 14 17 19 20 21 22 30 36 37 38 41 45 48 49 51 52 57 58
 62 70 72 73 74])
Bicluster(rows=[28, 57], cols=[ 0  3 10 12 13 16 17 19 22 24 26 29 30 35 37 42 44 45 46 47 49 50 52 63
 65 67 70 72 73 74])
Bicluster(rows=[28, 58], cols=[ 0  2  5  6  7  9 10 11 12 17 18 20 21 23 24 27 28 33 34 35 36 44 48 50
 53 56 60 62 70 72 73 74])
Bicluster(rows=[28, 59], cols=[ 1  2  4  7  8 14 16 17 21 22 23 29 30 35 37 38 44 47 52 53 55 62 63 64
 65 66 67 68 70])
Bicluster(rows=[28, 60], cols=[ 2  4  5  7  8  9 10 11 12 19 23 26 27 34 35 36 38 44 48 50 54 60 61 62
 63 66 68 70 71 73 74])
Bicluster(rows=[28, 61], cols=[ 5  6  8  9 10 11 12 15 18 19 20 24 27 28 33 34 36 48 50 52 53 56 58 59
 60 62 63 64 65 72 74])
Bicluster(rows=[28, 62], cols=[ 0  4  8  9 12 13 14 15 16 18 20 22 24 26 27 30 35 36 37 38 44 48 50 52
 53 54 55 57 58 60 63 66 67 70 72 73 74])
Bicluster(rows=[28, 63], cols=[ 0  1  3 10 11 13 15 17 26 27 28 33 34 35 36 44 48 50 56 62 63 68 69 70
 72 73])
Bicluster(rows=[28, 64], cols=[ 3  4  5  9 11 12 13 14 15 17 18 19 20 21 23 26 29 30 35 37 38 45 47 49
 50 54 55 57 59 60 66 68 70 73])
Bicluster(rows=[28, 65], cols=[ 2  3  6  7 10 11 12 13 15 16 18 25 26 32 35 39 41 42 43 44 45 46 49 52
 56 59 61 62 64 66 67 72 74])
Bicluster(rows=[28, 66], cols=[ 1  9 12 14 15 16 19 26 27 32 39 40 41 42 43 45 46 51 54 59 63 67 68 70
 74])
Bicluster(rows=[28, 67], cols=[ 0  2  4  7  9 10 13 14 17 18 20 21 22 24 30 33 38 39 46 48 49 59 66 67
 68 72 74])
Bicluster(rows=[28, 68], cols=[ 1  6  7 18 19 21 22 23 24 28 31 35 41 44 47 48 50 51 52 55 56 62 64 65
 69])
Bicluster(rows=[28, 69], cols=[ 0  1  2  3  7 10 11 12 14 16 17 18 19 20 22 24 27 30 31 35 38 41 42 45
 46 50 51 52 53 55 57 58 62 63 70 73])
Bicluster(rows=[28, 70], cols=[ 0  3  7  9 10 11 12 13 14 16 17 18 19 20 23 27 29 31 33 34 36 38 40 50
 51 52 53 56 62 64 65 69])
Bicluster(rows=[28, 71], cols=[ 4  7  9 11 14 15 22 25 26 29 33 34 37 38 39 42 44 46 49 52 56 62 65 66
 70 72 74])
Bicluster(rows=[28, 72], cols=[ 0  5  6  7  8  9 14 15 19 20 22 25 27 28 33 42 44 48 49 50 51 52 53 56
 62 65])
Bicluster(rows=[28, 73], cols=[ 2  3  5 11 12 14 17 19 21 24 28 35 36 37 40 41 42 50 51 52 53 56 58 60
 62 63 65 70 73 74])
Bicluster(rows=[28, 74], cols=[ 0  5  6  9 12 13 15 17 18 25 27 28 29 30 34 37 39 42 49 50 53 54 56 58
 60 66 72 73])
Bicluster(rows=[28, 75], cols=[ 0  1  2  5  8 10 14 15 18 20 25 26 28 30 34 35 38 39 41 42 43 48 50 51
 52 53 54 55 57 58 59 62 63 70 73])
Bicluster(rows=[28, 76], cols=[ 0  2  4  6  8 10 14 16 19 21 22 26 29 34 36 37 38 42 43 44 47 48 50 51
 52 53 57 58 59 62 63 69 70 73])
Bicluster(rows=[28, 77], cols=[ 6 10 15 19 20 24 26 28 29 32 35 37 41 43 44 46 47 49 50 53 54 55 57 58
 63 70 73 74])
Bicluster(rows=[28, 78], cols=[ 1  4  6 17 18 22 24 27 30 32 33 34 35 37 39 43 44 45 46 48 50 51 52 53
 55 57 58 59 62 63 70 73])
Bicluster(rows=[28, 79], cols=[ 0  2  4  5  6  7  9 10 11 12 13 15 16 17 18 21 22 24 28 29 30 34 38 42
 47 48 51 54 59 62 63 68 70 73])
Bicluster(rows=[28, 80], cols=[ 0  4  5  8 10 12 16 24 30 34 36 39 41 45 46 49 50 51 52 53 55 57 58 62
 63 70 73 74])
Bicluster(rows=[28, 81], cols=[ 2  3  4  5  8  9 10 11 12 15 16 17 18 22 24 38 43 44 46 47 53 54 55 57
 58 63 70 73 74])
Bicluster(rows=[28, 82], cols=[ 5  6  8  9 10 11 12 15 20 21 24 28 29 30 32 34 37 42 44 46 47 49 50 53
 54 55 57 58 63 70 73 74])
Bicluster(rows=[28, 83], cols=[ 1  2  4  5  6  9 12 13 15 17 20 21 33 39 40 41 43 46 47 49 59 61 66 67
 68 71 72])
Bicluster(rows=[28, 84], cols=[ 0  2  4  7  8  9 14 15 21 27 29 33 34 38 42 45 48 51 54 59 63 67 68 70])
Bicluster(rows=[28, 85], cols=[ 1  2  4  6 12 18 20 24 25 26 29 35 37 38 40 47 49 50 51 52 53 55 58 62
 63 70 73])
Bicluster(rows=[28, 86], cols=[ 3  4  7 15 26 33 35 37 38 39 42 43 45 46 49 51 54 59 62 67 68 69 70 73])
Bicluster(rows=[28, 87], cols=[ 0  2  3  5  9 10 13 17 18 23 27 28 30 31 34 38 44 46 51 52 56 60 62 64
 65 69])
Bicluster(rows=[28, 88], cols=[ 2  4  5  6  9 11 13 15 17 18 20 22 24 25 26 28 30 32 34 35 40 48 50 51
 52 53 55 56 58 62 63 70 73])
Bicluster(rows=[28, 89], cols=[ 0  1  2 12 13 15 16 19 20 22 27 29 38 39 40 43 44 46 48 50 53 54 56 58
 60 66 73])
Bicluster(rows=[28, 90], cols=[ 0  1  4  7  8 11 12 13 16 20 21 25 27 30 33 34 40 43 44 46 48 50 52 53
 56 62 65 66 70 72 73 74])
Bicluster(rows=[28, 91], cols=[ 5  6  7 11 12 14 15 20 23 24 35 36 39 41 44 45 49 54 59 62 67 68 69 70
 73])
Bicluster(rows=[28, 92], cols=[ 5 14 15 16 17 18 21 22 24 25 29 30 31 33 37 38 40 43 47 54 55 57 66 68
 72])
Bicluster(rows=[28, 93], cols=[ 0  5  6  7  8 11 15 16 18 22 25 26 28 32 37 39 41 45 46 48 62 65 66 70
 72 74])
Bicluster(rows=[28, 94], cols=[ 1  6  7 16 21 22 24 25 31 32 33 34 35 37 38 39 42 43 49 62 63 64 66 70
 72 74])
Bicluster(rows=[28, 95], cols=[ 0  1  2  5  6  7  8  9 11 15 17 18 20 21 24 27 29 33 37 38 39 42 43 44
 47 48 52 53 56 65 66 70 72 74])
Bicluster(rows=[28, 96], cols=[ 0  1  2  3  7  8  9 11 12 13 16 17 19 20 22 24 25 26 30 32 37 39 41 42
 43 45 59 61 66 67 68 72 74])
Bicluster(rows=[28, 97], cols=[ 0  3  7  8  9 10 11 12 14 17 18 21 24 28 31 33 36 38 46 47 48 52 53 65
 66 70 72 74])
Bicluster(rows=[28, 98], cols=[ 4  6  7 12 13 16 18 20 22 26 27 28 32 35 37 42 49 50 53 54 55 57 58 63
 70 73 74])
Bicluster(rows=[28, 99], cols=[ 8 12 13 17 18 20 24 25 26 32 35 41 44 45 46 50 51 52 53 54 56 63 64 65
 70])
Bicluster(rows=[29, 30], cols=[ 0  1  2  3  4  5  6  7  8  9 10 11 12 13 14 15 16 17 18 19 20 21 22 23
 24 25 26 27 28 29 32 34 35 37 38 39 40 42 43 47 48 50 51 52 55 61 62 65
 66 67 68 69 71 73 74])
Bicluster(rows=[29, 31], cols=[ 0  4  7  9 10 11 16 17 18 21 25 26 27 31 34 35 36 39 46 47 50 51 52 54
 56 61 62 64 67 69 70 71 73 74])
Bicluster(rows=[29, 32], cols=[ 0  1  2  3  4  5  6  7  8  9 10 11 12 13 14 15 16 17 18 19 20 21 22 23
 24 26 27 28 44 45 46 58 59 60 61 64 68 71])
Bicluster(rows=[29, 33], cols=[ 2  5  6  8 10 12 17 18 19 28 30 33 37 40 41 45 51 52 56 57 58 63 68 70
 71])
Bicluster(rows=[29, 34], cols=[ 3  7  8 16 20 22 25 29 32 38 39 41 44 45 46 47 49 52 53 56 61 62 68 70
 74])
Bicluster(rows=[29, 35], cols=[ 2  4  5  6  7 12 13 14 15 17 20 21 24 28 34 38 42 44 45 46 47 48 49 51
 52 54 56 61 62 63 65 66 69])
Bicluster(rows=[29, 36], cols=[ 0  2  6  7 13 14 17 18 24 25 28 29 34 37 38 39 44 45 46 47 48 49 51 53
 55 59 60 62 63 65 66 68 69 71])
Bicluster(rows=[29, 37], cols=[ 2  4  9 10 11 12 13 14 17 20 25 28 29 32 34 38 39 43 44 45 46 49 50 51
 52 55 56 61 64 66 67 68 69 70 71 72])
Bicluster(rows=[29, 38], cols=[ 1  3  9 21 23 27 28 33 34 37 38 40 42 44 45 46 48 49 54 58 66 68 69 71
 72 74])
Bicluster(rows=[29, 39], cols=[ 6  8 10 11 14 15 18 21 22 24 25 26 27 31 33 35 37 38 40 42 47 48 50 51
 52 57 59 60 61 63 65 68 70 72])
Bicluster(rows=[29, 40], cols=[ 1  6  7 12 13 16 19 22 25 28 29 32 34 38 39 43 44 45 46 47 48 49 50 55
 57 59 60 63 66 67 70 72])
Bicluster(rows=[29, 41], cols=[ 7 10 11 12 13 15 18 20 22 24 28 34 38 44 45 46 47 48 49 50 51 52 66 68
 71 73])
Bicluster(rows=[29, 42], cols=[ 2  4  6 10 12 13 16 19 21 23 24 25 28 33 34 37 38 39 40 42 44 45 46 47
 48 49 52 53 55 56 61 62 65 67 68 69 70 74])
Bicluster(rows=[29, 43], cols=[ 1  2  3  9 11 12 18 21 23 26 29 31 33 34 35 36 37 38 39 40 43 46 48 49
 52 53 55 56 57 58 63 65 72 73])
Bicluster(rows=[29, 44], cols=[ 1  2  5 10 12 14 17 19 24 27 29 33 36 37 38 39 40 43 46 48 53 55 63 64
 65 66 68 74])
Bicluster(rows=[29, 45], cols=[ 1  6  9 12 13 15 17 18 20 21 24 27 28 33 34 37 40 42 44 45 48 52 54 56
 63 68 71 74])
Bicluster(rows=[29, 46], cols=[ 4  9 10 11 13 15 16 17 18 19 21 24 27 28 34 37 42 44 45 48 49 50 52 54
 55 63 68 71 72])
Bicluster(rows=[29, 47], cols=[ 1  2  4  6  7  9 12 15 16 17 18 22 24 28 29 32 36 39 43 44 45 46 49 50
 52 53 56 57 65 70 71 72 73 74])
Bicluster(rows=[29, 48], cols=[ 1  3  5  6 10 11 14 15 16 17 18 19 21 22 27 29 33 36 37 38 39 40 43 46
 48 51 52 54 62 63 68 69 71])
Bicluster(rows=[29, 49], cols=[ 4  5  8 15 17 21 27 28 33 37 40 42 48 51 53 56 58 60 61 64 65 68 69 70
 72 74])
Bicluster(rows=[29, 50], cols=[ 0  2  4  5  6  8 12 13 15 17 18 21 24 26 27 31 33 35 40 42 50 51 52 53
 60 61 63 64 65 71 72 74])
Bicluster(rows=[29, 51], cols=[ 2  4  6  8 11 13 19 20 22 25 29 32 38 39 43 44 45 46 47 49 55 56 61 65
 66 68 69 72 73])
Bicluster(rows=[29, 52], cols=[ 1  7 10 11 14 15 17 21 22 25 28 29 32 34 38 39 43 44 45 46 47 49 50 51
 56 65 66 67])
Bicluster(rows=[29, 53], cols=[ 2  4  5  7 14 17 20 21 22 29 31 33 34 36 37 39 40 43 46 49 51 52 54 56
 63 67 71 72 74])
Bicluster(rows=[29, 54], cols=[ 0  1  2  5  8  9 12 13 16 22 24 25 28 34 37 38 39 45 46 47 48 49 51 61
 64 69 71 72])
Bicluster(rows=[29, 55], cols=[ 2  4  5  7  8 10 13 17 18 20 21 22 28 29 32 36 39 43 44 45 49 50 56 62
 63 64 66 68 69 70 74])
Bicluster(rows=[29, 56], cols=[ 1  5  8 11 12 13 20 21 22 28 34 42 44 45 46 48 49 51 56 59 61 63 64 66
 68 69 70 71 72 74])
Bicluster(rows=[29, 57], cols=[ 0  3 10 12 16 19 22 24 25 28 29 34 38 39 43 44 45 46 47 48 49 52 60 64
 67 68 69 70 71 73 74])
Bicluster(rows=[29, 58], cols=[ 2  5  6  7  9 10 11 12 17 18 20 21 23 24 30 31 44 50 51 52 54 58 60 64
 65 68 71 73 74])
Bicluster(rows=[29, 59], cols=[ 6  7  8 14 17 21 22 25 28 34 37 38 39 42 44 45 46 47 48 49 53 55 56 59
 66 67 71])
Bicluster(rows=[29, 60], cols=[ 1  6 13 15 17 18 22 25 28 34 38 39 44 45 46 47 48 49 51 53 57 59 60 65
 68 71])
Bicluster(rows=[29, 61], cols=[ 0  4  5  7 15 16 17 20 21 24 26 28 29 31 33 34 35 36 37 39 43 46 49 50
 51 55 62 63 67 69 70 74])
Bicluster(rows=[29, 62], cols=[ 0  4  8 13 14 15 16 18 20 24 27 28 33 34 37 40 44 45 51 52 53 55 64 65
 66 67 69 70 71 73 74])
Bicluster(rows=[29, 63], cols=[ 1  3 12 16 27 28 30 33 37 40 42 44 45 48 52 57 58 61 64 65 68 70 72 73])
Bicluster(rows=[29, 64], cols=[ 2  3  4  5 12 13 15 17 18 20 21 23 28 34 38 39 41 42 44 45 46 47 48 49
 50 54 55 56 62 63 65 66 70 71 73])
Bicluster(rows=[29, 65], cols=[ 2  3  6  7 11 12 15 16 18 28 29 32 36 39 43 44 45 46 49 50 52 56 57 60
 63 66 67 68 69 74])
Bicluster(rows=[29, 66], cols=[ 2  4  7  8 12 15 18 21 22 24 27 30 33 42 44 49 54 57 58 59 61 63 64 66
 69 70 71 74])
Bicluster(rows=[29, 67], cols=[ 0  2  4  5  6  7  8  9 10 11 12 17 18 19 21 25 30 31 32 35 36 37 38 42
 48 54 57 58 59 61 63 64 66 69 70 71])
Bicluster(rows=[29, 68], cols=[ 3  4  6  8  9 10 11 14 15 16 17 20 25 27 28 35 39 40 43 46 48 49 50 52
 53 56 62 63 66 68 69 73])
Bicluster(rows=[29, 69], cols=[ 0  2  3  7 10 11 14 16 17 18 19 20 24 27 28 29 33 40 42 45 46 48 50 51
 52 53 54 55 61 64 68 70 72 73 74])
Bicluster(rows=[29, 70], cols=[ 0  3  7  9 10 11 12 13 14 16 17 18 27 30 48 51 52 53 54 55 56 61 64 68
 70 72 74])
Bicluster(rows=[29, 71], cols=[ 0  4  7 14 23 37 42 44 48 49 53 54 57 59 61 63 64 65 66 68 69 70 71])
Bicluster(rows=[29, 72], cols=[ 0  2  5  6  9 14 19 20 25 27 29 30 31 35 36 38 40 50 51 52 53 54 55 61
 64 68 70 72 74])
Bicluster(rows=[29, 73], cols=[ 2  3  5 12 14 17 19 21 24 25 26 29 30 31 37 41 48 51 52 53 54 56 61 64
 65 68 70 72 74])
Bicluster(rows=[29, 74], cols=[ 0  1  5  9 12 15 17 18 22 26 29 35 38 41 44 46 52 53 54 60 61 63 64 65
 66 68 69 70 71 74])
Bicluster(rows=[29, 75], cols=[ 4  5  9 11 13 16 17 19 20 25 27 28 35 36 40 42 45 54 57 59 60 61 63 64
 65 66 69 70 71])
Bicluster(rows=[29, 76], cols=[ 6  7  9 12 13 16 17 18 20 22 25 28 29 43 47 48 51 53 54 55 61 64 68 70
 72])
Bicluster(rows=[29, 77], cols=[ 0  1  2  4  9 12 16 17 21 22 23 25 27 28 30 37 38 42 49 51 54 57 59 60
 61 64 65 70 71 74])
Bicluster(rows=[29, 78], cols=[ 0  2  8  9 13 14 15 16 21 26 31 37 38 39 41 42 46 47 54 57 58 59 61 63
 64 66 69 70 71])
Bicluster(rows=[29, 79], cols=[ 2  7 12 13 17 24 25 26 27 28 31 34 37 38 42 43 46 47 48 52 53 60 63 65
 68 69])
Bicluster(rows=[29, 80], cols=[ 9 10 12 13 14 15 18 19 21 24 25 26 27 29 31 34 35 36 42 43 48 50 52 56
 63 66 69 71 73])
Bicluster(rows=[29, 81], cols=[ 2  3  4  5  9 10 11 12 15 16 17 18 22 26 28 31 32 35 36 39 43 44 50 51
 52 53 54 55 64 68 70 72 73 74])
Bicluster(rows=[29, 82], cols=[ 5  8  9 10 11 12 15 20 21 24 27 29 32 33 37 43 44 46 47 48 49 50 51 52
 53 54 55 64 68 70 71 73 74])
Bicluster(rows=[29, 83], cols=[ 3  4  7  9 11 12 13 14 17 19 20 21 22 26 30 33 40 42 53 54 59 60 61 64
 65 66 68 69 70 71 74])
Bicluster(rows=[29, 84], cols=[ 1  2  3  4  5  7  9 15 18 19 21 23 25 30 33 34 35 37 38 40 42 52 53 57
 59 60 62 65 68 73])
Bicluster(rows=[29, 85], cols=[ 6  9 10 13 21 25 26 27 29 31 33 34 35 36 37 42 43 45 49 53 54 61 64 65
 70 71 74])
Bicluster(rows=[29, 86], cols=[ 2  5  8 10 11 12 13 17 18 20 21 24 26 28 29 30 31 35 37 44 46 47 48 49
 54 57 58 59 61 63 64 66 69 70 71 74])
Bicluster(rows=[29, 87], cols=[ 2  3  4  7  9 12 13 15 17 18 21 24 26 27 31 32 34 42 44 57 58 59 60])
Bicluster(rows=[29, 88], cols=[ 0  1  5  7  8 21 22 25 27 28 33 35 36 38 39 45 49 52 53 54 56 64 65 66
 68 69 70 71 74])
Bicluster(rows=[29, 89], cols=[ 1  2  5 12 13 15 16 20 22 25 26 27 28 31 33 34 35 37 39 42 43 46 52 53
 56 63 66 68 69 71 73])
Bicluster(rows=[29, 90], cols=[ 0  1  4  8 11 12 16 20 21 27 29 31 32 44 52 53 54 57 59 60 61 63 64 65
 66 68 69 70 71])
Bicluster(rows=[29, 91], cols=[ 0  1  2  4  5  6 10 13 16 19 21 22 26 30 31 33 36 40 42 43 46 53 54 57
 59 60 61 63 64 65 66 69 70 71])
Bicluster(rows=[29, 92], cols=[ 3  4  9 15 16 19 27 29 30 32 35 36 41 45 46 47 49 51 57 59 60 61 65 72
 74])
Bicluster(rows=[29, 93], cols=[ 0  5  6  7 11 15 16 18 22 27 29 32 33 34 35 37 39 41 42 43 44 46 48 54
 57 58 59 61 63 64 66 69 70 71 74])
Bicluster(rows=[29, 94], cols=[ 5  6  7  9 10 15 16 20 21 22 26 32 36 37 39 42 43 44 47 49 54 57 58 59
 61 63 64 66 69 70 71 74])
Bicluster(rows=[29, 95], cols=[ 0  1  2  5  6  7  8  9 11 15 17 18 20 21 24 25 26 27 28 31 42 43 47 54
 57 59 60 61 64 65 66 69 70 71])
Bicluster(rows=[29, 96], cols=[ 0  5  7  9 11 12 14 16 17 18 19 20 21 29 30 35 46 54 57 58 59 61 63 64
 66 69 70 71])
Bicluster(rows=[29, 97], cols=[ 0  3  7  8  9 10 11 12 14 16 17 18 20 21 24 26 42 46 47 54 57 59 60 61
 63 64 65 66 69 70 71])
Bicluster(rows=[29, 98], cols=[ 0  1  3  5  6  9 11 12 13 15 17 19 20 21 24 25 28 30 31 38 42 46 52 53
 56 64 66 68 69 70 71 73])
Bicluster(rows=[29, 99], cols=[ 1  3 10 13 15 17 18 22 26 29 31 32 36 37 45 46 48 49 50 51 53 55 56 62
 64 65 66 72])
Bicluster(rows=[30, 31], cols=[ 0  1  2  3  4  5  6  7  8  9 10 11 12 13 14 15 16 17 18 19 20 21 22 23
 24 30 31 40 41 46 50 53 56 58 59 63 64 65 68 69 72 73])
Bicluster(rows=[30, 32], cols=[ 0  2  4  7  9 10 11 12 13 15 16 17 18 19 20 21 24 27 30 37 38 39 41 43
 44 48 51 52 53 57 61 65 68 74])
Bicluster(rows=[30, 33], cols=[ 2  4 10 14 16 17 18 27 30 31 33 34 38 39 40 48 50 52 56 58 60 61 62 68
 70 73 74])
Bicluster(rows=[30, 34], cols=[ 2  3  4  6  7 10 12 13 15 16 17 27 28 30 34 36 37 42 50 52 55 56 59 60
 68 70 71 73])
Bicluster(rows=[30, 35], cols=[ 2  4  6 11 12 13 17 20 28 30 34 36 42 51 52 53 57 58 59 60 61 62 70 72
 74])
Bicluster(rows=[30, 36], cols=[ 0  1  4  5  6  7  9 11 12 14 17 21 22 26 27 28 30 34 35 37 42 43 44 47
 51 54 57 62 64 68 69 70 71 73 74])
Bicluster(rows=[30, 37], cols=[ 0  3  4  9 11 14 18 19 21 25 28 29 30 32 34 38 39 43 47 48 50 51 52 53
 54 56 58 59 61 63 67 68 69 71 72])
Bicluster(rows=[30, 38], cols=[ 2  5  7 10 11 12 13 16 22 24 25 27 29 30 34 37 43 45 55 56 57 60 64 65
 66 71 72 73])
Bicluster(rows=[30, 39], cols=[ 2  3  5 12 13 16 19 23 33 36 41 46 52 54 55 57 59 63 66 67 69 70 72 73])
Bicluster(rows=[30, 40], cols=[ 4  5  9 10 11 17 18 19 20 21 26 27 35 36 40 42 44 45 50 51 54 56 57 59
 60 67 68 70 71 73])
Bicluster(rows=[30, 41], cols=[ 0  1  5  6  7 10 11 13 14 21 24 25 36 42 46 47 49 52 58 59 62 63 65 66
 70 72 73 74])
Bicluster(rows=[30, 42], cols=[ 2  5  8  9 11 12 13 14 15 17 18 24 25 27 29 30 33 40 41 43 45 47 50 51
 55 56 57 60 63 64 68 70 73])
Bicluster(rows=[30, 43], cols=[ 3  4  5  6  7 10 11 13 15 18 21 22 24 27 30 40 41 43 45 47 51 52 56 57
 59 60 66 69 71 72 73 74])
Bicluster(rows=[30, 44], cols=[ 1  2  5 10 12 14 17 19 24 27 30 34 37 38 39 41 45 48 51 52 55 59 60 65
 66 70 72 74])
Bicluster(rows=[30, 45], cols=[ 3  4 11 12 15 16 17 19 20 24 25 27 29 30 31 33 40 43 50 51 52 54 56 58
 59 60 62 64 67 68 69 70 71 72])
Bicluster(rows=[30, 46], cols=[ 0  4  5  6  9 14 15 17 18 24 25 29 30 31 33 40 43 51 52 54 55 57 61 62
 64 68 69 71 73 74])
Bicluster(rows=[30, 47], cols=[ 0  3  5 10 11 14 19 20 21 26 27 28 30 34 35 36 37 42 44 47 53 54 55 56
 57 62 64 66 67 68 70 72])
Bicluster(rows=[30, 48], cols=[ 6  9 10 11 17 18 19 21 22 23 27 30 31 33 34 38 39 40 48 51 52 53 56 59
 60 62 64 68 69 73])
Bicluster(rows=[30, 49], cols=[ 1  2  3  6  7  8  9 10 16 26 33 35 40 41 44 45 46 51 55 56 59 62 69 70
 71 72 73])
Bicluster(rows=[30, 50], cols=[ 0  2  5  8 12 13 17 18 24 26 27 30 34 35 37 42 44 47 51 56 57 59 61 65
 68 71 74])
Bicluster(rows=[30, 51], cols=[ 1  3  5  9 10 11 12 15 17 18 19 21 24 26 27 28 30 34 35 37 42 43 44 47
 52 53 54 56 59 60 64 68 71 72])
Bicluster(rows=[30, 52], cols=[ 6  7  9 12 13 15 16 17 19 33 36 40 41 42 45 47 52 55 56 58 62 66 69 72
 74])
Bicluster(rows=[30, 53], cols=[ 5  6  7 10 12 13 14 15 16 17 18 24 25 27 29 30 34 37 40 41 43 45 51 52
 53 55 56 60 61 63 64 66 67 72 73])
Bicluster(rows=[30, 54], cols=[ 1  3  5  8 10 11 13 15 19 21 22 26 27 28 30 34 36 37 42 43 44 47 51 53
 55 56 57 58 59 61 69 70 74])
Bicluster(rows=[30, 55], cols=[ 8 11 16 22 24 25 28 29 32 38 39 43 48 50 54 55 56 57 60 62 63 69 70 73])
Bicluster(rows=[30, 56], cols=[ 4  5 13 16 17 20 27 30 31 33 34 38 39 40 48 52 53 54 55 61 62 65 68 71
 72 73])
Bicluster(rows=[30, 57], cols=[ 0  2  3  7 10 11 13 14 15 17 18 19 20 26 27 28 30 34 35 36 37 42 44 47
 52 53 56 58 59 61 65 66 67 68 70 73])
Bicluster(rows=[30, 58], cols=[ 0  3  7  9 10 11 14 17 18 19 22 27 30 34 37 38 39 41 45 48 50 52 53 54
 58 59 62 64 68 71 72])
Bicluster(rows=[30, 59], cols=[ 1  2  4  7 13 14 15 16 17 21 22 26 27 28 30 34 35 36 37 42 44 47 55 56
 58 65 67 69 71])
Bicluster(rows=[30, 60], cols=[ 0  4  6  7  9 10 11 14 20 25 27 29 30 33 40 41 43 45 50 51 54 61 62 66
 67 70 73])
Bicluster(rows=[30, 61], cols=[ 3  9 10 11 14 18 24 25 27 29 30 34 37 38 41 43 45 48 50 53 54 56 58 59
 62 64 67 69 72])
Bicluster(rows=[30, 62], cols=[ 3  7  8  9 10 11 12 13 22 23 28 33 40 45 46 52 53 54 59 60 67 68 69 70])
Bicluster(rows=[30, 63], cols=[ 0 10 11 12 14 15 17 19 27 29 30 34 37 38 39 41 43 45 48 50 51 54 56 58
 59 62 63 68 69 70 73])
Bicluster(rows=[30, 64], cols=[ 3  4  5 12 13 15 17 18 20 21 23 28 30 32 34 36 42 43 47 48 52 53 55 57
 60 62 66 71 73])
Bicluster(rows=[30, 65], cols=[ 0  1  4  5  7 10 12 13 14 15 16 18 19 23 31 33 36 46 52 53 56 59 61 62
 64 65 66 68 72])
Bicluster(rows=[30, 66], cols=[ 2  4  5  6  7  9 14 15 16 18 19 20 24 26 27 28 29 30 33 34 38 40 42 43
 45 50 52 53 54 56 58 66 67 70 71 72])
Bicluster(rows=[30, 67], cols=[ 0  2  4  5  6  8  9 10 11 12 13 17 18 19 21 25 29 32 35 38 40 42 45 46
 48 49 61 65 66 71 72])
Bicluster(rows=[30, 68], cols=[ 5  9 10 11 12 13 15 16 23 31 34 37 38 46 49 50 51 52 53 56 58 66 68 70
 71 72 73])
Bicluster(rows=[30, 69], cols=[ 4  9 10 13 14 15 19 21 28 29 31 33 35 36 37 40 42 47 50 51 52 53 56 58
 66 71 72])
Bicluster(rows=[30, 70], cols=[ 0  2  6  7  9 10 16 17 18 19 20 22 24 25 26 27 28 30 32 34 35 37 43 44
 47 50 52 53 54 55 56 58 60 62 63 64 67 69])
Bicluster(rows=[30, 71], cols=[ 1  3  5  7 16 18 19 28 29 32 36 37 41 45 46 48 50 51 52 53 56 58 66 67
 71 73 74])
Bicluster(rows=[30, 72], cols=[ 1 20 27 28 34 39 40 41 42 43 45 46 48 50 52 53 54 55 59 60 62 63 64 67
 69])
Bicluster(rows=[30, 73], cols=[ 0  1  2  4  8 11 12 17 24 26 28 39 43 45 50 52 53 54 55 56 58 59 60 62
 63 64 67 69 70])
Bicluster(rows=[30, 74], cols=[ 2  3  4  7 11 14 16 20 21 23 24 25 36 37 39 42 46 50 52 53 54 55 56 58
 60 62 63 64 67 69])
Bicluster(rows=[30, 75], cols=[ 4  5 11 13 16 19 20 28 30 31 33 38 40 42 43 44 49 61 65 66 71 72])
Bicluster(rows=[30, 76], cols=[ 0  2 11 14 21 23 27 28 37 40 41 42 43 44 46 50 51 52 53 58 73 74])
Bicluster(rows=[30, 77], cols=[ 0  2  5  8  9 11 16 17 19 21 26 30 34 35 39 43 48 50 53 54 58 62 64 67
 69 70])
Bicluster(rows=[30, 78], cols=[ 3  4 17 18 19 20 23 27 30 31 34 41 46 48 49 50 52 53 54 57 59 62 63 64
 68 69 73])
Bicluster(rows=[30, 79], cols=[ 2  7 10 12 15 16 17 18 24 25 26 27 28 30 33 35 37 43 45 47 48 63 65 69
 70])
Bicluster(rows=[30, 80], cols=[ 0  1  9 11 15 18 20 23 27 37 45 47 50 52 53 54 56 58 66 67 70 71 72])
Bicluster(rows=[30, 81], cols=[ 2  3  4  5  8  9 10 11 12 15 17 18 22 24 27 28 32 34 45 48 51 52 56 59
 66 68 71 73 74])
Bicluster(rows=[30, 82], cols=[ 0  5  6  8 13 17 18 19 29 32 33 35 36 37 38 41 43 45 50 52 53 54 56 58
 66 67 70 71 72])
Bicluster(rows=[30, 83], cols=[ 2  4  5  6  9 12 15 17 21 24 27 28 30 32 33 38 39 40 42 44 47 48 50 53
 54 58 62 64 67 69 70 72])
Bicluster(rows=[30, 84], cols=[ 1  3  4  5  7  9 13 21 23 27 31 33 34 35 36 37 40 41 44 48 49 52 54 57
 62 63 65 68 69 70 73])
Bicluster(rows=[30, 85], cols=[ 0  3  4  5 12 16 18 19 22 23 31 38 39 41 43 47 50 52 53 54 55 56 59 60
 62 63 64 67 68 69 70])
Bicluster(rows=[30, 86], cols=[ 0  2  3  4  5  9 12 13 15 16 19 20 22 24 26 27 33 34 35 40 42 43 48 50
 51 52 53 54 58 66 67 70 71 74])
Bicluster(rows=[30, 87], cols=[ 0  2  9 10 12 13 14 15 18 19 20 24 25 27 30 34 36 39 40 43 45 46 50 52
 53 54 56 58 62 63 64 67 69])
Bicluster(rows=[30, 88], cols=[ 4  5  9 11 15 17 18 20 24 25 26 30 32 38 41 42 45 51 55 57 59 60 61 74])
Bicluster(rows=[30, 89], cols=[ 1  5 10 12 13 14 15 28 33 34 36 39 41 44 50 52 53 54 55 56 59 60 62 63
 64 67 69])
Bicluster(rows=[30, 90], cols=[ 4  5 13 14 16 18 22 27 28 38 45 46 48 50 52 53 54 56 58 67 70 71 72])
Bicluster(rows=[30, 91], cols=[ 0  2 10 13 14 16 18 21 23 29 30 33 35 37 38 40 41 42 45 46 48 51 53 54
 58 66 67 70 71 72])
Bicluster(rows=[30, 92], cols=[ 0  1  5 16 18 21 22 27 28 31 34 35 36 39 44 46 47 50 53 54 58 62 64 67
 69 70])
Bicluster(rows=[30, 93], cols=[ 1  4  6 10 12 14 17 19 21 27 28 35 37 40 41 43 48 50 51 52 53 56 58 71
 73 74])
Bicluster(rows=[30, 94], cols=[ 0  6  7  9 10 13 15 17 19 24 34 36 37 38 40 47 50 52 53 54 58 66 67 70
 71 72])
Bicluster(rows=[30, 95], cols=[ 0  1  2  5  6  7  8  9 11 15 17 18 20 21 25 26 27 28 29 33 34 39 40 42
 44 45 47 49 61 65 66 71 72])
Bicluster(rows=[30, 96], cols=[ 0  1  2  7  8  9 12 13 16 17 20 22 24 25 26 28 30 32 34 37 39 46 48 53
 54 58 62 64 66 67 70 71 72])
Bicluster(rows=[30, 97], cols=[ 1  6  7  9 10 11 13 20 22 24 25 28 37 38 39 42 43 45 46 47 48 51 53 54
 58 62 64 66 67 70 71 72])
Bicluster(rows=[30, 98], cols=[ 0  1  3  5  6  9 11 12 13 15 17 18 19 20 21 25 28 33 40 42 43 45 47 57
 59 60 66 68 71 72 73])
Bicluster(rows=[30, 99], cols=[ 1 10 13 15 17 18 22 25 26 28 29 32 38 43 44 48 51 52 54 55 57 59 65 66
 70 74])
Bicluster(rows=[31, 32], cols=[ 0  2  4  5  6  7  9 10 11 12 13 15 16 17 18 19 20 21 24 28 33 36 39 42
 43 44 45 47 48 49 50 51 55 57 58 60 61 63 68 69 70 74])
Bicluster(rows=[31, 33], cols=[ 1  2  4  5  6  8 10 11 12 16 17 18 19 22 24 25 30 36 38 40 42 43 47 49
 53 62 65 67 68 69 72 73])
Bicluster(rows=[31, 34], cols=[ 0  9 11 14 18 19 21 23 25 32 36 40 43 46 51 55 58 60 61 63 69 70 71 74])
Bicluster(rows=[31, 35], cols=[ 0  2  3  4  5 11 12 13 15 16 17 18 19 20 22 24 26 28 29 30 31 40 41 55
 59 62 68 71])
Bicluster(rows=[31, 36], cols=[ 1  3  5 10 12 15 16 20 22 25 28 32 38 40 42 43 47 53 54 55 57 61 64 66
 69 71 73])
Bicluster(rows=[31, 37], cols=[ 0  2  3  4  5  6  7  9 10 11 13 15 17 19 20 21 23 24 25 33 34 36 37 39
 46 47 48 51 56 57 61 65 67 70 71])
Bicluster(rows=[31, 38], cols=[ 0  3  4 15 17 18 20 21 22 27 29 31 32 38 42 43 45 50 51 53 54 55 57 59
 60 61 63 65 69 70 71])
Bicluster(rows=[31, 39], cols=[ 2  3  5  8 12 13 17 19 22 25 26 27 31 32 34 36 42 43 45 46 47 48 52 54
 59 63 65 69 71 72 73 74])
Bicluster(rows=[31, 40], cols=[ 0  4  5  9 10 17 20 21 23 25 30 38 40 42 43 47 50 53 54 55 58 59 60 61
 63 64 65 66 68 72 73 74])
Bicluster(rows=[31, 41], cols=[ 0  1  3  5  6  7 10 11 13 14 18 21 24 27 29 33 34 37 38 42 43 46 48 51
 53 55 57 58 59 60 63 65 71 72 73])
Bicluster(rows=[31, 42], cols=[ 0  3  4  7  8 10 12 13 16 20 21 24 26 27 28 29 31 32 38 41 42 53 56 59
 62 63 64 67])
Bicluster(rows=[31, 43], cols=[ 4  5  6  7 10 13 15 22 23 24 26 28 29 30 31 40 41 44 52 53 55 56 59 61
 67 68 69 70 72 73])
Bicluster(rows=[31, 44], cols=[ 1  3  4  5  7 13 18 20 21 23 26 28 29 30 31 40 41 52 53 55 59 60 62 63
 65 70 73])
Bicluster(rows=[31, 45], cols=[ 0  1  2  3  4  7 10 11 13 16 19 22 25 36 40 42 43 47 50 51 60 62 67 71])
Bicluster(rows=[31, 46], cols=[ 3  5  9 10 11 12 16 19 20 21 27 29 32 33 34 37 52 53 54 55 58 60 66 71])
Bicluster(rows=[31, 47], cols=[ 0  2  3  4  7  8  9 13 15 16 17 18 25 33 34 36 37 39 43 46 47 48 53 55
 56 63 66 70 71 73 74])
Bicluster(rows=[31, 48], cols=[ 2  4 11 12 13 16 19 20 21 24 25 32 36 42 43 47 50 53 54 57 58 59 60 65])
Bicluster(rows=[31, 49], cols=[ 0  1  2  6  7  8 14 16 20 23 27 28 31 32 35 36 39 41 44 46 48 53 55 56
 57 59 64 71 72 73])
Bicluster(rows=[31, 50], cols=[ 3  5  6  7  8 10 14 15 16 19 25 26 27 28 31 32 35 36 41 42 43 44 45 46
 47 48 50 53 57 63 65 71])
Bicluster(rows=[31, 51], cols=[ 3  4 11 19 25 33 34 36 37 39 46 47 48 52 53 56 57 58 63 69 73])
Bicluster(rows=[31, 52], cols=[ 0  6  8 10 11 12 13 15 18 21 23 25 27 32 34 38 42 43 45 46 47 48 51 52
 53 55 56 57 67 68 72])
Bicluster(rows=[31, 53], cols=[ 4 14 21 25 27 28 31 32 35 36 41 42 43 44 46 47 51 53 54 55 56 57 59 60
 61 66 67 68 69 70 71])
Bicluster(rows=[31, 54], cols=[ 2  9 11 12 19 21 23 24 26 27 29 31 32 38 42 43 45 50 51 52 53 54 59 61
 63 65 74])
Bicluster(rows=[31, 55], cols=[ 1  2  3  4  6  7 10 11 13 14 16 17 19 20 25 27 32 34 42 43 45 46 47 48
 57 58 59 60 62 65 68 73])
Bicluster(rows=[31, 56], cols=[ 3  4  7  9 10 15 16 18 23 25 36 38 40 42 43 47 53 56 57 58 59 60 66 67
 69 71 72 73])
Bicluster(rows=[31, 57], cols=[ 0  5  6  8 12 14 19 23 24 25 33 34 36 37 39 42 43 46 47 48 50 52 59 63
 64 66 69 72 73 74])
Bicluster(rows=[31, 58], cols=[ 0  2  5  6  7  9 10 11 12 18 19 20 21 23 24 25 27 32 36 40 42 43 46 47
 59 62 63 65 67 68 69 72 73])
Bicluster(rows=[31, 59], cols=[ 0  1  2  3  4  7  8  9 10 13 15 16 22 23 29 30 38 40 49 51 53 56 58 60
 62 65 69 74])
Bicluster(rows=[31, 60], cols=[ 0  2  3  4  8  9 11 14 16 23 24 25 27 28 32 36 40 42 43 46 47 51 58 59
 61 62 69 73])
Bicluster(rows=[31, 61], cols=[ 0  2  3  4  6  7  8 12 13 14 15 16 17 21 23 26 27 28 31 32 34 35 36 39
 41 44 45 46 48 50 51 53 60 65 67 68 69 70 72])
Bicluster(rows=[31, 62], cols=[ 3  7  8  9 10 11 12 13 17 22 23 27 32 36 40 43 46 53 56 57 59 61 66 68
 69 71 72])
Bicluster(rows=[31, 63], cols=[ 2  4  5  6  7  9 14 19 20 21 22 24 27 28 31 32 34 35 36 39 41 44 46 48
 50 51 52 53 56 57 64 71 72])
Bicluster(rows=[31, 64], cols=[ 1  2  4  6 10 14 17 19 21 22 24 27 29 33 34 37 38 42 43 46 48 50 53 54
 55 56 57 59 60 62 68 69 70 71 73])
Bicluster(rows=[31, 65], cols=[ 0  1  2  5  6  7 10 11 12 13 14 15 16 18 19 22 26 27 28 31 32 38 41 42
 43 54 57 60 65 67 68 71 73])
Bicluster(rows=[31, 66], cols=[ 3  9 10 12 14 16 19 22 27 32 34 35 36 37 39 40 42 43 45 46 51 53 63 65
 66 67 68 69 71 73 74])
Bicluster(rows=[31, 67], cols=[ 0  2  3  4  9 10 11 13 17 18 20 21 22 24 25 30 31 33 36 37 40 42 45 48
 54 61 64 69 70 71 72])
Bicluster(rows=[31, 68], cols=[ 4  5  9 10 11 12 13 15 16 17 23 26 28 29 30 33 35 43 47 53 56 57 59 60
 62 67 68 73])
Bicluster(rows=[31, 69], cols=[ 0  5  6  8 11 12 14 16 17 18 19 26 36 37 38 42 43 44 45 46 50 51 52 54
 56 57 58 59 61 63 64 66 70 74])
Bicluster(rows=[31, 70], cols=[ 0  2  3  6 11 14 15 16 17 18 19 21 22 24 30 31 35 41 44 49 50 51 52 54
 55 56 57 58 60 61 63 64 66 70 74])
Bicluster(rows=[31, 71], cols=[ 3  6  8 12 13 17 19 21 27 30 31 33 34 36 40 41 44 45 48 50 51 52 54 56
 57 58 59 61 63 64 66 70 74])
Bicluster(rows=[31, 72], cols=[ 0  1  3  7  9 14 15 20 23 25 30 31 32 36 37 38 41 42 43 44 50 51 52 54
 56 57 58 59 61 63 64 66 70 74])
Bicluster(rows=[31, 73], cols=[ 2  6  9 10 13 14 15 18 19 21 22 23 25 26 27 28 30 31 32 34 40 43 45 50
 51 52 54 55 56 57 58 60 61 63 64 66 70 74])
Bicluster(rows=[31, 74], cols=[ 0  3  9 12 14 15 17 18 29 30 31 33 35 37 38 39 40 42 48 50 53 55 56 57
 58 59 60 72 73])
Bicluster(rows=[31, 75], cols=[ 4  7  9 11 12 16 17 19 22 24 28 29 32 34 35 36 40 42 43 44 45 46 48 49
 50 52 54 55 56 58 64 69 71 72])
Bicluster(rows=[31, 76], cols=[ 0  4  5  7  9 10 12 13 14 16 19 20 21 24 27 32 35 41 42 43 51 53 59 63
 66 69 73 74])
Bicluster(rows=[31, 77], cols=[ 0  3  6 10 11 15 22 23 24 26 31 32 38 39 42 43 44 48 49 53 62 65 67 68
 72])
Bicluster(rows=[31, 78], cols=[ 0  2  3  7 10 12 16 21 25 27 28 29 33 34 38 44 47 48 49 52 54 61 64 71
 72])
Bicluster(rows=[31, 79], cols=[ 1  2  4  7  8  9 10 11 12 13 14 15 16 17 18 19 21 24 29 30 42 49 51 63
 65 66 67 68 69 71 74])
Bicluster(rows=[31, 80], cols=[ 3  6  7 19 20 21 22 23 25 26 31 32 34 35 36 38 40 44 47 50 52 55 56 57
 58 60 69 71 72])
Bicluster(rows=[31, 81], cols=[ 0  6  7  8 19 20 25 26 28 30 31 37 41 45 47 50 52 54 55 56 58 64 69 71
 72])
Bicluster(rows=[31, 82], cols=[ 4  6  7  8 13 14 16 18 23 25 26 27 29 31 34 35 40 45 47 49 50 52 54 55
 56 57 58 64 69 71 72])
Bicluster(rows=[31, 83], cols=[ 1  2  3  4  5  6  9 11 15 16 19 21 24 26 30 33 37 42 51 54 61 63 64 66
 69 70 71 74])
Bicluster(rows=[31, 84], cols=[ 3 10 12 16 17 19 22 25 26 30 31 33 34 36 37 41 42 43 48 49 54 61 64 69
 71 72])
Bicluster(rows=[31, 85], cols=[ 4 12 14 15 18 22 25 32 33 34 41 44 47 50 51 52 54 56 57 58 59 61 63 64
 66 70 74])
Bicluster(rows=[31, 86], cols=[ 0  1  4  6  7 14 19 23 26 27 28 32 34 36 39 40 41 42 43 45 46 48 51 53
 63 65 66 67 68 69 73 74])
Bicluster(rows=[31, 87], cols=[ 0  2  7  9 10 12 13 15 17 18 19 20 21 22 24 30 32 35 44 46 49 50 51 52
 54 55 56 57 58 60 61 63 64 66 70 74])
Bicluster(rows=[31, 88], cols=[ 1  2  3  4  6  8  9 12 13 15 17 18 19 25 30 31 49 50 51 52 54 56 57 58
 59 61 63 64 66 69 70 74])
Bicluster(rows=[31, 89], cols=[ 1  3  4  5  7  9 11 17 18 21 25 26 27 28 30 31 32 36 41 44 45 48 50 51
 52 54 56 57 58 60 61 63 64 66 70 74])
Bicluster(rows=[31, 90], cols=[ 1  8  9 14 18 20 23 26 27 29 31 33 34 41 45 48 51 53 59 65 66 67 68 69
 71 73])
Bicluster(rows=[31, 91], cols=[ 1  3  5  6  7 11 12 14 15 18 20 22 24 27 28 31 40 41 42 44 48 51 53 63
 65 66 67 68 69 71 73 74])
Bicluster(rows=[31, 92], cols=[ 2  3  4  7  9 15 19 20 24 28 30 31 32 33 35 46 48 50 52 54 55 56 57 58
 60 64 69 71])
Bicluster(rows=[31, 93], cols=[ 1  3  4  5  6 10 12 17 19 21 22 24 26 29 30 38 40 41 44 45 47 50 53 55
 56 57 58 62 73])
Bicluster(rows=[31, 94], cols=[ 3 12 13 14 16 18 21 24 25 26 28 32 36 41 43 47 52 54 61 64 69 71 72])
Bicluster(rows=[31, 95], cols=[ 4 10 16 22 23 26 27 30 31 35 41 42 44 45 46 47 48 51 53 59 65 66 68 69
 71 73 74])
Bicluster(rows=[31, 96], cols=[ 0  3  7  9 11 14 16 17 19 26 27 28 29 31 32 35 38 42 43 45 47 49 65 67
 68 72])
Bicluster(rows=[31, 97], cols=[ 2  4  8 12 15 23 25 26 30 31 32 33 34 36 39 41 42 43 44 47 48 51 53 65
 67 68 69 71 73])
Bicluster(rows=[31, 98], cols=[ 1  4  5  7 16 25 28 31 33 34 36 37 38 39 43 45 46 50 51 52 54 55 56 57
 58 60 61 63 64 66 70 74])
Bicluster(rows=[31, 99], cols=[ 2  6 11 16 19 21 23 26 28 34 35 39 41 46 49 51 55 56 57 58 60 61 63 66
 69 70 71 72 73])
Bicluster(rows=[32, 33], cols=[ 0  1  3  5  7  8 15 20 21 24 25 28 30 37 39 41 48 55 57 59 60 63 67 70
 72 73])
Bicluster(rows=[32, 34], cols=[ 1  2  4  7 10 12 16 17 20 22 24 31 33 37 45 46 52 54 59 60 64 66 67 68
 69])
Bicluster(rows=[32, 35], cols=[ 1  2  4  5  8 11 12 13 15 17 20 23 24 30 31 33 48 50 51 52 53 56 57 59
 60 61 67 69 74])
Bicluster(rows=[32, 36], cols=[ 0  2 13 14 17 18 24 30 31 33 35 37 38 42 43 45 47 48 51 56 69 73 74])
Bicluster(rows=[32, 37], cols=[ 0  1  2  3  4  6  9 10 11 12 13 14 15 17 19 20 21 22 30 31 33 35 36 38
 42 43 47 48 51 53 57 59 61 62 64 68 69 70])
Bicluster(rows=[32, 38], cols=[ 2  3  6  9 14 19 27 28 29 32 35 37 44 45 46 51 52 53 55 56 57 58 61 63
 67 68 69 70 71 73])
Bicluster(rows=[32, 39], cols=[16 19 20 25 30 31 33 35 36 37 38 39 42 43 44 45 47 48 53 62 63 66 67 69
 74])
Bicluster(rows=[32, 40], cols=[ 0  1  2  9 10 14 17 21 22 26 28 30 32 36 38 41 42 43 47 48 55 56 58 60
 63 68 70 71 74])
Bicluster(rows=[32, 41], cols=[ 0  3  4  9 10 11 12 14 15 16 17 19 20 21 22 23 28 32 35 37 45 46 52 67
 68 69])
Bicluster(rows=[32, 42], cols=[ 7 10 13 16 19 20 23 30 31 33 35 38 42 43 47 48 56 57 58 60 61 65 69 71
 73])
Bicluster(rows=[32, 43], cols=[ 1  2  3  8  9 11 12 18 21 23 25 26 28 30 36 37 38 41 42 43 45 47 48 51
 52 54 59 60 62 67 74])
Bicluster(rows=[32, 44], cols=[ 8 11 12 14 17 19 25 26 28 30 36 37 38 41 42 43 48 51 52 54 56 58 59 60
 65 67 71 73 74])
Bicluster(rows=[32, 45], cols=[ 1  2  3  4  6 10 11 13 14 16 19 27 28 29 32 35 44 46 53 57 61 62 64 68
 69 71])
Bicluster(rows=[32, 46], cols=[ 1  5  6  8  9 10 11 16 19 20 21 22 30 31 33 48 55 57 58 59 60 67 72 73])
Bicluster(rows=[32, 47], cols=[ 2  4  8  9 13 15 16 17 18 25 31 33 36 38 39 40 43 47 48 55 58 60 61 62
 63 64 67 70 72 74])
Bicluster(rows=[32, 48], cols=[ 2  5  8 11 12 15 16 17 18 19 21 23 24 25 30 36 38 41 43 48 50 51 57 58
 60 66 69 73])
Bicluster(rows=[32, 49], cols=[ 0  2  7 16 19 20 25 26 28 30 36 37 38 43 45 48 52 57 61 62 64 67 70])
Bicluster(rows=[32, 50], cols=[ 1  2  3  4  7  9 12 13 15 18 21 22 24 26 27 29 32 34 41 46 49 50 51 54
 55 57 58 62 65 71 72 73])
Bicluster(rows=[32, 51], cols=[ 2  3  4  6 11 18 20 21 22 30 31 33 37 38 42 43 47 48 53 57 59 60 61 63
 68 69])
Bicluster(rows=[32, 52], cols=[ 1  2  4  5 19 26 28 30 36 37 38 42 43 45 47 48 54 55 59 63 65 69 72])
Bicluster(rows=[32, 53], cols=[ 1  2  4  8 14 17 20 21 26 28 30 36 37 38 42 43 47 48 51 57 58 60 62 70
 71])
Bicluster(rows=[32, 54], cols=[ 2  3  9 11 12 16 21 24 30 31 33 35 36 37 38 42 43 45 47 48 50 54 55 59
 64 66 67 69 71 72 73 74])
Bicluster(rows=[32, 55], cols=[ 2  4  5  6  7 10 13 17 18 20 21 30 31 33 35 36 38 42 43 45 47 48 52 58
 60 64 67 68 69 70 71])
Bicluster(rows=[32, 56], cols=[ 0  1  4  5  6  8 14 16 17 19 22 23 27 28 29 32 35 45 46 50 59 62 66 67
 68 71])
Bicluster(rows=[32, 57], cols=[ 0  1  3  5  6 10 12 14 16 19 24 30 31 33 37 42 43 45 47 48 50 53 54 57
 63 64 65 69 71])
Bicluster(rows=[32, 58], cols=[ 0  2  5  6  7  9 10 11 12 17 18 19 20 21 23 24 27 28 29 32 34 35 41 44
 49 55 56 57 58 60 61 62 64 68 70 71])
Bicluster(rows=[32, 59], cols=[12 14 18 20 21 23 24 30 31 33 35 36 37 38 42 43 47 48 60 61 63 65 68 73])
Bicluster(rows=[32, 60], cols=[ 5  7 10 12 19 22 23 27 28 29 32 35 45 46 50 53 59 60 62 64 67 69 72])
Bicluster(rows=[32, 61], cols=[ 0  1  2  3  4  5  6  7 12 14 15 16 17 20 21 22 24 25 26 28 30 36 37 38
 39 42 43 45 48 50 51 52 59 66 68 69 70 71])
Bicluster(rows=[32, 62], cols=[ 2  8 21 22 25 26 28 30 37 39 48 50 51 55 56 58 59 60 62 64 68 70 72 73])
Bicluster(rows=[32, 63], cols=[ 1  4  5  6  7  8  9 13 14 20 21 22 24 25 26 28 30 36 37 38 43 45 48 50
 51 57 59 61 67])
Bicluster(rows=[32, 64], cols=[ 0  1  2  3  6 10 17 22 23 24 30 31 33 37 42 45 48 50 57 58 60 61 64 67
 68 69 70])
Bicluster(rows=[32, 65], cols=[ 2  3  6  7  8 10 11 12 13 15 16 18 19 22 30 31 33 35 36 37 38 42 43 45
 47 48 54 60 62 68 69])
Bicluster(rows=[32, 66], cols=[ 2  3  4  7  8  9 12 15 16 18 22 23 24 27 29 34 44 46 50 55 56 58 59 61
 64 67 71])
Bicluster(rows=[32, 67], cols=[ 0  2  3  4  5  6  9 10 11 12 13 17 18 19 20 21 23 24 27 33 34 37 38 48
 49 56 58 61 62 64 65 67 69 71 73])
Bicluster(rows=[32, 68], cols=[ 0  1  3  4  5 12 13 14 16 17 30 31 36 39 41 43 44 45 47 48 50 55 57 58
 59 60 61 64 67 69])
Bicluster(rows=[32, 69], cols=[ 0  3  5  6 11 12 14 16 17 18 19 20 26 27 30 32 35 36 42 44 48 50 51 57
 58 61 62 63 67 70 72 74])
Bicluster(rows=[32, 70], cols=[ 0  1  3  5  7  8  9 10 11 12 13 14 16 17 18 19 20 23 26 27 34 41 46 49
 50 51 57 58 59 61 62 63 67 70 72 73 74])
Bicluster(rows=[32, 71], cols=[ 1  4  5  7  9 11 14 15 20 22 23 24 25 28 31 32 34 35 36 37 39 40 42 45
 48 56 58 61 62 64 65 67 69 70 73])
Bicluster(rows=[32, 72], cols=[ 8 10 11 16 17 21 24 33 39 41 42 43 45 46 50 55 58 59 60 61 64 67 69])
Bicluster(rows=[32, 73], cols=[ 1  2  3  6  7  8  9 10 13 15 18 22 24 28 35 37 38 42 44 45 46 48 50 51
 55 58 59 60 61 62 63 67 70])
Bicluster(rows=[32, 74], cols=[ 0  1  3  5  8  9 12 13 14 15 17 18 22 23 25 26 27 33 34 39 42 44 46 48
 50 57 59 60 61 64 67 68 69 71])
Bicluster(rows=[32, 75], cols=[ 1  4  5  9 11 12 13 16 17 19 20 23 26 27 28 29 36 38 41 44 45 48 49 50
 55 56 58 59 61 64 67 69])
Bicluster(rows=[32, 76], cols=[ 0  1  4  5  7  9 10 12 13 14 16 19 20 21 23 31 37 42 43 44 46 51 61 62
 63 64 67 68 70 72 74])
Bicluster(rows=[32, 77], cols=[ 2  4  5  7  9 16 17 18 21 23 26 32 37 41 44 45 55 56 58 59 61 62 65 67
 70 73])
Bicluster(rows=[32, 78], cols=[ 0  1  2  5  7  8  9 12 13 14 15 16 21 22 26 30 32 33 37 46 48 49 50 55
 56 58 59 61 64 67 69])
Bicluster(rows=[32, 79], cols=[ 1  2  4  7  8  9 10 11 12 13 14 15 16 17 18 19 21 24 26 27 28 32 41 46
 50 55 56 58 59 66 68])
Bicluster(rows=[32, 80], cols=[ 1  6  7 14 21 22 25 31 35 37 38 41 42 45 47 48 51 55 56 62 63 65 70 73])
Bicluster(rows=[32, 81], cols=[ 1  2  5  9 10 12 14 15 18 21 24 26 28 29 30 34 36 40 43 44 48 49 52 68
 69])
Bicluster(rows=[32, 82], cols=[ 3  4  5  6  7 16 17 18 25 30 36 45 46 49 50 55 56 58 59 61 62 64 67 69
 70])
Bicluster(rows=[32, 83], cols=[ 1  2  3  4  6  9 11 12 13 14 15 16 17 19 20 21 23 24 27 29 34 35 37 49
 50 55 56 58 59 61 62 64 65 67 69 70 73])
Bicluster(rows=[32, 84], cols=[ 3 10 12 15 17 18 19 23 26 37 38 44 46 48 49 50 55 56 58 61 64 65 67 69
 71])
Bicluster(rows=[32, 85], cols=[ 1  6  8  9 13 17 21 26 27 28 36 37 38 39 40 43 44 45 47 48 50 55 57 58
 59 60 61 64 67 69])
Bicluster(rows=[32, 86], cols=[ 2  5  8  9 10 11 12 13 15 16 17 20 21 24 26 28 34 38 41 44 46 50 55 56
 58 59 61 64 67 71])
Bicluster(rows=[32, 87], cols=[ 1  2  3  4  7  8  9 12 13 15 17 18 20 21 22 23 24 26 27 28 41 44 48 50
 51 55 56 58 59 60 63 65 67 70 72 73 74])
Bicluster(rows=[32, 88], cols=[ 1  2  4  6  9 11 12 13 18 23 28 30 34 35 37 38 41 46 50 51 57 58 59 61
 62 63 67 70 72 73 74])
Bicluster(rows=[32, 89], cols=[ 4  7  8  9 10 11 12 13 21 22 23 26 34 36 37 38 40 45 46 48 50 51 57 58
 61 62 63 64 67 70 72])
Bicluster(rows=[32, 90], cols=[ 0  4  5  7 11 12 13 16 21 23 26 34 41 43 44 47 50 55 58 59 60 61 64 67
 69])
Bicluster(rows=[32, 91], cols=[ 0  2  3  5  6 10 13 16 18 20 21 22 24 26 29 32 36 41 50 55 56 58 59 64
 67 71])
Bicluster(rows=[32, 92], cols=[ 1  3  4  5  8  9 15 16 19 22 24 27 28 31 33 36 40 45 50 55 56 58 59 61
 62 65 67 70 73])
Bicluster(rows=[32, 93], cols=[ 0  5  6  8 11 12 15 16 18 21 22 23 27 38 44 45 47 50 55 56 58 59 64 67
 71])
Bicluster(rows=[32, 94], cols=[ 0  1  3  5  6  7  9 10 14 15 16 17 20 21 22 24 26 29 34 36 41 44 46 50
 55 56 58 59 61 64 67 69 71])
Bicluster(rows=[32, 95], cols=[ 2  5  6  7  9 14 15 17 18 20 23 24 26 27 28 30 37 39 41 43 44 46 49 50
 55 56 58 59 61 64 67 71])
Bicluster(rows=[32, 96], cols=[ 0  2  4  5  7 10 11 12 13 14 15 17 18 20 21 24 26 27 34 44 50 55 56 58
 59 61 62 64 67 69])
Bicluster(rows=[32, 97], cols=[ 0  3  6  7  9 10 11 13 14 16 17 18 20 21 22 24 26 29 30 32 34 41 44 47
 50 55 56 58 59 61 62 64 65 67 69])
Bicluster(rows=[32, 98], cols=[ 0  8  9 11 14 15 17 23 24 25 29 31 34 38 41 43 49 50 55 56 58 59 61 62
 64 65 67 69 70 73])
Bicluster(rows=[32, 99], cols=[ 0  4  7 14 15 22 23 26 28 34 35 36 37 40 42 45 46 52 53 57 60 64 66 72
 73])
Bicluster(rows=[33, 34], cols=[ 0  2  6  8 10 11 12 14 17 19 21 22 23 25 26 27 28 29 30 31 32 33 34 35
 36 37 38 39 40 41 42 43 44 45 46 47 48 49 53 55 59 60 61 63 64 67 68 69
 71 73 74])
Bicluster(rows=[33, 35], cols=[ 3  6 10 11 12 13 16 17 18 19 25 26 27 28 29 30 31 32 33 34 35 36 37 38
 39 40 41 42 43 44 45 46 47 48 49 50 51 53 54 56 57 59 60 61 64 65 67 69
 71 72])
Bicluster(rows=[33, 36], cols=[ 6  9 12 13 25 26 27 28 29 30 31 32 33 34 35 36 37 38 39 40 41 42 43 44
 45 46 47 48 49 51 52 53 57 58 65 73])
Bicluster(rows=[33, 37], cols=[ 0  2  4  6  8 10 12 17 19 21 22 26 35 44 50 52 53 54 56 57 59 62 65 67
 68 73 74])
Bicluster(rows=[33, 38], cols=[ 1  2  6  9 12 14 19 24 25 26 27 28 29 30 31 32 33 34 35 36 37 38 39 40
 41 42 43 44 45 46 47 48 49 50 54 57 58 60 66 67 68 69 70 72 74])
Bicluster(rows=[33, 39], cols=[ 1  4  6 13 15 16 19 21 24 28 31 33 41 45 52 55 61 62 67 70 71 72 73])
Bicluster(rows=[33, 40], cols=[ 0  1  2  4  9 10 11 13 14 18 21 22 24 25 26 27 28 29 30 31 32 33 34 35
 36 37 38 39 40 41 42 43 44 45 46 47 48 49 52 59 60 62 72 73])
Bicluster(rows=[33, 41], cols=[ 4  9 10 11 13 16 17 19 22 25 26 27 28 29 30 31 32 33 34 35 36 37 38 39
 40 41 42 43 44 45 46 47 48 49 51 53 55 60 61 63 64 67 68 69 71 72])
Bicluster(rows=[33, 42], cols=[ 2  6  9 13 14 17 18 25 26 27 28 29 30 31 32 33 34 35 36 37 38 39 40 41
 42 43 44 45 46 47 48 49 50 53 55 56 61 65 66 68 70 73 74])
Bicluster(rows=[33, 43], cols=[ 1  2  4  8 10 12 13 21 25 26 27 28 29 30 31 32 33 34 35 36 37 38 39 40
 41 42 43 44 45 46 47 48 49 53 56 59 60 65 72])
Bicluster(rows=[33, 44], cols=[ 2  3  4  8  9 10 12 13 14 18 23 24 25 26 27 28 29 30 31 32 33 34 35 36
 37 38 39 40 41 42 43 44 45 46 47 48 49 51 53 58 59 60 64 66 67 68 69 73
 74])
Bicluster(rows=[33, 45], cols=[ 0  1  2  4  6  7  8  9 10 11 12 16 17 19 23 25 26 27 28 29 30 31 32 33
 34 35 36 37 38 39 40 41 42 43 44 45 46 47 48 49 50 52 53 54 55 56 57 58
 60 62 63 65 66 67 68 70 71 72])
Bicluster(rows=[33, 46], cols=[ 0  2  4  7  8  9 11 14 17 18 23 25 26 27 28 29 30 31 32 33 34 35 36 37
 38 39 40 41 42 43 44 45 46 47 48 49 52 53 54 55 58 59 60 61 62 65 66 67
 68 69 70 71 72 73])
Bicluster(rows=[33, 47], cols=[ 1 10 11 20 25 26 27 28 29 30 31 32 33 34 35 36 37 38 39 40 41 42 43 44
 45 46 47 48 49 55 57 66 68 69 72 74])
Bicluster(rows=[33, 48], cols=[ 2  3  5  6  8  9 10 12 14 16 17 18 19 21 23 24 25 26 27 28 29 30 31 32
 33 34 35 36 37 38 39 40 41 42 43 44 45 46 47 48 49 51 52 56 57 59 60 62
 63 67 68 71 73 74])
Bicluster(rows=[33, 49], cols=[ 0  4  5  7 10 14 23 25 26 27 28 29 30 31 32 33 34 35 36 37 38 39 40 41
 42 43 44 45 46 47 48 49 55 56 57 65 67 68 69 70 71])
Bicluster(rows=[33, 50], cols=[ 2  5  7 14 22 23 24 25 29 30 36 38 39 42 43 46 47 48 51 52 58 62 66 71])
Bicluster(rows=[33, 51], cols=[ 5  8  9 10 13 14 17 23 24 25 26 27 28 29 30 31 32 33 34 35 36 37 38 39
 40 41 42 43 44 45 46 47 48 49 50 60 61 62 65 71 72])
Bicluster(rows=[33, 52], cols=[ 0  1  3  6  7 10 12 18 20 26 31 41 50 54 57 60 66 67 68 70 73 74])
Bicluster(rows=[33, 53], cols=[ 1  7  8  9 10 11 12 13 16 17 18 19 20 22 23 24 25 26 27 28 29 30 31 32
 33 34 35 36 37 38 39 40 41 42 43 44 45 46 47 48 49 54 55 56 57 59 60 65
 69 72 73 74])
Bicluster(rows=[33, 54], cols=[ 4  5 13 14 17 18 22 25 26 27 28 29 30 31 32 33 34 35 36 37 38 39 40 41
 42 43 44 45 46 47 48 49 55 57 64 73 74])
Bicluster(rows=[33, 55], cols=[ 0  2 14 15 16 17 23 24 26 31 35 44 54 57 58 60 61 63 65 66 67 68 69 70
 72 74])
Bicluster(rows=[33, 56], cols=[ 1  4  5  6  7  8 11 13 15 16 17 18 19 22 23 25 26 27 28 29 30 31 32 33
 34 35 36 37 38 39 40 41 42 43 44 45 46 47 48 49 50 51 52 54 55 59 60 61
 62 64 65 68 69 70 71 72 73 74])
Bicluster(rows=[33, 57], cols=[ 2  7 11 17 18 20 22 23 25 26 27 28 29 30 31 32 33 34 35 36 37 38 39 40
 41 42 43 44 45 46 47 48 49 52 63 64 68 74])
Bicluster(rows=[33, 58], cols=[ 0  2  3  5  6  7  8 10 12 14 15 17 18 19 20 24 25 26 27 28 29 30 31 32
 33 34 35 36 37 38 39 40 41 42 43 44 45 46 47 48 49 50 51 52 57 59 62 67
 68 69 71 72])
Bicluster(rows=[33, 59], cols=[ 0  2  4  8 10 15 16 25 26 27 28 29 30 31 32 33 34 35 36 37 38 39 40 41
 42 43 44 45 46 47 48 49 50 53 54 62 63 71])
Bicluster(rows=[33, 60], cols=[ 0  2  4  5  7 10 12 13 14 16 19 21 22 25 26 27 28 29 30 31 32 33 34 35
 36 37 38 39 40 41 42 43 44 45 46 47 48 49 50 53 54 55 59 60 63 66 67 69
 70 73 74])
Bicluster(rows=[33, 61], cols=[ 0  2  4  6  7  8  9 11 12 14 16 17 25 29 30 36 38 39 42 43 46 47 48 52
 54 55 56 57 60 62 63 66 68 69 71 72 74])
Bicluster(rows=[33, 62], cols=[ 4  5  7  8 10 12 16 17 18 20 24 25 26 27 28 29 30 31 32 33 34 35 36 37
 38 39 40 41 42 43 44 45 46 47 48 49 50 51 52 53 54 55 58 59 60 61 62 63
 65 67 68 69 70 71 72 73 74])
Bicluster(rows=[33, 63], cols=[ 0  1  8 10 12 17 21 25 26 27 28 29 30 31 32 33 34 35 36 37 38 39 40 41
 42 43 44 45 46 47 48 49 50 52 56 57 59 62 64 65 68 70 71 73])
Bicluster(rows=[33, 64], cols=[ 5  7  8  9 11 16 19 25 26 27 28 29 30 31 32 33 34 35 36 37 38 39 40 41
 42 43 44 45 46 47 48 49 53 54 55 58 60 61 64 65 67 69 70 71 73 74])
Bicluster(rows=[33, 65], cols=[ 0  2  6  8  9 12 14 16 18 20 21 22 26 31 35 41 44 51 55 56 61 63 65 67
 68 70 72])
Bicluster(rows=[33, 66], cols=[ 0  8 10 11 12 13 14 16 18 19 22 27 30 32 33 34 38 39 40 46 47 49 50 52
 54 56 57 58 59 63 67 68 69 70 72 74])
Bicluster(rows=[33, 67], cols=[ 1  2  5  6  8 10 12 14 17 18 19 23 27 30 33 34 37 39 40 46 49 50 57 58
 62 63 70 71 74])
Bicluster(rows=[33, 68], cols=[ 0  3  4  5 10 12 14 16 17 22 27 30 32 34 37 39 41 42 43 46 48 51 52 54
 55 62 63 65 66 67 68 70 71 73])
Bicluster(rows=[33, 69], cols=[ 0  3  5  6  9 12 13 14 16 17 18 19 23 29 30 31 34 39 47 48 49 53 56 59
 61 64 65 67 68 73])
Bicluster(rows=[33, 70], cols=[ 0  1  5  7  8 10 12 14 15 20 21 28 41 45 52 54 56 59 60 61 63 65 67 68
 69 70 72 73 74])
Bicluster(rows=[33, 71], cols=[ 3  9 11 16 18 21 22 31 32 37 38 41 43 45 50 54 56 57 58 62 63 69 70 71
 72 74])
Bicluster(rows=[33, 72], cols=[ 0  1  2  4  5  6  7 11 14 15 20 22 23 26 28 29 32 34 40 46 47 49 50 52
 54 56 57 59 61 63 65 67 68 69 70 72 73 74])
Bicluster(rows=[33, 73], cols=[ 4  5  9 12 13 17 19 23 32 35 36 37 39 47 49 50 51 52 56 57 58 59 60 62
 65 66 68 71])
Bicluster(rows=[33, 74], cols=[ 0  8 11 12 14 17 22 25 28 45 47 48 50 51 52 54 55 56 59 62 65 66 67 68
 70 71])
Bicluster(rows=[33, 75], cols=[ 4  7  8 12 16 17 19 23 24 30 31 32 33 36 38 40 41 46 51 53 61 63 64 69
 70 71 74])
Bicluster(rows=[33, 76], cols=[ 2  3  6  8  9 10 13 15 22 25 26 28 31 32 33 36 37 38 39 40 46 47 48 49
 52 53 54 62 65 66 67 68 70 73])
Bicluster(rows=[33, 77], cols=[ 0  3  6 10 12 19 21 22 24 26 29 31 35 37 40 51 52 53 54 55 61 62 63 65
 66 67 68 70 71 73 74])
Bicluster(rows=[33, 78], cols=[ 0  1  3  6  8 17 18 19 21 24 27 28 30 31 35 37 45 48 52 54 55 62 65 67
 68 73])
Bicluster(rows=[33, 79], cols=[ 0  2  4  8 12 14 16 17 18 20 22 23 24 28 37 50 54 58 63 69 70 72 74])
Bicluster(rows=[33, 80], cols=[ 1  7 11 14 18 21 25 27 28 29 30 32 33 36 37 41 48 49 51 53 55 61 63 64
 67 69 70 73 74])
Bicluster(rows=[33, 81], cols=[ 2  5 10 11 13 18 24 28 29 33 34 41 44 47 49 51 52 53 54 62 65 66 67 68
 70 71 73])
Bicluster(rows=[33, 82], cols=[ 3  4  5  7  9 17 18 19 22 23 25 27 30 37 39 44 47 51 52 53 54 61 63 64
 66 67 68 70 71 73 74])
Bicluster(rows=[33, 83], cols=[10 11 17 18 19 22 27 29 30 33 37 38 39 40 43 46 50 52 54 56 57 59 63 65
 67 68 70 71 74])
Bicluster(rows=[33, 84], cols=[ 0  1  5  6  9 20 24 27 29 32 34 37 39 42 43 47 50 52 54 56 57 58 59 61
 64 65 67 68 73])
Bicluster(rows=[33, 85], cols=[ 0  1  2  3  6  8 16 19 24 26 28 32 35 36 37 41 43 46 48 49 50 52 54 55
 62 65 67 68 73])
Bicluster(rows=[33, 86], cols=[ 1  6  9 13 19 27 29 32 33 36 39 40 43 46 47 50 52 54 56 57 58 59 61 64
 65 67 68 73])
Bicluster(rows=[33, 87], cols=[ 6  9 10 16 19 25 27 30 32 37 38 40 42 43 47 48 50 51 52 54 55 56 58 59
 60 62 65 66 67 68 70 71])
Bicluster(rows=[33, 88], cols=[ 5  9 13 16 17 19 20 22 24 26 30 33 35 36 39 42 48 49 50 55 56 58 59 62
 65 68])
Bicluster(rows=[33, 89], cols=[ 1  2  4  5  7 10 12 19 21 22 27 28 32 33 48 52 54 56 59 63 65 67 68 69
 70 72 73 74])
Bicluster(rows=[33, 90], cols=[ 0  4  5  7 12 15 18 21 32 37 41 43 45 46 47 51 52 53 54 55 61 62 65 66
 67 68 70 71 73])
Bicluster(rows=[33, 91], cols=[ 1  5  6  7  9 10 12 14 16 18 20 24 29 30 32 33 34 38 40 47 48 49 50 52
 54 57 58 63 69 70 72 74])
Bicluster(rows=[33, 92], cols=[ 8  9 14 16 18 19 22 23 25 26 27 30 31 34 39 41 45 49 50 51 56 57 58 59
 62 66 70 71])
Bicluster(rows=[33, 93], cols=[ 2  4 10 11 12 13 14 17 19 20 22 24 27 32 34 41 42 45 48 50 52 54 56 57
 58 59 67 68 69 70 72 74])
Bicluster(rows=[33, 94], cols=[ 2  4  9 13 17 19 29 32 38 40 42 46 49 50 52 54 56 57 58 59 65 67 68 69
 70 72 74])
Bicluster(rows=[33, 95], cols=[ 1  2  3  4  5  6  8  9 13 16 19 27 28 34 37 38 46 50 54 57 58 62 63 69
 70 72 74])
Bicluster(rows=[33, 96], cols=[ 1  2  8 12 17 18 19 22 23 24 28 33 37 41 45 46 49 51 53 61 63 64 69 73
 74])
Bicluster(rows=[33, 97], cols=[ 2  4  8  9 11 13 25 27 29 36 38 39 42 43 50 52 54 56 57 58 59 65 67 68
 69 70 72 73])
Bicluster(rows=[33, 98], cols=[ 0  3 13 14 17 21 22 23 24 25 26 37 38 43 46 51 53 54 61 63 64 67 69 70
 71 72 73 74])
Bicluster(rows=[33, 99], cols=[ 5  9 10 12 20 23 24 30 34 36 38 42 46 47 48 50 52 59 62 63 64 66 67 69
 70])
Bicluster(rows=[34, 35], cols=[ 1  2  4  6  7  9 10 12 13 17 19 20 22 23 24 25 26 27 28 29 30 31 32 33
 34 35 36 37 38 39 40 41 42 43 44 45 46 47 48 49 52 53 57 59 60 61 62 63
 67 68 69 70 71])
Bicluster(rows=[34, 36], cols=[ 2  4  6  7  9 25 26 27 28 29 30 31 32 33 34 35 36 37 38 39 40 41 42 43
 44 45 46 47 48 49 53 63 65 66 68 70 71 72 73])
Bicluster(rows=[34, 37], cols=[ 3 23 25 26 27 28 29 30 31 32 33 34 35 36 37 38 39 40 41 42 43 44 45 46
 47 48 49 50 52 56 59 61 62 65 66 70 71])
Bicluster(rows=[34, 38], cols=[ 2  5  6 13 14 19 25 26 27 28 29 30 31 32 33 34 35 36 37 38 39 40 41 42
 43 44 45 46 47 48 49 52 53 54 60 67 68 69 71 74])
Bicluster(rows=[34, 39], cols=[ 5 11 18 20 21 27 28 31 32 33 34 37 40 41 45 49 51 54 55 61 65 66 67 69
 71 73])
Bicluster(rows=[34, 40], cols=[ 0  2  4  7  9 10 12 14 16 21 22 23 24 25 26 27 28 29 30 31 32 33 34 35
 36 37 38 39 40 41 42 43 44 45 46 47 48 49 50 55 56 60 63 66 70 73])
Bicluster(rows=[34, 41], cols=[ 1  4  5  7 10 12 15 17 19 20 22 23 24 25 26 27 28 29 30 31 32 33 34 35
 36 37 38 39 40 41 42 43 44 45 46 47 48 49 50 51 52 53 55 56 57 58 60 61
 63 65 67 68 69 70 71 73])
Bicluster(rows=[34, 42], cols=[ 1  2  4  5  6  9 10 11 12 14 15 16 17 18 22 24 25 26 27 28 29 30 31 32
 33 34 35 36 37 38 39 40 41 42 43 44 45 46 47 48 49 51 52 53 55 58 60 61
 62 68 72 73 74])
Bicluster(rows=[34, 43], cols=[ 1  4  5  7  8  9 10 13 18 21 24 25 26 27 28 29 30 31 32 33 34 35 36 37
 38 39 40 41 42 43 44 45 46 47 48 49 50 53 57 59 60 65 66 67])
Bicluster(rows=[34, 44], cols=[ 1  2  4  5  7 10 12 14 16 19 20 24 25 26 27 28 29 30 31 32 33 34 35 36
 37 38 39 40 41 42 43 44 45 46 47 48 49 51 53 56 58 59 60 62 65 67 68 73
 74])
Bicluster(rows=[34, 45], cols=[ 0  6  8 10 11 12 13 17 19 20 23 24 25 26 27 28 29 30 31 32 33 34 35 36
 37 38 39 40 41 42 43 44 45 46 47 48 49 51 53 54 58 59 60 63 67 68 69 70
 71])
Bicluster(rows=[34, 46], cols=[ 1  2  4  5 10 13 14 15 16 17 20 22 23 24 25 26 27 28 29 30 31 32 33 34
 35 36 37 38 39 40 41 42 43 44 45 46 47 48 49 51 53 55 56 57 58 59 60 61
 63 64 65 67 68 69 70 71 73 74])
Bicluster(rows=[34, 47], cols=[ 7 22 24 25 26 27 28 29 30 31 32 33 34 35 36 37 38 39 40 41 42 43 44 45
 46 47 48 49 50 52 53 55 56 58 62 63 65 69 70 74])
Bicluster(rows=[34, 48], cols=[ 1  6  7  8  9 10 11 15 18 19 21 22 25 26 27 28 29 30 31 32 33 34 35 36
 37 38 39 40 41 42 43 44 45 46 47 48 49 58 59 60 67 68 69 71 73])
Bicluster(rows=[34, 49], cols=[ 0  4  9 10 14 15 17 25 26 27 28 29 30 31 32 33 34 35 36 37 38 39 40 41
 42 43 44 45 46 47 48 49 54 64 67 68 69])
Bicluster(rows=[34, 50], cols=[ 0  1  2  4  5  7 12 16 24 27 30 32 33 34 37 39 40 46 48 49 51 52 53 57
 59 62 67 72 74])
Bicluster(rows=[34, 51], cols=[ 3  8 10 12 13 14 15 17 22 23 25 26 27 28 29 30 31 32 33 34 35 36 37 38
 39 40 41 42 43 44 45 46 47 48 49 52 56 59 60 61 65 66 68 71])
Bicluster(rows=[34, 52], cols=[ 1  7  9 16 17 20 22 23 25 26 27 28 29 30 31 32 33 34 35 36 37 38 39 40
 41 42 43 44 45 46 47 48 49 50 51 55 56 57 58 59 63 65 66 71 72])
Bicluster(rows=[34, 53], cols=[ 3  5  8 10 12 15 19 22 24 25 26 27 28 29 30 31 32 33 34 35 36 37 38 39
 40 41 42 43 44 45 46 47 48 49 51 55 58 60 62 69 70 73 74])
Bicluster(rows=[34, 54], cols=[ 3 10 13 14 15 19 22 24 25 26 27 28 29 30 31 32 33 34 35 36 37 38 39 40
 41 42 43 44 45 46 47 48 49 54 55 56 64 65 66 67 70])
Bicluster(rows=[34, 55], cols=[ 2  4  5  7  8  9 14 16 17 19 20 22 23 26 28 31 33 34 35 37 40 41 44 45
 51 55 56 60 62 63 64 65 67 68 72 73 74])
Bicluster(rows=[34, 56], cols=[ 2  6  8  9 12 13 15 17 18 19 20 22 23 24 25 26 27 28 29 30 31 32 33 34
 35 36 37 38 39 40 41 42 43 44 45 46 47 48 49 54 56 57 58 60 61 63 64 65
 68 70 71 73 74])
Bicluster(rows=[34, 57], cols=[ 1  2  3  5 10 11 13 15 16 17 21 22 23 24 25 26 27 28 29 30 31 32 33 34
 35 36 37 38 39 40 41 42 43 44 45 46 47 48 49 51 52 54 56 57 59 62 63 64
 68 70 73 74])
Bicluster(rows=[34, 58], cols=[ 0  1  4  6  8  9 11 14 17 18 19 21 22 23 25 26 27 28 29 30 31 32 33 34
 35 36 37 38 39 40 41 42 43 44 45 46 47 48 49 54 63 69 71])
Bicluster(rows=[34, 59], cols=[ 0  2  4  7  8  9 13 15 17 25 26 27 28 29 30 31 32 33 34 35 36 37 38 39
 40 41 42 43 44 45 46 47 48 49 53 54 55 56 61 63 71 72])
Bicluster(rows=[34, 60], cols=[ 0  1  9 10 11 12 14 19 20 21 22 25 26 27 28 29 30 31 32 33 34 35 36 37
 38 39 40 41 42 43 44 45 46 47 48 49 51 53 54 56 58 60 61 64 65 68 69 73])
Bicluster(rows=[34, 61], cols=[ 4  7  9 11 12 16 17 18 22 28 31 33 37 41 45 52 53 55 56 58 60 61 63 66
 68 69])
Bicluster(rows=[34, 62], cols=[ 1  4  8  9 11 13 15 16 19 23 24 25 26 27 28 29 30 31 32 33 34 35 36 37
 38 39 40 41 42 43 44 45 46 47 48 49 53 56 57 58 59 60 61 64 67 69 71 73])
Bicluster(rows=[34, 63], cols=[ 0  8 11 12 13 15 16 17 18 21 25 26 27 28 29 30 31 32 33 34 35 36 37 38
 39 40 41 42 43 44 45 46 47 48 49 51 54 64 71 73])
Bicluster(rows=[34, 64], cols=[ 1  2  4  8  9 11 12 13 15 17 19 20 24 25 26 27 28 29 30 31 32 33 34 35
 36 37 38 39 40 41 42 43 44 45 46 47 48 49 51 52 53 55 57 58 60 61 62 63
 64 65 67 68 69 71 72 73 74])
Bicluster(rows=[34, 65], cols=[ 2  3  4 10 16 20 24 25 26 27 28 29 30 31 32 33 34 35 36 37 38 39 40 41
 42 43 44 45 46 47 48 49 50 51 52 54 56 60 64 66 71 72 73])
Bicluster(rows=[34, 66], cols=[ 2  4  6  7 16 21 23 24 25 26 28 32 34 41 42 43 46 50 62 63 70 71 74])
Bicluster(rows=[34, 67], cols=[ 1  6  9 11 12 13 19 28 34 38 40 41 48 53 55 56 57 58 61 64 65 67 68 69
 71 73])
Bicluster(rows=[34, 68], cols=[ 1  3  4  5  6  8 10 16 18 20 21 22 26 27 28 29 30 31 40 46 48 51 52 53
 58 59 60 61 62 63 67 68 70 73 74])
Bicluster(rows=[34, 69], cols=[ 1  2  3  5  7 10 13 15 16 20 22 24 25 28 30 35 37 38 39 40 41 42 43 45
 48 53 55 56 57 58 61 64 65 67 68 69 71 73])
Bicluster(rows=[34, 70], cols=[ 6 10 11 12 14 19 21 27 28 29 33 34 37 39 41 45 46 48 52 53 55 56 57 59
 60 62 65 66 68 70 72])
Bicluster(rows=[34, 71], cols=[ 5  6  8 12 13 16 17 30 36 39 40 46 52 53 59 60 62 65 66 68 70 72])
Bicluster(rows=[34, 72], cols=[ 0  2  4  6  9 14 16 22 23 26 27 28 32 34 36 38 42 49 51 53 58 59 61 63
 67 68 70 73 74])
Bicluster(rows=[34, 73], cols=[ 4  6  8  9 12 14 15 16 18 19 23 29 32 33 38 40 42 48 49 51 53 55 57 58
 60 61 63 65 68 70 73 74])
Bicluster(rows=[34, 74], cols=[ 1  4 12 15 16 17 20 25 27 30 32 34 38 42 46 53 55 57 58 61 68 73])
Bicluster(rows=[34, 75], cols=[ 2  8  9 10 11 13 19 27 30 31 32 33 36 38 40 41 46 53 55 56 57 58 61 64
 65 67 68 69 71 73])
Bicluster(rows=[34, 76], cols=[ 1  4  5  6  7  8 10 11 16 20 22 25 26 28 31 32 33 36 37 38 40 44 46 47
 49 55 56 57 58 64 65 67 68 73])
Bicluster(rows=[34, 77], cols=[ 0  1  9 10 11 12 15 18 20 21 24 26 27 29 31 32 33 35 37 41 47 49 52 53
 55 56 57 58 61 63 64 65 67 68 69 71 73])
Bicluster(rows=[34, 78], cols=[ 0  4  9 11 13 15 17 19 20 21 27 28 30 31 35 37 45 53 55 56 57 58 61 64
 65 67 68 69 73])
Bicluster(rows=[34, 79], cols=[ 0  2  5  8  9 10 11 12 13 14 15 17 19 21 23 26 28 29 30 32 37 39 40 41
 47 49 61 62 64 66 70 72])
Bicluster(rows=[34, 80], cols=[ 4  6 10 14 15 19 21 24 25 27 28 29 30 33 36 37 40 46 48 49 55 57 58 61
 67 68 71 73])
Bicluster(rows=[34, 81], cols=[ 1  2  6  8 16 19 22 23 24 25 29 30 32 39 40 47 48 52 53 56 57 61 63 65
 68 70 74])
Bicluster(rows=[34, 82], cols=[ 1  3  5  7 10 11 12 15 16 17 20 21 22 27 28 30 34 36 39 51 53 58 59 60
 61 63 67 68 70 73 74])
Bicluster(rows=[34, 83], cols=[ 0  6  7  8 11 12 14 15 17 19 20 25 27 28 31 32 41 45 52 53 55 56 57 61
 63 65 68 70 74])
Bicluster(rows=[34, 84], cols=[ 2  4  5  7 10 11 12 19 22 23 25 30 36 38 39 42 43 49 52 56 61 65])
Bicluster(rows=[34, 85], cols=[ 2  4  5  6 16 19 20 24 26 28 29 34 35 36 37 47 48 49 53 55 56 57 58 61
 64 65 67 68 69 71 73])
Bicluster(rows=[34, 86], cols=[ 1  7  9 14 15 19 21 25 26 27 28 32 35 37 38 41 45 52 53 56 64 65 67 68
 73])
Bicluster(rows=[34, 87], cols=[ 0  8  9 13 18 19 21 28 29 31 32 34 41 45 48 51 52 53 55 57 58 59 60 61
 62 63 65 68 70 73 74])
Bicluster(rows=[34, 88], cols=[ 5  6  9 13 15 16 17 19 20 22 24 25 28 30 37 39 41 45 48 49 52 53 57 58
 59 60 61 62 65 66 68 70 72])
Bicluster(rows=[34, 89], cols=[ 2  9 10 11 12 13 15 16 18 20 21 22 25 27 28 29 34 36 38 49 51 52 53 58
 59 60 61 63 67 68 70 73 74])
Bicluster(rows=[34, 90], cols=[ 4  6 12 13 15 20 22 23 25 28 29 30 33 34 39 40 47 48 52 53 55 56 57 61
 63 65 68 74])
Bicluster(rows=[34, 91], cols=[ 0  1  6 12 14 15 17 21 22 23 28 31 32 33 35 36 40 41 43 45 46 53 56 57
 58 64 65 67 68 73])
Bicluster(rows=[34, 92], cols=[ 1  4  7  8 14 15 19 20 21 22 23 24 25 26 27 30 31 34 39 41 45 49 69 71])
Bicluster(rows=[34, 93], cols=[ 4  5  9 10 12 17 19 24 25 26 29 30 32 34 36 39 40 41 43 44 45 46 49 61
 62 66 67 70 72 73])
Bicluster(rows=[34, 94], cols=[ 2  4  6  8  9 10 14 15 17 18 21 22 28 30 31 33 36 37 39 41 43 45 48 49
 52 53 56 57 61 64 65 68 69 71 73])
Bicluster(rows=[34, 95], cols=[ 0  3  5  7 11 13 15 16 17 20 21 23 24 25 27 29 33 36 38 40 42 45 46 47
 48 50 51 62 63 70 74])
Bicluster(rows=[34, 96], cols=[ 2  5  6  7 10 12 15 16 17 20 22 23 24 27 29 30 32 34 36 38 39 40 41 45
 48 50 51 62 63 70 74])
Bicluster(rows=[34, 97], cols=[ 0  2  4  6  9 11 12 15 18 21 27 28 30 31 35 37 41 45 46 53 55 56 57 58
 61 64 65 67 68 69 71 73])
Bicluster(rows=[34, 98], cols=[ 0  5  7  9 11 12 14 15 16 20 21 22 23 25 26 33 34 37 38 39 40 43 49 52
 53 55 56 57 58 61 63 65 68 71 73 74])
Bicluster(rows=[34, 99], cols=[ 5  6  9 15 21 22 23 30 33 37 39 41 43 45 46 48 52 53 55 61 62 63 64 67
 69 70 71])
Bicluster(rows=[35, 36], cols=[ 2  3  4  6  7  9 11 14 17 24 25 26 27 28 29 30 31 32 33 34 35 36 37 38
 39 40 41 42 43 44 45 46 47 48 49 51 57 63 65 69 70 72 74])
Bicluster(rows=[35, 37], cols=[ 0  2  4  7  8 11 12 13 14 15 16 18 19 22 23 26 27 28 30 31 32 33 34 35
 37 40 41 44 45 46 48 49 51 52 53 58 59 61 64 66 68 69 72 73])
Bicluster(rows=[35, 38], cols=[ 6  8  9 17 19 21 25 26 27 28 29 30 31 32 33 34 35 36 37 38 39 40 41 42
 43 44 45 46 47 48 49 50 52 53 54 55 57 60 62 66 67 69 72 74])
Bicluster(rows=[35, 39], cols=[ 2  3  5  6  8 12 13 16 17 19 28 31 33 34 37 40 41 45 51 53 59 60 61 64
 65 66 67 74])
Bicluster(rows=[35, 40], cols=[ 1  2  4  7  9 10 11 12 13 18 23 24 25 26 27 28 29 30 31 32 33 34 35 36
 37 38 39 40 41 42 43 44 45 46 47 48 49 58 60 63 64 66 70 71 72])
Bicluster(rows=[35, 41], cols=[ 0  4  7  8  9 11 12 13 15 16 17 19 20 22 23 24 25 26 27 28 29 30 31 32
 33 34 35 36 37 38 39 40 41 42 43 44 45 46 47 48 49 51 52 53 57 59 60 61
 62 64 66 67 70 71 72 73])
Bicluster(rows=[35, 42], cols=[ 0  1  2  4  5  6  7  9 12 13 17 22 24 25 26 27 28 29 30 31 32 33 34 35
 36 37 38 39 40 41 42 43 44 45 46 47 48 49 52 56 60 61 62 65 69])
Bicluster(rows=[35, 43], cols=[ 1  4  7 10 13 14 15 24 25 26 27 28 29 30 31 32 33 34 35 36 37 38 39 40
 41 42 43 44 45 46 47 48 49 55 59 60 64 65 66 68 72])
Bicluster(rows=[35, 44], cols=[ 1  2  3  4  5  7  8 10 12 13 15 18 20 25 26 27 28 29 30 31 32 33 34 35
 36 37 38 39 40 41 42 43 44 45 46 47 48 49 51 53 59 62 64 65 67 69])
Bicluster(rows=[35, 45], cols=[ 3  5  6  8 10 11 12 13 15 16 17 19 20 24 25 26 27 28 29 30 31 32 33 34
 35 36 37 38 39 40 41 42 43 44 45 46 47 48 49 50 53 54 56 57 59 60 63 65
 66 67 70 72 74])
Bicluster(rows=[35, 46], cols=[ 0  1  3  4  5  8 11 12 13 17 18 19 22 23 24 25 26 27 28 29 30 31 32 33
 34 35 36 37 38 39 40 41 42 43 44 45 46 47 48 49 50 54 56 57 59 60 63 65
 67 70])
Bicluster(rows=[35, 47], cols=[ 1  7 10 11 19 20 22 24 25 26 27 28 29 30 31 32 33 34 35 36 37 38 39 40
 41 42 43 44 45 46 47 48 49 52 53 62 63 69 70 72 73])
Bicluster(rows=[35, 48], cols=[ 0  1  3  5  6  7  8  9 10 16 18 22 25 26 27 28 29 30 31 32 33 34 35 36
 37 38 39 40 41 42 43 44 45 46 47 48 49 50 51 54 55 56 57 59 60 67 71 74])
Bicluster(rows=[35, 49], cols=[ 3  4  5  9 10 17 22 25 26 27 28 29 30 31 32 33 34 35 36 37 38 39 40 41
 42 43 44 45 46 47 48 49 56 57 61 67 69 71 74])
Bicluster(rows=[35, 50], cols=[ 1  2  7 12 13 15 18 22 23 24 27 30 32 33 34 37 39 40 46 48 49 52 53 58
 59 62 66 67 73])
Bicluster(rows=[35, 51], cols=[ 8  9 10 12 13 15 17 21 22 25 26 27 28 29 30 31 32 33 34 35 36 37 38 39
 40 41 42 43 44 45 46 47 48 49 50 52 58 59 60 61 65 66 68 69 71 72 73])
Bicluster(rows=[35, 52], cols=[ 0  3  9 11 13 14 15 16 17 20 26 27 28 30 31 32 33 34 37 39 40 41 44 45
 46 48 49 51 53 56 57 64 65 66 68 70 71 72 73])
Bicluster(rows=[35, 53], cols=[ 5 10 11 12 16 18 19 22 25 26 27 28 29 30 31 32 33 34 35 36 37 38 39 40
 41 42 43 44 45 46 47 48 49 54 56 58 60 62 65 66 69 70 71 72 74])
Bicluster(rows=[35, 54], cols=[10 11 13 18 19 21 24 25 26 27 28 29 30 31 32 33 34 35 36 37 38 39 40 41
 42 43 44 45 46 47 48 49 50 53 58 64 67 70 74])
Bicluster(rows=[35, 55], cols=[ 0  2  3  4  5  7  9 13 16 17 19 20 21 23 26 28 31 33 35 37 41 44 45 52
 59 60 62 63 65 67 69 72])
Bicluster(rows=[35, 56], cols=[ 0  2  3  5  6  9 11 12 13 16 17 18 19 20 23 24 25 26 27 28 29 30 31 32
 33 34 35 36 37 38 39 40 41 42 43 44 45 46 47 48 49 50 51 54 56 57 60 61
 63 65 66 69 72 74])
Bicluster(rows=[35, 57], cols=[ 1  2 11 13 14 15 17 18 22 23 24 25 26 27 28 29 30 31 32 33 34 35 36 37
 38 39 40 41 42 43 44 45 46 47 48 49 50 52 55 57 59 62 63 64 66 68 69 70
 72 73])
Bicluster(rows=[35, 58], cols=[ 0  1  3  4  8  9 10 17 18 22 23 25 26 27 28 29 30 31 32 33 34 35 36 37
 38 39 40 41 42 43 44 45 46 47 48 49 50 51 55 59 63 67 69 71 74])
Bicluster(rows=[35, 59], cols=[ 6 10 14 16 17 21 25 26 27 28 29 30 31 32 33 34 35 36 37 38 39 40 41 42
 43 44 45 46 47 48 49 56 58 60 66 68 71 72])
Bicluster(rows=[35, 60], cols=[ 1  3  9 10 12 13 15 17 18 19 20 23 25 26 27 28 29 30 31 32 33 34 35 36
 37 38 39 40 41 42 43 44 45 46 47 48 49 51 53 54 65 67 68 74])
Bicluster(rows=[35, 61], cols=[ 1  5  7 11 15 18 19 22 24 27 30 32 34 40 46 48 49 51 52 53 59 62 63 68
 69 72 73])
Bicluster(rows=[35, 62], cols=[ 0  1  3  5  9 10 16 18 20 23 25 26 27 28 29 30 31 32 33 34 35 36 37 38
 39 40 41 42 43 44 45 46 47 48 49 50 51 54 56 57 59 61 65 66 67 71 72 74])
Bicluster(rows=[35, 63], cols=[ 0  3  4  7  8 11 12 13 16 17 22 23 24 27 30 32 34 40 46 48 49 51 53 58
 59 62 63 66 70 72])
Bicluster(rows=[35, 64], cols=[ 1  2  4  5  8  9 11 12 13 15 16 17 18 19 20 22 24 25 26 27 28 29 30 31
 32 33 34 35 36 37 38 39 40 41 42 43 44 45 46 47 48 49 50 52 53 54 56 57
 59 60 61 62 63 64 65 66 67 68 69 70])
Bicluster(rows=[35, 65], cols=[ 0  2  7  8 10 11 12 13 15 16 18 19 20 22 26 27 28 31 32 33 34 35 37 40
 41 44 45 49 56 58 63 66 69 70 71 72])
Bicluster(rows=[35, 66], cols=[ 1  3  5  6  9 11 13 17 20 27 30 32 33 34 38 39 44 46 47 51 55 71 74])
Bicluster(rows=[35, 67], cols=[ 2  4  7 11 13 14 15 16 17 19 20 23 24 25 27 28 29 30 34 36 41 42 43 46
 49 52 53 58 62 64 66 68 69 70 72 73])
Bicluster(rows=[35, 68], cols=[ 1  4  6 11 13 14 17 20 26 27 28 29 30 31 32 40 46 48 50 54 56 57 59 62
 63 64 65 66 69 70 72])
Bicluster(rows=[35, 69], cols=[ 0  5  9 10 11 12 17 18 19 20 25 30 33 34 35 40 41 43 45 49 50 56 57 59
 60 65 67 71 74])
Bicluster(rows=[35, 70], cols=[ 0  3  8  9 12 13 16 18 19 20 27 28 29 33 34 37 39 45 46 48 49 52 53 57
 59 60 62 63 64 66 68 70])
Bicluster(rows=[35, 71], cols=[ 0  4  7 14 15 16 18 22 26 29 31 41 42 44 45 48 49 50 54 55 61 63 65 66
 67 69 70 72])
Bicluster(rows=[35, 72], cols=[ 2  3  4  5  6  8  9 23 24 25 26 28 32 34 36 38 42 49 50 56 57 59 62 63
 64 65 66 69 70 72])
Bicluster(rows=[35, 73], cols=[ 0  1  2  5  7 12 15 16 17 19 22 24 27 34 36 37 41 43 47 48 49 50 51 54
 56 57 59 60 61 65 67 74])
Bicluster(rows=[35, 74], cols=[ 1  2  3  4  5  9 11 24 25 28 30 40 42 45 50 51 54 56 57 59 60 61 65 67
 71 74])
Bicluster(rows=[35, 75], cols=[ 0  1  4  5  6  7  8 10 11 12 13 17 18 19 20 21 22 23 24 29 30 32 34 39
 42 43 46 47 50 54 56 57 61 65 67 69 72])
Bicluster(rows=[35, 76], cols=[ 0  3  5  6  7 10 12 13 17 19 20 23 24 26 28 31 32 33 34 36 37 38 39 40
 46 47 48 49 50 54 57 59 61 65 67 71 74])
Bicluster(rows=[35, 77], cols=[ 0  1  2  3  9 11 12 15 16 22 24 25 26 27 31 32 33 34 35 38 41 46 47 49
 51 52 53 58 62 63 64 66 68 69 70 72 73])
Bicluster(rows=[35, 78], cols=[ 1  2  5  6  7  8 11 13 14 15 19 22 23 27 29 33 36 37 38 39 41 42 43 46
 50 54 55 61 63 66 67 69 72])
Bicluster(rows=[35, 79], cols=[ 2  3  5  9 10 12 13 16 17 18 19 22 28 29 30 32 37 39 40 42 48 49 50 54
 55 61 63 66 67 69 70])
Bicluster(rows=[35, 80], cols=[ 1  3  8  9 10 14 18 19 20 21 26 27 31 32 39 42 44 46 49 51 55 67 71 74])
Bicluster(rows=[35, 81], cols=[ 1  2  3  5  7 12 16 18 22 23 24 36 37 49 50 54 56 57 59 61 63 65 66 69
 72])
Bicluster(rows=[35, 82], cols=[ 3  5  6 15 16 17 18 19 21 22 23 36 37 40 43 44 46 48 49 51 52 53 58 62
 63 64 66 68 69 70 72])
Bicluster(rows=[35, 83], cols=[ 1  2  4  5  6  7  8 11 12 13 16 17 19 25 27 30 32 34 39 41 42 47 49 52
 53 58 62 63 64 66 68 69 70 72 73])
Bicluster(rows=[35, 84], cols=[ 2 15 23 27 29 32 34 37 39 42 43 47 50 54 55 61 63 66 67 69 70 72])
Bicluster(rows=[35, 85], cols=[ 3  5  6  7 11 12 15 16 18 20 22 28 31 32 33 34 37 38 39 43 46 48 49 50
 51 54 56 57 59 60 61 65 67 71 74])
Bicluster(rows=[35, 86], cols=[ 0  2  3  5  6  9 11 12 13 16 17 19 20 22 24 27 29 32 33 36 37 39 40 43
 44 46 47 49 54 55 61 63 66 67 69 72])
Bicluster(rows=[35, 87], cols=[ 0  1  2  4  6  7  8 12 13 15 16 17 19 22 23 24 25 30 32 37 38 40 42 43
 47 48 50 51 54 56 57 59 60 61 65 67 71 74])
Bicluster(rows=[35, 88], cols=[ 5  6  7  9 14 17 18 19 20 21 22 24 25 28 30 37 39 41 45 48 49 52 56 57
 59 62 63 64 65 66 70])
Bicluster(rows=[35, 89], cols=[ 4  6  7  8 12 13 21 22 23 27 31 32 33 37 45 47 49 50 54 56 57 59 61 65
 67 71 74])
Bicluster(rows=[35, 90], cols=[ 0  4  6 12 25 28 30 33 34 39 40 48 52 53 58 64 68 69 70])
Bicluster(rows=[35, 91], cols=[ 3  5  7 10 11 12 15 16 18 20 22 24 25 28 31 32 33 34 35 40 41 43 45 49
 52 53 54 58 61 68 71 74])
Bicluster(rows=[35, 92], cols=[ 0  1  4  5  7  8 15 18 19 22 23 24 25 26 31 32 39 41 47 49 50 51 54 56
 61 67])
Bicluster(rows=[35, 93], cols=[ 3  5  7  8  9 12 15 17 19 22 23 26 29 30 32 34 36 39 40 41 43 44 45 46
 49 50 54 55 61 62 63 66 67 69 70])
Bicluster(rows=[35, 94], cols=[ 2  5  7 14 15 17 19 20 21 22 23 27 30 32 39 40 43 47 48 49 50 54 55 61
 62 63 66 67 69 70])
Bicluster(rows=[35, 95], cols=[ 2  3  5  7 15 16 19 21 23 24 25 28 29 36 37 42 47 50 54 55 56 61 63 65
 66 67 69 70 72])
Bicluster(rows=[35, 96], cols=[ 2  6  8 10 11 12 13 17 18 19 20 23 27 29 30 32 34 36 38 39 40 41 42 45
 48 52 53 58 62 63 64 66 68 69 70 72 73])
Bicluster(rows=[35, 97], cols=[ 0  3  4  6 10 11 12 15 18 20 24 28 31 32 33 35 37 40 41 42 47 49 51 52
 53 58 62 64 68 69 70 73])
Bicluster(rows=[35, 98], cols=[ 0  3  8  9 12 17 25 26 33 34 36 37 38 39 40 43 49 52 53 58 62 63 64 66
 68 69 70 72])
Bicluster(rows=[35, 99], cols=[ 0  8  9 13 23 30 33 37 41 43 45 46 48 51 52 53 56 57 62 63 65 66 69 71
 74])
Bicluster(rows=[36, 37], cols=[ 0  2  4 11 13 14 17 21 25 26 27 28 29 30 31 32 33 34 35 36 37 38 39 40
 41 42 43 44 45 46 47 48 49 51 54 55 64 66 68 69 70 71 72])
Bicluster(rows=[36, 38], cols=[ 2  3  5  9 13 15 20 22 23 24 27 29 30 32 34 38 39 40 42 43 46 48 49 52
 53 55 59 61 63 67 68 70 71 72])
Bicluster(rows=[36, 39], cols=[ 3  4  6 10 13 17 21 23 27 28 29 30 32 33 34 36 37 38 39 40 41 42 43 45
 46 47 48 49 55 56 61 64 66 67 68 70 71 72 74])
Bicluster(rows=[36, 40], cols=[ 2  4  5  7  8  9 10 11 13 20 21 24 25 26 27 28 29 30 31 32 33 34 35 36
 37 38 39 40 41 42 43 44 45 46 47 48 49 52 53 54 55 59 63 64 66 67 70 72
 73])
Bicluster(rows=[36, 41], cols=[ 0  4  7  9 11 13 18 21 24 25 26 27 28 29 30 31 32 33 34 35 36 37 38 39
 40 41 42 43 44 45 46 47 48 49 54 68 70 71 72])
Bicluster(rows=[36, 42], cols=[ 2  4  6  8  9 13 21 24 25 26 27 28 29 30 31 32 33 34 35 36 37 38 39 40
 41 42 43 44 45 46 47 48 49 50 53 54 61 62 65 67 68 69 73])
Bicluster(rows=[36, 43], cols=[ 0  4  7 12 13 14 17 20 23 24 25 26 27 28 29 30 31 32 33 34 35 36 37 38
 39 40 41 42 43 44 45 46 47 48 49 52 53 54 56 64 65 66 67 68 71 72 73])
Bicluster(rows=[36, 44], cols=[ 0  3  4  7  9 12 21 22 23 25 26 27 28 29 30 31 32 33 34 35 36 37 38 39
 40 41 42 43 44 45 46 47 48 49 50 51 52 53 54 60 61 65 68 73])
Bicluster(rows=[36, 45], cols=[ 3  6  9 21 22 25 26 27 28 29 30 31 32 33 34 35 36 37 38 39 40 41 42 43
 44 45 46 47 48 49 52 57 58 65 68 71 72 73 74])
Bicluster(rows=[36, 46], cols=[ 0  4  5  6  9 10 13 14 16 17 19 20 22 24 30 39 46 48 50 53 54 55 56 62
 65 66 67 68])
Bicluster(rows=[36, 47], cols=[ 0  5  6  7  8 10 11 13 18 21 24 25 26 27 28 29 30 31 32 33 34 35 36 37
 38 39 40 41 42 43 44 45 46 47 48 49 54 57 58 61 63 64 65 67 70 71 72])
Bicluster(rows=[36, 48], cols=[ 1  2  6  9 11 13 14 21 22 24 27 30 32 33 34 37 40 49 51 52 53 55 57 58
 61 63 64 66 67 68 69 70 71 73])
Bicluster(rows=[36, 49], cols=[ 1  3  4  5  9 10 16 17 18 19 20 21 23 25 26 27 28 29 30 31 32 33 34 35
 36 37 38 39 40 41 42 43 44 45 46 47 48 49 50 51 57 59 68 69 73 74])
Bicluster(rows=[36, 50], cols=[ 2  3  4  7  8  9 21 24 27 29 30 32 33 34 36 37 38 39 40 42 43 46 47 48
 49 54 55 56 61 64 66 68 69 71])
Bicluster(rows=[36, 51], cols=[ 0  1  2  4  5  6  9 10 11 16 21 23 25 26 27 28 29 30 31 32 33 34 35 36
 37 38 39 40 41 42 43 44 45 46 47 48 49 54 55 61 64 65 67 68 69 72])
Bicluster(rows=[36, 52], cols=[ 0  3  5  7  8  9 11 13 14 17 18 19 21 23 25 26 27 28 29 30 31 32 33 34
 35 36 37 38 39 40 41 42 43 44 45 46 47 48 49 51 52 54 57 58 61 63 64 65
 66 70 71 72])
Bicluster(rows=[36, 53], cols=[ 9 11 13 16 20 23 25 26 27 28 29 30 31 32 33 34 35 36 37 38 39 40 41 42
 43 44 45 46 47 48 49 52 56 59 60 61 70 73 74])
Bicluster(rows=[36, 54], cols=[ 0  1  2  5 11 20 21 22 23 24 25 26 27 28 29 30 31 32 33 34 35 36 37 38
 39 40 41 42 43 44 45 46 47 48 49 51 52 57 65 66 67 69 70 71 73 74])
Bicluster(rows=[36, 55], cols=[ 2  3  7  9 11 12 13 17 18 25 26 27 28 29 30 31 32 33 34 35 36 37 38 39
 40 41 42 43 44 45 46 47 48 49 54 57 62 63 66 67 68 69 70])
Bicluster(rows=[36, 56], cols=[ 2  3  6 10 11 21 24 25 26 27 28 29 30 31 32 33 34 35 36 37 38 39 40 41
 42 43 44 45 46 47 48 49 51 52 53 57 63 65 68 69 71 73])
Bicluster(rows=[36, 57], cols=[ 0  2  7  8 11 17 24 25 26 27 28 29 30 31 32 33 34 35 36 37 38 39 40 41
 42 43 44 45 46 47 48 49 57 60 63 68 69 70 72])
Bicluster(rows=[36, 58], cols=[ 3  4  5  9 10 12 15 16 21 25 26 27 28 29 30 31 32 33 34 35 36 37 38 39
 40 41 42 43 44 45 46 47 48 49 51 52 56 58 60 63 71 73 74])
Bicluster(rows=[36, 59], cols=[ 1  3  4  6  7 10 14 16 17 18 19 21 22 24 25 26 27 28 29 30 31 32 33 34
 35 36 37 38 39 40 41 42 43 44 45 46 47 48 49 50 52 53 55 59 61 69 71 72])
Bicluster(rows=[36, 60], cols=[ 0  4  6  7  8 11 14 23 27 30 38 39 42 43 46 48 49 51 53 54 55 56 58 62
 63 64 65 67 69 70])
Bicluster(rows=[36, 61], cols=[ 0  2  7  8  9 10 13 17 21 23 28 31 33 34 37 40 41 45 51 54 59 61 63 64
 66 67 68 74])
Bicluster(rows=[36, 62], cols=[ 3  6 12 22 25 26 27 28 29 30 31 32 33 34 35 36 37 38 39 40 41 42 43 44
 45 46 47 48 49 51 52 53 57 58 65 73 74])
Bicluster(rows=[36, 63], cols=[ 3  5 10 20 22 23 25 26 27 28 29 30 31 32 33 34 35 36 37 38 39 40 41 42
 43 44 45 46 47 48 49 51 52 56 58 73])
Bicluster(rows=[36, 64], cols=[ 0  2  4  9 11 16 17 21 24 25 26 27 28 29 30 31 32 33 34 35 36 37 38 39
 40 41 42 43 44 45 46 47 48 49 57 58 61 63 65 67 71])
Bicluster(rows=[36, 65], cols=[ 2  4  7 11 13 21 23 25 26 27 28 29 30 31 32 33 34 35 36 37 38 39 40 41
 42 43 44 45 46 47 48 49 53 55 57 61 63 66 67 68 69 70 71 72 73])
Bicluster(rows=[36, 66], cols=[ 3  4  6 10 11 12 13 16 17 21 22 27 29 30 32 33 34 35 36 39 42 43 44 45
 46 49 50 52 56 58 59 71])
Bicluster(rows=[36, 67], cols=[ 2  4  7  9 11 14 16 21 25 27 28 29 30 34 41 43 46 47 49 54 61 63 64 70
 71])
Bicluster(rows=[36, 68], cols=[ 0  4  6  9 11 13 14 17 23 26 27 28 29 30 32 40 45 46 48 53 57 60 63 65
 67 68 69 70 72])
Bicluster(rows=[36, 69], cols=[ 0  2  4  7  8  9 14 17 18 21 28 35 36 37 39 40 41 42 45 46 48 51 55 67
 68 71 74])
Bicluster(rows=[36, 70], cols=[ 3  5  9 15 16 22 23 26 27 29 31 33 34 35 39 41 44 46 48 54 61 63 64 65
 66 67 68 69 70 72])
Bicluster(rows=[36, 71], cols=[ 0  3  7 10 12 14 25 26 27 30 31 36 39 40 46 53 57 60 61 63 65 66 67 68
 69 70])
Bicluster(rows=[36, 72], cols=[ 1  4  5 11 15 17 18 19 20 21 22 23 24 25 29 31 32 36 38 40 41 45 49 52
 53 56 58 59 60 63 69 71 72 73])
Bicluster(rows=[36, 73], cols=[ 0  2  3  6  9 10 11 17 20 21 22 30 33 39 40 43 46 54 55 61 64 66 69 70])
Bicluster(rows=[36, 74], cols=[ 0  6 14 16 17 18 19 20 29 36 38 42 44 54 57 61 63 64 65 66 67 68 69 70
 72])
Bicluster(rows=[36, 75], cols=[ 0  4  9 13 14 18 22 25 27 29 31 33 37 39 40 41 42 47 49 54 55 61 63 64
 69 70 71 72])
Bicluster(rows=[36, 76], cols=[ 2  4  5  8 10 11 12 16 20 21 23 34 42 45 46 49 53 54 56 58 59 61 62 64
 65 67 68 70 73])
Bicluster(rows=[36, 77], cols=[ 2  3  4  7  8  9 10 13 17 18 20 21 22 27 32 36 37 38 42 45 46 49 50 51
 52 56 58 59 60 74])
Bicluster(rows=[36, 78], cols=[ 0  2  3  9 13 14 20 21 27 29 36 37 38 39 41 42 46 47 50 52 53 56 58 59
 63 66 69 71 72 73])
Bicluster(rows=[36, 79], cols=[ 2  3  4  7  9 11 13 17 20 21 24 25 26 28 32 35 36 38 40 41 46 48 49 50
 52 53 54 58 59 61 62 64 73])
Bicluster(rows=[36, 80], cols=[ 0  1  3  9 11 15 19 20 24 27 32 38 45 46 47 48 49 51 54 55 61 67 68 70
 71 74])
Bicluster(rows=[36, 81], cols=[ 0  6  7  8 10 12 26 27 28 30 31 32 33 35 36 39 41 42 43 48 50 51 52 56
 58 59 74])
Bicluster(rows=[36, 82], cols=[ 4  6  7  8 10 12 13 15 22 23 26 29 31 33 37 40 42 43 46 48 49 50 51 52
 56 58 59 60 74])
Bicluster(rows=[36, 83], cols=[ 0  2  3  4  9 10 11 21 22 24 26 27 33 35 36 40 42 47 50 51 52 56 58 59
 60 74])
Bicluster(rows=[36, 84], cols=[ 4  5  9 17 20 21 29 32 33 35 36 39 40 41 42 43 44 47 50 52 56 58 59 63
 66 69 71 72 73])
Bicluster(rows=[36, 85], cols=[ 2  5 12 15 17 22 25 29 32 45 47 48 49 53 57 60 61 63 65 66 67 68 69 70
 72 73])
Bicluster(rows=[36, 86], cols=[ 2  9 11 13 17 18 21 24 27 28 29 32 36 37 40 42 43 44 46 49 50 52 56 58
 59 63 66 69 71 72 73])
Bicluster(rows=[36, 87], cols=[ 6 11 12 15 20 22 23 26 28 29 31 32 34 41 45 46 48 61 63 65 67 68 69 70
 71 72])
Bicluster(rows=[36, 88], cols=[ 0  6  7  9 10 12 23 25 28 30 36 37 39 41 45 46 48 49 57 61 63 65 67 68
 69 70 72])
Bicluster(rows=[36, 89], cols=[ 0  1  2  3  5 10 12 22 23 24 25 26 27 29 32 33 36 38 41 44 49 53 57 60
 61 63 65 66 67 68 69 70 72 73])
Bicluster(rows=[36, 90], cols=[ 0  1  3  7 11 12 13 19 20 21 27 30 31 36 37 39 42 45 49 50 52 56 59 71
 72 74])
Bicluster(rows=[36, 91], cols=[ 1  3  4  5  9 15 22 26 27 28 29 30 31 33 34 37 38 40 41 42 45 47 48 50
 56 59 71 72])
Bicluster(rows=[36, 92], cols=[ 1  5 14 15 16 17 20 21 22 23 28 29 35 36 44 46 49 54 55 61 63 64 67 68
 69 70 71 72])
Bicluster(rows=[36, 93], cols=[ 0  3  4 11 18 21 25 26 29 30 32 34 36 39 40 41 43 44 46 49 52 53 56 58
 59 63 66 69 70 72 73])
Bicluster(rows=[36, 94], cols=[ 7 13 18 24 25 27 30 32 39 40 43 44 47 48 49 52 53 56 58 59 60 63 69 70
 71 72 73])
Bicluster(rows=[36, 95], cols=[ 0  2  3  4  6  7  9 10 13 17 22 24 25 28 29 36 37 42 47 52 53 56 57 58
 60 63 65 69 71 72 73])
Bicluster(rows=[36, 96], cols=[ 0  3  7  8  9 11 13 14 17 18 24 29 36 44 46 50 52 53 56 58 59 63 69 71
 72 73])
Bicluster(rows=[36, 97], cols=[ 1  3  6  7  8  9 11 16 19 21 22 23 24 28 31 32 35 37 39 40 41 42 43 47
 49 51 54 61 63 64 69 70 71])
Bicluster(rows=[36, 98], cols=[ 1  2  5  9 12 16 21 29 31 37 39 41 42 45 47 49 51 52 53 56 57 58 60 73
 74])
Bicluster(rows=[36, 99], cols=[ 4  6  7  9 13 16 17 18 24 27 29 30 32 33 37 41 43 45 46 48 49 54 57 61
 63 65 67 70 73 74])
Bicluster(rows=[37, 38], cols=[ 0  4  8  9 15 18 20 21 22 23 25 26 27 28 29 30 31 32 33 34 35 36 37 38
 39 40 41 42 43 44 45 46 47 48 49 51 52 59 62 65 71 72])
Bicluster(rows=[37, 39], cols=[ 2  5 12 13 16 17 19 20 22 25 26 27 28 29 30 31 32 33 34 36 37 38 39 40
 41 42 43 44 45 46 47 48 49 52 53 55 58 60 62 65 66 70 71 72])
Bicluster(rows=[37, 40], cols=[ 6  7 11 12 13 15 18 19 23 25 26 27 28 29 30 31 32 33 34 35 36 37 38 39
 40 41 42 43 44 45 46 47 48 49 50 54 55 56 58 62 64 66 67 70 72 74])
Bicluster(rows=[37, 41], cols=[ 0  1  3  5  6  7  9 10 11 12 13 16 20 21 23 26 27 28 30 31 32 33 34 35
 37 39 40 41 44 45 46 48 49 50 52 53 54 57 58 59 62 64 65 66 71 73 74])
Bicluster(rows=[37, 42], cols=[ 0  3  4  7 10 12 13 20 21 25 26 27 28 29 30 31 32 33 34 35 36 37 38 39
 40 41 42 43 44 45 46 47 48 49 52 54 55 57 58 59 61 67 69])
Bicluster(rows=[37, 43], cols=[ 0  5  6  8 13 14 15 17 19 22 25 26 27 28 29 30 31 32 33 34 35 36 37 38
 39 40 41 42 43 44 45 46 47 48 49 50 54 57 58 59 62 64 66 68 71 72 74])
Bicluster(rows=[37, 44], cols=[ 0  6  8  9 15 18 21 26 27 28 29 30 31 32 33 34 35 36 37 38 39 40 41 42
 43 44 45 46 47 48 49 51 54 56 62 64 65])
Bicluster(rows=[37, 45], cols=[ 0  2  3  4  5  6 10 11 13 14 15 17 19 23 24 26 31 35 44 50 52 53 55 56
 57 58 60 61 62 63 64 65 66 68 69])
Bicluster(rows=[37, 46], cols=[ 0  1  3  4  5  6  8  9 10 11 13 18 19 20 22 23 26 28 31 33 35 37 41 44
 45 50 52 55 56 57 59 62 63 65 68 71 72 74])
Bicluster(rows=[37, 47], cols=[ 0  2  3  4  7  9 12 15 17 19 21 22 23 25 26 27 28 29 30 31 32 33 34 35
 36 37 38 39 40 41 42 43 44 45 46 47 48 49 52 54 56 60 62 64 65 70 71 72
 73])
Bicluster(rows=[37, 48], cols=[ 6  7  9 10 11 12 16 18 19 21 23 26 31 35 44 50 52 54 56 57 58 59 61 62
 68 69 70 71 73])
Bicluster(rows=[37, 49], cols=[ 0  1  2  6 11 19 20 23 24 27 29 30 32 33 34 37 38 39 40 42 43 46 48 49
 50 52 58 59 60 66 70 71 72])
Bicluster(rows=[37, 50], cols=[ 6  9 10 19 23 25 27 28 29 30 32 33 34 36 37 38 39 40 42 43 45 46 47 48
 49 52 54 55 58 59 60 62 64 65 66 69 71 73])
Bicluster(rows=[37, 51], cols=[ 2  3  4  6  8  9 11 12 13 18 20 21 22 23 25 26 27 28 29 30 31 32 33 34
 35 36 37 38 39 40 41 42 43 44 45 46 47 48 49 52 53 54 55 56 57 58 59 61
 65 66 68 69 72 73 74])
Bicluster(rows=[37, 52], cols=[ 0  6 10 11 12 13 14 15 16 21 23 25 26 27 28 29 30 31 32 33 34 35 36 37
 38 39 40 41 42 43 44 45 46 47 48 49 50 51 53 54 56 59 60 64 65 66 67 68
 70 71 72 73 74])
Bicluster(rows=[37, 53], cols=[ 1  2 14 18 19 20 25 29 36 38 39 42 43 46 47 51 52 53 55 56 57 61 62 63
 65 67 70 72])
Bicluster(rows=[37, 54], cols=[ 2  3  9 11 12 19 21 25 26 27 28 29 30 31 32 33 34 35 36 37 38 39 40 41
 42 43 44 45 46 47 48 49 51 53 56 58 59 60 64 65 69 71])
Bicluster(rows=[37, 55], cols=[ 0  2  3  4  5  7  8 10 11 17 19 20 23 25 26 27 28 29 30 31 32 33 34 35
 36 37 38 39 40 41 42 43 44 45 46 47 48 49 50 54 55 56 63 64 65 66 68 69
 70 74])
Bicluster(rows=[37, 56], cols=[ 0  2  8 11 12 13 16 19 20 21 23 24 26 28 31 32 33 34 35 37 40 41 44 45
 51 56 57 58 61 64 65 66 68 69 70 71 72])
Bicluster(rows=[37, 57], cols=[ 0  3  4  6 12 18 19 23 25 26 27 28 29 30 31 32 33 34 35 36 37 38 39 40
 41 42 43 44 45 46 47 48 49 50 52 53 56 58 59 62 64 67 68 69 70 71 72])
Bicluster(rows=[37, 58], cols=[ 0  2  3  6  8  9 12 13 15 18 19 20 27 29 30 38 39 42 43 46 48 49 50 52
 53 57 58 59 65 66 68 71 72])
Bicluster(rows=[37, 59], cols=[12 14 16 18 20 21 23 24 25 26 27 28 29 30 31 32 33 34 35 36 37 38 39 40
 41 42 43 44 45 46 47 48 49 55 56 57 58 61 67 68 69 70 71 72 74])
Bicluster(rows=[37, 60], cols=[13 18 23 25 26 27 28 29 30 31 32 33 34 35 36 37 38 39 40 41 42 43 44 45
 46 47 48 49 51 56 68 70 71])
Bicluster(rows=[37, 61], cols=[ 1  3  6  7  9 14 15 17 18 20 22 23 27 29 30 32 34 36 38 39 40 42 43 46
 47 48 49 50 51 53 54 55 58 59 67 68 69 70 72 73])
Bicluster(rows=[37, 62], cols=[ 1  3  4  5  8  9 10 11 12 13 15 19 20 24 26 35 44 50 52 53 54 55 58 62
 64 65 66 67 68 69 73 74])
Bicluster(rows=[37, 63], cols=[ 0  1  4  5  6  7  8 13 14 16 18 19 20 21 22 23 27 29 30 32 34 38 39 40
 42 43 46 48 49 51 53 55 56 57 58 59 60 62 66 69 71 72 74])
Bicluster(rows=[37, 64], cols=[ 1  2  3  4  6  8  9 10 12 13 16 17 18 19 20 21 22 24 26 27 28 30 31 32
 33 34 35 37 40 41 44 45 48 49 50 52 53 55 56 57 64 65 69 70 71])
Bicluster(rows=[37, 65], cols=[ 0  2  3  5  6  7 10 11 12 13 15 16 17 18 19 20 21 22 25 26 27 28 29 30
 31 32 33 34 35 36 37 38 39 40 41 42 43 44 45 46 47 48 49 50 52 56 58 62
 63 65 66 67 68 69 71])
Bicluster(rows=[37, 66], cols=[ 9 10 12 14 18 19 22 26 28 29 30 31 32 34 36 37 39 41 42 43 45 46 50 51
 52 53 58 60 62 64 65 68 70 71 72])
Bicluster(rows=[37, 67], cols=[ 0  1 12 14 15 16 18 21 23 27 28 30 34 39 41 43 46 47 49 50 51 52 53 58
 60 62 64 65 68 71 72])
Bicluster(rows=[37, 68], cols=[ 1  4  5  8  9 10 11 13 14 17 18 20 22 25 26 31 36 39 42 43 47 49 50 52
 56 57 58 59 64 65 66 68 69 74])
Bicluster(rows=[37, 69], cols=[ 2  5  6  9 11 14 17 19 20 21 28 29 35 36 37 41 45 46 47 50 51 52 55 56
 57 58 60 62 64 65 68 70 71 72])
Bicluster(rows=[37, 70], cols=[ 0  8  9 10 12 13 16 18 19 20 25 28 30 32 34 36 37 38 40 42 43 45 47 49
 50 53 54 55 56 57 58 63 65 66 67 68 73 74])
Bicluster(rows=[37, 71], cols=[ 0  1  4  5 14 15 16 18 22 24 25 26 27 30 31 36 39 40 41 44 46 49 61 62
 64 66 69 70 71])
Bicluster(rows=[37, 72], cols=[ 0  2  3  4  5  6  9 20 22 24 26 28 30 33 39 48 50 53 54 55 56 57 58 59
 63 65 67 68 73 74])
Bicluster(rows=[37, 73], cols=[ 0  1  2  3  6  7 10 12 14 15 16 19 21 23 25 27 29 34 35 37 38 41 42 51
 56 59 61 62 64 70 71 72])
Bicluster(rows=[37, 74], cols=[ 1  2  4  6  8 11 13 18 24 27 28 32 34 36 40 43 45 51 52 55 56 57 59 62
 64 68 70 71 72])
Bicluster(rows=[37, 75], cols=[ 0  2  3  6  8 10 14 15 16 20 23 25 27 29 31 33 37 39 40 41 42 43 47 49
 50 51 52 55 57 58 60 62 64 65 68 70 71 72])
Bicluster(rows=[37, 76], cols=[ 0  4  5  7  8 10 12 13 14 17 19 20 21 24 26 27 28 29 31 32 33 37 40 42
 43 44 50 52 55 56 57 58 60 61 65 68 70])
Bicluster(rows=[37, 77], cols=[ 1  6 10 12 16 19 22 26 30 31 32 33 34 35 36 38 41 42 46 50 52 53 54 55
 57 58 60 62 64 65 68 69 71 72])
Bicluster(rows=[37, 78], cols=[ 4  6  8 16 17 19 20 28 29 31 32 35 36 38 39 40 42 43 45 46 47 49 50 51
 52 55 56 57 58 60 62 64 65 68 70 71])
Bicluster(rows=[37, 79], cols=[ 6  8 12 16 18 22 26 28 29 30 32 35 36 37 38 39 40 41 46 47 48 49 61 62
 63 64 66 74])
Bicluster(rows=[37, 80], cols=[ 0  1  3  7  9 11 12 13 14 20 23 25 36 43 50 52 56 57 58 64 65 68 69])
Bicluster(rows=[37, 81], cols=[ 3  4  9 11 12 18 21 30 32 36 39 40 42 43 46 50 51 52 55 56 57 58 60 62
 64 65 68 70 71 72])
Bicluster(rows=[37, 82], cols=[ 0  1  9 10 12 15 16 18 19 20 22 23 24 29 37 40 42 43 44 46 49 50 51 52
 55 57 58 60 62 64 65 68 69 71 72])
Bicluster(rows=[37, 83], cols=[ 8  9 10 12 13 16 20 21 27 28 30 31 32 34 36 38 39 41 42 45 47 48 49 50
 53 54 58 60 65 66 67 69 72 73])
Bicluster(rows=[37, 84], cols=[ 0  1  2  6  8  9 13 16 18 20 21 24 28 29 30 36 42 43 45 46 47 49 50 51
 52 55 57 58 60 62 64 65 68 70 71 72])
Bicluster(rows=[37, 85], cols=[ 0  2  4  5  8 14 15 19 20 25 26 27 31 33 35 50 51 52 55 56 57 58 60 62
 64 65 68 70 71 72])
Bicluster(rows=[37, 86], cols=[ 1  3  8 16 25 26 27 28 29 31 32 34 35 41 42 45 46 49 50 52 56 57 58 60
 61 65 68 70])
Bicluster(rows=[37, 87], cols=[ 6  8 14 19 27 28 30 31 34 36 38 41 43 45 49 50 52 53 54 55 56 57 58 63
 65 66 67 68 73 74])
Bicluster(rows=[37, 88], cols=[ 3  5  7 14 18 19 20 22 28 36 37 39 41 42 45 46 48 50 52 53 54 56 57 58
 59 63 65 67 68 73 74])
Bicluster(rows=[37, 89], cols=[ 0  2  3  4  5  7 10 12 13 16 17 22 40 42 48 50 51 52 55 56 57 58 62 64
 65 68 70 71 72])
Bicluster(rows=[37, 90], cols=[ 1  9 16 18 19 20 24 28 30 33 34 36 39 42 48 49 50 51 52 55 56 57 58 60
 62 64 65 68 70 71 72])
Bicluster(rows=[37, 91], cols=[ 1  8 11 12 16 17 18 20 22 27 30 34 37 38 39 42 48 49 50 51 52 57 58 60
 62 64 65 68 70])
Bicluster(rows=[37, 92], cols=[ 6  8 10 11 12 13 16 18 21 27 28 29 30 34 36 37 39 47 52 55 56 57 59 62
 64 65 68 71 72])
Bicluster(rows=[37, 93], cols=[ 0  1  6  7  8 11 15 21 23 25 26 29 30 31 32 34 36 39 40 41 43 44 46 49
 61 62 64 66 69 70 74])
Bicluster(rows=[37, 94], cols=[ 2  4  8 16 19 23 25 28 31 33 34 37 39 41 42 45 46 47 50 51 52 58 60 62
 64 65 68 70 71])
Bicluster(rows=[37, 95], cols=[ 1  2  3  4 10 18 19 22 23 25 27 32 33 36 38 40 42 45 46 47 48 50 51 52
 55 57 58 60 62 64 65 68 70 71 72])
Bicluster(rows=[37, 96], cols=[ 0  8  9 18 23 25 27 28 30 31 32 34 36 38 39 40 41 42 43 45 47 48 50 52
 53 54 58 60 62 64 65 68 69 71 72])
Bicluster(rows=[37, 97], cols=[ 4  9 12 15 16 18 23 28 31 32 33 35 38 39 40 41 42 43 47 48 49 50 51 52
 53 58 60 62 64 65 68 71 72])
Bicluster(rows=[37, 98], cols=[ 5  6  7  8 12 13 18 20 23 26 29 30 33 34 35 36 37 39 40 42 47 49 50 52
 55 56 57 58 60 62 64 65 68 69 70 71 72])
Bicluster(rows=[37, 99], cols=[ 0  3  4  5  9 10 13 16 17 21 23 24 25 27 32 36 38 40 42 47 50 54 55 56
 57 64 65 66 68 69 71 72])
Bicluster(rows=[38, 39], cols=[ 0  1  3  7 10 17 22 27 28 29 30 32 33 34 37 38 39 40 41 42 43 45 46 48
 49 50 52 54 56 59 62 65 68 69 71 74])
Bicluster(rows=[38, 40], cols=[ 0  6  7  9 11 12 13 16 17 20 21 24 27 30 32 34 38 39 40 43 46 48 49 52
 53 55 56 58 59 60 62 63 65 70 72])
Bicluster(rows=[38, 41], cols=[ 3  5  8  9 14 17 18 19 21 23 25 26 27 28 29 30 31 32 33 34 35 36 37 38
 39 40 41 42 43 44 45 46 47 48 49 52 53 59 60 62 65 66 67 68 69 71])
Bicluster(rows=[38, 42], cols=[ 2  3  5  6  9 11 14 20 21 25 26 27 28 29 30 31 32 33 34 35 36 37 38 39
 40 41 42 43 44 45 46 47 48 49 52 53 59 60 66 68 70 73 74])
Bicluster(rows=[38, 43], cols=[ 0  1  2  5  8 11 12 17 22 25 26 27 28 29 30 31 32 33 34 35 36 37 38 39
 40 41 42 43 44 45 46 47 48 49 53 55 56 60 61 62 63 71 72 73])
Bicluster(rows=[38, 44], cols=[ 0  2  5  8  9 11 12 18 21 24 25 26 27 28 29 30 31 32 33 34 35 36 37 38
 39 40 41 42 43 44 45 46 47 48 49 53 55 60 62 63 66 67 68 69 70 72 74])
Bicluster(rows=[38, 45], cols=[ 1  2  5  8  9 13 14 17 18 19 21 25 26 27 28 29 30 31 32 33 34 35 36 37
 38 39 40 41 42 43 44 45 46 47 48 49 50 53 54 57 60 61 66 67 68 69 71 73
 74])
Bicluster(rows=[38, 46], cols=[ 2  3  5  7  8  9 14 18 20 21 25 26 27 28 29 30 31 32 33 34 35 36 37 38
 39 40 41 42 43 44 45 46 47 48 49 53 54 60 62 66 68 69 71 72])
Bicluster(rows=[38, 47], cols=[ 0  1  3  4 10 14 15 19 23 25 26 27 28 29 30 31 32 33 34 35 36 37 38 39
 40 41 42 43 44 45 46 47 48 49 52 53 57 66 68 69 71 72 74])
Bicluster(rows=[38, 48], cols=[ 2  8  9 12 13 16 19 24 25 26 27 28 29 30 31 32 33 34 35 36 37 38 39 40
 41 42 43 44 45 46 47 48 49 50 52 55 57 60 61 67 68 69 70 74])
Bicluster(rows=[38, 49], cols=[ 2  3  7 14 16 17 18 21 22 25 26 27 28 29 30 31 32 33 34 35 36 37 38 39
 40 41 42 43 44 45 46 47 48 49 51 57 58 61 62 63 67 68 69 70 72 73 74])
Bicluster(rows=[38, 50], cols=[ 0  1  2  7 10 13 16 17 24 25 27 28 29 30 31 32 33 34 36 37 38 39 40 41
 42 43 45 46 47 48 49 50 51 55 57 58 61 68 73])
Bicluster(rows=[38, 51], cols=[ 0  1  3  4  7  8  9 14 16 18 20 21 24 25 26 27 28 29 30 31 32 33 34 35
 36 37 38 39 40 41 42 43 44 45 46 47 48 49 50 52 60 62 63 66 68 70 72])
Bicluster(rows=[38, 52], cols=[ 3  4  5  6  9 12 13 29 30 36 38 39 42 43 46 47 48 50 52 54 66 67 70 71
 72 73])
Bicluster(rows=[38, 53], cols=[ 0  4  6  8 13 19 21 27 30 32 33 34 37 39 40 46 48 49 51 52 53 54 60 61
 66 69 70 71 72 74])
Bicluster(rows=[38, 54], cols=[ 0  1  3  7 19 21 25 26 27 28 29 30 31 32 33 34 35 36 37 38 39 40 41 42
 43 44 45 46 47 48 49 50 51 53 54 57 59 61 63 65 72 73 74])
Bicluster(rows=[38, 55], cols=[ 3  4  5  8  9 12 17 19 20 23 25 26 27 28 29 30 31 32 33 34 35 36 37 38
 39 40 41 42 43 44 45 46 47 48 49 57 59 65])
Bicluster(rows=[38, 56], cols=[ 1  6  7 10 14 19 21 25 26 27 28 29 30 31 32 33 34 35 36 37 38 39 40 41
 42 43 44 45 46 47 48 49 50 54 60 62 67 68 69 71 72 74])
Bicluster(rows=[38, 57], cols=[ 2  4  5 14 25 26 27 28 29 30 31 32 33 34 35 36 37 38 39 40 41 42 43 44
 45 46 47 48 49 50 52 53 55 57 61 62 66 68 69 71 74])
Bicluster(rows=[38, 58], cols=[ 2  6  8 12 13 14 16 19 23 24 25 26 27 28 29 30 31 32 33 34 35 36 37 38
 39 40 41 42 43 44 45 46 47 48 49 50 54 55 56 57 58 61 67 68 69 70 71 72
 73])
Bicluster(rows=[38, 59], cols=[ 0  3 11 12 14 22 24 25 29 36 38 39 42 43 46 47 48 51 53 57 58 59 60 65
 66 67 71 72])
Bicluster(rows=[38, 60], cols=[ 2 12 16 17 18 19 23 24 25 26 27 28 29 30 31 32 33 34 35 36 37 38 39 40
 41 42 43 44 45 46 47 48 49 53 54 63 66 67 68 69 70 71 74])
Bicluster(rows=[38, 61], cols=[ 1  7  9 10 12 16 19 24 25 26 27 28 29 30 31 32 33 34 35 36 37 38 39 40
 41 42 43 44 45 46 47 48 49 50 55 56 58 61 63 64 70 72 74])
Bicluster(rows=[38, 62], cols=[ 2 12 13 24 25 26 27 28 29 30 31 32 33 34 35 36 37 38 39 40 41 42 43 44
 45 46 47 48 49 50 54 57 62 66 69 70 71 72 74])
Bicluster(rows=[38, 63], cols=[ 1  3  7  8 10 13 24 25 26 27 28 29 30 31 32 33 34 35 36 37 38 39 40 41
 42 43 44 45 46 47 48 49 50 54 56 58 61 63 67 68 70 72])
Bicluster(rows=[38, 64], cols=[ 0  3  7  8  9 14 17 18 19 21 22 23 25 26 27 28 29 30 31 32 33 34 35 36
 37 38 39 40 41 42 43 44 45 46 47 48 49 50 52 53 54 57 59 60 66 69 71 74])
Bicluster(rows=[38, 65], cols=[15 18 22 24 25 26 27 28 29 30 31 32 33 34 35 36 37 38 39 40 41 42 43 44
 45 46 47 48 49 52 57 59 60 62 65 68 71])
Bicluster(rows=[38, 66], cols=[ 2  5 10 12 17 21 27 29 30 32 33 34 35 36 39 42 43 44 46 49 54 55 56 58
 61 66 67 69 70 72 73 74])
Bicluster(rows=[38, 67], cols=[ 0  1  3  4  5  8 14 17 18 20 21 22 23 25 29 32 33 36 37 38 42 48 50 54
 55 56 58 62 67 68 71 73])
Bicluster(rows=[38, 68], cols=[ 0  2  3  5  6  9 17 24 26 27 28 29 30 31 32 38 40 46 50 57 62 68 71])
Bicluster(rows=[38, 69], cols=[ 0  2  5  9 13 17 18 23 30 33 35 38 39 40 41 42 43 48 51 53 54 59 62 63
 68 70])
Bicluster(rows=[38, 70], cols=[ 3  4  5  8  9 10 12 13 15 17 19 21 22 23 25 27 34 36 38 46 47 48 50 51
 57 58 60 61 63 67 70 73])
Bicluster(rows=[38, 71], cols=[ 5 12 13 20 23 26 29 31 37 41 42 44 45 48 49 50 54 55 56 57 58 62 66 67
 69 71 74])
Bicluster(rows=[38, 72], cols=[ 1  2  6  7  8 17 18 26 29 32 34 36 40 45 46 47 49 50 54 57 62 66 68 69
 71 74])
Bicluster(rows=[38, 73], cols=[ 2  3  8  9 11 12 14 16 18 19 20 24 28 30 31 32 35 36 39 40 44 45 46 47
 49 51 55 56 58 61 63 67 70 73])
Bicluster(rows=[38, 74], cols=[ 0  1  3  7  8 11 13 17 18 23 29 30 31 36 38 44 46 50 54 55 57 62 67 68
 69 71])
Bicluster(rows=[38, 75], cols=[ 2  8  9 10 17 22 25 27 28 29 32 39 42 43 44 47 54 55 56 58 62 66 67 69
 70 71 73 74])
Bicluster(rows=[38, 76], cols=[ 2  5  6  9 14 17 18 19 25 26 28 31 32 33 34 36 37 38 39 40 41 44 46 47
 48 49 50 51 54 63 67 68 70])
Bicluster(rows=[38, 77], cols=[ 1  3  4  5  6  9 10 17 18 21 23 24 27 32 36 37 38 42 45 46 49 54 55 56
 58 61 66 67 69 70 72 73 74])
Bicluster(rows=[38, 78], cols=[ 1  2  4  7  8  9 10 12 17 18 20 25 28 31 32 35 38 39 42 45 46 47 51 52
 53 59 62 65 66 69 71 72 74])
Bicluster(rows=[38, 79], cols=[ 2  3  6  8  9 14 19 20 21 25 27 30 32 33 36 38 39 43 45 46 48 49 51 52
 53 54 59 63 70])
Bicluster(rows=[38, 80], cols=[ 0  1  3  4  5  6  7  8  9 18 19 23 27 33 37 38 39 40 41 42 46 47 52 53
 59 65 71])
Bicluster(rows=[38, 81], cols=[ 0  1  2 10 11 12 14 16 20 23 26 27 31 33 34 35 36 39 48 54 55 56 58 61
 62 66 67 69 70 71 72 73 74])
Bicluster(rows=[38, 82], cols=[ 1  4  5 10 12 14 17 18 19 26 27 33 43 45 48 54 55 56 58 62 66 67 69 70
 71 72 73 74])
Bicluster(rows=[38, 83], cols=[ 2  7  8 10 12 13 14 19 26 27 29 30 32 35 38 39 43 46 48 49 51 55 56 58
 61 63 67 70 72 73])
Bicluster(rows=[38, 84], cols=[ 0  5  8  9 11 12 16 19 20 21 25 28 29 31 36 38 39 42 43 45 51 52 53 59
 62 65 66 69 71 72 74])
Bicluster(rows=[38, 85], cols=[ 5  6  8 13 15 18 19 22 26 28 29 34 35 36 37 41 47 48 49 51 52 53 54 62
 63 68 69 70 72])
Bicluster(rows=[38, 86], cols=[ 1  5  6  9 14 17 18 19 21 27 28 29 32 36 37 39 40 43 44 46 47 48 49 54
 55 56 58 62 67 69 71 73 74])
Bicluster(rows=[38, 87], cols=[ 3  4  6  8  9 11 14 15 16 17 18 19 20 21 22 23 30 32 34 36 40 43 44 48
 50 51 54 57 58 60 61 63 67 70 73])
Bicluster(rows=[38, 88], cols=[ 0  1  2  6 10 11 12 13 19 21 28 29 30 33 37 38 41 45 47 49 50 54 57 62
 66 68 69 71 74])
Bicluster(rows=[38, 89], cols=[ 2  5  6  9 14 16 17 18 21 24 27 31 32 33 34 37 39 41 43 45 46 47 49 50
 51 54 57 60 61 63 67 70 73])
Bicluster(rows=[38, 90], cols=[ 0  1  3  5 14 15 21 22 23 27 30 36 37 39 44 49 50 54 55 56 58 61 62 66
 67 69 70 71 72 73 74])
Bicluster(rows=[38, 91], cols=[ 1  2  6  7  8  9 11 12 19 24 26 27 28 29 30 31 33 34 37 38 40 41 45 47
 48 54 55 56 58 61 66 67 69 70 72 73 74])
Bicluster(rows=[38, 92], cols=[ 3  4  5  8 10 11 12 13 14 15 18 20 22 23 26 29 31 32 36 41 45 46 47 50
 54 57 62 66 67 68 69 71 72 74])
Bicluster(rows=[38, 93], cols=[ 1  3  5  6  7  8 11 16 17 19 20 25 27 29 30 33 35 37 39 43 46 51 52 53
 54 59 62 63 65 70])
Bicluster(rows=[38, 94], cols=[ 3  4  5  6  8  9 11 12 13 14 17 24 25 31 33 34 37 39 43 45 46 47 52 53
 59 62 65 66 69 71 72 74])
Bicluster(rows=[38, 95], cols=[ 0  1  2  6  9 14 16 17 19 21 34 35 38 41 42 44 46 47 54 55 56 58 61 62
 66 67 69 70 71 73 74])
Bicluster(rows=[38, 96], cols=[ 3  4  9 17 18 19 21 22 25 36 38 47 49 54 55 56 58 61 62 66 67 69 70 71
 73 74])
Bicluster(rows=[38, 97], cols=[ 3  5 12 14 24 25 29 32 36 37 38 39 40 43 45 49 54 55 56 58 61 66 67 69
 70 72 73 74])
Bicluster(rows=[38, 98], cols=[ 3  6  7  9 12 13 14 16 21 29 31 39 41 42 47 54 55 58 61 66 67 69 70 72
 73 74])
Bicluster(rows=[38, 99], cols=[ 1  3  6  8 11 14 16 17 18 20 28 29 30 33 35 37 39 41 43 45 46 48 52 53
 57 59 60 66 69 73])
Bicluster(rows=[39, 40], cols=[ 4  5  7 11 17 21 23 24 25 27 29 30 32 33 34 36 37 38 39 40 42 43 46 47
 48 49 50 52 56 57 59 62 65 73])
Bicluster(rows=[39, 41], cols=[ 4  5  8 12 13 16 19 20 27 28 32 33 34 37 40 45 49 51 53 58 59 61 62 64
 65 66 68 69 71])
Bicluster(rows=[39, 42], cols=[ 3  4  8 11 15 16 19 20 21 24 27 28 29 30 31 32 33 34 36 37 38 39 40 41
 42 43 45 46 47 48 49 50 62 67 68 69 71 72])
Bicluster(rows=[39, 43], cols=[ 0  1  4  5  9 17 18 24 27 28 29 30 31 32 33 34 36 37 38 39 40 41 42 43
 45 46 48 49 56 57 62 63 64 66 67 72])
Bicluster(rows=[39, 44], cols=[ 1  3  4  9 17 18 19 22 24 27 30 32 33 34 37 39 40 46 48 49 55 56 57 67
 68 72 74])
Bicluster(rows=[39, 45], cols=[ 0  2  3  6  9 15 16 18 19 21 27 30 38 39 42 43 46 48 49 52 55 58 63 64
 68 70])
Bicluster(rows=[39, 46], cols=[ 5  7  8 17 22 32 33 34 37 40 49 52 53 55 57 65 67 69 71 73])
Bicluster(rows=[39, 47], cols=[ 1  2  3  6  8 13 17 21 24 25 27 28 29 30 31 32 33 34 36 37 38 39 40 41
 42 43 45 46 47 48 49 52 59 61 62 67 68 69 70 71 73 74])
Bicluster(rows=[39, 48], cols=[ 1  6 13 16 19 24 27 29 30 32 34 36 38 39 42 43 46 47 48 49 52 54 55 61
 62 65 67 68 69 70 71])
Bicluster(rows=[39, 49], cols=[ 3  4  8 13 15 16 18 19 20 21 25 27 28 29 30 32 33 34 36 37 38 39 40 41
 42 43 45 46 47 48 49 51 52 58 60 67 68 70 71 73])
Bicluster(rows=[39, 50], cols=[ 3  4  6  8 16 19 21 24 25 26 27 28 29 30 31 32 33 34 35 36 37 38 39 40
 41 42 43 44 45 46 47 48 49 51 52 55 56 58 60 61 62 63 65 67 68 69 71 72
 73 74])
Bicluster(rows=[39, 51], cols=[ 0  2  6  7 15 20 25 27 28 29 30 32 33 34 36 37 38 39 40 41 42 43 45 46
 47 48 49 50 51 52 53 55 58 61 63 64 67 68 69 72 73])
Bicluster(rows=[39, 52], cols=[ 1  3  8 12 13 16 20 25 26 27 28 29 30 31 32 33 34 36 37 38 39 40 41 42
 43 45 46 47 48 49 53 60 61 64 66 70 72])
Bicluster(rows=[39, 53], cols=[ 1  6 14 15 23 27 29 30 32 33 34 36 37 38 39 40 42 43 46 48 49 51 54 61
 62 69 70 74])
Bicluster(rows=[39, 54], cols=[ 0  2  7 12 14 15 19 23 27 28 29 30 31 32 33 34 36 37 38 39 40 41 42 43
 45 46 47 48 49 50 53 58 59 60 65 67 70 74])
Bicluster(rows=[39, 55], cols=[ 2  3  5 13 15 16 17 19 24 25 26 27 28 29 30 31 32 33 34 35 36 37 38 39
 40 41 42 43 44 45 46 47 48 49 55 59 65 66 67 70 73])
Bicluster(rows=[39, 56], cols=[ 0  3  4  6  7  9 10 12 13 15 16 17 18 19 22 28 33 34 37 40 45 50 51 52
 54 57 58 60 61 65 66 70 71 72 73])
Bicluster(rows=[39, 57], cols=[ 8 15 19 27 29 30 32 33 34 37 38 39 40 42 43 46 48 49 51 52 53 62 63 68
 69 70 72 73])
Bicluster(rows=[39, 58], cols=[ 2  4 13 19 20 21 23 24 27 29 30 32 34 36 38 39 40 42 43 46 47 48 49 51
 52 53 57 59 60 63 64 65 66 69 71 72 73])
Bicluster(rows=[39, 59], cols=[ 4  5  8 14 18 23 25 27 28 29 30 31 32 33 34 36 37 38 39 40 41 42 43 45
 46 47 48 49 52 62 63 64 65 70 73])
Bicluster(rows=[39, 60], cols=[ 0  2  5  6 12 15 18 19 20 23 25 27 29 30 36 38 39 42 43 46 47 48 55 56
 59 60 64 69 70 73])
Bicluster(rows=[39, 61], cols=[ 2  8 13 16 17 20 24 25 27 28 29 30 31 32 33 34 36 37 38 39 40 41 42 43
 45 46 47 48 49 55 57 58 61 62 64 65 66 69 70 72 73])
Bicluster(rows=[39, 62], cols=[ 2  3  4  8 12 14 17 20 22 23 24 27 30 38 39 42 43 46 48 49 51 52 54 58
 62 69 70 71])
Bicluster(rows=[39, 63], cols=[ 2  5 19 22 25 27 29 30 32 33 34 36 37 38 39 40 42 43 46 47 48 49 52 53
 55 58 60 61 62 67 68 70 71 72 73])
Bicluster(rows=[39, 64], cols=[ 0  2 17 19 20 22 27 28 30 32 33 34 37 40 45 46 48 49 51 53 54 55 59 61
 67 69 70 71 73])
Bicluster(rows=[39, 65], cols=[ 4  5  6  8 13 16 17 19 20 21 22 23 24 25 26 27 28 29 30 31 32 33 34 35
 36 37 38 39 40 41 42 43 44 45 46 47 48 49 51 52 55 58 59 61 62 65 66 69
 71 72 73])
Bicluster(rows=[39, 66], cols=[ 0  3  4  6  8 11 16 19 20 21 22 24 26 28 29 30 31 32 34 36 37 38 39 41
 42 43 45 46 55 57 58 59 60 61 62 65 69 70 71 73])
Bicluster(rows=[39, 67], cols=[ 3  4  6  8 21 24 26 27 28 29 30 34 40 42 43 44 46 47 49 52 55 57 58 59
 60 61 62 65 69 70 71 73])
Bicluster(rows=[39, 68], cols=[ 0  5 12 13 16 17 18 20 21 23 24 25 27 28 30 32 36 40 45 46 47 48 49 51
 52 61 62 66 67 68 70 71 72 73])
Bicluster(rows=[39, 69], cols=[ 0  4  5 12 17 24 28 29 35 37 41 45 46 47 52 55 57 58 59 60 61 62 63 65
 69 70 71 73 74])
Bicluster(rows=[39, 70], cols=[ 3  6  8 12 13 15 16 19 20 21 24 25 26 28 30 32 33 34 35 36 37 38 42 43
 45 47 49 53 55 57 58 59 64 65 66])
Bicluster(rows=[39, 71], cols=[ 1  4 12 13 14 15 16 17 19 23 28 29 32 33 36 37 42 48 52 54 55 57 58 59
 60 61 62 63 65 67 69 70 73 74])
Bicluster(rows=[39, 72], cols=[ 4  7  9 12 14 16 17 21 24 25 31 32 34 35 38 40 41 42 43 44 45 49 50 51
 52 54 62 67 68 69 70 71 72])
Bicluster(rows=[39, 73], cols=[ 1  4  7  9 10 11 14 15 16 18 21 25 26 28 31 32 43 44 45 48 49 51 52 58
 61 62 67 68 69 70 71 72 73])
Bicluster(rows=[39, 74], cols=[ 0  4  5  6  8 10 12 13 16 17 20 21 22 24 25 33 37 41 49 53 55 57 58 59
 64 65 66])
Bicluster(rows=[39, 75], cols=[ 2  7  9 11 20 23 25 26 27 30 35 39 40 42 43 47 52 55 57 58 59 60 61 62
 63 65 67 69 70 73 74])
Bicluster(rows=[39, 76], cols=[ 1  3  6  7  8  9 10 11 14 23 27 29 32 33 35 37 40 41 42 43 45 49 50 51
 54 56 62 66 69 70 71 72])
Bicluster(rows=[39, 77], cols=[ 3  6  7 18 19 21 22 23 24 27 31 32 33 34 36 37 38 42 44 46 51 52 55 57
 58 59 60 61 62 65 69 70 71 72 73])
Bicluster(rows=[39, 78], cols=[ 1  3  6 10 14 15 17 19 21 24 26 28 29 31 32 36 37 38 39 42 43 44 45 46
 47 52 54 55 57 58 59 60 61 62 63 65 67 69 70 73 74])
Bicluster(rows=[39, 79], cols=[ 3  4 11 20 21 25 26 27 29 30 31 32 36 37 38 39 40 41 44 46 47 48 49 52
 54 55 60 67 68])
Bicluster(rows=[39, 80], cols=[ 1  3  7 12 13 14 15 16 24 27 33 37 38 39 41 42 45 46 47 49 52 55 58 59
 60 61 62 65 67 69 70 71 73 74])
Bicluster(rows=[39, 81], cols=[ 7 13 17 21 23 24 27 28 31 33 39 41 48 52 55 57 58 59 60 61 62 63 65 67
 69 70 71 73 74])
Bicluster(rows=[39, 82], cols=[ 4 12 19 20 22 29 31 35 37 40 42 43 46 48 49 55 57 58 59 60 61 62 65 69
 70 71 72 73])
Bicluster(rows=[39, 83], cols=[ 3  4  6 20 22 24 27 28 29 30 31 32 34 36 38 39 41 43 44 45 46 48 49 51
 55 57 58 59 60 61 62 65 70 71 72 73])
Bicluster(rows=[39, 84], cols=[ 4  5 10 13 15 21 23 26 29 31 36 39 40 41 42 43 47 52 57 58 59 60 61 62
 63 65 67 73 74])
Bicluster(rows=[39, 85], cols=[ 3  5  6  9 12 16 19 20 23 24 25 28 34 37 41 52 55 57 58 59 60 61 62 63
 65 67 69 70 73 74])
Bicluster(rows=[39, 86], cols=[ 4  6 11 18 19 20 21 26 28 29 31 34 35 36 39 41 43 45 46 47 48 49 52 57
 58 59 60 61 62 63 65 69 70 73 74])
Bicluster(rows=[39, 87], cols=[ 5  7  8 15 19 21 23 24 26 27 28 30 31 34 36 38 41 43 45 49 53 55 57 58
 59 60 64 65 66])
Bicluster(rows=[39, 88], cols=[ 0  1  3  4  6 10 11 16 19 20 24 28 30 36 37 39 41 42 44 45 46 48 49 51
 52 61 62 67 70 71 72 73])
Bicluster(rows=[39, 89], cols=[ 6  7  9 10 15 16 19 20 23 25 27 29 31 32 33 35 36 37 38 41 49 50 51 52
 54 62 67 68 69 70 71 72])
Bicluster(rows=[39, 90], cols=[ 3  4  7  8 11 19 20 21 23 26 27 30 31 35 36 37 39 41 45 49 52 55 57 58
 59 60 61 62 63 65 67 69 70 71 73 74])
Bicluster(rows=[39, 91], cols=[ 3  6 16 17 20 21 22 24 27 30 34 35 37 38 41 42 44 47 48 52 57 58 59 60
 61 62 63 65 69 70 73 74])
Bicluster(rows=[39, 92], cols=[ 1  3  7 12 13 15 16 17 27 28 29 30 34 35 39 44 47 49 51 52 55 57 58 59
 60 61 62 65 69 70 71 72 73])
Bicluster(rows=[39, 93], cols=[ 1  2  3  4  7 11 15 18 19 20 21 23 24 25 27 29 31 33 34 36 37 39 43 46
 52 54 57 58 59 60 63 65 67 73 74])
Bicluster(rows=[39, 94], cols=[ 3  6 11 18 19 20 21 26 28 31 33 34 37 41 42 45 46 47 52 55 57 58 59 60
 61 62 63 65 69 70 71 73 74])
Bicluster(rows=[39, 95], cols=[ 6  8 11 16 19 20 21 22 24 26 27 33 38 40 42 45 46 47 48 52 55 57 58 59
 60 61 62 65 69 70 71 73])
Bicluster(rows=[39, 96], cols=[ 1  3  4 15 16 19 20 21 24 25 26 27 28 30 31 32 33 34 36 37 38 39 40 42
 43 45 47 48 55 57 58 59 60 61 62 65 69 70 71 73])
Bicluster(rows=[39, 97], cols=[ 1  2  3  6  8 21 24 25 26 28 29 31 32 33 35 36 37 38 39 40 41 42 43 45
 48 49 52 55 57 58 59 60 61 62 65 69 70 71 73])
Bicluster(rows=[39, 98], cols=[ 5  8 13 21 24 29 33 34 37 40 42 44 47 49 51 55 57 58 59 60 61 62 65 70
 71 72 73])
Bicluster(rows=[39, 99], cols=[ 1  4  5 11 12 17 21 25 26 27 29 30 32 33 35 36 37 41 42 45 47 49 51 55
 59 61 67 68 69 74])
Bicluster(rows=[40, 41], cols=[ 4  6  7  9 11 12 13 18 22 23 24 25 26 27 28 29 30 31 32 33 34 35 36 37
 38 39 40 41 42 43 44 45 46 47 48 49 50 54 55 56 58 60 62 64 66 70 72 74])
Bicluster(rows=[40, 42], cols=[ 1  2  4  7  8  9 12 13 14 16 17 19 21 22 24 25 26 27 28 29 30 31 32 33
 34 35 36 37 38 39 40 41 42 43 44 45 46 47 48 49 53 54 55 58 60 65 67 68
 73])
Bicluster(rows=[40, 43], cols=[ 1  2  3  4  6  7 10 13 19 20 21 24 25 26 27 28 29 30 31 32 33 34 35 36
 37 38 39 40 41 42 43 44 45 46 47 48 49 50 52 53 54 58 59 60 62 64 66 69
 72 73 74])
Bicluster(rows=[40, 44], cols=[ 2  4  6  7 10 13 14 15 16 17 18 24 25 26 27 28 29 30 31 32 33 34 35 36
 37 38 39 40 41 42 43 44 45 46 47 48 49 52 53 54 56 57 60 61 64 71 73])
Bicluster(rows=[40, 45], cols=[ 0  1  2  4 10 11 12 18 24 25 26 27 28 29 30 31 32 33 34 35 36 37 38 39
 40 41 42 43 44 45 46 47 48 49 52 60 62 70 72 73])
Bicluster(rows=[40, 46], cols=[ 2  4  6 11 12 18 23 24 25 26 27 28 29 30 31 32 33 34 35 36 37 38 39 40
 41 42 43 44 45 46 47 48 49 50 52 60 62 63 70 72 73 74])
Bicluster(rows=[40, 47], cols=[ 1  5  6  7  8 10 11 12 15 16 19 21 22 23 25 26 27 28 29 30 31 32 33 34
 35 36 37 38 39 40 41 42 43 44 45 46 47 48 49 54 55 56 57 58 61 63 64 67
 68 70 72])
Bicluster(rows=[40, 48], cols=[ 3  7  9 10 14 17 20 21 25 26 27 28 29 30 31 32 33 34 35 36 37 38 39 40
 41 42 43 44 45 46 47 48 49 52 53 54 58 59 60 62 65 71 73])
Bicluster(rows=[40, 49], cols=[ 4  7  8  9 10 16 17 19 21 23 27 30 32 33 34 37 39 40 46 48 49 50 54 55
 62 63 66 70 72])
Bicluster(rows=[40, 50], cols=[ 1  2  4  6  7  8  9 16 17 19 21 22 23 24 27 28 30 31 32 33 34 37 40 41
 45 49 58 61 64 66 68])
Bicluster(rows=[40, 51], cols=[ 5  6  9 10 12 13 18 19 22 24 25 26 27 28 29 30 31 32 33 34 35 36 37 38
 39 40 41 42 43 44 45 46 47 48 49 56 58 60 62 66 67 71 72 74])
Bicluster(rows=[40, 52], cols=[ 1  2  5  6  7  8  9 11 13 22 25 26 27 28 29 30 31 32 33 34 35 36 37 38
 39 40 41 42 43 44 45 46 47 48 49 50 52 54 59 64 66 67 69 70 71 72 74])
Bicluster(rows=[40, 53], cols=[ 1  6  9 10 11 12 13 17 18 20 22 24 25 26 27 28 29 30 31 32 33 34 35 36
 37 38 39 40 41 42 43 44 45 46 47 48 49 52 57 58 59 60 65 66 70 71 72 73])
Bicluster(rows=[40, 54], cols=[ 4 10 11 12 14 16 17 18 20 22 25 26 27 28 29 30 31 32 33 34 35 36 37 38
 39 40 41 42 43 44 45 46 47 48 49 52 55 56 57 58 62 66 70 73])
Bicluster(rows=[40, 55], cols=[ 7  9 11 16 22 23 24 25 26 27 28 29 30 31 32 33 34 35 36 37 38 39 40 41
 42 43 44 45 46 47 48 49 50 54 55 56 58 61 63 64 66 67 70 74])
Bicluster(rows=[40, 56], cols=[ 1  4  9 10 11 12 22 23 25 26 27 28 29 30 31 32 33 34 35 36 37 38 39 40
 41 42 43 44 45 46 47 48 49 52 53 58 59 60 62 63 66 72 73])
Bicluster(rows=[40, 57], cols=[ 1  2  6  8 11 12 16 18 19 20 22 23 25 26 27 28 29 30 31 32 33 34 35 36
 37 38 39 40 41 42 43 44 45 46 47 48 49 50 56 64 65 67 70 72])
Bicluster(rows=[40, 58], cols=[ 0  2  6  9 10 13 15 16 17 24 28 33 41 45 52 54 56 59 61 64 66 68 69 70
 71 73])
Bicluster(rows=[40, 59], cols=[ 0  2  4  5  9 10 12 18 22 23 25 26 27 28 29 30 31 32 33 34 35 36 37 38
 39 40 41 42 43 44 45 46 47 48 49 52 53 55 58 59 60 62 65 67 72 73 74])
Bicluster(rows=[40, 60], cols=[ 0  1  2  4  6  9 10 12 13 14 18 22 23 25 26 27 28 29 30 31 32 33 34 35
 36 37 38 39 40 41 42 43 44 45 46 47 48 49 56 57 58 59 60 62 73])
Bicluster(rows=[40, 61], cols=[ 1  6  7  8  9 10 12 13 16 18 22 24 27 28 32 33 34 37 40 41 45 49 54 55
 56 58 59 63 64 67 72])
Bicluster(rows=[40, 62], cols=[ 1  4  6  9 10 17 18 22 23 24 25 26 27 28 29 30 31 32 33 34 35 36 37 38
 39 40 41 42 43 44 45 46 47 48 49 52 53 59 60 62 68 72 73])
Bicluster(rows=[40, 63], cols=[ 0  5 10 12 14 16 17 20 25 26 27 28 29 30 31 32 33 34 35 36 37 38 39 40
 41 42 43 44 45 46 47 48 49 52 57 59 62 65 68 69 71 73])
Bicluster(rows=[40, 64], cols=[ 6  9 11 12 13 18 25 26 27 28 29 30 31 32 33 34 35 36 37 38 39 40 41 42
 43 44 45 46 47 48 49 50 55 60 63 64 70 74])
Bicluster(rows=[40, 65], cols=[ 4  6  7  8 12 13 15 16 18 19 21 24 25 26 27 28 29 30 31 32 33 34 35 36
 37 38 39 40 41 42 43 44 45 46 47 48 49 50 53 56 60 61 62 63 66 67 73 74])
Bicluster(rows=[40, 66], cols=[ 1  2  4  5  7 12 16 17 18 19 21 24 25 26 28 32 34 36 37 39 41 42 43 46
 50 54 56 64 67 70 72])
Bicluster(rows=[40, 67], cols=[ 4  6  7  9 11 12 15 18 22 24 25 27 28 29 30 34 36 40 41 42 43 50 54 56
 64 67 70 72])
Bicluster(rows=[40, 68], cols=[ 1  3  5  6  7  8  9 10 17 19 22 24 25 27 30 32 35 36 37 44 46 47 48 52
 53 55 62 68 69 71 73])
Bicluster(rows=[40, 69], cols=[ 1  2  4  6  8  9 10 11 12 16 18 21 22 23 24 25 30 33 34 35 38 39 40 41
 42 43 45 48 49 52 53 55 62 69 71 73])
Bicluster(rows=[40, 70], cols=[ 1  2  9 12 13 14 17 18 27 28 29 33 34 35 37 39 41 45 46 48 49 50 54 55
 58 60 63 64 66 67 74])
Bicluster(rows=[40, 71], cols=[ 0  5  8 12 13 14 18 20 25 27 28 30 37 39 41 45 46 49 52 53 55 62 69 71
 73])
Bicluster(rows=[40, 72], cols=[ 2  3  4 16 20 22 25 31 32 38 40 45 49 52 53 57 59 63 65 66 68 70 73 74])
Bicluster(rows=[40, 73], cols=[ 0  1  2  5  6  7 13 17 18 21 24 28 30 31 32 35 36 39 44 45 46 47 49 52
 57 59 65 68 69 71])
Bicluster(rows=[40, 74], cols=[ 1  6 11 14 16 17 19 22 26 31 35 42 48 52 53 59 60 65 68 69 71 73])
Bicluster(rows=[40, 75], cols=[ 4  9 13 15 22 23 24 25 29 31 33 37 39 41 42 47 49 50 54 56 64 67 70 72])
Bicluster(rows=[40, 76], cols=[ 1  2  4  7 10 12 13 21 22 23 25 26 32 33 34 36 38 39 40 41 44 46 47 48
 49 52 53 55 62 69 71 73])
Bicluster(rows=[40, 77], cols=[ 2  4  7  9 13 18 20 21 23 27 30 32 33 34 36 37 39 42 43 45 46 52 57 59
 62 65 68 71])
Bicluster(rows=[40, 78], cols=[ 0  1  2  6  9 11 14 19 21 22 25 28 29 31 32 35 36 38 39 42 45 46 47 50
 54 56 64 67 70])
Bicluster(rows=[40, 79], cols=[ 0  1  2  4  6  9 10 12 13 18 20 21 24 26 27 28 29 30 32 35 37 39 40 41
 46 47 48 49 52 53 57 59 63 65 66 68 70 73 74])
Bicluster(rows=[40, 80], cols=[ 1 11 14 16 18 21 27 33 37 38 39 40 41 42 46 47 50 54 56 58 64 67 70 72])
Bicluster(rows=[40, 81], cols=[ 1  2  3  6  7  8  9 10 14 17 19 21 22 23 24 26 27 30 31 33 34 35 36 39
 45 48 52 53 57 59 62 65 68 72 73])
Bicluster(rows=[40, 82], cols=[ 0  1  4  6  7  8 10 13 16 18 22 26 27 29 33 41 42 43 45 46 48 52 53 57
 59 62 65 68 72 73])
Bicluster(rows=[40, 83], cols=[ 0  1  2  4  7 12 13 14 24 27 28 30 31 32 36 41 42 45 47 49 50 54 56 63
 64 66 67 70 72])
Bicluster(rows=[40, 84], cols=[ 0  2  4  5  9 12 16 18 19 20 21 23 29 32 33 36 37 39 40 41 42 43 47 52
 53 57 59 62 63 65 66 68 70 73 74])
Bicluster(rows=[40, 85], cols=[ 0  1  2  4  7 12 17 18 24 26 28 32 34 35 36 37 38 41 43 46 48 49 52 53
 60 62 71 73])
Bicluster(rows=[40, 86], cols=[ 0  4  5  6  7  9 17 21 25 26 27 28 32 35 37 41 42 45 46 49 50 51 54 56
 58 62 67 69 71])
Bicluster(rows=[40, 87], cols=[ 0  1  2  6  9 10 16 17 20 21 22 24 27 28 30 31 34 36 41 45 48 49 50 54
 55 56 58 60 63 64 66 67 70 74])
Bicluster(rows=[40, 88], cols=[ 1  2  4  5  8  9 11 12 17 18 23 30 31 37 39 42 46 48 49 51 52 59 60 65
 68 69])
Bicluster(rows=[40, 89], cols=[ 1  4  6  9 12 13 16 17 19 21 25 28 30 34 36 39 46 50 54 55 58 60 63 64
 66 70 74])
Bicluster(rows=[40, 90], cols=[ 8 12 17 18 19 22 25 28 30 33 34 36 39 48 49 50 54 56 58 64 67 70 72])
Bicluster(rows=[40, 91], cols=[ 0  6  7 10 11 12 18 21 23 24 25 28 31 32 33 34 35 39 40 41 43 44 45 49
 50 51 56 58 62 69 71 73])
Bicluster(rows=[40, 92], cols=[ 0  1  4  7  9 14 17 21 22 24 25 26 27 28 30 31 34 39 45 49 52 59 62 65
 68 71])
Bicluster(rows=[40, 93], cols=[ 2  4  6  7  9 10 11 12 14 15 16 22 23 24 26 27 29 30 32 34 36 39 40 41
 43 44 46 49 52 53 57 59 63 65 66 68 70 73 74])
Bicluster(rows=[40, 94], cols=[ 0  1  9 10 11 12 17 18 22 24 28 29 37 38 42 44 46 49 52 57 59 62 65 68
 72])
Bicluster(rows=[40, 95], cols=[ 1  2  3  4  6  7 15 23 25 28 29 35 36 37 42 44 47 52 53 57 59 63 65 66
 68 70 73 74])
Bicluster(rows=[40, 96], cols=[ 1  2  4 11 12 13 16 18 22 23 24 25 27 30 32 34 36 38 39 40 41 42 43 45
 48 50 54 56 63 64 67 70 72])
Bicluster(rows=[40, 97], cols=[ 0  1  5  8  9 10 11 12 14 15 17 18 21 22 24 28 31 32 35 37 39 40 41 42
 43 47 49 50 54 56 64 67 70 72])
Bicluster(rows=[40, 98], cols=[ 0  6  9 12 13 16 18 21 22 24 25 26 33 34 35 36 37 39 40 49 50 54 55 56
 58 64 70 72])
Bicluster(rows=[40, 99], cols=[ 1  4  5  9 10 11 16 17 20 22 27 28 30 31 33 36 37 42 46 47 48 49 52 53
 59 60 72 73])
Bicluster(rows=[41, 42], cols=[ 0  3  4  5  7  9 10 12 13 15 17 21 22 24 25 26 27 28 29 30 31 32 33 34
 35 36 37 38 39 40 41 42 43 44 45 46 47 48 49 52 54 55 58 59 60 61 68])
Bicluster(rows=[41, 43], cols=[ 0  4  5  6  7 15 24 26 27 28 29 30 31 32 33 34 35 37 38 39 40 41 42 43
 44 45 46 48 49 57 60 62 64 66 74])
Bicluster(rows=[41, 44], cols=[ 0  1  4  5  6  7  8 13 18 20 21 25 26 27 28 29 30 31 32 33 34 35 36 37
 38 39 40 41 42 43 44 45 46 47 48 49 51 53 54 55 56 58 60 62 64 65 66 67
 68 73])
Bicluster(rows=[41, 45], cols=[ 3  4  8  9 11 12 14 15 16 17 18 19 20 21 24 25 26 27 28 29 30 31 32 33
 34 35 36 37 38 39 40 41 42 43 44 45 46 47 48 49 53 55 57 59 60 63 66 67
 68 69 70 71 72])
Bicluster(rows=[41, 46], cols=[ 1  3  4  5  6  8  9 10 11 13 14 15 17 21 22 23 24 25 26 27 28 29 30 31
 32 33 34 35 36 37 38 39 40 41 42 43 44 45 46 47 48 49 50 53 55 56 57 58
 60 61 62 68 69 70 71 74])
Bicluster(rows=[41, 47], cols=[ 0  2  3  7 11 12 14 18 19 22 23 24 26 27 28 30 31 32 33 34 35 37 38 39
 40 41 43 44 45 46 48 49 52 53 54 55 56 61 62 63 64 65 69 70 71 73])
Bicluster(rows=[41, 48], cols=[ 0  1  7  9 10 17 19 25 26 27 28 29 30 31 32 33 34 35 36 37 38 39 40 41
 42 43 44 45 46 47 48 49 51 54 57 58 60 63 67 68 69 71 73])
Bicluster(rows=[41, 49], cols=[ 0  2  4  6  7  9 10 14 15 23 27 30 32 39 46 48 49 50 53 54 57 59 62 64
 68 69 70 73])
Bicluster(rows=[41, 50], cols=[ 4  5  6  9 14 15 22 23 24 27 30 32 33 34 37 40 48 49 54 57 62 64 65 66
 67 68 71 73])
Bicluster(rows=[41, 51], cols=[ 2  6  9 12 13 14 15 17 18 21 22 25 26 27 28 29 30 31 32 33 34 35 36 37
 38 39 40 41 42 43 44 45 46 47 48 49 52 56 57 58 59 60 61 66 68 72 73 74])
Bicluster(rows=[41, 52], cols=[ 0  6  8 10 11 13 15 16 17 18 21 22 26 27 28 30 31 32 33 34 35 37 39 40
 41 44 45 46 48 49 50 53 54 55 57 61 63 64 66 70 72 74])
Bicluster(rows=[41, 53], cols=[ 5  6  9 10 11 12 13 16 19 22 24 25 26 27 28 29 30 31 32 33 34 35 36 37
 38 39 40 41 42 43 44 45 46 47 48 49 55 58 60 62 66 70 72])
Bicluster(rows=[41, 54], cols=[ 2 10 11 12 15 19 21 22 24 25 26 27 28 29 30 31 32 33 34 35 36 37 38 39
 40 41 42 43 44 45 46 47 48 49 53 55 56 58 59 64 65 67 70])
Bicluster(rows=[41, 55], cols=[ 0  2  3  5  7  9 11 14 19 22 23 24 26 27 28 30 31 32 33 34 35 37 39 40
 41 44 45 46 48 49 50 54 56 57 60 64 65 66 70 73 74])
Bicluster(rows=[41, 56], cols=[ 0  2  4 11 12 13 14 16 17 19 20 21 22 23 24 25 26 27 28 29 30 31 32 33
 34 35 36 37 38 39 40 41 42 43 44 45 46 47 48 49 51 55 56 57 58 60 61 64
 65 66 67 68 70 71])
Bicluster(rows=[41, 57], cols=[ 0  1  5  6 10 11 12 13 14 15 17 22 23 24 25 26 27 28 29 30 31 32 33 34
 35 36 37 38 39 40 41 42 43 44 45 46 47 48 49 50 52 56 57 59 62 63 64 66
 68 70 72 73 74])
Bicluster(rows=[41, 58], cols=[ 4 17 19 21 22 23 25 26 27 28 29 30 31 32 33 34 35 36 37 38 39 40 41 42
 43 44 45 46 47 48 49 63 67 68 69 71])
Bicluster(rows=[41, 59], cols=[ 3  4 12 16 17 18 21 25 26 27 28 29 30 31 32 33 34 35 36 37 38 39 40 41
 42 43 44 45 46 47 48 49 61 63 66 71 72 74])
Bicluster(rows=[41, 60], cols=[ 4  6 10 13 15 18 19 20 22 23 25 26 27 28 29 30 31 32 33 34 35 36 37 38
 39 40 41 42 43 44 45 46 47 48 49 51 53 55 56 58 60 61 65 67 69])
Bicluster(rows=[41, 61], cols=[ 0  3  6  7  9 12 13 14 19 20 21 22 27 32 33 34 37 40 49 51 52 53 54 56
 58 65 73])
Bicluster(rows=[41, 62], cols=[ 0  4  6  9 14 15 16 20 23 24 25 26 27 28 29 30 31 32 33 34 35 36 37 38
 39 40 41 42 43 44 45 46 47 48 49 51 55 57 60 61 62 63 66 69 71])
Bicluster(rows=[41, 63], cols=[ 0  2  5  6  7  8 10 11 12 13 15 16 17 23 24 27 30 32 39 46 48 49 51 53
 56 59 61 64 66 70 72 74])
Bicluster(rows=[41, 64], cols=[ 1  2  4  6  8  9 10 11 12 13 14 15 16 17 18 19 20 21 24 25 26 27 28 29
 30 31 32 33 34 35 36 37 38 39 40 41 42 43 44 45 46 47 48 49 51 52 53 55
 57 59 60 61 64 66 69 70 71 73])
Bicluster(rows=[41, 65], cols=[ 1  4  5  7  8 11 12 13 14 15 16 19 26 27 28 31 32 33 34 35 37 40 41 44
 45 49 50 51 59 65 66 68 70 72])
Bicluster(rows=[41, 66], cols=[ 3  4  8  9 10 12 15 25 26 27 28 31 32 34 41 45 46 49 50 52 53 54 56 61
 62 63 64 65 69 70 71 73])
Bicluster(rows=[41, 67], cols=[ 0  1  3  4  7  8  9 10 12 17 19 20 21 22 25 27 28 29 30 34 36 41 42 43
 46 49 50 51 52 53 54 56 62 63 64 65 70 71 73])
Bicluster(rows=[41, 68], cols=[ 5  9 10 11 13 15 20 22 26 27 28 29 30 31 40 46 48 49 52 55 57 58 61 62
 64 66 68 70 72])
Bicluster(rows=[41, 69], cols=[ 4  5  6  7  9 10 15 18 21 22 24 28 36 37 41 42 45 50 52 53 56 58 59 61
 62 63 64 65 69 71 73])
Bicluster(rows=[41, 70], cols=[ 8  9 10 12 13 16 19 20 27 28 29 33 34 37 39 45 46 48 49 50 52 53 54 55
 56 57 58 59 60 64 65 73 74])
Bicluster(rows=[41, 71], cols=[ 1  2  4  9 11 14 15 22 23 24 26 29 31 32 37 41 42 44 45 48 49 51 63 67
 69 71])
Bicluster(rows=[41, 72], cols=[ 8  9 10 11 18 20 21 23 24 27 29 30 33 36 38 39 42 43 48 55 57 58 60 61
 62 64 66 70 72])
Bicluster(rows=[41, 73], cols=[ 3  4  6  7  8 10 12 13 14 15 16 17 18 19 21 24 27 34 36 37 41 43 47 48
 51 55 60 63 68 69 71])
Bicluster(rows=[41, 74], cols=[ 1  2  3  5  6  7  8  9 12 13 14 15 17 27 29 32 34 36 43 50 51 52 53 56
 59 61 62 64 65 66 70 73])
Bicluster(rows=[41, 75], cols=[ 0  3  4  6 10 15 16 18 19 20 27 30 31 33 36 37 39 40 41 42 43 50 51 52
 53 56 59 61 62 63 64 65 70 71 73])
Bicluster(rows=[41, 76], cols=[ 4  5  7 12 13 14 18 19 20 23 24 25 26 28 31 32 33 34 36 37 38 39 40 41
 44 46 47 48 49 57 58 59 67 68])
Bicluster(rows=[41, 77], cols=[ 1  6 10 15 16 24 25 26 27 31 32 33 34 35 37 38 41 46 47 49 50 51 52 53
 54 56 59 61 62 63 64 65 66 70 71 72 73])
Bicluster(rows=[41, 78], cols=[ 3  6  8  9 11 15 16 18 22 24 25 32 35 38 39 40 42 46 47 50 52 53 54 56
 61 62 63 64 65 69 70 71 73])
Bicluster(rows=[41, 79], cols=[ 4  5  6 12 13 14 16 17 19 26 28 29 30 32 35 37 39 40 41 47 49 61 64 67
 70])
Bicluster(rows=[41, 80], cols=[ 0  2  3  9 10 11 13 15 19 24 28 38 39 40 46 47 51 52 53 56 59 61 62 64
 65 66 70 73])
Bicluster(rows=[41, 81], cols=[ 9 10 11 12 14 15 25 27 28 33 44 48 50 52 53 56 58 59 61 62 63 64 65 69
 71 73])
Bicluster(rows=[41, 82], cols=[ 0  4 10 14 16 17 20 23 36 37 40 44 47 48 49 50 51 52 53 56 58 59 61 62
 63 64 65 70 71 73])
Bicluster(rows=[41, 83], cols=[ 3  4  7  9 10 12 13 15 16 17 18 19 20 21 25 27 30 32 34 41 42 49 50 51
 52 53 54 56 64 65 66 70 72 73])
Bicluster(rows=[41, 84], cols=[ 0  1  5  6  7 13 14 15 16 19 21 22 25 29 30 36 39 42 43 46 49 50 51 52
 53 56 61 62 63 64 65 70 71 73])
Bicluster(rows=[41, 85], cols=[ 4  7 11 12 14 16 26 28 32 34 35 37 38 41 43 46 48 49 55 67 68])
Bicluster(rows=[41, 86], cols=[ 1  4  6  7  8 15 16 19 25 26 27 28 32 35 41 42 45 46 49 50 52 53 61 64
 65 73])
Bicluster(rows=[41, 87], cols=[ 6 14 19 27 28 31 34 41 45 48 50 52 53 54 55 56 57 58 59 60 64 65 70 72
 73 74])
Bicluster(rows=[41, 88], cols=[ 3  4  5  7 15 17 19 20 22 24 25 28 30 37 39 41 45 48 49 52 53 54 55 57
 58 59 60 64 70 73 74])
Bicluster(rows=[41, 89], cols=[ 1  3  5  7  8 10 11 12 13 14 15 16 18 19 20 23 29 38 40 47 48 51 52 57
 58 59 61 62 63 64 71])
Bicluster(rows=[41, 90], cols=[ 1  2  3 12 14 16 21 22 25 28 33 34 39 40 48 50 51 52 53 56 59 61 62 63
 64 65 66 70 71 73])
Bicluster(rows=[41, 91], cols=[ 1  7 11 12 14 15 16 20 23 24 25 28 32 33 34 35 36 37 40 41 43 45 49 50
 52 53 56 58 61 65])
Bicluster(rows=[41, 92], cols=[ 0  1  2  3  5  7  8 17 23 24 29 32 33 40 41 46 47 51 55 60 61 62 63 68
 71])
Bicluster(rows=[41, 93], cols=[ 0  1  4  6  8 10 11 12 17 18 19 21 22 23 26 29 30 32 34 36 39 40 41 43
 44 45 46 49 61 62 64 67 68 70 74])
Bicluster(rows=[41, 94], cols=[ 3  4  8 10 13 14 15 17 18 19 20 21 22 23 24 27 30 32 39 40 42 48 49 62
 66 67 68 72])
Bicluster(rows=[41, 95], cols=[ 1  5  9 14 15 17 20 25 27 29 33 36 40 42 45 46 47 48 50 51 52 53 54 56
 62 63 64 65 70 71 73])
Bicluster(rows=[41, 96], cols=[ 0  3  4 11 12 14 15 17 19 20 21 22 23 27 29 30 32 34 36 38 39 40 41 42
 45 48 50 51 52 53 54 56 64 65 66 70 73])
Bicluster(rows=[41, 97], cols=[ 2  8  9 12 24 28 31 32 33 35 37 40 41 42 49 50 51 52 53 54 56 61 62 63
 64 65 69 70 71 73])
Bicluster(rows=[41, 98], cols=[ 5  6  8  9 12 13 14 15 17 22 25 26 33 34 36 37 39 40 49 50 51 52 53 56
 58 59 61 62 63 64 65 66 70 71 72 73])
Bicluster(rows=[41, 99], cols=[ 5  8  9 10 13 14 15 16 18 19 22 23 24 27 29 30 32 40 43 46 49 51 52 54
 57 58 59 60 61 66 68 70 71])
Bicluster(rows=[42, 43], cols=[ 1  2  4  7 10 11 13 18 19 24 25 26 27 28 29 30 31 32 33 34 35 36 37 38
 39 40 41 42 43 44 45 46 47 48 49 53 56 57 60 67 71 73])
Bicluster(rows=[42, 44], cols=[ 0  1  2  4  5 11 13 14 16 17 21 25 26 27 28 29 30 31 32 33 34 35 36 37
 38 39 40 41 42 43 44 45 46 47 48 49 53 54 58 66 68 69 70 74])
Bicluster(rows=[42, 45], cols=[ 2  5  6 11 12 17 21 24 25 26 27 28 29 30 31 32 33 34 35 36 37 38 39 40
 41 42 43 44 45 46 47 48 49 51 56 59 60 64 65 66 68 73])
Bicluster(rows=[42, 46], cols=[ 0  1  2  4  5  6  9 10 12 14 15 17 20 21 22 24 25 26 27 28 29 30 31 32
 33 34 35 36 37 38 39 40 41 42 43 44 45 46 47 48 49 51 53 55 61 64 66 68
 73 74])
Bicluster(rows=[42, 47], cols=[ 0  1  3  6  7  8 12 21 22 24 25 26 27 28 29 30 31 32 33 34 35 36 37 38
 39 40 41 42 43 44 45 46 47 48 49 52 54 55 58 62 66 67 68 69 74])
Bicluster(rows=[42, 48], cols=[ 0  6  9 11 14 15 17 18 22 25 26 27 28 29 30 31 32 33 34 35 36 37 38 39
 40 41 42 43 44 45 46 47 48 49 52 53 54 56 58 60 64 68 70])
Bicluster(rows=[42, 49], cols=[ 3  4  5  7 10 16 17 18 19 20 21 29 30 38 39 42 43 46 48 51 54 55 59])
Bicluster(rows=[42, 50], cols=[ 1  2  5  8  9 16 18 19 22 24 27 28 30 31 32 33 34 37 40 41 45 46 48 49
 51 52 72 74])
Bicluster(rows=[42, 51], cols=[ 3  6 12 13 14 15 17 19 20 21 22 25 26 27 28 29 30 31 32 33 34 35 36 37
 38 39 40 41 42 43 44 45 46 47 48 49 50 51 52 57 59 60 61 67 68 69])
Bicluster(rows=[42, 52], cols=[ 1  3 11 15 17 19 22 29 30 36 38 39 42 43 46 47 48 50 51 52 55 56 58 59
 62 64 65 66 70])
Bicluster(rows=[42, 53], cols=[ 3  5  9 12 13 15 18 22 24 25 26 27 28 29 30 31 32 33 34 35 36 37 38 39
 40 41 42 43 44 45 46 47 48 49 51 55 56 58 63 64 65 69 73 74])
Bicluster(rows=[42, 54], cols=[ 2  4  5  7  9 11 13 20 29 36 38 39 42 43 46 47 48 51 53 54 55 56 57 62
 65 70])
Bicluster(rows=[42, 55], cols=[ 0  3  5  7  9 10 13 15 16 20 22 24 26 27 28 29 30 31 32 33 34 35 36 37
 38 39 40 41 42 43 44 45 46 47 48 49 51 54 55 59 60 62 69 71 72 74])
Bicluster(rows=[42, 56], cols=[ 0  1  6  9 12 13 15 17 18 21 22 24 25 26 27 28 29 30 31 32 33 34 35 36
 37 38 39 40 41 42 43 44 45 46 47 48 49 50 53 58 60 61 68 69 73 74])
Bicluster(rows=[42, 57], cols=[ 0  1  2  5 10 12 15 16 17 18 19 22 24 25 26 27 28 29 30 31 32 33 34 35
 36 37 38 39 40 41 42 43 44 45 46 47 48 49 51 52 59 62 66 67 68 69 74])
Bicluster(rows=[42, 58], cols=[ 1  4  9 11 14 17 18 21 22 25 26 27 28 29 30 31 32 33 34 35 36 37 38 39
 40 41 42 43 44 45 46 47 48 49 50 64 65 68 69 70 73])
Bicluster(rows=[42, 59], cols=[ 2  3  6 12 15 17 20 21 25 26 27 28 29 30 31 32 33 34 35 36 37 38 39 40
 41 42 43 44 45 46 47 48 49 50 53 55 56 57 58 60 61 64 65 67 69 70 73])
Bicluster(rows=[42, 60], cols=[ 1  6  9 11 13 14 22 25 26 27 28 29 30 31 32 33 34 35 36 37 38 39 40 41
 42 43 44 45 46 47 48 49 50 51 53 58 64 66 70 73 74])
Bicluster(rows=[42, 61], cols=[ 1  3  5  7  8  9 11 12 16 18 21 22 24 28 31 32 33 34 37 40 41 45 54 55
 58 60 62 67 69 70 71 74])
Bicluster(rows=[42, 62], cols=[ 0  1  9 11 15 25 26 27 28 29 30 31 32 33 34 35 36 37 38 39 40 41 42 43
 44 45 46 47 48 49 50 53 55 56 61 65 70 73 74])
Bicluster(rows=[42, 63], cols=[ 3 11 15 16 17 18 25 26 27 28 29 30 31 32 33 34 35 36 37 38 39 40 41 42
 43 44 45 46 47 48 49 50 52 61 63 65 68 70 73])
Bicluster(rows=[42, 64], cols=[ 3  4  5  9 10 12 15 17 21 22 24 25 26 27 28 29 30 31 32 33 34 35 36 37
 38 39 40 41 42 43 44 45 46 47 48 49 51 52 55 56 59 60 61 62 65 69 70 72
 74])
Bicluster(rows=[42, 65], cols=[ 0  4  7 10 12 13 16 19 21 24 25 26 27 28 29 30 31 32 33 34 35 36 37 38
 39 40 41 42 43 44 45 46 47 48 49 51 52 53 60 67 69 72])
Bicluster(rows=[42, 66], cols=[ 1  2  3  4  6 10 11 12 16 19 24 25 28 29 30 32 34 36 37 39 42 43 46 54
 57 67 69 74])
Bicluster(rows=[42, 67], cols=[ 0  3  4  5  9 12 17 21 22 24 25 27 28 29 30 34 36 41 42 43 46 49 54 57
 67 69 74])
Bicluster(rows=[42, 68], cols=[ 7  8  9 11 15 21 23 24 25 27 30 32 35 36 44 45 46 48 50 53 55 56 60 63
 64 65 68 70 73])
Bicluster(rows=[42, 69], cols=[ 0  1  2  5  8  9 12 15 16 25 30 33 34 35 38 39 40 41 42 43 45 48 49 52
 53 55 58 59 61 66 68 70 73])
Bicluster(rows=[42, 70], cols=[ 0  1  2  5  6  9 10 11 12 13 14 17 27 28 29 30 32 33 34 37 38 41 45 46
 49 54 55 57 59 60 62 67 71 72])
Bicluster(rows=[42, 71], cols=[ 0  8  9 11 14 15 16 19 22 25 28 29 32 33 34 36 42 48 52 57 58 59 61 66
 74])
Bicluster(rows=[42, 72], cols=[ 0  1  3  5  9 14 15 26 27 28 30 33 39 43 48 54 55 58 59 60 62 67 71 72])
Bicluster(rows=[42, 73], cols=[ 1  2  3  7 10 11 13 15 17 20 21 22 24 31 32 35 36 39 43 45 47 49 50 56
 64 65 66 70 73])
Bicluster(rows=[42, 74], cols=[ 4  5  9 15 16 17 19 20 22 27 28 29 30 38 40 42 45 46 52 53 55 58 60 61
 68 74])
Bicluster(rows=[42, 75], cols=[ 0  2  3  5  8 13 14 15 18 19 20 23 28 45 46 50 52 53 54 56 61 62 65 68
 71 72 73])
Bicluster(rows=[42, 76], cols=[ 0  1  2  4  5  6  7 10 11 12 13 16 19 20 21 25 26 27 28 31 32 33 37 40
 42 44 47 49 52 53 57 58 59 61 68 70 73])
Bicluster(rows=[42, 77], cols=[ 0  1  3  6  7  8 12 15 16 21 23 27 28 38 40 45 46 49 50 53 56 61 65 66
 68 70 73 74])
Bicluster(rows=[42, 78], cols=[ 1  2  4  9 14 15 20 24 25 28 31 32 35 38 39 42 45 46 47 52 54 57 59 66
 67])
Bicluster(rows=[42, 79], cols=[ 1  5  9 12 13 15 24 26 28 29 30 32 35 37 39 40 41 46 47 48 49 50 53 61
 62 65 71 72 73])
Bicluster(rows=[42, 80], cols=[ 1  4  5 10 12 13 14 16 24 28 33 38 39 40 42 46 47 52 58 59 69 74])
Bicluster(rows=[42, 81], cols=[ 1  2  5  7  8  9 11 14 15 18 19 20 21 22 24 27 34 35 39 45 48 49 50 51
 53 56 61 65 68 69 73 74])
Bicluster(rows=[42, 82], cols=[ 0  1  4  5  7  8  9 15 16 17 22 26 27 33 36 39 41 43 45 48 51 53 56 61
 65 68 69 73 74])
Bicluster(rows=[42, 83], cols=[ 1  2  3  4  6 10 12 13 14 15 21 27 28 30 32 34 36 41 42 45 47 49 51 54
 57 62 67 69])
Bicluster(rows=[42, 84], cols=[ 2  4  8 14 19 21 23 27 32 33 34 36 37 38 39 50 53 61 65 68 71 72 73])
Bicluster(rows=[42, 85], cols=[ 4  5 11 12 15 16 19 20 22 23 30 36 38 39 43 46 47 54 55 57 59 60 62 67
 71 72])
Bicluster(rows=[42, 86], cols=[ 3  9 14 15 25 26 27 28 31 32 35 37 41 42 45 46 49 52 57 58 59 61 70])
Bicluster(rows=[42, 87], cols=[ 1  2  3  4  9 12 14 17 20 21 22 24 25 27 30 34 38 42 43 44 47 49 50 63
 64])
Bicluster(rows=[42, 88], cols=[ 4  8 13 15 17 30 31 33 35 36 39 48 49 50 53 55 56 60 63 64 65 68 70 73])
Bicluster(rows=[42, 89], cols=[ 3  9 11 12 18 19 20 22 25 28 34 36 39 46 52 54 55 58 62 67 71 72])
Bicluster(rows=[42, 90], cols=[ 0  3  4  5  6 12 15 17 19 20 21 22 28 33 34 36 40 42 48 54 57 59 67 69
 74])
Bicluster(rows=[42, 91], cols=[ 5  6  7 18 20 23 24 25 28 31 32 33 34 39 40 41 44 45 49 52 54 61 63 67
 70])
Bicluster(rows=[42, 92], cols=[ 0  3  4  5  7 11 14 17 20 21 22 24 26 29 31 32 36 41 45 46 47 49 53 56
 61 65 66 68 73 74])
Bicluster(rows=[42, 93], cols=[ 2  3  4  5  7  9 10 12 14 16 21 22 24 25 26 29 30 32 34 40 41 44 45 46
 49 52 53 61 65 68 71 72])
Bicluster(rows=[42, 94], cols=[ 0  2  3  7 10 16 17 22 30 32 39 40 43 44 47 48 49 50 51 61 65 69 72 73])
Bicluster(rows=[42, 95], cols=[ 4  5  6  9 11 15 16 17 25 27 29 33 36 40 42 45 46 47 52 54 57 59 67 74])
Bicluster(rows=[42, 96], cols=[ 0  1  2  3  5  6 12 13 15 16 21 22 24 25 27 30 32 34 36 38 39 40 41 42
 43 45 48 54 57 67 69 74])
Bicluster(rows=[42, 97], cols=[ 0  6  8 10 12 14 17 18 21 24 28 31 32 35 39 40 41 42 43 47 49 54 62 67
 69 74])
Bicluster(rows=[42, 98], cols=[ 0  2  7  9 12 13 20 22 24 26 29 30 32 33 34 36 39 40 42 47 49 51 54 57
 59 67 69])
Bicluster(rows=[42, 99], cols=[ 3  9 10 11 12 20 27 29 30 33 37 41 43 45 46 48 49 52 54 55 56 59 68 73])
Bicluster(rows=[43, 44], cols=[ 0  2  4  5  6  7  8 10 11 12 13 15 25 26 27 28 29 30 31 32 33 34 35 36
 37 38 39 40 41 42 43 44 45 46 47 48 49 52 53 54 55 59 60 62 63 65])
Bicluster(rows=[43, 45], cols=[ 2  4  8 15 24 25 26 27 28 29 30 31 32 33 34 35 36 37 38 39 40 41 42 43
 44 45 46 47 48 49 53 56 59 60 65 72 73])
Bicluster(rows=[43, 46], cols=[ 2  4 10 13 24 25 26 27 28 29 30 31 32 33 34 35 36 37 38 39 40 41 42 43
 44 45 46 47 48 49 51 53 59 60 62 65 67 72])
Bicluster(rows=[43, 47], cols=[ 0  1  7 10 15 17 19 24 25 26 27 28 29 30 31 32 33 34 35 36 37 38 39 40
 41 42 43 44 45 46 47 48 49 50 51 53 62 64 65 67 71 72])
Bicluster(rows=[43, 48], cols=[ 0  3  7  8 10 11 16 18 20 21 23 25 27 29 30 32 33 34 36 37 38 39 40 42
 43 46 47 48 49 56 59 60 61 63])
Bicluster(rows=[43, 49], cols=[ 0  4  6 10 12 15 18 19 27 29 30 32 34 38 39 40 42 43 46 48 49 51 57 58
 62 66 67 71 72])
Bicluster(rows=[43, 50], cols=[ 0  1  2  4  9 12 13 16 17 20 21 25 26 27 28 29 30 31 32 33 34 35 36 37
 38 39 40 41 42 43 44 45 46 47 48 49 52 59 61 67 69])
Bicluster(rows=[43, 51], cols=[ 6  8 10 13 15 16 25 26 27 28 29 30 31 32 33 34 35 36 37 38 39 40 41 42
 43 44 45 46 47 48 49 51 54 57 58 59 60 62 63 65 66 67 68 70 72 74])
Bicluster(rows=[43, 52], cols=[ 0  1  2  6  7  9 14 15 17 25 26 27 28 29 30 31 32 33 34 35 36 37 38 39
 40 41 42 43 44 45 46 47 48 49 52 54 55 56 57 59 64 65 66 68 69 72 74])
Bicluster(rows=[43, 53], cols=[ 1  3  7  8  9 11 12 14 18 28 31 32 33 34 37 40 41 45 49 50 53 55 56 59
 60 61 64 65 67 68 69 70 71 73])
Bicluster(rows=[43, 54], cols=[ 3  5  9 10 11 12 13 14 15 16 17 21 22 27 29 30 32 36 38 39 42 43 46 47
 48 49 51 54 55 57 59 67 69 70 74])
Bicluster(rows=[43, 55], cols=[ 0  5  6  8 12 17 19 24 25 26 27 28 29 30 31 32 33 34 35 36 37 38 39 40
 41 42 43 44 45 46 47 48 49 50 51 54 57 64 66 67 68 74])
Bicluster(rows=[43, 56], cols=[ 1  4  8  9 13 24 25 26 27 28 29 30 31 32 33 34 35 36 37 38 39 40 41 42
 43 44 45 46 47 48 49 59 60 62 65 72 73])
Bicluster(rows=[43, 57], cols=[ 0  2  5  6  7 10 13 14 15 17 19 21 24 25 26 27 28 29 30 31 32 33 34 35
 36 37 38 39 40 41 42 43 44 45 46 47 48 49 51 55 57 58 61 64 66 71])
Bicluster(rows=[43, 58], cols=[ 0  1  5  6  7  8 10 14 19 23 24 27 30 32 33 34 37 40 46 48 49 51 54 58
 63 64 67 68 72 74])
Bicluster(rows=[43, 59], cols=[ 2  4  5  8 10 13 18 19 20 21 23 27 28 31 32 33 34 37 40 41 45 49 55 56
 59 61 62 63 64 65 69])
Bicluster(rows=[43, 60], cols=[ 1  2  4 10 12 13 15 17 21 25 26 27 28 29 30 31 32 33 34 35 36 37 38 39
 40 41 42 43 44 45 46 47 48 49 52 53 55 59 60 63 65 71 73])
Bicluster(rows=[43, 61], cols=[ 5  6 10 14 17 24 27 28 30 32 33 34 37 40 46 48 49 54 58 59 68 72])
Bicluster(rows=[43, 62], cols=[ 1  2  4  8 12 21 25 26 27 28 29 30 31 32 33 34 35 36 37 38 39 40 41 42
 43 44 45 46 47 48 49 53 59 60 62 63 65 67 72])
Bicluster(rows=[43, 63], cols=[ 3  5  6  8 10 12 13 14 16 19 22 24 28 31 32 33 34 37 40 41 45 49 52 57
 58 59 62 65 66 67 72 73 74])
Bicluster(rows=[43, 64], cols=[ 0  6  8 13 15 17 25 26 27 28 29 30 31 32 33 34 35 36 37 38 39 40 41 42
 43 44 45 46 47 48 49 51 57 60 64 65 67 68])
Bicluster(rows=[43, 65], cols=[ 0  4  6 10 14 19 21 22 23 24 25 26 27 28 29 30 31 32 33 34 35 36 37 38
 39 40 41 42 43 44 45 46 47 48 49 50 51 53 58 60 62 66 68 73 74])
Bicluster(rows=[43, 66], cols=[ 1  2  4  7 11 14 15 19 21 22 24 26 27 28 29 30 31 32 34 36 37 39 41 42
 43 45 46 50 58 64 68 72])
Bicluster(rows=[43, 67], cols=[ 2  7  9 11 12 14 15 16 18 20 21 23 25 29 31 36 38 42 44 45 48 50 58 62
 63 64 67 68])
Bicluster(rows=[43, 68], cols=[ 0  1  5 10 13 14 15 17 18 21 23 26 27 28 29 30 32 40 45 46 51 53 55 59
 62 65 66 67 71])
Bicluster(rows=[43, 69], cols=[ 3  7 10 11 12 15 18 24 26 27 30 34 36 38 39 40 42 43 48 49 51 53 55 56
 59 64 65 66 67 71 74])
Bicluster(rows=[43, 70], cols=[ 1  2  8 10 11 13 21 23 26 27 28 29 31 33 34 35 39 41 46 48 49 51 57 60
 64 66 67 68 71 74])
Bicluster(rows=[43, 71], cols=[ 6 13 18 20 23 27 30 31 35 39 40 41 45 46 47 52 59 60 61 65 69 73])
Bicluster(rows=[43, 72], cols=[ 0  2  7  8 14 15 16 19 21 31 32 34 35 41 43 44 45 49 59 63 69 73])
Bicluster(rows=[43, 73], cols=[ 0  1  2  3  5  8  9 17 18 20 24 25 28 32 39 40 43 49 50 51 54 57 58 64
 66 68 71 74])
Bicluster(rows=[43, 74], cols=[ 0  1  8 11 13 14 15 16 17 20 29 30 31 36 38 44 46 51 53 55 56 59 60 62
 64 65 66 67 71])
Bicluster(rows=[43, 75], cols=[ 0  1  4  5  6  8  9 11 12 13 14 15 25 26 27 31 33 39 40 41 42 43 50 58
 62 64 68 72])
Bicluster(rows=[43, 76], cols=[ 1  2 16 20 21 23 27 29 32 33 40 41 42 43 45 49 51 53 56 62 66 71 73 74])
Bicluster(rows=[43, 77], cols=[ 2  6  9 12 15 18 19 21 22 23 24 25 26 27 31 32 33 34 35 37 38 46 49 50
 57 58 64 66 68 71 72])
Bicluster(rows=[43, 78], cols=[ 0  4  5  8 14 15 18 22 24 25 27 30 33 41 47 51 53 55 56 59 66 67 71 73])
Bicluster(rows=[43, 79], cols=[ 1  4  7  8 10 13 24 28 29 30 32 34 36 38 39 40 43 46 47 48 49 51 53 55
 56 59 66 71])
Bicluster(rows=[43, 80], cols=[ 6  8 12 14 15 19 22 23 26 27 31 32 35 38 39 42 44 46 47 48 49 52 53 55
 56 59 62 72 73])
Bicluster(rows=[43, 81], cols=[ 0  1  2  3  6  7  9 11 12 16 18 19 21 24 26 27 31 33 34 35 36 39 41 48
 52 56 62 72 73])
Bicluster(rows=[43, 82], cols=[ 0  5  6 10 11 12 17 19 21 26 27 30 36 39 41 45 51 53 55 56 59 65 66 67
 71])
Bicluster(rows=[43, 83], cols=[ 1 15 17 22 24 27 28 30 31 32 34 36 38 39 41 42 45 47 49 50 51 54 58 64
 66 68 71])
Bicluster(rows=[43, 84], cols=[ 0  2  3  4  5  6  7 13 16 18 23 25 26 31 32 33 36 38 39 40 41 50 53 57
 58 62 63 67 68 69])
Bicluster(rows=[43, 85], cols=[ 1  2  5  8  9 22 23 24 26 28 29 34 35 36 37 41 47 48 49 53 57 62 63 65
 67])
Bicluster(rows=[43, 86], cols=[ 0  2  6 10 11 12 13 15 18 19 21 26 29 31 34 35 39 42 43 45 46 48 49 50
 58 62 63 64 68])
Bicluster(rows=[43, 87], cols=[ 1  2  3  5  6  8  9 10 12 13 14 18 19 20 21 23 26 27 28 30 31 34 36 41
 45 48 49 50 51 54 57 58 64 66 68 71 74])
Bicluster(rows=[43, 88], cols=[ 1  2  4  5  9 11 12 13 14 15 23 24 28 30 36 37 39 41 45 48 49 51 57 60
 64 65 66 67 68 71 74])
Bicluster(rows=[43, 89], cols=[ 0  6  8  9 10 11 12 19 23 25 26 27 32 33 36 38 44 49 51 53 55 56 59 64
 65 66 67 71 74])
Bicluster(rows=[43, 90], cols=[ 1  2  4  6  7  8 13 15 17 27 30 32 36 39 44 46 53 55 56 59 62 65 72 73])
Bicluster(rows=[43, 91], cols=[ 2  5 10 14 15 21 22 24 25 28 31 32 33 34 35 39 40 41 44 45 49 50 58 62
 63 68 69])
Bicluster(rows=[43, 92], cols=[ 3  8  9 14 17 20 27 28 29 34 36 44 49 50 51 54 57 58 64 66 68 71 72])
Bicluster(rows=[43, 93], cols=[ 0  2  4 10 15 24 25 26 29 30 32 34 36 39 40 41 43 44 45 46 49 51 53 55
 56 59 65 66 67 71])
Bicluster(rows=[43, 94], cols=[ 1  5  7  8 10 11 12 15 17 18 19 21 25 31 33 34 37 41 42 45 46 47 50 58
 64 68 72])
Bicluster(rows=[43, 95], cols=[ 5  7 11 12 13 15 19 21 24 25 27 33 36 38 40 42 45 46 47 48 50 58 64 68
 71 72])
Bicluster(rows=[43, 96], cols=[ 0  1  4  5  7  8 10 13 19 24 25 27 30 32 34 36 38 39 40 41 42 43 45 47
 48 50 54 58 64 66 68 71 72])
Bicluster(rows=[43, 97], cols=[ 7 10 21 24 28 31 32 35 37 40 41 42 43 45 47 49 50 54 58 64 68 72])
Bicluster(rows=[43, 98], cols=[ 2  6 15 17 21 24 26 29 30 33 34 35 39 40 42 47 49 50 51 54 58 64 66 68
 71])
Bicluster(rows=[43, 99], cols=[ 0  3  4  6  7  8 12 13 15 18 20 22 25 29 31 39 43 46 48 52 53 55 57 58
 59 61 64 68 71 74])
Bicluster(rows=[44, 45], cols=[ 2  3  4  5  8  9 10 12 15 18 20 21 22 23 24 25 26 27 28 29 30 31 32 33
 34 35 36 37 38 39 40 41 42 43 44 45 46 47 48 49 53 55 58 59 60 65 66 67
 68])
Bicluster(rows=[44, 46], cols=[ 1  2  3  4  5  8  9 13 16 18 20 21 24 25 26 27 28 29 30 31 32 33 34 35
 36 37 38 39 40 41 42 43 44 45 46 47 48 49 53 56 58 59 60 61 65 66 68 69
 72 73 74])
Bicluster(rows=[44, 47], cols=[ 0 10 15 21 25 26 27 28 29 30 31 32 33 34 35 36 37 38 39 40 41 42 43 44
 45 46 47 48 49 54 56 57 58 61 65 66 68 69 74])
Bicluster(rows=[44, 48], cols=[ 0  1  2  3  7  8 10 12 14 17 19 23 24 25 26 27 28 29 30 31 32 33 34 35
 36 37 38 39 40 41 42 43 44 45 46 47 48 49 51 53 58 59 60 63 67 68 70 73])
Bicluster(rows=[44, 49], cols=[ 3  4 10 14 21 23 25 26 27 28 29 30 31 32 33 34 35 36 37 38 39 40 41 42
 43 44 45 46 47 48 49 50 52 55 56 62 63 67 68 69 70 71 72])
Bicluster(rows=[44, 50], cols=[ 0  4  7 10 13 18 21 25 29 30 36 38 39 42 43 46 47 48 51 53 55 56 58 60
 66 70 72])
Bicluster(rows=[44, 51], cols=[ 8  9 10 13 18 20 21 23 24 25 26 27 28 29 30 31 32 33 34 35 36 37 38 39
 40 41 42 43 44 45 46 47 48 49 54 56 63 65 68 69 70])
Bicluster(rows=[44, 52], cols=[ 0  2  3  7 15 16 19 20 25 26 27 28 29 30 31 32 33 34 35 36 37 38 39 40
 41 42 43 44 45 46 47 48 49 51 54 56 58 59 61 65])
Bicluster(rows=[44, 53], cols=[ 5  6  8  9 10 12 13 14 17 18 19 23 24 25 26 27 28 29 30 31 32 33 34 35
 36 37 38 39 40 41 42 43 44 45 46 47 48 49 50 52 55 57 58 59 60 61 62 63
 66 69 71 72 73 74])
Bicluster(rows=[44, 54], cols=[ 9 10 13 14 16 17 21 23 25 26 27 28 29 30 31 32 33 34 35 36 37 38 39 40
 41 42 43 44 45 46 47 48 49 52 56 57 63 64 65 72])
Bicluster(rows=[44, 55], cols=[ 3  5  6  7 12 13 20 24 26 28 31 33 35 37 41 44 45 56 58 60 61 65 66 68
 69 73 74])
Bicluster(rows=[44, 56], cols=[ 0  3  4  5  8 13 20 21 25 26 27 28 29 30 31 32 33 34 35 36 37 38 39 40
 41 42 43 44 45 46 47 48 49 51 55 56 58 59 64 65 67 68 69 73 74])
Bicluster(rows=[44, 57], cols=[ 0  1  2  5  6  7 10 13 16 18 25 26 27 28 29 30 31 32 33 34 35 36 37 38
 39 40 41 42 43 44 45 46 47 48 49 55 56 60 62 64 66 68 69 73 74])
Bicluster(rows=[44, 58], cols=[ 2  3  4  8 10 12 14 19 24 25 26 27 28 29 30 31 32 33 34 35 36 37 38 39
 40 41 42 43 44 45 46 47 48 49 51 52 57 59 60 67 68 69 70 72])
Bicluster(rows=[44, 59], cols=[ 1  2  3  4  7  9 11 12 13 14 23 27 30 32 34 39 40 46 48 49 53 55 57 60
 62 65 66 72 73])
Bicluster(rows=[44, 60], cols=[ 1  3  4  7 10 12 13 14 15 18 20 25 26 27 28 29 30 31 32 33 34 35 36 37
 38 39 40 41 42 43 44 45 46 47 48 49 51 52 53 55 56 57 58 59 60 61 63 65
 66 67 69 72 73])
Bicluster(rows=[44, 61], cols=[ 3 10 14 17 24 25 26 27 28 29 30 31 32 33 34 35 36 37 38 39 40 41 42 43
 44 45 46 47 48 49 51 52 55 57 59 60 63 71 72])
Bicluster(rows=[44, 62], cols=[ 0  1  3  4  5  6 10 12 16 17 18 19 20 22 24 25 26 27 28 29 30 31 32 33
 34 35 36 37 38 39 40 41 42 43 44 45 46 47 48 49 51 53 56 58 59 60 69 73
 74])
Bicluster(rows=[44, 63], cols=[ 8 10 12 14 16 17 19 22 23 24 25 26 27 28 29 30 31 32 33 34 35 36 37 38
 39 40 41 42 43 44 45 46 47 48 49 51 55 57 59 63 64 67 68 70 72 73])
Bicluster(rows=[44, 64], cols=[ 0  1  4  5  6  8 13 15 18 20 21 25 26 27 28 29 30 31 32 33 34 35 36 37
 38 39 40 41 42 43 44 45 46 47 48 49 53 56 58 60 62 64 65 66 69 73 74])
Bicluster(rows=[44, 65], cols=[ 0  4  6 16 20 21 24 25 26 27 28 29 30 31 32 33 34 35 36 37 38 39 40 41
 42 43 44 45 46 47 48 49 56 60 62 64 73])
Bicluster(rows=[44, 66], cols=[ 1  2  3  4  6  7 12 14 18 19 20 21 22 27 29 33 35 36 42 43 44 46 49 51
 52 57 66 69 70 74])
Bicluster(rows=[44, 67], cols=[ 2  3  4 10 12 13 14 16 20 24 27 30 31 34 40 43 45 46 47 51 52 57 66 70])
Bicluster(rows=[44, 68], cols=[ 0  1  5 10 13 19 20 23 24 26 27 28 29 30 31 32 38 40 53 55 58 59 60 62
 64 68 69 73 74])
Bicluster(rows=[44, 69], cols=[ 0  2  4  5  6  7 10 16 18 20 24 25 30 33 34 35 38 39 40 41 42 43 45 48
 49 53 56 58 63 65 68 72 73])
Bicluster(rows=[44, 70], cols=[ 1  5  6  7  8 10 12 15 18 20 21 25 27 36 38 46 47 48 52 55 58 59 60 63
 67 70 71])
Bicluster(rows=[44, 71], cols=[ 1  4  5  7  9 15 17 19 26 29 31 32 37 41 42 44 45 48 49 51 57 66 67 69
 74])
Bicluster(rows=[44, 72], cols=[ 0  1  2  8  9 11 15 20 23 31 32 34 40 41 43 49 53 56 58 59 63 67 68 70])
Bicluster(rows=[44, 73], cols=[ 1  2  6  8  9 12 13 18 23 24 31 32 35 36 39 44 45 46 47 49 52 55 57 60
 63 67 70 71])
Bicluster(rows=[44, 74], cols=[ 2  3  4 14 17 20 21 25 26 31 48 49 55 59 60 63 67 70 72])
Bicluster(rows=[44, 75], cols=[ 0  1  4  5  6  8 12 13 15 17 20 22 23 27 30 31 33 40 41 42 43 51 56 62
 64 66 69 74])
Bicluster(rows=[44, 76], cols=[ 2  3  4  5  9 13 16 20 25 26 28 31 32 33 34 36 37 38 39 40 41 44 46 47
 48 49 53 56 58 63 65 68 70])
Bicluster(rows=[44, 77], cols=[ 2  4  7 10 13 14 18 24 27 28 30 32 34 37 39 40 42 43 46 49 51 55 58 59
 60 66 67])
Bicluster(rows=[44, 78], cols=[ 1  5  6  9 10 12 13 14 15 16 21 29 32 35 36 38 40 42 43 47 51 54 61 62
 66 69 72 74])
Bicluster(rows=[44, 79], cols=[ 2  3  4  5  6  7 10 13 23 24 26 28 29 30 32 35 37 39 41 47 49 57 62 64
 67])
Bicluster(rows=[44, 80], cols=[ 0  5  8 14 16 18 19 22 27 33 37 38 41 45 46 47 48 49 51 53 56 62 64 65
 66 69 73 74])
Bicluster(rows=[44, 81], cols=[ 0  2  6  7 11 14 20 24 26 27 28 30 31 32 33 35 36 39 41 42 43 48 51 52
 57 66 70 72])
Bicluster(rows=[44, 82], cols=[ 5  6 10 11 12 16 18 24 27 29 33 39 41 43 45 48 53 55 58 59 60 62 64 68
 69 73 74])
Bicluster(rows=[44, 83], cols=[ 0  1  2  4  5  6  8 12 15 16 17 21 22 26 27 35 36 42 47 51 52 57 63 66
 70 72])
Bicluster(rows=[44, 84], cols=[ 0  1  2  3  4  5  6  7  8 10 11 12 13 17 19 21 22 23 25 28 31 32 38 39
 40 45 53 56 63 64 65 66 72 73])
Bicluster(rows=[44, 85], cols=[ 2  3  4  5  8 15 17 18 20 23 24 26 28 34 35 36 37 41 43 47 48 49 53 56
 58 63 65 68 72 73])
Bicluster(rows=[44, 86], cols=[ 2 10 13 14 19 21 23 28 34 36 39 41 43 45 47 48 49 50 52 66 69 70 74])
Bicluster(rows=[44, 87], cols=[ 2  7  8 10 11 13 14 15 18 19 20 21 24 25 27 30 34 38 42 43 44 47 48 49
 52 55 57 60 63 67 70 71])
Bicluster(rows=[44, 88], cols=[ 0  3  7 11 17 19 21 24 27 29 31 33 38 41 44 47 51 55 58 59 60 66 67 68
 69 74])
Bicluster(rows=[44, 89], cols=[ 1  2  3  4  5  7 10 12 18 19 21 31 33 34 37 39 41 43 45 46 47 49 58 59
 63 67 70 72])
Bicluster(rows=[44, 90], cols=[ 4  5  6  7 12 13 14 15 19 21 27 30 37 39 42 44 48 49 51 52 57 66 67 74])
Bicluster(rows=[44, 91], cols=[ 2  3  4  8  9 10 11 14 22 26 27 28 29 30 31 33 34 37 38 40 41 45 47 48
 51 52 57 66 69 70 74])
Bicluster(rows=[44, 92], cols=[ 1  5  8  9 11 14 15 16 18 26 29 31 32 45 46 47 49 51 55 58 59 60 66 67
 68 74])
Bicluster(rows=[44, 93], cols=[ 0  2  3  4  5  6  8 14 15 16 21 24 26 29 30 32 34 36 39 40 41 43 44 45
 46 49 57 58 62 64 67 68 73])
Bicluster(rows=[44, 94], cols=[ 1  3  6  7  8  9 10 16 17 19 21 35 37 42 44 46 50 52 66 69 70 74])
Bicluster(rows=[44, 95], cols=[ 3  4  8  9 15 18 20 22 25 28 29 36 37 42 47 53 55 58 59 62 64 68 69 73])
Bicluster(rows=[44, 96], cols=[ 1  2  3  6  8 12 15 17 18 19 21 23 24 30 33 35 37 38 39 42 43 44 47 48
 50 51 63 66 70 72])
Bicluster(rows=[44, 97], cols=[ 1  2  4  5  7  8 13 18 20 21 25 27 29 36 38 39 42 43 46 55 58 59 60 62
 64 68 69 74])
Bicluster(rows=[44, 98], cols=[ 3  5  8 13 16 18 19 20 24 25 26 33 34 36 37 38 39 40 43 46 49 51 53 56
 62 64 65 66 68 69 73 74])
Bicluster(rows=[44, 99], cols=[ 1  3  4  6  7  8  9 10 12 16 17 21 29 30 34 36 42 46 47 48 51 55 59 64
 65 66 69 70 74])
Bicluster(rows=[45, 46], cols=[ 2  3  4  5  6  7  8  9 11 12 13 14 17 20 21 23 24 25 26 27 28 29 30 31
 32 33 34 35 36 37 38 39 40 41 42 43 44 45 46 47 48 49 50 51 52 53 54 55
 58 60 62 63 64 65 66 67 68 69 70 71])
Bicluster(rows=[45, 47], cols=[ 1  6  9 10 11 12 14 15 18 19 24 26 28 31 33 34 35 37 40 41 44 45 51 53
 55 58 65 66 69 70 71 74])
Bicluster(rows=[45, 48], cols=[ 2  5  6  8  9 10 11 16 17 19 23 25 26 27 28 29 30 31 32 33 34 35 36 37
 38 39 40 41 42 43 44 45 46 47 48 49 50 52 56 57 59 60 61 62 64 67 68 69
 71 74])
Bicluster(rows=[45, 49], cols=[ 0  3  4  5  7 10 17 21 23 25 26 27 28 29 30 31 32 33 34 35 36 37 38 39
 40 41 42 43 44 45 46 47 48 49 55 56 57 61 64 65 67 68 70 73 74])
Bicluster(rows=[45, 50], cols=[ 3  7 12 18 21 23 25 27 29 30 36 38 39 42 43 46 47 48 49 50 52 57 59 61
 62 63 64 69 71 73 74])
Bicluster(rows=[45, 51], cols=[ 6  8  9 10 12 14 15 17 18 21 23 25 26 27 28 29 30 31 32 33 34 35 36 37
 38 39 40 41 42 43 44 45 46 47 48 49 50 51 59 60 62 65 72])
Bicluster(rows=[45, 52], cols=[ 1  2  3 20 23 25 26 27 28 29 30 31 32 33 34 35 36 37 38 39 40 41 42 43
 44 45 46 47 48 49 52 58 63])
Bicluster(rows=[45, 53], cols=[ 1  2  5  7  8  9 10 11 12 16 19 23 24 25 26 27 28 29 30 31 32 33 34 35
 36 37 38 39 40 41 42 43 44 45 46 47 48 49 51 55 56 57 60 65 72 74])
Bicluster(rows=[45, 54], cols=[ 4 13 21 25 26 27 28 29 30 31 32 33 34 35 36 37 38 39 40 41 42 43 44 45
 46 47 48 49 50 53 54 59 61 73 74])
Bicluster(rows=[45, 55], cols=[ 0  3  5 11 16 17 18 19 20 23 26 28 31 35 41 44 45 51 55 57 58 59 60 63
 65 66 67 68 70 72])
Bicluster(rows=[45, 56], cols=[ 1  3  4  5  6  7  8 11 12 13 14 16 17 19 20 21 23 24 25 26 27 28 29 30
 31 32 33 34 35 36 37 38 39 40 41 42 43 44 45 46 47 48 49 52 54 55 58 60
 62 63 65 68 70 71 74])
Bicluster(rows=[45, 57], cols=[ 2  7 11 13 14 17 24 25 26 27 28 29 30 31 32 33 34 35 36 37 38 39 40 41
 42 43 44 45 46 47 48 49 50 51 52 57 59 61 63 66 68 70 72])
Bicluster(rows=[45, 58], cols=[ 0  2  3  7  8 10 11 17 19 21 25 26 27 28 29 30 31 32 33 34 35 36 37 38
 39 40 41 42 43 44 45 46 47 48 49 50 52 54 57 61 62 63 64 65 67 68 71 73
 74])
Bicluster(rows=[45, 59], cols=[ 0  2  4  6 10 13 16 17 22 25 26 27 28 29 30 31 32 33 34 35 36 37 38 39
 40 41 42 43 44 45 46 47 48 49 54 62 66 71 72 73])
Bicluster(rows=[45, 60], cols=[ 0  2  3  4  5  6  7 10 11 12 15 18 19 20 25 26 27 28 29 30 31 32 33 34
 35 36 37 38 39 40 41 42 43 44 45 46 47 48 49 51 53 54 55 60 62 64 65 66
 67 69 70 74])
Bicluster(rows=[45, 61], cols=[ 0  7 10 11 19 25 27 29 30 32 34 36 37 38 39 40 42 43 46 47 48 49 50 54
 55 58 59 61 62 64 69 70 73 74])
Bicluster(rows=[45, 62], cols=[ 2  3  4  5  6  7 10 11 13 14 16 22 24 25 26 27 28 29 30 31 32 33 34 35
 36 37 38 39 40 41 42 43 44 45 46 47 48 49 50 52 55 57 58 62 64 65 66 69
 70 71 74])
Bicluster(rows=[45, 63], cols=[ 0  1  8 10 11 12 13 22 25 26 27 28 29 30 31 32 33 34 35 36 37 38 39 40
 41 42 43 44 45 46 47 48 49 50 51 52 54 55 61 62 65 67 68 73])
Bicluster(rows=[45, 64], cols=[ 5  7  8 11 12 13 14 15 16 17 18 19 20 21 25 26 27 28 29 30 31 32 33 34
 35 36 37 38 39 40 41 42 43 44 45 46 47 48 49 50 51 53 55 56 57 58 59 60
 63 65 66 70 71])
Bicluster(rows=[45, 65], cols=[ 0  2  8  9 10 11 13 16 17 19 26 31 35 41 44 50 52 56 59 62 63 64 65 66
 68 69 70 73 74])
Bicluster(rows=[45, 66], cols=[ 4  5  6  7 17 20 21 22 30 32 33 34 38 39 44 46 47 54 61 62 64 66 73])
Bicluster(rows=[45, 67], cols=[ 1  5  8  9 12 18 21 29 32 33 37 42 43 47 48 50 51 52 56 57 58 63 67 68
 70 71 72])
Bicluster(rows=[45, 68], cols=[ 0  4  6 10 11 13 18 21 24 27 32 37 39 41 42 43 46 48 50 52 56 58 60 62
 65 68 69 74])
Bicluster(rows=[45, 69], cols=[ 1  2  4  5 10 12 17 18 20 25 30 33 34 35 38 40 41 43 49 50 52 54 59 62
 65 67 68 69 74])
Bicluster(rows=[45, 70], cols=[ 5  8 10 13 14 15 16 17 19 20 21 24 25 27 30 36 38 42 43 47 54 55 56 57
 58 60 61 62 64 67 69 73 74])
Bicluster(rows=[45, 71], cols=[ 0  4  5  7 14 15 20 24 26 28 31 32 37 38 41 43 44 45 54 61 62 64 66 67
 69 73 74])
Bicluster(rows=[45, 72], cols=[ 0  1  2  3  5  7  8 17 18 21 23 24 26 28 29 32 34 36 40 46 47 49 50 52
 55 56 57 58 63 65 68 70 71 72])
Bicluster(rows=[45, 73], cols=[ 0  4  9 11 12 14 15 17 18 19 21 23 24 32 35 36 39 43 45 47 49 50 52 54
 55 56 57 58 60 61 62 64 67 69 73 74])
Bicluster(rows=[45, 74], cols=[ 0  6 11 13 20 21 24 25 28 45 47 48 49 50 52 54 55 56 57 58 60 62 64 65
 67 69 74])
Bicluster(rows=[45, 75], cols=[ 4  5  7 13 14 15 16 18 19 22 23 30 31 32 33 36 38 40 41 46 53 59 66 70
 74])
Bicluster(rows=[45, 76], cols=[ 2  4  5  9 10 12 14 17 18 20 24 26 28 31 33 34 36 37 38 39 40 41 46 48
 49 50 52 54 58 59 62 64 65 67 68 69 74])
Bicluster(rows=[45, 77], cols=[ 0  2  3  6 11 20 24 26 27 29 31 33 35 37 41 47 49 53 59 63 66 70 71])
Bicluster(rows=[45, 78], cols=[ 0  1  2  6  8 11 13 17 18 19 20 23 27 28 30 31 35 37 45 48 50 52 54 59
 62 65 68 69 74])
Bicluster(rows=[45, 79], cols=[ 0  2  3  4  5  6  7 10 11 13 16 19 23 27 28 32 37 41 42 51 52 63 67 70
 71 72 73])
Bicluster(rows=[45, 80], cols=[ 1  3  5  8 11 12 16 22 24 25 27 29 30 32 33 36 37 41 45 48 49 50 52 59
 65 66 68 70])
Bicluster(rows=[45, 81], cols=[ 2 12 14 17 22 25 28 29 31 33 34 41 44 47 49 50 52 53 59 62 65 68 69 74])
Bicluster(rows=[45, 82], cols=[10 14 17 18 19 26 27 29 33 41 43 45 48 51 52 58 63 67 68 70 71 72])
Bicluster(rows=[45, 83], cols=[ 3  4  5  6  7  8 10 11 13 14 16 19 22 24 27 29 30 32 35 38 39 43 46 48
 49 54 61 62 64 67 69 73 74])
Bicluster(rows=[45, 84], cols=[13 14 15 18 21 27 29 32 34 37 39 42 43 47 50 51 52 56 57 58 63 65 68 70
 71 72])
Bicluster(rows=[45, 85], cols=[ 0  1  2  5 12 14 15 16 18 26 28 32 35 37 38 41 43 46 49 50 52 54 56 57
 58 62 64 65 67 68 69 74])
Bicluster(rows=[45, 86], cols=[ 1  3  4  5  7  8 12 14 17 18 19 20 21 24 27 32 33 36 37 39 40 43 46 47
 49 51 52 58 63 67 70 71 72])
Bicluster(rows=[45, 87], cols=[ 8 12 15 16 17 18 19 20 21 24 25 27 30 32 34 37 38 40 42 43 47 48 50 52
 54 55 56 57 58 60 62 64 65 67 68 69 73 74])
Bicluster(rows=[45, 88], cols=[ 1  2  3  4  5 13 14 16 19 24 28 29 33 37 38 41 45 47 49 50 51 52 55 56
 57 58 63 65 68 70 71 72])
Bicluster(rows=[45, 89], cols=[ 0  2  3  5 10 11 13 17 18 21 30 31 33 34 37 39 41 43 45 46 50 52 54 55
 56 57 58 60 62 64 67 69 73 74])
Bicluster(rows=[45, 90], cols=[ 0  3  7  9 12 13 14 16 18 20 22 23 25 27 29 30 37 41 49 53 66 70 71])
Bicluster(rows=[45, 91], cols=[ 2  3  8  9 10 13 16 22 26 28 29 30 31 33 34 37 38 40 45 47 48 51 54 61
 62 63 64 66 71 72 73])
Bicluster(rows=[45, 92], cols=[ 3  5  8  9 15 16 19 20 24 25 26 27 30 31 34 39 45 49 54 57 58 62 64 66
 67 69 73 74])
Bicluster(rows=[45, 93], cols=[ 2  3  5  8 12 15 17 18 19 21 30 32 34 39 40 42 43 45 46 49 50 51 52 56
 57 58 63 65 68 70 71 72])
Bicluster(rows=[45, 94], cols=[ 5 14 17 18 19 20 21 24 27 29 30 32 38 39 40 42 46 48 49 50 52 55 56 57
 58 63 65 68 70 71 72])
Bicluster(rows=[45, 95], cols=[ 3  5  6  8  9 10 14 15 16 18 20 22 28 37 42 47 50 51 52 56 57 58 63 65
 68 70 71 72])
Bicluster(rows=[45, 96], cols=[ 3 11 12 14 15 16 17 18 19 20 21 23 24 25 30 38 39 42 47 49 54 61 62 64
 66 69 73])
Bicluster(rows=[45, 97], cols=[ 2  4  8 12 17 18 20 21 24 25 27 29 36 38 39 42 43 46 50 52 55 56 57 58
 63 65 68 70 71 72])
Bicluster(rows=[45, 98], cols=[ 2 11 12 14 17 18 20 25 26 33 34 36 37 38 39 40 43 49 53 59 63 70 71 72])
Bicluster(rows=[45, 99], cols=[ 0  1  4  7  8 12 13 17 18 20 23 24 28 33 37 39 41 45 50 56 57 58 59 64
 66 69 70 73 74])
Bicluster(rows=[46, 47], cols=[ 6 11 12 14 19 21 22 25 26 27 28 29 30 31 32 33 34 35 36 37 38 39 40 41
 42 43 44 45 46 47 48 49 55 58 63 66 69 70 72])
Bicluster(rows=[46, 48], cols=[ 1  2  6  8  9 15 17 18 22 25 26 27 28 29 30 31 32 33 34 35 36 37 38 39
 40 41 42 43 44 45 46 47 48 49 50 52 54 58 59 60 62 64 67 68 69 71 73])
Bicluster(rows=[46, 49], cols=[ 3  4  7 12 15 17 21 22 25 26 27 28 29 30 31 32 33 34 35 36 37 38 39 40
 41 42 43 44 45 46 47 48 49 56 62 64 68 69 72])
Bicluster(rows=[46, 50], cols=[ 1  3  4  5  9 10 13 16 18 19 20 23 24 27 30 32 46 48 49 53 61 67 68])
Bicluster(rows=[46, 51], cols=[ 6  7  8  9 12 13 14 15 17 20 21 22 23 25 26 27 28 29 30 31 32 33 34 35
 36 37 38 39 40 41 42 43 44 45 46 47 48 49 51 57 60 61 62 65 68 74])
Bicluster(rows=[46, 52], cols=[ 2  3 16 22 23 25 26 27 28 29 30 31 32 33 34 35 36 37 38 39 40 41 42 43
 44 45 46 47 48 49 52 55 56 57 58 59 63 71])
Bicluster(rows=[46, 53], cols=[ 5  7  8  9 11 15 18 22 24 25 26 27 28 29 30 31 32 33 34 35 36 37 38 39
 40 41 42 43 44 45 46 47 48 49 51 54 55 58 60 61 66 69 70 72 73])
Bicluster(rows=[46, 54], cols=[10 11 12 13 15 17 18 19 21 25 26 27 28 29 30 31 32 33 34 35 36 37 38 39
 40 41 42 43 44 45 46 47 48 49 50 52 55 67 72 73])
Bicluster(rows=[46, 55], cols=[ 0  3  5 10 11 14 16 17 20 23 26 28 31 33 35 37 41 44 45 50 51 55 56 60
 61 63 65 66 67 68 70 73])
Bicluster(rows=[46, 56], cols=[ 0  3  4  7  8 11 12 13 14 17 19 20 21 22 23 25 26 27 28 29 30 31 32 33
 34 35 36 37 38 39 40 41 42 43 44 45 46 47 48 49 52 54 55 56 57 58 59 60
 61 62 63 65 68 70 71 72 73])
Bicluster(rows=[46, 57], cols=[ 1  2  5  7 10 11 12 13 14 15 17 18 19 22 23 25 26 27 28 29 30 31 32 33
 34 35 36 37 38 39 40 41 42 43 44 45 46 47 48 49 50 51 52 56 57 66 68 70
 74])
Bicluster(rows=[46, 58], cols=[ 0  1  2  4  7  8 17 18 22 23 25 26 27 28 29 30 31 32 33 34 35 36 37 38
 39 40 41 42 43 44 45 46 47 48 49 52 59 63 64 68 69 71 72])
Bicluster(rows=[46, 59], cols=[ 2  3  4  6 12 15 17 20 21 25 26 27 28 29 30 31 32 33 34 35 36 37 38 39
 40 41 42 43 44 45 46 47 48 49 53 56 61 62 66 71])
Bicluster(rows=[46, 60], cols=[ 1  2  3  6  7 18 19 20 22 25 26 27 28 29 30 31 32 33 34 35 36 37 38 39
 40 41 42 43 44 45 46 47 48 49 53 54 58 59 60 61 64 65 66 69 73])
Bicluster(rows=[46, 61], cols=[ 0  1  3  9 11 13 14 15 17 19 22 24 25 29 36 38 42 43 47 50 52 54 55 60
 66 67 68 70 71 73])
Bicluster(rows=[46, 62], cols=[ 0  1  2  3  4  5  6  7 13 15 16 18 23 24 25 26 27 28 29 30 31 32 33 34
 35 36 37 38 39 40 41 42 43 44 45 46 47 48 49 52 53 54 55 56 57 58 59 60
 61 62 64 65 66 67 69 71 72 73])
Bicluster(rows=[46, 63], cols=[ 0  3  8 15 16 17 25 26 27 28 29 30 31 32 33 34 35 36 37 38 39 40 41 42
 43 44 45 46 47 48 49 52 59 68 72 73])
Bicluster(rows=[46, 64], cols=[ 1  4  5  7  8  9 10 11 12 13 14 15 18 19 21 22 25 26 27 28 29 30 31 32
 33 34 35 36 37 38 39 40 41 42 43 44 45 46 47 48 49 50 51 53 54 55 56 57
 58 60 61 63 65 66 67 69 70 71 74])
Bicluster(rows=[46, 65], cols=[ 0  4  6 11 12 14 16 18 19 22 26 28 31 33 34 35 37 40 41 44 45 50 51 52
 56 62 63 64 73 74])
Bicluster(rows=[46, 66], cols=[ 1  3  4  5  6  8 11 14 15 18 21 23 24 27 29 38 39 40 43 46 47 49 52 54
 58 59 71 73])
Bicluster(rows=[46, 67], cols=[ 0  1  3 13 17 18 27 28 34 38 40 41 48 50 53 56 57 66 69 70 71 72])
Bicluster(rows=[46, 68], cols=[ 1  7  9 10 11 12 16 22 26 27 28 29 30 31 40 46 50 51 53 55 56 58 59 60
 61 63 65 67 68 70 74])
Bicluster(rows=[46, 69], cols=[ 2  5  6 11 12 15 16 19 23 24 25 28 30 37 38 39 40 41 43 45 48 50 52 53
 54 56 57 62 65 66 67 68 69 72 73])
Bicluster(rows=[46, 70], cols=[ 0  2  8 13 18 27 28 29 33 34 37 39 45 46 48 50 51 53 55 56 57 60 61 63
 65 67 68 70 74])
Bicluster(rows=[46, 71], cols=[ 0  1  4  9 11 14 15 20 23 24 26 31 32 37 38 41 43 44 45 48 62 64 66 69
 71 72])
Bicluster(rows=[46, 72], cols=[ 0  3  4  7 10 12 21 22 23 26 27 28 32 34 36 38 42 49 50 51 53 55 58 59
 61 63 65 67 68 70 74])
Bicluster(rows=[46, 73], cols=[ 0  1  6  9 10 17 20 22 23 24 27 34 36 37 39 41 43 47 48 52 54 55 58 59
 60 62 65 66 67 68 69 71 72 73])
Bicluster(rows=[46, 74], cols=[ 0  1  3  6  8 10 13 14 15 16 17 19 21 25 27 30 32 34 40 42 46 47 54 55
 65 66 67 68 69 71 72 73])
Bicluster(rows=[46, 75], cols=[ 0  1  2  3  5 12 15 16 19 25 30 42 43 45 47 51 52 54 58 59 63 65 67 68
 70 73 74])
Bicluster(rows=[46, 76], cols=[ 0  2  4  5  9 12 16 19 20 23 25 26 28 31 32 33 36 37 38 39 40 44 46 47
 48 49 50 52 54 56 57 58 62 64 65 67 68 73])
Bicluster(rows=[46, 77], cols=[ 0  1  2  6 10 15 19 20 22 24 26 27 29 31 32 33 35 37 41 47 49 50 53 54
 56 57 61 65 66 67 68 69 70 71 72])
Bicluster(rows=[46, 78], cols=[ 2  4  6  7  8 17 18 20 24 27 28 30 31 32 35 37 45 50 52 53 54 56 57 62
 65 67 68 69 73])
Bicluster(rows=[46, 79], cols=[ 0  3  4  5  6  8 13 14 15 17 18 22 23 24 29 30 34 39 40 42 46 48 49 51
 52 58 59 63 67 68 70 73 74])
Bicluster(rows=[46, 80], cols=[ 3  4  7  8 15 18 24 25 27 28 29 30 33 36 37 40 48 49 50 53 54 56 57 65
 66 67 68 71 72])
Bicluster(rows=[46, 81], cols=[ 2  9 11 14 15 16 17 18 25 27 28 29 33 34 41 44 47 49 50 52 53 54 56 57
 62 65 67 68 69 73])
Bicluster(rows=[46, 82], cols=[ 0  1  7  9 11 14 15 21 22 24 25 27 37 39 40 44 47 50 52 53 54 56 57 62
 65 66 67 68 69 71 72 73])
Bicluster(rows=[46, 83], cols=[ 1  3  4  5  6  7  8 11 15 16 23 24 29 30 35 38 64 66 69 72])
Bicluster(rows=[46, 84], cols=[ 0  4  9 10 12 13 14 15 18 19 27 29 32 34 37 39 42 43 47 51 52 54 58 59
 63 67 68 70 73 74])
Bicluster(rows=[46, 85], cols=[ 0  2  4  5  8 12 14 16 24 26 28 34 35 36 37 41 43 47 48 49 50 52 53 54
 56 57 58 62 65 67 68 69 73])
Bicluster(rows=[46, 86], cols=[ 0  4  5  7  8  9 10 12 14 15 16 21 22 23 27 29 32 33 36 37 40 43 44 46
 47 51 52 54 63 70 73 74])
Bicluster(rows=[46, 87], cols=[ 1  8  9 13 14 18 20 21 22 24 25 30 32 37 38 40 42 43 47 48 52 54 55 58
 59 60 62 65 66 67 68 69 71 72 73])
Bicluster(rows=[46, 88], cols=[ 2  3  5 13 15 16 17 18 22 24 25 28 30 37 41 45 48 49 50 51 53 55 56 57
 60 61 63 65 70 74])
Bicluster(rows=[46, 89], cols=[ 0  1  3  4  5  8  9 11 13 14 15 21 23 27 32 39 43 46 49 52 54 55 58 62
 65 66 67 68 69 72 73])
Bicluster(rows=[46, 90], cols=[ 0  1  3  4  7 10 14 18 19 27 28 29 30 33 43 46 47 49 50 53 54 56 57 65
 66 67 68 69 71 72])
Bicluster(rows=[46, 91], cols=[ 1 11 14 15 22 23 24 28 31 32 33 35 36 40 41 43 45 46 50 52 53 54 56 57
 62 65 67 68 73])
Bicluster(rows=[46, 92], cols=[ 1  5  8  9 14 16 17 18 19 20 22 23 25 32 33 39 41 46 47 52 54 55 58 59
 60 65 66 67 68 71 73])
Bicluster(rows=[46, 93], cols=[ 2  3  4  5  6  8 11 17 21 22 24 29 30 32 34 36 39 40 41 43 45 46 49 51
 52 54 58 63 67 68 70 73 74])
Bicluster(rows=[46, 94], cols=[ 1  3  6  9 12 16 17 21 23 27 30 32 39 40 42 48 49 52 54 58 59 67 68 73])
Bicluster(rows=[46, 95], cols=[ 2 11 12 14 15 17 18 21 23 24 27 34 35 38 41 44 46 62 64 66 69 71])
Bicluster(rows=[46, 96], cols=[ 0  2  3 13 14 17 28 33 34 37 40 41 45 46 49 50 53 56 57 66 69 70 71 72])
Bicluster(rows=[46, 97], cols=[ 1  2  4  5  6  8  9 15 16 19 22 23 24 27 29 30 36 38 42 43 46 52 54 58
 59 65 67 68 73])
Bicluster(rows=[46, 98], cols=[ 0  5  6  8 14 15 16 17 18 26 33 34 37 38 40 43 46 50 53 54 56 57 65 66
 67 68 71 72])
Bicluster(rows=[46, 99], cols=[ 0  2  4  8 10 12 14 15 20 23 27 30 32 39 43 46 48 49 50 53 58 60 61 65
 68 70 71 72 73])
Bicluster(rows=[47, 48], cols=[10 21 22 25 26 27 28 29 30 31 32 33 34 35 36 37 38 39 40 41 42 43 44 45
 46 47 48 49 57 58 68])
Bicluster(rows=[47, 49], cols=[ 0  7  8 13 14 21 27 29 30 32 34 38 39 42 43 46 48 49 52 53 54 55 60 63
 65 69 70 71 72 74])
Bicluster(rows=[47, 50], cols=[ 7  8 14 16 19 21 22 24 27 28 29 30 32 33 34 37 38 39 40 42 43 46 48 49
 53 54 61 62 64 65 68 73 74])
Bicluster(rows=[47, 51], cols=[ 2  3  4  5  6 10 12 14 21 22 25 26 27 28 29 30 31 32 33 34 35 36 37 38
 39 40 41 42 43 44 45 46 47 48 49 51 52 54 56 61 65 67 72 73])
Bicluster(rows=[47, 52], cols=[ 0  1  5  7  8 11 12 13 18 20 21 22 25 26 27 28 29 30 31 32 33 34 35 36
 37 38 39 40 41 42 43 44 45 46 47 48 49 53 54 55 58 60 61 63 64 65 67 70
 72 73])
Bicluster(rows=[47, 53], cols=[ 2  4  7 11 19 22 23 24 29 30 36 38 39 42 43 46 47 48 50 52 53 55 56 58
 64 65 66 69 71 72 74])
Bicluster(rows=[47, 54], cols=[ 0  2  3  5  9 10 11 12 16 19 21 24 25 26 27 28 29 30 31 32 33 34 35 36
 37 38 39 40 41 42 43 44 45 46 47 48 49 53 55 56 57 58 60 65 70 71 72])
Bicluster(rows=[47, 55], cols=[ 0  2  3  4  7 11 13 14 16 17 18 19 22 23 24 25 26 27 28 29 30 31 32 33
 34 35 36 37 38 39 40 41 42 43 44 45 46 47 48 49 50 51 54 55 56 57 58 59
 60 64 65 67 70 73])
Bicluster(rows=[47, 56], cols=[ 1 10 11 14 19 20 21 24 25 26 27 28 29 30 31 32 33 34 35 36 37 38 39 40
 41 42 43 44 45 46 47 48 49 55 58 63 68 69 72 74])
Bicluster(rows=[47, 57], cols=[ 0  1  3  4  6  9 11 12 14 16 19 20 22 24 25 26 27 28 29 30 31 32 33 34
 35 36 37 38 39 40 41 42 43 44 45 46 47 48 49 53 56 62 63 66 67 68 69 70
 71 72 74])
Bicluster(rows=[47, 58], cols=[ 0  7 12 13 15 16 22 24 29 30 36 38 39 42 43 46 47 48 52 54 60 62 63 64
 65 67 69 71])
Bicluster(rows=[47, 59], cols=[ 3  6 10 12 14 18 21 23 24 25 26 27 28 29 30 31 32 33 34 35 36 37 38 39
 40 41 42 43 44 45 46 47 48 49 51 55 60 61 63 66 67])
Bicluster(rows=[47, 60], cols=[ 1  5  6 10 20 23 25 26 27 28 29 30 31 32 33 34 35 36 37 38 39 40 41 42
 43 44 45 46 47 48 49 56 58 61 65 66 69 71])
Bicluster(rows=[47, 61], cols=[ 0  2  3  4  7  8 11 12 13 14 15 16 19 22 24 27 30 32 33 34 37 38 39 40
 42 43 46 48 49 52 53 54 56 60 61 62 64 67 70 72 73 74])
Bicluster(rows=[47, 62], cols=[ 1  6 10 14 20 25 26 27 28 29 30 31 32 33 34 35 36 37 38 39 40 41 42 43
 44 45 46 47 48 49 55 58 66 68 69 72 74])
Bicluster(rows=[47, 63], cols=[ 2  4  9 11 23 24 27 29 30 32 38 39 42 43 46 48 49 54 56 62 65 67 70 71])
Bicluster(rows=[47, 64], cols=[ 0  3 11 14 19 20 21 22 23 24 25 26 27 28 29 30 31 32 33 34 35 36 37 38
 39 40 41 42 43 44 45 46 47 48 49 52 53 55 58 62 63 65 66 69 70 71 74])
Bicluster(rows=[47, 65], cols=[ 0  2  6  7  8 12 13 14 15 16 18 19 20 21 24 25 26 27 28 29 30 31 32 33
 34 35 36 37 38 39 40 41 42 43 44 45 46 47 48 49 50 51 52 56 57 59 71])
Bicluster(rows=[47, 66], cols=[ 1  3  5  7  8  9 12 15 16 20 21 24 26 28 29 30 31 32 34 36 37 39 41 42
 43 46 50 52 54 59 61 62 63 64 66 69 70 71 72 73 74])
Bicluster(rows=[47, 67], cols=[ 0  3  6  7  8 11 12 15 19 20 21 22 24 26 27 28 30 34 40 41 43 46 47 49
 50 52 54 59 61 62 63 64 66 69 70 71 72 73 74])
Bicluster(rows=[47, 68], cols=[ 4  6  9 13 15 16 17 21 22 24 25 26 28 31 36 39 40 43 46 47 48 49 51 52
 53 54 55 56 61 62 64 65 67 73])
Bicluster(rows=[47, 69], cols=[ 0  7  8 12 16 17 18 21 22 23 24 28 29 35 36 37 41 45 46 47 52 53 56 60
 63 65 66 67 69 70 72 74])
Bicluster(rows=[47, 70], cols=[ 0  7 11 12 19 21 25 28 30 32 36 37 38 40 42 43 45 47 49 51 52 53 54 56
 61 62 64 65 67 73])
Bicluster(rows=[47, 71], cols=[ 0  1  7 13 16 17 18 20 22 29 32 33 34 42 50 52 54 59 61 62 63 64 66 67
 69 70 71 72 73 74])
Bicluster(rows=[47, 72], cols=[ 1  3  6 16 17 18 20 22 23 26 27 28 30 33 39 43 48 51 52 53 54 55 61 62
 64 65 67 71])
Bicluster(rows=[47, 73], cols=[ 0  2  8  9 11 12 13 15 18 24 25 27 29 34 35 37 38 41 42 53 55 58 60 63
 65 66 67 69 70 72 74])
Bicluster(rows=[47, 74], cols=[ 0  3  6  9 10 11 12 15 18 20 21 22 23 33 37 41 42 48 49 52 53 54 56 61
 62 64 65 67 71])
Bicluster(rows=[47, 75], cols=[ 0  2 15 18 19 25 27 29 31 33 39 40 41 42 43 47 50 52 53 54 59 61 62 63
 64 66 67 69 70 71 72 73 74])
Bicluster(rows=[47, 76], cols=[ 0  6  9 11 12 13 16 17 18 22 23 26 27 28 29 30 31 32 37 42 43 52 53 56
 65 66 67 69 70 74])
Bicluster(rows=[47, 77], cols=[ 5  6 11 21 24 25 26 27 31 32 33 34 35 38 41 46 49 52 53 54 56 60 61 62
 63 65 66 67 69 70 71 72 74])
Bicluster(rows=[47, 78], cols=[ 1  3  4  8 10 11 17 18 21 22 24 28 29 31 32 35 36 38 39 40 42 43 45 46
 47 49 50 52 54 59 61 62 63 64 66 67 69 70 71 72 73 74])
Bicluster(rows=[47, 79], cols=[ 4  6  7  8  9 12 15 16 18 22 23 24 42 50 52 54 59 61 63 64 66 69 70 72
 73 74])
Bicluster(rows=[47, 80], cols=[ 0  1  2  3 11 12 17 20 23 24 27 28 33 37 38 39 40 41 42 46 47 52 53 56
 60 61 63 65 66 67 69 70 71 72 74])
Bicluster(rows=[47, 81], cols=[ 4  6  9 12 13 15 16 17 19 20 22 24 30 32 36 39 40 42 43 46 52 53 54 56
 61 62 63 64 67 71 72])
Bicluster(rows=[47, 82], cols=[ 0  9 14 15 19 23 29 37 40 43 44 46 49 52 53 54 56 61 62 63 64 67 70 71
 72 74])
Bicluster(rows=[47, 83], cols=[ 1  3  7 11 12 18 19 21 27 28 30 31 32 34 36 38 39 41 42 45 47 49 50 52
 54 59 61 62 64 67 71 73])
Bicluster(rows=[47, 84], cols=[ 1  5  8 12 14 16 17 21 23 25 27 32 33 34 36 37 38 39 48 51 57 58 62 68
 70 71])
Bicluster(rows=[47, 85], cols=[ 0  2  3  4  6 16 18 25 26 27 33 35 50 52 53 54 59 61 62 63 64 66 67 69
 70 71 72 73 74])
Bicluster(rows=[47, 86], cols=[ 0  4  8 10 14 15 21 22 23 29 30 31 34 36 39 43 47 48 50 54 59 61 62 63
 64 66 69 70 72 73 74])
Bicluster(rows=[47, 87], cols=[ 1  6 14 19 27 28 30 31 34 36 41 45 48 49 51 52 53 54 56 60 61 62 64 65
 67 71 73])
Bicluster(rows=[47, 88], cols=[ 2  3  4  8  9 13 14 15 18 21 24 25 27 29 32 38 47 52 53 56 60 61 63 65
 66 67 69 70 71 72 74])
Bicluster(rows=[47, 89], cols=[ 3  4  6  7  9 12 14 17 18 19 23 25 29 36 38 40 42 48 52 53 56 60 63 65
 66 67 69 70 71 72 74])
Bicluster(rows=[47, 90], cols=[ 3  8  9 11 12 21 28 33 34 36 42 48 50 52 54 59 61 62 63 64 71 72 73 74])
Bicluster(rows=[47, 91], cols=[ 7 12 15 17 21 24 27 30 37 38 42 48 50 52 54 59 61 62 63 64 66 67 69 70
 72 73 74])
Bicluster(rows=[47, 92], cols=[ 2  3  4  9 10 15 19 21 22 23 24 26 29 31 32 36 41 46 55 57 58 63 66 68
 69 72 74])
Bicluster(rows=[47, 93], cols=[ 0  6  7 13 15 16 18 19 20 21 22 23 25 26 29 30 32 34 36 39 40 41 43 44
 45 46 49 51 57 58 62 68 70 71])
Bicluster(rows=[47, 94], cols=[ 0  1  2  3  4  6 14 21 22 31 33 34 37 41 42 45 46 47 50 52 54 59 61 62
 63 64 66 69 70 71 72 73 74])
Bicluster(rows=[47, 95], cols=[ 2  4  6  8 14 16 19 20 25 27 33 36 38 40 42 45 46 47 48 50 52 54 59 61
 62 63 64 66 69 70 71 72 73 74])
Bicluster(rows=[47, 96], cols=[ 0  1  3  7  9 10 11 12 14 19 21 22 25 27 28 30 31 33 34 36 38 39 40 41
 42 43 45 47 48 50 52 54 59 61 62 63 64 71 72 73 74])
Bicluster(rows=[47, 97], cols=[ 1  2  4  5  6  7  8 11 12 15 20 21 22 24 25 28 31 32 33 35 38 39 40 41
 42 43 47 48 49 50 52 53 54 59 61 62 63 64 66 67 69 70 71 72 73 74])
Bicluster(rows=[47, 98], cols=[ 4 11 12 13 14 16 21 22 24 26 29 30 32 33 34 39 40 42 47 49 52 53 54 56
 60 61 62 63 64 65 67 70 71])
Bicluster(rows=[47, 99], cols=[ 0  4  6  7  8 11 13 15 17 19 21 22 23 27 32 36 38 40 42 47 49 50 56 59
 65 71 72 74])
Bicluster(rows=[48, 49], cols=[ 2  5  9 10 14 15 16 20 22 23 25 26 27 28 29 30 31 32 33 34 35 36 37 38
 39 40 41 42 43 44 45 46 47 48 49 53 56 57 61 62 63 64 65 66 67 68 70 71
 74])
Bicluster(rows=[48, 50], cols=[ 9 14 15 16 19 20 23 24 25 27 29 30 32 33 34 36 37 38 39 40 42 43 46 47
 48 49 50 52 53 55 57 59 61 62 64 65 66 71 72 74])
Bicluster(rows=[48, 51], cols=[ 5  8  9 10 15 16 17 22 24 25 26 27 28 29 30 31 32 33 34 35 36 37 38 39
 40 41 42 43 44 45 46 47 48 49 50 60 62 63 71])
Bicluster(rows=[48, 52], cols=[ 0  2  4  7  9 22 25 26 27 28 29 30 31 32 33 34 35 36 37 38 39 40 41 42
 43 44 45 46 47 48 49 51 52 56 59 71])
Bicluster(rows=[48, 53], cols=[ 2  4  5  8  9 10 14 15 16 17 18 19 20 22 23 24 25 26 27 28 29 30 31 32
 33 34 35 36 37 38 39 40 41 42 43 44 45 46 47 48 49 54 56 57 58 59 60 73
 74])
Bicluster(rows=[48, 54], cols=[ 4  5 10 14 15 17 18 20 23 25 26 27 28 29 30 31 32 33 34 35 36 37 38 39
 40 41 42 43 44 45 46 47 48 49 50 52 61 67 73 74])
Bicluster(rows=[48, 55], cols=[ 2  4  9 11 13 16 19 20 22 23 27 29 30 36 38 39 42 43 46 47 48 49 57 58
 60 65 66 67 69 70 72 74])
Bicluster(rows=[48, 56], cols=[ 0  5  6  8 15 16 17 18 22 25 26 27 28 29 30 31 32 33 34 35 36 37 38 39
 40 41 42 43 44 45 46 47 48 49 51 52 53 57 58 59 60 62 68 71 73 74])
Bicluster(rows=[48, 57], cols=[ 0  1 10 15 18 20 22 25 26 27 28 29 30 31 32 33 34 35 36 37 38 39 40 41
 42 43 44 45 46 47 48 49 50 52 55 57 61 63 65 68 73])
Bicluster(rows=[48, 58], cols=[ 2  3  5  8  9 10 11 12 13 14 16 17 18 19 21 22 24 25 26 27 28 29 30 31
 32 33 34 35 36 37 38 39 40 41 42 43 44 45 46 47 48 49 51 52 55 59 61 62
 64 65 66 67 68 69 70 71 74])
Bicluster(rows=[48, 59], cols=[ 0  1  3  8  9 10 15 16 20 22 28 33 34 37 40 50 52 53 54 55 61 62 63 66
 71 72 73])
Bicluster(rows=[48, 60], cols=[ 2  5  6  9 10 11 12 14 16 19 22 25 26 27 28 29 30 31 32 33 34 35 36 37
 38 39 40 41 42 43 44 45 46 47 48 49 51 58 59 60 63 64 67 69 70 72 73 74])
Bicluster(rows=[48, 61], cols=[ 2  3  4  5  9 10 11 12 13 14 15 16 17 18 21 24 25 27 28 29 30 32 33 34
 36 37 38 39 40 42 43 46 47 48 49 51 53 61 62 63 64 65 66 69 74])
Bicluster(rows=[48, 62], cols=[ 0  2  5  6  9 10 11 12 15 17 18 19 24 25 26 27 28 29 30 31 32 33 34 35
 36 37 38 39 40 41 42 43 44 45 46 47 48 49 51 52 53 56 57 59 62 63 64 67
 69 70 71 73 74])
Bicluster(rows=[48, 63], cols=[ 4  8 10 11 12 13 14 15 17 18 19 20 23 24 25 26 27 28 29 30 31 32 33 34
 35 36 37 38 39 40 41 42 43 44 45 46 47 48 49 51 52 56 59 61 62 64 66 67
 68 70 71 73])
Bicluster(rows=[48, 64], cols=[ 1  5  8  9 11 16 22 25 26 27 28 29 30 31 32 33 34 35 36 37 38 39 40 41
 42 43 44 45 46 47 48 49 50 51 54 56 57 60 67 73])
Bicluster(rows=[48, 65], cols=[ 3  8 10 11 12 13 16 18 19 27 29 30 36 38 39 42 43 46 47 48 52 55 56 61
 65 66 68 69 70 73 74])
Bicluster(rows=[48, 66], cols=[ 6 12 14 15 16 18 19 24 29 30 32 33 34 38 39 44 45 46 47 51 55 61 62 63
 64 65 69 70 71 74])
Bicluster(rows=[48, 67], cols=[ 1  2  3  4  5  8 12 13 15 20 26 31 32 33 37 44 45 48 50 52 53 58 62 64
 66 67 68 70 72 73])
Bicluster(rows=[48, 68], cols=[ 3  6  7  9 10 11 12 14 15 16 17 27 32 37 39 40 41 42 43 46 47 48 52 53
 56 57 59 60 62 63 67 68 69 71 74])
Bicluster(rows=[48, 69], cols=[ 0  2  4  7  9 10 13 15 21 24 25 30 33 34 35 38 39 40 42 43 48 49 50 52
 53 58 61 62 64 66 67 68 70 72 73])
Bicluster(rows=[48, 70], cols=[ 9 10 22 25 27 36 38 42 43 46 47 48 53 56 57 59 60 61 62 63 64 66 67 68
 69 70 71 74])
Bicluster(rows=[48, 71], cols=[ 3  5  9 13 15 16 18 26 28 31 32 33 34 37 38 41 43 44 45 51 53 55 61 62
 63 64 65 69 70 71 74])
Bicluster(rows=[48, 72], cols=[ 5  6  8 13 19 26 28 29 32 34 36 40 46 47 49 50 51 52 56 57 59 67 68 73])
Bicluster(rows=[48, 73], cols=[ 4  6  7  8  9 10 11 12 15 16 17 19 21 22 23 24 28 30 31 35 39 40 45 46
 61 62 64 65 66 70])
Bicluster(rows=[48, 74], cols=[ 5  6  8 12 15 17 18 23 25 28 45 47 48 49 52 53 56 57 59 60 62 63 67 68
 69 70 71 74])
Bicluster(rows=[48, 75], cols=[ 2  3  7  8  9 14 17 19 22 27 29 33 39 40 44 49 51 55 61 62 63 64 65 69
 70 71 74])
Bicluster(rows=[48, 76], cols=[ 0  2  3  7 10 11 21 25 26 28 33 34 36 38 39 40 41 44 46 47 48 49 50 52
 53 58 61 62 64 66 67 68 70 72 73])
Bicluster(rows=[48, 77], cols=[ 5  7  9 11 15 17 19 20 21 24 30 32 33 34 37 39 42 43 45 55 61 62 63 64
 65 69 70 71 74])
Bicluster(rows=[48, 78], cols=[ 0  1  6  7  8 17 18 19 20 22 27 29 33 36 37 38 39 41 42 43 46 52 53 55
 67 68 73])
Bicluster(rows=[48, 79], cols=[ 0  8  9 10 11 12 15 17 18 19 32 37 38 40 43 45 46 48 49 50 52 58 62 64
 66 67 68 70 72 73])
Bicluster(rows=[48, 80], cols=[ 1  4  7  8 13 15 16 18 22 24 26 31 33 37 39 44 45 55 61 62 63 64 65 69
 70 71 74])
Bicluster(rows=[48, 81], cols=[ 0  2  4  5  6  7 12 14 21 24 27 30 31 32 33 35 36 39 41 42 43 48 51 55
 61 62 63 64 65 69 70 71 74])
Bicluster(rows=[48, 82], cols=[ 3  4  9 10 13 15 16 17 18 19 25 27 30 31 33 39 44 47 50 52 53 58 62 63
 67 68 69 71 73 74])
Bicluster(rows=[48, 83], cols=[ 0  5  6  8 11 12 15 17 19 21 26 27 28 29 30 32 34 35 38 39 43 46 48 49
 55 61 62 63 64 65 66 69 70 71 74])
Bicluster(rows=[48, 84], cols=[ 0  1  2  3 21 26 27 31 32 33 34 37 41 48 50 52 53 58 62 64 66 67 68 70
 72 73])
Bicluster(rows=[48, 85], cols=[ 3  5  8 13 19 22 23 24 26 28 32 35 37 38 39 41 43 46 49 53 56 57 59 60
 61 62 64 66 67 68 70])
Bicluster(rows=[48, 86], cols=[ 1  2  6  7  8 13 15 16 19 23 26 27 28 32 35 37 38 40 41 45 50 52 58 62
 66 67 68 70 72 73])
Bicluster(rows=[48, 87], cols=[ 5  7  8  9 10 11 16 22 25 27 30 32 34 38 40 42 43 47 48 49 53 56 57 59
 60 61 62 63 64 67 68 69 70 71 74])
Bicluster(rows=[48, 88], cols=[ 0  2  5  7 12 15 17 18 19 23 28 29 33 37 38 41 45 47 50 51 52 53 56 57
 59 67 68 73])
Bicluster(rows=[48, 89], cols=[ 1  7  8 10 15 16 19 24 31 32 33 37 39 43 45 46 47 49 52 53 56 57 59 60
 62 63 67 68 69 70 71 74])
Bicluster(rows=[48, 90], cols=[ 0  5  7 11 12 14 20 21 22 31 37 42 44 45 48 49 51 55 61 62 63 64 65 69
 70 71 74])
Bicluster(rows=[48, 91], cols=[ 1  2  3  4  5  6  7 13 15 16 18 21 22 24 28 31 32 33 35 36 40 41 43 45
 46 49 50 52 58 62 64 66 67 68 70 72 73])
Bicluster(rows=[48, 92], cols=[ 5  7  8  9 12 13 14 17 18 21 25 26 27 30 31 34 39 45 49 53 56 59 61 62
 63 64 67 69 70 71 74])
Bicluster(rows=[48, 93], cols=[ 0  1  2  5  6  7  8 10 12 14 17 19 21 24 26 27 31 34 37 39 41 42 43 44
 48 52 53 55 65 67])
Bicluster(rows=[48, 94], cols=[ 2  4  6  8  9 10 15 17 19 21 28 29 34 37 38 42 44 46 51 55 61 62 63 64
 65 69 70 71 74])
Bicluster(rows=[48, 95], cols=[ 2  8 10 14 16 20 22 26 28 30 31 37 39 41 43 50 53 56 57 58 59 61 62 64
 66 67 68 70 72])
Bicluster(rows=[48, 96], cols=[ 1 10 11 16 17 19 22 30 33 37 38 39 42 43 44 47 48 51 55 61 62 63 64 65
 69 70 71 74])
Bicluster(rows=[48, 97], cols=[ 1  4  6  9 10 11 12 18 21 22 24 25 29 32 36 37 38 39 40 43 44 45 48 49
 51 55 61 62 63 64 65 69 70 71 74])
Bicluster(rows=[48, 98], cols=[ 1  3  5  6  7  8 12 15 17 18 23 24 26 27 35 41 45 52 53 56 57 59 60 62
 63 67 68 69 71 74])
Bicluster(rows=[48, 99], cols=[ 3  6  8  9 12 15 20 23 27 28 30 31 33 36 37 38 42 47 49 53 56 57 58 60
 61 62 63 66 68 69 70 73])
Bicluster(rows=[49, 50], cols=[ 3  4  6  7  8  9 11 14 15 16 17 19 20 21 23 25 26 27 28 29 30 31 32 33
 34 36 37 38 39 40 41 42 43 45 46 47 48 49 51 52 53 54 57 58 60 65 66 67
 68 71 74])
Bicluster(rows=[49, 51], cols=[ 1  5  7 10 12 14 15 16 17 18 22 23 25 26 27 28 29 30 31 32 33 34 35 36
 37 38 39 40 41 42 43 44 45 46 47 48 49 50 62 63 71])
Bicluster(rows=[49, 52], cols=[ 0  3  6  7  8  9 16 23 27 28 30 32 33 34 37 40 45 46 48 49 50 54 55 56
 57 60 63 65 66 69])
Bicluster(rows=[49, 53], cols=[ 2  7 10 15 16 20 22 23 25 26 27 28 29 30 31 32 33 34 35 36 37 38 39 40
 41 42 43 44 45 46 47 48 49 52 53 55 56 57 59 62 65 69 71 72 74])
Bicluster(rows=[49, 54], cols=[ 1  5  6  7  8 10 12 14 15 20 21 23 25 26 27 28 29 30 31 32 33 34 35 36
 37 38 39 40 41 42 43 44 45 46 47 48 49 51 52 54 57 61 63 64 72 73 74])
Bicluster(rows=[49, 55], cols=[ 1  2  6  7  9 14 15 16 20 23 27 29 30 32 34 36 38 39 40 42 43 46 47 48
 49 50 51 52 54 55 57 59 63 64 65 67 70 73 74])
Bicluster(rows=[49, 56], cols=[ 3  4  5  7  9 15 21 25 26 27 28 29 30 31 32 33 34 35 36 37 38 39 40 41
 42 43 44 45 46 47 48 49 50 53 55 56 59 64 67 68 69 70 72 74])
Bicluster(rows=[49, 57], cols=[12 15 17 22 25 26 27 28 29 30 31 32 33 34 35 36 37 38 39 40 41 42 43 44
 45 46 47 48 49 54 57 61 65 68 69])
Bicluster(rows=[49, 58], cols=[ 0  2  4  5  6  9 10 14 16 21 22 25 26 27 28 29 30 31 32 33 34 35 36 37
 38 39 40 41 42 43 44 45 46 47 48 49 50 51 53 54 58 59 65 66 67 68 69 71
 72 73 74])
Bicluster(rows=[49, 59], cols=[ 0  1  2  3  4  9 10 12 15 17 18 19 21 25 26 27 28 29 30 31 32 33 34 35
 36 37 38 39 40 41 42 43 44 45 46 47 48 49 50 52 54 56 59 62 63 65 70 71
 73])
Bicluster(rows=[49, 60], cols=[ 0  2  3  4  5  8  9 10 14 16 17 18 25 26 27 28 29 30 31 32 33 34 35 36
 37 38 39 40 41 42 43 44 45 46 47 48 49 50 52 55 59 63 64 67 69 70 72 73
 74])
Bicluster(rows=[49, 61], cols=[ 0  2  5  6  7  8  9 10 14 16 23 25 26 27 28 29 30 31 32 33 34 35 36 37
 38 39 40 41 42 43 44 45 46 47 48 49 50 52 53 54 55 61 63 66 70 72 73 74])
Bicluster(rows=[49, 62], cols=[ 2  3  4  5  9 10 15 25 26 27 28 29 30 31 32 33 34 35 36 37 38 39 40 41
 42 43 44 45 46 47 48 49 55 56 57 62 63 64 65 70 71 72 74])
Bicluster(rows=[49, 63], cols=[ 0  2  3  6  7 10 14 15 20 23 25 26 27 28 29 30 31 32 33 34 35 36 37 38
 39 40 41 42 43 44 45 46 47 48 49 53 54 55 57 58 59 60 61 63 64 65 66 67
 68 70 71 72 73])
Bicluster(rows=[49, 64], cols=[ 4  5  7  9 15 17 21 22 25 26 27 28 29 30 31 32 33 34 35 36 37 38 39 40
 41 42 43 44 45 46 47 48 49 56 69 70])
Bicluster(rows=[49, 65], cols=[ 0  1  2  4  7 10 14 16 21 27 29 30 32 34 37 38 39 40 42 43 46 48 49 50
 51 58 59 62 64 66 74])
Bicluster(rows=[49, 66], cols=[ 4  9 14 15 16 17 21 27 29 30 32 33 34 36 38 39 42 43 44 46 49 50 52 53
 59 60 61 64 65 67 70 73])
Bicluster(rows=[49, 67], cols=[ 1  4  7  9 10 23 27 30 31 34 39 40 45 46 49 50 52 53 54 58 60 61 63 70
 71 72 73 74])
Bicluster(rows=[49, 68], cols=[ 9 10 16 18 21 27 30 35 36 40 44 45 46 47 48 51 53 54 56 57 61 65 66 67
 68 73])
Bicluster(rows=[49, 69], cols=[ 0  4  6  7  9 10 11 15 19 20 26 29 33 40 44 46 47 50 53 59 60 61 62 64
 65 67 69 70 73 74])
Bicluster(rows=[49, 70], cols=[ 3  5  9 10 17 21 22 25 27 30 33 34 36 38 42 43 47 49 50 51 52 53 54 55
 57 59 61 65 66 67 73])
Bicluster(rows=[49, 71], cols=[ 0  1  3  7 11 12 17 20 21 27 30 39 41 45 46 47 49 51 53 56 57 61 63 64
 65 66 67 68 70 71 73])
Bicluster(rows=[49, 72], cols=[ 1  2  4  5  6 10 12 13 17 18 20 21 23 29 31 36 40 41 44 45 46 47 50 52
 53 59 60 61 62 63 64 65 67 69 70 71 72 73 74])
Bicluster(rows=[49, 73], cols=[ 0  5 16 18 21 22 23 31 32 35 36 39 43 45 47 49 50 51 53 54 55 57 59 61
 63 64 65 67 70 71 73 74])
Bicluster(rows=[49, 74], cols=[ 3  6  7 11 12 17 18 24 30 31 36 38 43 44 46 50 53 57 59 60 61 62 64 65
 67 68 69 70 73])
Bicluster(rows=[49, 75], cols=[ 0  2  4  5  6 10 12 17 22 25 27 28 29 30 32 39 42 43 44 47 50 53 59 60
 61 62 64 65 67 69 70 73])
Bicluster(rows=[49, 76], cols=[ 4 10 17 18 21 25 26 28 31 32 33 34 36 37 38 39 40 41 44 46 47 48 49 51
 56 61 63 64 66 67 68 70 71 74])
Bicluster(rows=[49, 77], cols=[ 3 10 15 17 18 19 20 21 27 32 34 36 37 38 42 45 46 49 50 52 53 54 58 59
 60 61 63 64 65 67 70 71 72 73 74])
Bicluster(rows=[49, 78], cols=[ 3  9 12 15 20 21 22 29 32 36 37 38 39 41 42 43 46 50 52 53 58 59 60 61
 62 64 65 67 69 70 73])
Bicluster(rows=[49, 79], cols=[ 0  3  4  9 10 15 17 22 27 28 29 30 32 37 39 40 41 47 48 49 50 59 60 65
 67 68])
Bicluster(rows=[49, 80], cols=[ 1  4  5  6 10 17 19 20 25 29 31 34 36 51 53 55 56 57 61 63 64 65 67 68
 70 71 73 74])
Bicluster(rows=[49, 81], cols=[ 4  5  6  7  8  9 10 14 15 17 19 20 25 28 29 31 34 41 44 47 49 51 56 61
 63 64 67 68 70 71 72 74])
Bicluster(rows=[49, 82], cols=[ 0  3  4  5 11 14 20 23 26 29 31 37 38 40 42 46 49 50 52 53 54 58 59 60
 61 63 70 71 72 73 74])
Bicluster(rows=[49, 83], cols=[ 5  7  9 15 23 26 27 28 29 30 32 34 35 38 39 43 45 46 48 49 50 51 52 53
 54 58 59 60 61 63 71 72 73 74])
Bicluster(rows=[49, 84], cols=[ 0  3  4  6  9 12 14 15 17 20 22 29 32 33 39 40 41 42 43 44 47 50 53 58
 59 60 61 62 64 65 67 69 70 73])
Bicluster(rows=[49, 85], cols=[ 0  2  4  5  6  8 12 13 14 16 19 22 32 36 38 43 44 46 50 52 53 54 55 56
 57 61 65 66 67 73])
Bicluster(rows=[49, 86], cols=[ 4  7  9 14 15 17 18 21 22 27 28 29 32 36 37 39 40 43 44 46 47 48 49 50
 52 53 58 59 60 61 62 64 65 67 69 70 73])
Bicluster(rows=[49, 87], cols=[ 3  4  6  9 10 11 14 15 16 17 21 25 27 28 30 34 35 38 41 42 43 44 45 47
 49 50 51 52 53 54 58 59 66])
Bicluster(rows=[49, 88], cols=[ 1  5  6 11 14 16 19 20 21 27 29 31 38 47 50 52 53 59 60 61 62 63 64 65
 67 69 70 71 72 73 74])
Bicluster(rows=[49, 89], cols=[ 0  4 10 14 15 16 17 18 21 31 32 33 34 37 39 41 43 45 46 47 49 51 56 57
 61 63 64 65 67 68 70 71 73 74])
Bicluster(rows=[49, 90], cols=[ 1  3  4  8  9 14 19 20 21 22 24 27 30 31 36 37 39 42 45 49 50 52 53 54
 58 60 61 62 64 69 70 71 73 74])
Bicluster(rows=[49, 91], cols=[ 1  3  4  7 10 14 26 27 28 29 30 31 33 34 37 38 40 45 47 48 49 50 52 53
 58 59 60 61 64 69 70 73])
Bicluster(rows=[49, 92], cols=[ 0  3  4  5  9 11 13 15 16 23 25 27 28 30 34 37 39 50 51 52 53 54 58 59
 60 63 66 71])
Bicluster(rows=[49, 93], cols=[ 0  3  4  5  7 10 13 16 23 30 32 33 34 35 37 38 39 46 47 49 51 63 64 66
 70 71 74])
Bicluster(rows=[49, 94], cols=[ 0  2  9 10 14 18 19 23 26 28 29 34 35 37 38 41 44 45 46 50 52 54 58 60
 63 70 71 72 74])
Bicluster(rows=[49, 95], cols=[ 2  8  9 12 14 15 16 21 23 27 31 33 34 35 38 40 41 44 46 48 50 52 53 54
 58 60 61 63 64 70 71 72 73 74])
Bicluster(rows=[49, 96], cols=[ 4  5  9 10 14 15 16 23 27 30 33 34 37 39 40 42 43 44 47 48 50 52 53 54
 58 60 63 71 72 74])
Bicluster(rows=[49, 97], cols=[ 2  3  8  9 10 17 21 23 25 29 32 36 37 38 39 40 43 44 45 48 49 50 52 53
 54 58 60 61 63 70 71 72 73 74])
Bicluster(rows=[49, 98], cols=[ 1  3  7  9 14 15 16 21 23 30 31 33 34 37 40 41 45 48 49 50 53 59 61 63
 64 65 67 70 71 72 73 74])
Bicluster(rows=[49, 99], cols=[ 0  7  9 14 21 23 24 26 27 28 30 33 36 37 42 44 45 47 49 50 51 56 57 63
 64 65 66 68])
Bicluster(rows=[50, 51], cols=[ 2  9 12 13 19 22 27 29 30 32 33 34 36 37 38 39 40 42 43 46 48 49 51 52
 54 55 57 59 63 64 74])
Bicluster(rows=[50, 52], cols=[ 1  3  7  8  9 10 11 16 22 23 27 28 30 31 32 33 34 37 38 39 40 41 43 45
 46 48 49 54 57 59 60 61 65 66 71 72])
Bicluster(rows=[50, 53], cols=[ 0  1  2  4  5  7 10 15 16 19 21 23 26 35 44 52 54 55 57 58 59 61 63 65
 66 67 68 69 71 72 73 74])
Bicluster(rows=[50, 54], cols=[ 0  4  6  7 13 14 18 22 23 25 26 27 28 29 30 31 32 33 34 35 36 37 38 39
 40 41 42 43 44 45 46 47 48 49 50 51 52 56 57 62 67 74])
Bicluster(rows=[50, 55], cols=[ 3  5  6  9 10 12 14 16 19 20 22 23 24 27 28 29 30 31 32 33 34 36 37 38
 39 40 41 42 43 45 46 47 48 49 54 57 61 65 66 69 72 74])
Bicluster(rows=[50, 56], cols=[ 5  6  8 12 13 16 21 22 23 25 29 36 38 39 42 43 46 47 48 51 54 55 57 63
 71 74])
Bicluster(rows=[50, 57], cols=[ 0  2 13 17 18 25 27 28 29 30 31 32 33 34 36 37 38 39 40 41 42 43 45 46
 47 48 49 54 55 56 61 63 65 68])
Bicluster(rows=[50, 58], cols=[ 1  2  4  5  6  7  9 14 16 19 21 24 25 27 29 30 32 33 34 36 37 38 39 40
 42 43 46 47 48 49 50 51 52 53 55 58 61 62 63 64 65 66 71 74])
Bicluster(rows=[50, 59], cols=[ 0  3  4  7 11 14 27 28 29 30 32 33 34 37 38 39 40 42 43 45 46 48 49 58
 63 69 71])
Bicluster(rows=[50, 60], cols=[ 1  3  5  7  8  9 14 16 17 18 22 25 27 29 30 32 33 34 36 37 38 39 40 42
 43 46 47 48 49 56 62 64 68 72 74])
Bicluster(rows=[50, 61], cols=[ 1  5  6  7  8  9 14 15 16 18 22 24 25 26 27 28 29 30 31 32 33 34 36 37
 38 39 40 41 42 43 44 45 46 47 48 49 50 53 54 55 58 59 61 62 64 65 69 73
 74])
Bicluster(rows=[50, 62], cols=[ 1  4  8 10 15 18 24 25 29 30 36 38 39 42 43 46 47 48 51 53 57 58 62 64
 65 67 71 74])
Bicluster(rows=[50, 63], cols=[ 1  5  6 12 13 14 15 19 23 24 25 27 28 29 30 31 32 33 34 36 37 38 39 40
 41 42 43 45 46 47 48 49 50 53 58 59 60 62 66 69 71])
Bicluster(rows=[50, 64], cols=[ 1  4  6  9 10 13 27 30 32 33 34 37 39 40 46 48 49 50 51 52 53 57 62 71
 72 74])
Bicluster(rows=[50, 65], cols=[ 2  4  6 14 19 21 27 28 29 30 32 33 34 36 37 38 39 40 41 42 43 45 46 47
 48 49 51 52 55 58 61 65 66 69 71 72 74])
Bicluster(rows=[50, 66], cols=[ 1  2  4  7  9 10 14 15 16 17 19 21 24 28 29 30 31 32 34 36 37 38 39 41
 45 46 55 58 60 61 62 64 65 71 73 74])
Bicluster(rows=[50, 67], cols=[ 2  3  4  5  7  9 13 21 22 23 24 26 27 28 30 34 39 40 44 46 47 49 55 58
 60 62 64 65 71 73 74])
Bicluster(rows=[50, 68], cols=[ 1  5  9 15 18 21 22 28 35 36 39 40 42 43 44 45 46 47 48 49 50 51 52 53
 57 59 62 66 74])
Bicluster(rows=[50, 69], cols=[ 1  2  4  5  6  7  8  9 13 15 16 19 21 22 24 29 37 41 44 45 46 47 52 53
 55 63 65 71])
Bicluster(rows=[50, 70], cols=[ 1  2  3  7  9 13 19 21 25 26 28 30 31 32 33 34 36 37 38 41 42 43 44 45
 47 49 53 54 58 61 62 64 65 66 69 72 73])
Bicluster(rows=[50, 71], cols=[ 5  7 11 17 18 20 21 22 25 27 30 31 35 39 40 41 45 46 49 50 51 52 59 62
 66 68 69 72 74])
Bicluster(rows=[50, 72], cols=[ 3  5  9 10 16 22 23 27 28 30 39 48 50 52 53 57 59 62 64 66 69 72])
Bicluster(rows=[50, 73], cols=[ 1  2  3  5  9 13 14 15 16 18 19 24 26 28 30 33 36 39 40 46 47 54 55 58
 61 64 65 66 69 72 73])
Bicluster(rows=[50, 74], cols=[ 0  3  5 11 17 22 29 30 31 35 36 38 46 50 52 53 55 57 60 63 67 68])
Bicluster(rows=[50, 75], cols=[ 1  4  5 10 12 13 23 26 27 29 31 33 35 39 40 41 47 49 55 58 60 61 62 64
 65 71 73 74])
Bicluster(rows=[50, 76], cols=[ 1  2  4  8 12 17 21 22 25 34 35 36 38 39 45 46 47 48 49 50 52 53 59 62
 64 66 69 72])
Bicluster(rows=[50, 77], cols=[ 2  3  4  6  9 10 15 18 19 20 21 26 30 31 32 33 34 36 39 41 42 43 44 51
 54 55 58 60 61 62 64 65 66 69 73 74])
Bicluster(rows=[50, 78], cols=[ 1  2  3  6  9 12 13 15 19 20 21 22 24 26 28 29 31 32 36 38 42 43 44 45
 46 49 52 53 55 58 60 62 63 65 71])
Bicluster(rows=[50, 79], cols=[ 2  3  4  5  6  7 12 13 18 21 22 24 25 30 31 32 36 37 38 39 40 41 43 44
 46 48 49 56 62 66 67 68 69 72])
Bicluster(rows=[50, 80], cols=[ 4  5  8 10 13 16 17 20 23 25 26 29 34 44 53 57 58 61 62 64 65 66 69 72
 73])
Bicluster(rows=[50, 81], cols=[ 0  1  2 10 14 15 22 24 28 30 31 32 33 36 39 41 43 48 53 55 58 60 62 64
 65 71 73 74])
Bicluster(rows=[50, 82], cols=[ 4 10 11 14 18 19 20 23 29 31 35 37 40 42 43 46 49 51 53 54 55 58 60 61
 62 64 65 66 69 71 73 74])
Bicluster(rows=[50, 83], cols=[ 1  2  3  4  7  9 10 15 19 23 24 27 28 29 30 31 32 34 38 39 41 43 44 45
 46 48 49 51 54 55 58 60 61 62 64 65 66 69 73 74])
Bicluster(rows=[50, 84], cols=[ 0  2  4  7  8  9 10 11 15 19 21 25 26 27 32 33 36 38 39 40 41 44 51 56
 62 66 67 68 69 72 74])
Bicluster(rows=[50, 85], cols=[ 4  6  8 12 14 16 18 38 39 43 45 46 54 57 58 61 64 65 72 73])
Bicluster(rows=[50, 86], cols=[ 2  6  7  9 12 13 14 15 18 19 21 23 26 28 30 31 34 36 39 41 43 45 47 48
 49 52 53 55 58 60 62 63 65 71])
Bicluster(rows=[50, 87], cols=[ 1  2  3  4  5  6  9 11 12 13 14 16 17 18 19 21 22 24 25 26 27 28 30 31
 34 38 41 42 43 45 47 49 53 54 55 58 61 64 65 66 69 72 73])
Bicluster(rows=[50, 88], cols=[ 0  5  7 11 14 16 19 20 21 26 27 29 35 47 51 53 55 58 60 61 62 64 65 66
 71 73 74])
Bicluster(rows=[50, 89], cols=[ 4  6  9 13 14 15 16 17 18 19 21 22 23 26 28 30 34 39 43 44 46 47 50 51
 52 53 57 62 64 66 69 72])
Bicluster(rows=[50, 90], cols=[ 7  8 13 17 20 22 23 28 33 34 35 38 40 48 51 54 55 58 60 61 62 64 65 66
 69 73 74])
Bicluster(rows=[50, 91], cols=[ 2  3  5  7 13 14 15 21 24 26 27 28 29 30 31 33 34 37 38 40 41 42 44 45
 47 48 52 53 55 58 60 63 65 71])
Bicluster(rows=[50, 92], cols=[ 1  3  4  9 11 15 22 23 24 25 28 30 34 35 37 39 44 51 54 55 58 60 61 62
 64 65 66 69 72 73])
Bicluster(rows=[50, 93], cols=[ 3  4  6 12 16 21 22 23 25 29 30 31 32 34 37 39 46 49 56 62 66 67 68 69
 72])
Bicluster(rows=[50, 94], cols=[ 1  3  5  7  9 12 13 14 15 18 19 21 22 23 24 29 31 33 34 38 41 45 46 55
 58 60 61 62 64 65 71 73 74])
Bicluster(rows=[50, 95], cols=[ 5  7  8  9 10 12 13 14 15 16 19 21 23 24 27 32 33 38 40 45 48 49 51 55
 58 60 61 62 64 65 71 73 74])
Bicluster(rows=[50, 96], cols=[ 1  2  4  5  7 13 14 16 18 19 21 22 23 24 26 27 28 31 32 33 34 37 39 40
 42 43 47 48 51 54 58 60 61 62 64 65 66 73 74])
Bicluster(rows=[50, 97], cols=[ 3  7  8  9 13 18 21 22 23 24 25 26 28 29 31 32 33 36 37 38 39 40 41 43
 45 48 49 53 55 58 60 61 62 64 65 71 73 74])
Bicluster(rows=[50, 98], cols=[ 6  9 14 15 20 21 22 23 24 29 30 33 34 37 40 42 44 47 49 51 54 55 58 60
 61 62 64 65 66 69 73 74])
Bicluster(rows=[50, 99], cols=[ 1  4  7  9 10 14 15 20 21 22 23 26 27 30 32 33 36 37 38 41 42 44 45 47
 49 51 53 54 55 57 61 62 66 68 71])
Bicluster(rows=[51, 52], cols=[ 5 11 13 15 17 18 21 23 25 26 27 28 29 30 31 32 33 34 35 36 37 38 39 40
 41 42 43 44 45 46 47 48 49 61 65 66 67 71 72 73 74])
Bicluster(rows=[51, 53], cols=[ 0  2  4  5  8 10 12 15 20 24 27 30 32 33 34 37 38 39 40 46 48 49 52 53
 56 57 59 60 62 64 65 70])
Bicluster(rows=[51, 54], cols=[ 0  1  2  3  5  7 10 11 12 13 14 15 17 21 22 23 25 26 27 28 29 30 31 32
 33 34 35 36 37 38 39 40 41 42 43 44 45 46 47 48 49 50 53 56 58 59 62 63
 65 67 69])
Bicluster(rows=[51, 55], cols=[ 2  3  4  8  9 11 14 15 20 22 25 26 27 28 29 30 31 32 33 34 35 36 37 38
 39 40 41 42 43 44 45 46 47 48 49 54 55 56 66 67 69 73 74])
Bicluster(rows=[51, 56], cols=[ 2  7  8 12 13 14 17 21 22 23 25 26 27 28 29 30 31 32 33 34 35 36 37 38
 39 40 41 42 43 44 45 46 47 48 49 50 60 61 62 65 66 69 72])
Bicluster(rows=[51, 57], cols=[ 3  4  6 10 12 13 14 15 17 22 23 25 26 27 28 29 30 31 32 33 34 35 36 37
 38 39 40 41 42 43 44 45 46 47 48 49 50 51 52 53 56 58 59 63 66 68 69 72])
Bicluster(rows=[51, 58], cols=[ 2  3  8  9 12 17 18 20 27 30 32 34 39 40 46 48 49 52 53 55 57 59 63 67
 68 72 74])
Bicluster(rows=[51, 59], cols=[ 1  6  8 10 11 12 15 17 18 20 21 25 26 27 28 29 30 31 32 33 34 35 36 37
 38 39 40 41 42 43 44 45 46 47 48 49 50 51 57 58 60 61 62 63 66 67 68 69
 70 71 72 74])
Bicluster(rows=[51, 60], cols=[ 5  6 10 13 14 15 16 18 22 24 25 26 27 28 29 30 31 32 33 34 35 36 37 38
 39 40 41 42 43 44 45 46 47 48 49 50 56 60 61 62 63 65 68])
Bicluster(rows=[51, 61], cols=[ 0  3  4  9 18 20 21 22 23 27 30 32 33 34 37 38 39 40 43 46 48 49 53 54
 55 58 64 69 72])
Bicluster(rows=[51, 62], cols=[ 6  8 10 15 25 26 27 28 29 30 31 32 33 34 35 36 37 38 39 40 41 42 43 44
 45 46 47 48 49 50 61 62 63 71 72])
Bicluster(rows=[51, 63], cols=[ 4  8 10 13 15 16 17 18 20 21 27 30 32 33 34 37 40 48 49 53 56 57 58 59
 61 65 66 67 68 69 72])
Bicluster(rows=[51, 64], cols=[ 0  2  3  8  9 12 13 15 18 21 26 27 28 29 30 31 32 33 34 35 36 37 38 39
 40 41 42 43 44 45 46 48 49 51 53 56 57 60 61 65 66 67 73 74])
Bicluster(rows=[51, 65], cols=[ 2  3  6 11 12 18 25 26 27 28 29 30 31 32 33 34 35 36 37 38 39 40 41 42
 43 44 45 46 47 48 49 51 52 55 56 58 60 62 66 67 68 69 71 74])
Bicluster(rows=[51, 66], cols=[ 0  5  9 12 15 22 23 24 25 26 27 28 31 32 34 41 42 43 45 46 49 52 55 56
 57 58 61 67 68])
Bicluster(rows=[51, 67], cols=[ 6 10 12 13 16 17 23 25 26 27 28 29 30 34 36 38 40 41 42 43 46 49 52 55
 56 57 58 61 67 68])
Bicluster(rows=[51, 68], cols=[ 0  4  6  8 11 20 22 23 25 26 31 36 39 43 46 47 48 49 51 56 57 58 59 60
 61 65 67 68 69 73 74])
Bicluster(rows=[51, 69], cols=[ 3  6 10 11 12 15 18 25 28 30 33 35 37 38 39 40 41 42 43 45 48 52 59 62
 63 65 71])
Bicluster(rows=[51, 70], cols=[ 5  8 10 12 13 24 26 27 28 29 31 33 34 35 37 39 41 45 46 48 49 51 52 59
 60 61 65 66 67 68 69 74])
Bicluster(rows=[51, 71], cols=[ 1  3  5 18 21 22 24 25 28 29 32 33 36 37 42 48 52 55 56 57 58 61 63 65
 67 68 71])
Bicluster(rows=[51, 72], cols=[ 6  9 11 14 15 21 22 25 26 27 28 30 33 39 43 48 51 52 59 60 61 65 66 67
 68 69 74])
Bicluster(rows=[51, 73], cols=[ 4  7  8 10 11 12 14 15 21 30 33 36 39 40 43 46 51 53 54 55 56 57 58 67
 69 73 74])
Bicluster(rows=[51, 74], cols=[ 3 13 16 18 22 24 37 41 42 48 49 51 52 59 60 61 65 66 67 68 69 74])
Bicluster(rows=[51, 75], cols=[ 2  3  7  8 13 17 18 20 23 24 25 27 31 33 37 39 40 41 42 43 49 52 55 56
 57 58 61 67 68 72 73])
Bicluster(rows=[51, 76], cols=[ 8 12 13 20 25 26 27 28 31 32 33 37 40 42 44 47 49 52 55 56 57 59 62 63
 65 68 71])
Bicluster(rows=[51, 77], cols=[ 5  6  7 12 17 20 25 26 27 30 31 32 33 34 35 36 38 41 46 52 55 56 57 58
 61 66 67 68 69 72 73])
Bicluster(rows=[51, 78], cols=[ 5  6  7  9 15 18 20 23 25 28 29 31 32 35 36 38 39 42 43 45 46 47 52 55
 56 57 58 61 63 67 68 71])
Bicluster(rows=[51, 79], cols=[ 5  9 10 14 15 17 20 23 25 27 30 32 33 36 37 38 39 43 45 46 48 49 52 55
 56 57 58 62 63 65 68 71])
Bicluster(rows=[51, 80], cols=[ 1  4  7  9 11 15 18 27 33 37 38 39 41 42 46 47 55 56 57 58 61 66 67 69
 72 73])
Bicluster(rows=[51, 81], cols=[ 3  4  5  7  9 11 12 14 15 18 24 25 27 28 31 33 34 41 44 49 52 55 56 57
 58 59 61 62 63 65 67 68 71])
Bicluster(rows=[51, 82], cols=[ 2  5  7  9 10 11 12 14 15 16 17 21 22 23 25 27 31 33 36 37 39 44 47 48
 52 59 63 65 68 71])
Bicluster(rows=[51, 83], cols=[ 5  8  9 12 13 14 15 18 23 24 27 28 30 31 32 34 36 39 41 42 45 47 49 55
 56 57 58 61 66 67 69 72 73])
Bicluster(rows=[51, 84], cols=[ 8  9 10 13 14 15 16 20 23 25 28 29 31 36 38 39 40 42 43 45 52 55 56 57
 58 61 63 65 67 68 71])
Bicluster(rows=[51, 85], cols=[ 4  8 18 20 26 28 29 34 35 37 47 52 55 56 57 58 59 61 62 63 65 67 68 71])
Bicluster(rows=[51, 86], cols=[ 3  5  6  8 14 15 23 24 25 26 27 28 31 32 35 37 40 41 42 45 46 49 52 55
 56 57 58 61 62 63 65 67 68 71])
Bicluster(rows=[51, 87], cols=[ 6  7  8 10 11 13 24 27 28 30 31 34 36 41 45 48 49 51 56 57 58 59 60 61
 66 67 68 69 73 74])
Bicluster(rows=[51, 88], cols=[ 0  3 13 15 17 20 22 23 25 28 30 36 37 39 41 45 48 49 51 52 58 59 60 61
 65 66 67 68 69 74])
Bicluster(rows=[51, 89], cols=[ 0  1  2  3  5  7 10 12 13 19 20 22 23 28 34 39 44 46 53 54 56 57 58 59
 60 64 67 73])
Bicluster(rows=[51, 90], cols=[ 5  7  9 14 16 18 19 20 25 26 27 30 31 35 37 39 41 45 49 52 55 56 57 58
 61 62 63 65 67 68 71])
Bicluster(rows=[51, 91], cols=[ 6 10 12 14 15 16 22 25 28 31 32 33 34 35 36 39 40 41 43 45 49 52 55 56
 57 58 59 62 63 65 67 68 71])
Bicluster(rows=[51, 92], cols=[ 5  7 11 15 18 21 22 23 24 27 29 30 34 36 37 39 47 55 56 57 58 61 66 67
 69 72 73])
Bicluster(rows=[51, 93], cols=[ 1  2  7  8  9 10 12 16 17 20 22 23 25 27 28 29 30 33 34 35 37 39 43 46
 52 55 56 57 58 61 62 63 65 67 68 71])
Bicluster(rows=[51, 94], cols=[ 8 10 14 15 16 17 22 23 24 25 28 30 31 33 36 37 39 41 43 45 48 49 52 55
 56 57 58 61 63 67 68 71])
Bicluster(rows=[51, 95], cols=[ 3  6  9 14 15 17 23 25 27 29 32 33 36 38 40 42 45 46 47 48 52 55 56 57
 58 61 67 68 72])
Bicluster(rows=[51, 96], cols=[ 8  9 10 12 13 14 15 17 23 27 28 29 30 32 33 34 36 37 38 39 40 41 42 45
 48 55 56 57 58 61 67 68 72])
Bicluster(rows=[51, 97], cols=[ 2  5  9 10 12 14 16 17 23 28 31 32 33 35 37 39 40 41 42 43 47 49 52 55
 56 57 58 61 67 68 72 73])
Bicluster(rows=[51, 98], cols=[ 1  3  5  6  7 11 12 13 16 18 19 25 27 28 36 38 43 46 52 59 60 61 65 66
 68 69 72])
Bicluster(rows=[51, 99], cols=[ 3  8 12 13 14 15 16 18 20 23 28 29 30 33 35 37 39 41 43 45 46 48 49 52
 54 59 61 66 67 71])
Bicluster(rows=[52, 53], cols=[ 1  5  7  9 14 16 17 23 27 28 30 32 33 34 37 39 40 45 46 48 49 53 55 56
 57 58 62 64 65 67 68 69])
Bicluster(rows=[52, 54], cols=[ 0  4 21 22 25 26 27 28 29 30 31 32 33 34 35 36 37 38 39 40 41 42 43 44
 45 46 47 48 49 51 52 53 55 62 65 66 68 70])
Bicluster(rows=[52, 55], cols=[ 0  3  6  7  9 10 13 16 17 18 22 23 25 26 27 28 29 30 31 32 33 34 35 36
 37 38 39 40 41 42 43 44 45 46 47 48 49 50 54 55 57 58 61 65 66 70 72])
Bicluster(rows=[52, 56], cols=[ 1  3  9 20 22 23 25 26 27 28 29 30 31 32 33 34 35 36 37 38 39 40 41 42
 43 44 45 46 47 48 49 51 52 55 56 57 59 63 65 71])
Bicluster(rows=[52, 57], cols=[ 0  1  2  6  8 12 17 22 23 25 26 27 28 29 30 31 32 33 34 35 36 37 38 39
 40 41 42 43 44 45 46 47 48 49 50 53 57 63 67 70 72])
Bicluster(rows=[52, 58], cols=[ 6  8 10 11 12 14 17 18 21 22 23 29 30 36 38 39 42 43 46 47 48 50 54 60
 63 64 67 68 72 74])
Bicluster(rows=[52, 59], cols=[ 2  3  7  9 12 14 16 17 18 19 21 22 25 26 27 28 29 30 31 32 33 34 35 36
 37 38 39 40 41 42 43 44 45 46 47 48 49 52 55 56 59 61 63 66 67 68 71 72
 74])
Bicluster(rows=[52, 60], cols=[ 1  2  3  9 13 15 17 20 22 25 26 27 28 29 30 31 32 33 34 35 36 37 38 39
 40 41 42 43 44 45 46 47 48 49 59 61 62 65])
Bicluster(rows=[52, 61], cols=[ 6  9 12 13 15 21 22 23 27 28 30 32 33 34 37 39 40 45 46 48 49 50 51 53
 54 59 61 64 67 68 72 73])
Bicluster(rows=[52, 62], cols=[ 1  2  3  9 16 20 23 25 26 27 28 29 30 31 32 33 34 35 36 37 38 39 40 41
 42 43 44 45 46 47 48 49 51 52 55 56 57 58 59 71])
Bicluster(rows=[52, 63], cols=[ 0  3  6 11 13 14 15 17 27 29 30 32 36 38 39 42 43 46 47 48 49 50 51 53
 54 60 61 65 66 70 72 74])
Bicluster(rows=[52, 64], cols=[ 6 10 15 17 20 21 26 27 28 30 31 32 33 34 35 37 38 39 40 41 44 45 46 48
 49 50 53 55 56 57 58 61 65 66 68])
Bicluster(rows=[52, 65], cols=[ 0  7  8 11 12 13 15 16 20 25 26 27 28 29 30 31 32 33 34 35 36 37 38 39
 40 41 42 43 44 45 46 47 48 49 50 56 57 61 66 67 70 71 72])
Bicluster(rows=[52, 66], cols=[ 1  5  7  8 10 12 14 15 16 20 23 26 28 29 30 31 32 34 36 37 39 41 42 43
 45 46 51 53 54 61 63 64 66 67 68 70])
Bicluster(rows=[52, 67], cols=[ 0  7  8 14 15 17 20 21 22 23 26 27 28 30 34 40 41 43 46 47 49 51 53 54
 61 63 64 67 68 70])
Bicluster(rows=[52, 68], cols=[ 2  7 10 11 12 13 14 15 19 25 26 28 31 36 39 40 43 46 47 48 49 50 53 54
 55 56 57 61 64 65 70])
Bicluster(rows=[52, 69], cols=[ 0  2  4  6  9 11 12 14 17 18 20 23 30 33 34 38 39 40 42 43 44 48 49 52
 56 57 58 60 62 65 69])
Bicluster(rows=[52, 70], cols=[ 0  1  2  3  4  7 10 13 16 20 26 27 28 30 32 33 34 35 36 37 38 41 45 47
 49 50 53 54 55 61 64 67 68 74])
Bicluster(rows=[52, 71], cols=[ 4  5  6  8 10 12 13 16 17 21 24 25 27 28 30 36 37 39 41 45 46 49 52 56
 57 60 65 69 71])
Bicluster(rows=[52, 72], cols=[ 1  3  9 10 11 12 18 19 20 21 22 23 25 26 27 28 32 34 38 39 42 43 49 55
 56 57 59 61 63 65 66 70 72])
Bicluster(rows=[52, 73], cols=[ 0  6  8 10 13 15 17 18 21 23 25 27 29 34 35 37 38 41 42 43 48 51 52 55
 56 57 58 59 63 65 71])
Bicluster(rows=[52, 74], cols=[ 1  2  4  7  8 12 13 14 18 24 42 44 48 50 53 54 55 56 57 61 64 65 67 68
 70 74])
Bicluster(rows=[52, 75], cols=[ 0  1  6  9 10 14 15 16 18 23 25 26 27 31 33 39 40 41 42 43 47 50 51 53
 54 60 61 63 67 68 70])
Bicluster(rows=[52, 76], cols=[ 1  2  7 16 17 18 20 23 25 34 35 36 38 39 41 44 45 46 47 48 49 52 55 56
 57 62 69])
Bicluster(rows=[52, 77], cols=[ 0  3  4  5  6  9 10 15 16 26 30 31 32 33 34 35 36 38 41 42 46 50 53 54
 60 61 63 64 66 67 68 70 72])
Bicluster(rows=[52, 78], cols=[ 0  1  6  8 11 15 16 18 21 22 23 29 31 32 35 36 38 40 42 43 45 49 51 53
 54 61 63 64 67 68 70])
Bicluster(rows=[52, 79], cols=[ 0  1  2  3  5  9 23 25 30 31 32 36 37 38 40 41 43 44 46 48 49 52 60 62
 65 69])
Bicluster(rows=[52, 80], cols=[ 3  4  6  9 14 20 21 27 31 32 35 38 42 44 46 47 48 49 51 52 58 59 63 71])
Bicluster(rows=[52, 81], cols=[ 7 10 11 12 15 18 20 21 22 23 30 32 36 40 42 43 46 53 54 60 61 64 66 67
 68 70 72])
Bicluster(rows=[52, 82], cols=[ 0  3 10 12 15 17 29 37 40 42 43 44 46 49 50 53 54 60 61 63 64 66 67 68
 70 72])
Bicluster(rows=[52, 83], cols=[ 1 10 13 16 17 18 21 23 27 28 30 31 32 34 36 38 39 41 42 45 46 47 48 49
 53 54 60 61 64 66 67 68 70 72])
Bicluster(rows=[52, 84], cols=[ 3  6  7 13 15 21 22 23 28 29 30 42 43 45 46 47 49 50 51 53 60 61 63 68
 70 71])
Bicluster(rows=[52, 85], cols=[ 0  3  9 12 16 18 23 25 26 29 33 34 35 50 51 60 63 65 71])
Bicluster(rows=[52, 86], cols=[ 0  2  5  6  8  9 15 16 20 23 24 26 28 29 35 41 45 46 49 53 54 61 64 67
 68 69 71 73])
Bicluster(rows=[52, 87], cols=[ 0  1  3  4  6  8  9 10 14 22 27 28 30 31 34 36 38 41 43 45 49 53 54 60
 64 67 68 73 74])
Bicluster(rows=[52, 88], cols=[ 3  8 11 12 13 15 16 17 20 22 26 33 35 52 55 56 57 65 69 71])
Bicluster(rows=[52, 89], cols=[ 2  3  7 11 18 19 21 22 23 24 26 27 31 32 33 35 37 39 41 46 49 52 55 56
 57 58 59 62 69])
Bicluster(rows=[52, 90], cols=[ 0  8 16 18 21 22 23 28 33 34 42 48 53 54 60 61 63 64 66 67 68 70 72])
Bicluster(rows=[52, 91], cols=[ 0  3  4  6  9 11 12 14 16 19 27 30 35 37 38 42 51 53 54 61 63 64 67 68
 70 71])
Bicluster(rows=[52, 92], cols=[ 0  1  3  4  5  9 12 14 16 17 19 21 22 23 27 28 29 34 39 44 47 49 50 53
 54 60 61 63 64 66 67 68 70 72])
Bicluster(rows=[52, 93], cols=[ 0  2  3  7  9 13 15 16 20 22 23 25 26 27 29 30 31 32 34 36 39 40 41 43
 44 45 46 49 52 58 59 63 66 72])
Bicluster(rows=[52, 94], cols=[ 1  2  3  4  7 11 12 13 16 18 20 21 22 23 30 32 35 37 39 43 44 47 48 49
 52 63 66 71 72])
Bicluster(rows=[52, 95], cols=[ 7  8 10 16 20 23 25 27 29 33 36 38 40 42 45 46 47 48 50 51 53 60 61 63
 70])
Bicluster(rows=[52, 96], cols=[ 0  1  7 16 17 22 23 25 27 28 30 31 33 34 36 38 39 40 41 42 43 45 47 48
 50 53 54 60 61 63 64 67 68 70])
Bicluster(rows=[52, 97], cols=[ 0  1  3  5  7  8 15 19 20 22 23 25 28 31 32 33 35 38 39 40 41 42 43 47
 48 49 50 51 53 54 60 61 63 64 66 67 68 70])
Bicluster(rows=[52, 98], cols=[ 0  2  3  6  8  9 12 13 15 17 18 19 22 23 26 29 30 33 34 35 37 39 40 42
 47 49 50 53 54 60 61 64 66 67 68 70 72])
Bicluster(rows=[52, 99], cols=[ 0  6  7 15 23 24 29 31 39 43 46 48 51 52 56 59 60 62 63 64 65 68 73 74])
Bicluster(rows=[53, 54], cols=[ 2  5  6 10 15 18 19 22 27 30 32 33 34 37 39 40 46 48 49 51 53 54 55 56
 59 60 61 62 65 68 71 72 73])
Bicluster(rows=[53, 55], cols=[ 2  4  7  9 12 16 17 19 20 21 22 23 24 25 27 29 30 36 38 39 42 43 46 47
 48 49 55 56 58 59 60 63 65 74])
Bicluster(rows=[53, 56], cols=[ 1  5  7  8 11 12 15 16 18 19 22 25 26 27 28 29 30 31 32 33 34 35 36 37
 38 39 40 41 42 43 44 45 46 47 48 49 52 53 55 58 59 60 66 67 69 72 73 74])
Bicluster(rows=[53, 57], cols=[ 3  5  6  7 10 11 12 15 18 20 21 22 25 26 27 28 29 30 31 32 33 34 35 36
 37 38 39 40 41 42 43 44 45 46 47 48 49 51 60 62 66 69 70 72 73])
Bicluster(rows=[53, 58], cols=[ 1  2  7  8 10 16 18 19 20 22 24 25 26 27 28 29 30 31 32 33 34 35 36 37
 38 39 40 41 42 43 44 45 46 47 48 49 52 53 57 59 60 65 69 72])
Bicluster(rows=[53, 59], cols=[ 1  8 10 15 16 25 26 27 28 29 30 31 32 33 34 35 36 37 38 39 40 41 42 43
 44 45 46 47 48 49 52 59 61 64 65 66])
Bicluster(rows=[53, 60], cols=[ 1  2  6  7 10 12 13 16 19 21 22 25 26 27 28 29 30 31 32 33 34 35 36 37
 38 39 40 41 42 43 44 45 46 47 48 49 51 52 54 55 57 58 59 60 61 66 69 73
 74])
Bicluster(rows=[53, 61], cols=[ 1  2  4  9 10 14 17 18 19 20 21 24 25 26 27 28 29 30 31 32 33 34 35 36
 37 38 39 40 41 42 43 44 45 46 47 48 49 52 53 60 63 64 67 68 74])
Bicluster(rows=[53, 62], cols=[ 1  2  5  6  7  8 10 15 17 18 19 21 24 25 26 27 28 29 30 31 32 33 34 35
 36 37 38 39 40 41 42 43 44 45 46 47 48 49 52 54 55 59 60 65 66 69 72 73
 74])
Bicluster(rows=[53, 63], cols=[ 1  3  4  8 10 12 14 15 17 19 20 21 23 25 26 27 28 29 30 31 32 33 34 35
 36 37 38 39 40 41 42 43 44 45 46 47 48 49 51 53 55 56 57 59 63 65 71 73])
Bicluster(rows=[53, 64], cols=[ 3  5  6  7  8  9 11 12 16 18 19 22 25 26 27 28 29 30 31 32 33 34 35 36
 37 38 39 40 41 42 43 44 45 46 47 48 49 51 54 55 60 62 66 69 73])
Bicluster(rows=[53, 65], cols=[ 3  6 13 24 26 27 28 30 31 32 33 34 35 37 38 39 40 41 42 43 44 45 46 48
 49 51 57 60 61 69 70 73])
Bicluster(rows=[53, 66], cols=[ 0  6  7 14 15 16 18 24 27 29 32 33 34 35 36 39 42 43 44 46 49 50 51 52
 53 64 66 67 68 69 72 74])
Bicluster(rows=[53, 67], cols=[ 7  9 10 11 14 18 22 24 30 31 40 43 45 47 51 52 53 66 67 68 69 72 74])
Bicluster(rows=[53, 68], cols=[ 0  1  4  7 14 18 20 24 27 28 35 39 40 42 43 44 45 46 47 48 49 52 53 55
 56 57 59 60 63 64 65 71])
Bicluster(rows=[53, 69], cols=[ 7  9 10 13 14 20 22 23 24 26 33 34 36 40 47 48 51 54 56 57 59 62 65 66
 69 70 73])
Bicluster(rows=[53, 70], cols=[ 1  2  4  7  8 10 12 14 16 17 18 19 20 21 23 26 27 29 31 33 35 39 41 46
 48 51 54 55 58 60 61 62 66 70 73])
Bicluster(rows=[53, 71], cols=[ 1  2  6  7 13 15 18 20 23 27 28 30 32 33 37 39 46 47 48 49 54 58 73 74])
Bicluster(rows=[53, 72], cols=[ 8 10 11 14 20 24 26 29 36 40 45 46 47 56 57 59 65 66 69 72])
Bicluster(rows=[53, 73], cols=[ 3  4  6  9 13 15 17 19 22 23 24 26 28 31 32 36 39 44 45 46 47 49 52 53
 57 59 63 64 67 68 71])
Bicluster(rows=[53, 74], cols=[ 2  7 10 14 16 19 24 33 35 37 39 41 44 47 49 52 53 57 59 63 64 67 71])
Bicluster(rows=[53, 75], cols=[ 1  2  8  9 11 12 14 16 19 20 27 29 33 39 40 44 52 53 67 68 71 72 74])
Bicluster(rows=[53, 76], cols=[ 0  2  3  4 11 21 22 27 29 32 33 35 37 40 41 43 50 52 53 54 62 67 68 70])
Bicluster(rows=[53, 77], cols=[ 1  5  9 10 11 12 13 14 15 19 20 24 27 28 30 32 36 37 38 40 42 43 45 46
 49 52 56 57 59 60 65 72 74])
Bicluster(rows=[53, 78], cols=[ 5  8  9 11 13 17 19 20 22 24 27 29 33 36 37 38 39 41 42 43 46 47 51 54
 56 57 59 62 65 66 69 73])
Bicluster(rows=[53, 79], cols=[ 1  5  6  7 10 12 16 18 19 21 23 24 26 27 29 30 31 32 35 37 39 47 50 52
 53 54 62 67 68 70])
Bicluster(rows=[53, 80], cols=[ 5  8  9 11 13 14 15 18 20 21 27 37 38 45 46 47 48 49 54 58 62 66 69 72
 73 74])
Bicluster(rows=[53, 81], cols=[ 1  3  9 10 11 12 13 15 18 20 23 24 25 27 28 29 31 33 34 41 44 47 49 54
 58 71 73 74])
Bicluster(rows=[53, 82], cols=[ 3  5  6 10 13 15 19 21 22 26 27 29 33 39 41 43 45 48 51 54 56 57 59 60
 65 66 69 72 73])
Bicluster(rows=[53, 83], cols=[ 1  2  8 15 16 17 19 20 23 24 26 27 28 29 30 31 32 34 38 39 43 45 46 48
 49 50 63 64 67 68 71])
Bicluster(rows=[53, 84], cols=[ 0  2  4  8 10 12 14 15 18 19 21 22 26 30 31 35 41 44 46 49 50 51 64 66
 67 68 69 72 74])
Bicluster(rows=[53, 85], cols=[ 1  2 11 12 16 18 20 21 22 30 35 38 39 41 45 46 52 53 55 56 57 59 60 63
 65 71])
Bicluster(rows=[53, 86], cols=[ 1  5  7  8  9 11 12 15 19 22 27 29 32 33 36 37 39 40 43 44 46 47 48 49
 51 56 57 59 65 66 69])
Bicluster(rows=[53, 87], cols=[ 1  8 12 14 18 22 24 25 27 28 30 34 35 38 41 42 43 44 45 47 49 52 53 57
 59 63 64 67 68 71])
Bicluster(rows=[53, 88], cols=[ 0  9 11 12 14 15 16 17 18 19 20 21 24 26 30 31 33 35 36 37 39 42 46 48
 49 52 53 55 56 57 59 60 63 65 71])
Bicluster(rows=[53, 89], cols=[ 4  6  8 10 15 21 23 25 26 27 29 32 33 36 37 38 41 44 49 51 54 56 57 59
 62 65 66 69 70 73])
Bicluster(rows=[53, 90], cols=[ 1  2  5  6  8 11 12 13 18 19 27 30 32 36 39 42 44 49 54 56 57 59 60 65
 66 69 72 73])
Bicluster(rows=[53, 91], cols=[ 1  7  9 10 15 17 18 23 24 27 29 30 32 33 34 38 39 40 42 47 48 49 56 57
 59 65 66 69 72])
Bicluster(rows=[53, 92], cols=[ 8 15 16 17 19 24 26 27 28 30 31 34 37 42 43 45 52 56 57 59 65])
Bicluster(rows=[53, 93], cols=[10 11 12 13 19 22 24 26 27 30 32 34 36 39 40 41 43 45 46 49 51 54 56 57
 59 62 65 66 69 73])
Bicluster(rows=[53, 94], cols=[ 1  2  4  7  8 11 12 13 16 17 20 23 24 26 28 29 33 34 35 37 38 41 45 46
 50 64 67 68 71 72 74])
Bicluster(rows=[53, 95], cols=[ 2  4  7 11 13 15 17 18 20 23 24 26 27 31 33 35 38 40 46 48 50 64 67 68
 71 72 74])
Bicluster(rows=[53, 96], cols=[ 6  7 10 12 15 16 17 18 19 20 22 23 24 25 30 33 34 35 37 38 39 42 43 44
 47 48 50 64 67 68 71 72 74])
Bicluster(rows=[53, 97], cols=[ 3  4  6  7 10 13 18 22 24 25 26 32 37 38 39 42 43 44 45 49 50 51 64 66
 67 68 71 72 74])
Bicluster(rows=[53, 98], cols=[ 2  6 13 22 24 25 26 33 34 36 37 39 40 43 49 58 61 62 66 69 70 72])
Bicluster(rows=[53, 99], cols=[ 1  2  3 13 15 28 33 35 37 39 41 43 45 46 48 56 57 60 61 62 65 66 69 70
 71])
Bicluster(rows=[54, 55], cols=[ 1  4  5  6 12 15 17 23 25 27 29 30 32 36 38 39 42 43 46 47 48 49 51 53
 54 61 62 63 64 73 74])
Bicluster(rows=[54, 56], cols=[ 2  4  5  7 11 12 13 19 21 24 25 26 27 28 29 30 31 32 33 34 35 36 37 38
 39 40 41 42 43 44 45 46 47 48 49 52 64 69])
Bicluster(rows=[54, 57], cols=[ 3  9 10 11 12 13 15 16 17 18 19 20 22 24 25 26 27 28 29 30 31 32 33 34
 35 36 37 38 39 40 41 42 43 44 45 46 47 48 49 50 53 54 56 58 59 61 64 69
 70 71])
Bicluster(rows=[54, 58], cols=[ 2  3  4  9 10 11 12 16 17 19 22 23 24 27 30 32 33 34 37 40 46 48 49 53
 56 59 60 63 65 66 67 70])
Bicluster(rows=[54, 59], cols=[ 1  4  8 12 13 15 21 22 24 25 26 27 28 29 30 31 32 33 34 35 36 37 38 39
 40 41 42 43 44 45 46 47 48 49 52 54 55 58 60 63 69 73])
Bicluster(rows=[54, 60], cols=[ 4  5  8 10 14 15 19 22 25 26 27 28 29 30 31 32 33 34 35 36 37 38 39 40
 41 42 43 44 45 46 47 48 49 54 56 57 58 62 63 71 72 73 74])
Bicluster(rows=[54, 61], cols=[ 0  2  3 10 12 16 18 21 23 27 28 30 32 33 34 37 40 41 45 49 50 51 53 55
 56 58 60 66 69])
Bicluster(rows=[54, 62], cols=[ 5  8 13 15 17 18 22 25 26 27 28 29 30 31 32 33 34 35 36 37 38 39 40 41
 42 43 44 45 46 47 48 49 52 55 67 72 74])
Bicluster(rows=[54, 63], cols=[ 1  4  6  7 14 15 17 18 20 23 25 26 27 28 29 30 31 32 33 34 35 36 37 38
 39 40 41 42 43 44 45 46 47 48 49 50 52 54 57 61 62 63 64 72 73])
Bicluster(rows=[54, 64], cols=[ 0  2  3  5 11 12 13 15 19 21 24 25 26 27 28 29 30 31 32 33 34 35 36 37
 38 39 40 41 42 43 44 45 46 47 48 49 50 53 55 59 64 65 67])
Bicluster(rows=[54, 65], cols=[ 2  3 10 11 12 19 23 25 26 27 28 29 30 31 32 33 34 35 36 37 38 39 40 41
 42 43 44 45 46 47 48 49 54 57 58 59 64 65 69 70])
Bicluster(rows=[54, 66], cols=[ 0  1  4  6 10 15 18 19 20 23 25 26 27 31 33 34 41 45 46 49 51 53 56 58
 59 60 63 64 65 67 72 74])
Bicluster(rows=[54, 67], cols=[ 4  5 15 17 18 20 22 23 26 32 36 38 40 44 45 48 51 56 58 59 60 63 64 65
 67 72 74])
Bicluster(rows=[54, 68], cols=[ 0  3  8  9 10 11 16 18 23 25 26 27 28 30 31 36 40 46 48 49 53 55 58 59
 65 67 69 70 71])
Bicluster(rows=[54, 69], cols=[ 3  4 10 11 12 15 19 22 25 30 33 34 35 38 39 40 41 42 43 45 48 49 50 51
 55 59 60 63 64 67 72 74])
Bicluster(rows=[54, 70], cols=[ 5  6 10 12 13 14 17 18 19 23 26 27 28 29 31 33 34 35 39 41 46 48 49 53
 55 56 58 59 65 66 69 70 71])
Bicluster(rows=[54, 71], cols=[ 1  3  4 12 14 18 19 20 21 22 23 25 27 28 30 36 37 39 45 46 49 50 51 55
 59 60 63 64 67 72 74])
Bicluster(rows=[54, 72], cols=[ 1  5  7 14 16 20 21 22 24 25 32 34 38 40 42 45 49 50 57 64 67 69 70 71
 73])
Bicluster(rows=[54, 73], cols=[ 7 10 11 12 13 15 16 18 19 20 21 22 24 25 30 33 36 39 40 43 46 47 53 56
 58 59 60 65 69 70 71])
Bicluster(rows=[54, 74], cols=[ 2  5 11 13 14 16 17 21 22 26 30 31 35 42 50 51 52 54 55 60 61 62 63 73
 74])
Bicluster(rows=[54, 75], cols=[ 2  4  5  7 10 13 15 17 23 26 30 32 36 40 43 51 56 58 59 60 64 65 67 72
 74])
Bicluster(rows=[54, 76], cols=[ 8 10 12 19 22 24 25 26 28 31 32 33 34 36 37 38 39 40 41 44 46 47 48 49
 50 51 55 59 60 63 73 74])
Bicluster(rows=[54, 77], cols=[ 4  5  7  8 10 15 17 19 23 24 25 26 27 31 32 33 34 35 37 38 41 46 47 49
 53 56 58 59 60 64 65 67 70])
Bicluster(rows=[54, 78], cols=[ 5  7 13 14 15 19 22 23 25 28 30 31 32 35 37 39 45 46 47 51 56 58 59 60
 63 64 65 67 72 74])
Bicluster(rows=[54, 79], cols=[ 5 10 13 15 17 18 22 25 27 30 32 33 36 38 39 43 45 46 48 49 51 56 58 59
 60 63 64 65 67 74])
Bicluster(rows=[54, 80], cols=[ 1  6  7 11 12 14 15 16 24 27 33 37 38 39 40 41 42 46 47 53 56 58 59 60
 65 69 70 71])
Bicluster(rows=[54, 81], cols=[ 3  5  6  7 10 11 12 15 16 18 20 22 23 25 27 28 29 31 33 34 41 44 47 48
 49 50 51 55 56 58 59 60 63 64 65 67 72 74])
Bicluster(rows=[54, 82], cols=[ 2  4  5  6  7 10 11 12 15 17 21 24 25 27 31 33 35 39 47 50 51 55 59 60
 64 67 72 74])
Bicluster(rows=[54, 83], cols=[ 1  4  6  8 10 13 14 17 23 25 28 31 44 45 53 56 58 59 60 64 65 67 70])
Bicluster(rows=[54, 84], cols=[15 17 18 22 23 24 25 28 29 31 36 38 39 40 42 43 45 51 56 58 59 60 64 65
 67 72 74])
Bicluster(rows=[54, 85], cols=[11 12 17 23 26 28 32 34 35 36 37 41 43 46 47 48 49 50 51 55 63 67 72 73
 74])
Bicluster(rows=[54, 86], cols=[ 3  5 15 17 19 22 25 26 27 28 31 32 35 37 41 42 45 46 49 51 53 56 58 63
 64 65 67 72 74])
Bicluster(rows=[54, 87], cols=[ 4  7 10 13 16 17 18 19 20 22 23 27 28 30 31 34 36 41 43 45 48 49 53 55
 56 58 59 60 65 66 69 70 71])
Bicluster(rows=[54, 88], cols=[ 0  3  4  8 13 15 17 18 19 23 24 25 28 30 36 37 39 41 45 48 49 50 53 55
 58 59 65 67 69 70 71])
Bicluster(rows=[54, 89], cols=[ 0  1  2  4  5 10 12 13 16 22 23 28 34 39 44 46 53 55 58 59 65 66 69 70
 71])
Bicluster(rows=[54, 90], cols=[ 2  4  6  7 18 19 23 24 25 26 27 29 31 32 35 37 41 43 45 46 47 50 51 55
 59 60 63 64 67 72 73 74])
Bicluster(rows=[54, 91], cols=[ 4  8 11 12 13 15 18 25 28 31 32 33 34 35 36 37 39 40 41 43 45 49 51 56
 58 59 60 63 64 65 67 72 74])
Bicluster(rows=[54, 92], cols=[ 1  4  5  7 18 20 21 22 23 27 28 29 34 36 39 44 49 53 56 58 59 60 64 65
 69 70 71])
Bicluster(rows=[54, 93], cols=[ 1  2  5  7  9 10 17 18 19 22 23 24 25 27 28 29 30 33 35 37 39 43 46 51
 53 56 58 59 63 64 65 67 72 74])
Bicluster(rows=[54, 94], cols=[ 1  5  6  7  8 14 17 19 22 23 25 26 28 30 32 36 39 41 43 48 49 51 53 56
 58 59 63 64 65 67 74])
Bicluster(rows=[54, 95], cols=[ 4  5  7 10 14 20 23 26 28 30 31 37 41 43 50 52 54 55 59 60 61 62 63 73])
Bicluster(rows=[54, 96], cols=[ 3  4  6  8  9 10 11 12 13 15 16 18 19 21 22 25 26 28 30 31 33 34 36 37
 38 39 42 48 68 69 70 71])
Bicluster(rows=[54, 97], cols=[ 1  2 14 17 18 22 23 27 28 31 32 35 37 40 41 45 46 47 49 51 53 56 58 59
 60 64 65 67 72 74])
Bicluster(rows=[54, 98], cols=[ 2  3  6  7  8 15 17 20 21 22 29 37 39 41 42 45 47 49 51 52 54 57 61 62
 63 72 73 74])
Bicluster(rows=[54, 99], cols=[ 2  4  8 11 14 16 19 21 22 23 26 27 28 30 31 33 36 37 42 44 47 49 51 62
 63 64])
Bicluster(rows=[55, 56], cols=[ 2  3  8  9 11 15 19 20 23 26 28 31 35 41 44 45 55 56 60 63 64 65 66 68
 69 70 73])
Bicluster(rows=[55, 57], cols=[ 6 10 11 15 17 22 23 27 28 30 31 32 33 34 37 39 40 41 45 46 48 49 50 51
 57 59 62 64 66 68 69 70 71 72 74])
Bicluster(rows=[55, 58], cols=[ 2  5  6  7 11 13 20 22 27 29 30 36 38 39 42 43 46 47 48 49 50 51 54 59
 61 62 65 67 68])
Bicluster(rows=[55, 59], cols=[ 3  8  9 14 15 20 22 23 25 26 27 28 29 30 31 32 33 34 35 36 37 38 39 40
 41 42 43 44 45 46 47 48 49 51 55 60 67 68 69 74])
Bicluster(rows=[55, 60], cols=[ 0  3  5  6  7  9 10 11 14 18 20 26 31 35 41 44 45 51 55 60 61 64 65 66
 67 69 70 71 73 74])
Bicluster(rows=[55, 61], cols=[ 2  4  5  6  7 11 13 17 19 20 27 29 30 32 33 34 36 37 38 39 40 42 43 46
 47 48 49 52 54 55 56 61 63 68 69 70 71 74])
Bicluster(rows=[55, 62], cols=[ 3  4  5  6  7  8 11 18 19 20 22 26 31 35 44 54 55 56 59 60 61 64 65 69
 70 72 74])
Bicluster(rows=[55, 63], cols=[ 0  4  6 11 12 13 18 21 27 30 32 34 38 39 40 43 46 48 49 50 54 56 59 62
 64 65 67 68 73])
Bicluster(rows=[55, 64], cols=[ 2  5  6  8  9 10 11 14 17 19 26 27 28 30 31 32 33 34 35 37 40 41 44 45
 46 48 49 55 57 58 59 60 62 63 64 66 67 68 70 72 73 74])
Bicluster(rows=[55, 65], cols=[ 0  1  2  6  7 11 13 14 16 19 20 24 25 26 27 28 29 30 31 32 33 34 35 36
 37 38 39 40 41 42 43 44 45 46 47 48 49 50 51 56 57 59 60 61 63 64 65 66
 68 69 72 73 74])
Bicluster(rows=[55, 66], cols=[ 1  2  3  4  6  7  8  9 12 15 20 21 25 27 33 35 40 44 49 51 53 63 64 66
 69 70 72 74])
Bicluster(rows=[55, 67], cols=[ 0  1  3  5  7  9 11 19 22 24 26 27 28 30 34 41 43 46 47 49 50 52 54 61
 66 69 70 74])
Bicluster(rows=[55, 68], cols=[ 4  8 11 13 16 17 24 25 26 28 31 36 39 43 46 47 48 49 51 54 55 57 63 66
 67 68 69 70 72 73 74])
Bicluster(rows=[55, 69], cols=[ 0  1  7 10 12 14 19 20 21 23 25 27 31 32 43 50 52 54 55 56 57 59 61 62
 65 68 71])
Bicluster(rows=[55, 70], cols=[ 0  3  5  7 10 11 13 14 15 16 19 22 24 25 28 30 32 34 35 36 37 38 40 42
 43 45 47 49 50 51 52 54 55 56 59 60 61 62 65 68 71 72])
Bicluster(rows=[55, 71], cols=[ 0  1  4  7 12 16 19 25 26 27 30 31 36 39 40 44 46 51 54 57 58 63 64 66
 67 69 70 72 73 74])
Bicluster(rows=[55, 72], cols=[ 0  2  3  4  5  9 10 14 15 18 23 26 27 28 30 33 39 48 51 54 55 57 60 63
 65 66 67 68 69 72 73 74])
Bicluster(rows=[55, 73], cols=[ 0  2  5  6 10 11 13 17 18 23 27 29 34 35 37 38 41 42 55 57 58 60 64 67
 68 70 73 74])
Bicluster(rows=[55, 74], cols=[ 0  2  3  4  5  7  9 10 11 12 14 15 20 22 27 28 32 34 36 40 43 45 55 60
 64 67 70 73])
Bicluster(rows=[55, 75], cols=[ 2  5  6  8  9 10 12 18 19 25 26 27 29 31 33 37 39 40 41 42 47 49 50 54
 56 59 64 65 67 68 70 73])
Bicluster(rows=[55, 76], cols=[ 0  5  7  8 13 15 16 17 18 20 22 23 26 27 28 29 30 31 32 33 37 40 42 43
 44 56 59 64 65 67 68 73])
Bicluster(rows=[55, 77], cols=[ 0  3  8  9 11 20 26 30 31 32 33 34 35 36 38 39 41 42 43 50 54 56 59 65
 66 67 68 69 70 73 74])
Bicluster(rows=[55, 78], cols=[ 3  4  9 11 12 15 17 19 20 22 24 28 29 31 32 35 36 38 39 40 42 43 45 46
 47 49 50 56 59 64 65 67 68 70 73])
Bicluster(rows=[55, 79], cols=[ 3  5  8  9 11 14 15 19 24 25 26 28 30 32 35 36 37 38 39 40 41 43 46 47
 48 49 51 58 63 64 69 70 72])
Bicluster(rows=[55, 80], cols=[ 0  1  5 11 16 21 25 26 29 34 51 54 55 57 60 63 65 66 67 68 69 70 72 73
 74])
Bicluster(rows=[55, 81], cols=[ 0  4  5  8 13 17 19 22 30 32 36 40 42 43 46 50 54 56 59 65 66 67 68 69
 70 73 74])
Bicluster(rows=[55, 82], cols=[10 14 19 20 21 23 29 37 40 42 43 44 46 49 50 54 56 59 65 66 67 68 69 70
 73 74])
Bicluster(rows=[55, 83], cols=[ 3  7 10 11 14 17 18 19 20 24 27 28 29 30 31 32 34 36 38 39 41 45 46 48
 49 50 52 54 61 63 66 69 74])
Bicluster(rows=[55, 84], cols=[ 5  6  8  9 12 13 14 20 28 29 30 31 36 42 43 45 46 47 49 50 56 59 64 65
 67 68 70 73])
Bicluster(rows=[55, 85], cols=[ 0  3 10 12 13 14 15 17 19 21 23 24 32 36 38 39 43 45 46 47 51 57 58 63
 64 66 67 69 70 73 74])
Bicluster(rows=[55, 86], cols=[ 0  2  5  8  9 10 13 14 16 17 18 19 23 25 27 32 33 37 40 42 44 51 53 63
 64 66 69 70 72 74])
Bicluster(rows=[55, 87], cols=[ 0  5  9 12 14 15 16 19 22 24 27 28 30 31 34 36 38 41 43 45 49 50 51 54
 55 56 59 60 61 62 63 65 67 68 69 72 73])
Bicluster(rows=[55, 88], cols=[ 5  8  9 12 16 19 20 21 28 34 36 37 39 41 42 45 46 48 50 51 54 55 56 59
 60 61 62 63 65 67 68 72 73])
Bicluster(rows=[55, 89], cols=[ 1  3  4  5  7  8 14 15 18 21 23 25 27 29 31 32 33 35 36 37 38 41 45 49
 55 57 58 60])
Bicluster(rows=[55, 90], cols=[ 0  1  3  4 11 15 16 18 20 22 28 33 34 40 42 48 50 52 54 61 63 66 69 74])
Bicluster(rows=[55, 91], cols=[ 0  3  5  7  8  9 11 14 17 20 23 27 29 30 37 38 42 47 48 50 56 59 64 65
 67 68 70 73])
Bicluster(rows=[55, 92], cols=[ 0  3  6  9 10 13 15 17 19 22 24 27 28 29 30 34 37 39 44 47 50 54 56 59
 63 64 65 66 67 68 69 70 73 74])
Bicluster(rows=[55, 93], cols=[ 3  7  9 11 12 13 16 19 22 23 24 25 26 29 30 32 34 38 39 40 41 44 45 46
 49 51 58 63 64 66 69 70 72 74])
Bicluster(rows=[55, 94], cols=[ 0  3  6  7 13 16 22 23 25 30 32 35 39 40 43 44 47 48 49 51 53 63 66 69
 70 72 74])
Bicluster(rows=[55, 95], cols=[ 5  9 10 12 14 15 16 19 24 25 27 33 36 38 40 42 45 46 47 48 50 54 56 59
 64 65 67 68 70 73])
Bicluster(rows=[55, 96], cols=[ 0  3  5  8 14 15 16 19 22 24 25 26 27 28 30 31 32 33 34 36 37 38 39 40
 41 42 43 45 47 48 50 54 56 59 64 65 67 68 70 73])
Bicluster(rows=[55, 97], cols=[ 0  2  9 11 22 24 25 28 31 32 33 34 35 36 38 39 40 41 42 43 47 48 49 50
 54 56 59 64 65 67 68 70 73])
Bicluster(rows=[55, 98], cols=[ 0  1  4  5  7  9 10 11 13 14 20 22 23 24 26 29 30 32 33 34 35 40 42 47
 49 50 54 55 56 59 64 65 66 67 68 69 70 73 74])
Bicluster(rows=[55, 99], cols=[ 0  7  9 10 13 14 18 22 23 25 27 29 30 32 33 35 37 41 42 45 49 50 52 57
 58 59 61 62 63 64 66 67 69])
Bicluster(rows=[56, 57], cols=[11 12 13 14 15 17 18 22 23 24 25 26 27 28 29 30 31 32 33 34 35 36 37 38
 39 40 41 42 43 44 45 46 47 48 49 57 64 66 68 69 70])
Bicluster(rows=[56, 58], cols=[ 1  7  8  9 10 17 18 21 22 25 26 27 28 29 30 31 32 33 34 35 36 37 38 39
 40 41 42 43 44 45 46 47 48 49 50 51 52 54 59 62 63 67 68 69 71 72])
Bicluster(rows=[56, 59], cols=[ 3  4  8  9 10 15 16 25 26 27 28 29 30 31 32 33 34 35 36 37 38 39 40 41
 42 43 44 45 46 47 48 49 50 54 56 59 60 62 66 71])
Bicluster(rows=[56, 60], cols=[ 1  3  4  5  6  7  9 16 19 20 22 23 25 26 27 28 29 30 31 32 33 34 35 36
 37 38 39 40 41 42 43 44 45 46 47 48 49 50 54 55 58 59 65 67 70 73 74])
Bicluster(rows=[56, 61], cols=[ 1  7  9 10 18 19 23 25 26 27 28 29 30 31 32 33 34 35 36 37 38 39 40 41
 42 43 44 45 46 47 48 49 50 51 67 70 74])
Bicluster(rows=[56, 62], cols=[ 0  1  3  4  5  7  8  9 10 14 15 20 23 25 26 27 28 29 30 31 32 33 34 35
 36 37 38 39 40 41 42 43 44 45 46 47 48 49 50 51 52 53 54 55 56 57 59 61
 62 64 66 70 71 72 73 74])
Bicluster(rows=[56, 63], cols=[ 7  8 12 15 17 18 25 26 27 28 29 30 31 32 33 34 35 36 37 38 39 40 41 42
 43 44 45 46 47 48 49 50 51 52 54 55 59 61 62 64 68 73])
Bicluster(rows=[56, 64], cols=[ 2  5  7  8 11 12 13 14 16 19 20 21 24 25 26 27 28 29 30 31 32 33 34 35
 36 37 38 39 40 41 42 43 44 45 46 47 48 49 54 55 56 57 58 60 61 63 64 65
 66 69 70 71 73])
Bicluster(rows=[56, 65], cols=[ 4  6 11 12 13 16 19 22 26 28 31 35 41 44 45 52 53 58 62 63 65 66 68 72
 73 74])
Bicluster(rows=[56, 66], cols=[ 1  4  6  9 10 11 15 18 20 21 23 30 32 33 34 38 39 44 46 47 50 51 53 54
 62 67 72 74])
Bicluster(rows=[56, 67], cols=[ 0  2  5  8 11 12 15 21 24 29 32 33 37 42 43 47 48 50 52 53 54 59 61 63
 64 66 69 70 71 73])
Bicluster(rows=[56, 68], cols=[ 0  1  7 12 13 14 17 18 26 28 32 34 37 38 45 52 61 64 70 71 72 73 74])
Bicluster(rows=[56, 69], cols=[ 0  1  4 11 12 14 15 19 20 22 23 25 30 33 34 35 38 39 40 41 43 45 49 52
 54 56 57 58 62 65 68 73])
Bicluster(rows=[56, 70], cols=[ 0  1  3  5  6 12 13 15 16 17 19 20 27 28 29 33 34 37 39 45 46 48 49 56
 57 58 60 63 65 66 69])
Bicluster(rows=[56, 71], cols=[ 2  4  5 10 11 14 16 18 20 22 23 26 31 32 37 38 41 43 45 48 50 51 52 53
 54 59 62 70 71 72 73 74])
Bicluster(rows=[56, 72], cols=[ 1  3  5  6  7  9 11 15 21 22 23 24 26 28 29 32 34 36 40 49 52 55 61 63
 64 66 68 69 70 71 73])
Bicluster(rows=[56, 73], cols=[ 0  2  5 11 12 16 21 23 24 27 35 37 41 43 48 51 56 57 58 60 61 64 65 68
 70 71 72 73 74])
Bicluster(rows=[56, 74], cols=[ 2  3  5  9 11 13 15 17 18 21 22 24 25 28 30 40 42 45 51 52 56 57 58 60
 61 64 65 68 70 73 74])
Bicluster(rows=[56, 75], cols=[ 3  5 11 12 13 15 18 19 20 24 28 29 30 32 39 42 43 45 47 50 52 53 54 59
 61 63 64 70 71 73])
Bicluster(rows=[56, 76], cols=[ 0  1  3  6  8 12 13 14 19 21 22 24 25 26 28 31 32 33 36 37 38 39 40 46
 47 48 49 52 54 56 57 58 61 62 64 65 68 73])
Bicluster(rows=[56, 77], cols=[ 1  6  7  9 16 19 20 22 26 27 29 31 35 37 47 49 51 56 57 58 60 61 64 65
 68 70 71 72 73 74])
Bicluster(rows=[56, 78], cols=[ 3  4  6  7  8  9 10 15 16 17 19 20 27 28 30 31 35 37 45 48 52 54 56 57
 58 61 62 64 65 68 73])
Bicluster(rows=[56, 79], cols=[ 1  3  4  5  8  9 13 15 16 17 19 22 27 28 32 37 41 42 50 52 53 54 61 63
 64 66 69 70 73])
Bicluster(rows=[56, 80], cols=[ 0  1  2  3  5  7  8 12 13 23 25 27 28 29 30 32 33 36 37 40 41 48 49 51
 56 57 58 60 61 64 65 68 70 71 72 73 74])
Bicluster(rows=[56, 81], cols=[ 0  1  5  9 10 15 18 19 20 22 23 27 30 33 39 42 43 45 48 50 51 53 54 59
 62 71 72 74])
Bicluster(rows=[56, 82], cols=[ 0  2  4  7 11 12 16 17 18 19 20 22 23 25 27 30 37 39 40 44 47 51 56 57
 58 61 64 65 68 70 71 72 74])
Bicluster(rows=[56, 83], cols=[ 2  7 10 11 12 13 17 18 19 20 21 24 33 35 36 40 42 47 50 51 52 53 54 59
 62 67 71 72 74])
Bicluster(rows=[56, 84], cols=[ 3  7  8  9 11 15 17 18 19 22 23 30 35 41 44 46 49 54 62 67 71 72 74])
Bicluster(rows=[56, 85], cols=[ 1  3  6  9 10 11 12 14 19 20 31 32 33 34 37 38 43 46 48 49 51 56 57 58
 60 61 64 65 68 70 73 74])
Bicluster(rows=[56, 86], cols=[ 0  2  4  6  8 11 12 13 14 19 20 21 23 24 27 29 32 33 36 37 40 43 44 46
 47 50 52 53 54 59 61 63 64 66 69 70 73])
Bicluster(rows=[56, 87], cols=[ 0  5  6 12 13 16 19 21 25 27 30 32 37 38 40 42 43 47 48 51 52 54 55 60
 62 64 68 70 73 74])
Bicluster(rows=[56, 88], cols=[ 1  4  5  6  9 10 14 17 18 19 20 22 28 29 30 37 38 41 45 47 49 55 58 61
 63 64 65 66 68 69 73])
Bicluster(rows=[56, 89], cols=[ 0  8 10 15 19 20 24 26 27 29 32 33 37 38 41 44 50 52 53 54 59 61 63 64
 66 68 69 70 71 73])
Bicluster(rows=[56, 90], cols=[ 2  3  5 14 15 16 19 20 24 27 28 29 30 33 37 43 46 47 49 51 56 57 58 60
 61 64 65 68 70 71 72 74])
Bicluster(rows=[56, 91], cols=[ 5  6 10 11 12 14 16 18 20 22 28 31 32 33 35 36 41 43 45 46 54 58 61 62
 64 65 68 73])
Bicluster(rows=[56, 92], cols=[ 2  3  5  8 10 16 18 19 20 22 23 25 26 27 30 31 34 39 41 45 49 50 51 52
 53 54 59 62 72 73 74])
Bicluster(rows=[56, 93], cols=[ 0  3  4  5  8  9 11 17 22 23 26 27 34 37 41 42 44 48 50 52 53 54 59 61
 63 64 66 69 70 71 73])
Bicluster(rows=[56, 94], cols=[ 3  4  5 11 12 13 14 17 21 22 23 29 32 38 40 42 46 49 50 52 53 54 59 64
 70 71 72 73])
Bicluster(rows=[56, 95], cols=[ 0  1  4  5  6  8 10 11 12 13 16 17 20 21 23 27 28 34 37 38 46 48 50 52
 53 54 59 62 64 70 71 72 73 74])
Bicluster(rows=[56, 96], cols=[ 0  2  3  5 11 12 13 14 16 17 19 20 21 23 24 25 30 38 42 47 49 50 53 54
 62 67 70 71 72 74])
Bicluster(rows=[56, 97], cols=[ 0  4  8 13 14 15 20 21 23 25 27 29 36 38 39 43 49 50 52 53 54 59 62 64
 70 71 72 73 74])
Bicluster(rows=[56, 98], cols=[ 0  2  6  7 10 11 14 17 21 23 28 29 39 42 47 51 52 54 55 59 64 70 71 72
 73 74])
Bicluster(rows=[56, 99], cols=[ 2  4  8 10 11 15 19 21 22 27 28 31 33 36 37 38 42 47 49 50 51 53 59 60
 64 67 68 71 72 73 74])
Bicluster(rows=[57, 58], cols=[ 1  2  7 17 18 20 22 23 25 26 27 28 29 30 31 32 33 34 35 36 37 38 39 40
 41 42 43 44 45 46 47 48 49 54 55 60 61 63 65])
Bicluster(rows=[57, 59], cols=[ 2  6  7 12 13 14 15 17 24 25 26 27 28 29 30 31 32 33 34 35 36 37 38 39
 40 41 42 43 44 45 46 47 48 49 54 56 58 63 65 66 67 72])
Bicluster(rows=[57, 60], cols=[ 1  7 15 17 18 21 22 23 25 26 27 28 29 30 31 32 33 34 35 36 37 38 39 40
 41 42 43 44 45 46 47 48 49 51 56 60 63 66 68 71])
Bicluster(rows=[57, 61], cols=[ 1  3  4  5  6 10 11 12 14 16 18 22 24 27 30 32 33 34 37 40 46 48 49 50
 53 56 62 67 69 70 72 74])
Bicluster(rows=[57, 62], cols=[ 0  1  6  7 13 14 15 18 20 21 23 25 26 27 28 29 30 31 32 33 34 35 36 37
 38 39 40 41 42 43 44 45 46 47 48 49 57 60 63 66 73])
Bicluster(rows=[57, 63], cols=[15 21 25 26 27 28 29 30 31 32 33 34 35 36 37 38 39 40 41 42 43 44 45 46
 47 48 49 52 54 55 61 65])
Bicluster(rows=[57, 64], cols=[ 0  1  6  7 10 11 13 14 15 17 18 22 24 25 26 27 28 29 30 31 32 33 34 35
 36 37 38 39 40 41 42 43 44 45 46 47 48 49 50 51 52 57 59 62 63 64 66 68
 70 72 73 74])
Bicluster(rows=[57, 65], cols=[ 0  2  3  6  8  9 10 12 14 16 19 25 26 27 28 29 30 31 32 33 34 35 36 37
 38 39 40 41 42 43 44 45 46 47 48 49 51 52 54 56 57 58 60 64 67 68 69 72
 73 74])
Bicluster(rows=[57, 66], cols=[ 2  7  8 12 15 16 18 19 20 21 26 27 31 32 34 41 42 43 45 46 49 53 58 62
 63 64 66 67 70 73 74])
Bicluster(rows=[57, 67], cols=[ 0  7 10 15 16 17 19 24 25 29 32 33 36 37 38 42 48 51 55 60 64 66 69 70
 72 74])
Bicluster(rows=[57, 68], cols=[ 1  3  5  7 10 11 12 15 18 22 26 27 28 29 30 31 40 46 48 49 50 51 52 57
 62 64 68 69 70 71 72 73 74])
Bicluster(rows=[57, 69], cols=[ 0  1  2  3  5  6  8 10 12 13 14 15 16 19 22 23 25 28 35 36 37 38 39 40
 41 42 43 45 48 50 52 59 63 68])
Bicluster(rows=[57, 70], cols=[ 7 10 13 18 20 21 26 27 28 29 31 33 34 35 39 41 46 48 50 51 52 57 59 62
 64 68 69 70 71 72 73 74])
Bicluster(rows=[57, 71], cols=[ 0  4  5  9 18 21 26 27 31 36 41 42 44 45 49 51 52 55 62 64 68 69 70 71
 72 74])
Bicluster(rows=[57, 72], cols=[ 2 10 16 20 22 23 24 25 26 27 28 32 34 38 42 43 49 50 51 52 57 60 62 64
 68 69 70 71 72 74])
Bicluster(rows=[57, 73], cols=[ 0  3  5  8  9 11 12 19 23 24 25 27 29 34 35 37 38 41 42 50 52 57 59 63
 64 66 68 70 74])
Bicluster(rows=[57, 74], cols=[ 0  7  9 12 13 14 17 21 22 29 30 36 38 44 50 51 52 57 60 62 64 68 69 70
 71 72 73 74])
Bicluster(rows=[57, 75], cols=[ 0  3  5  7 11 17 21 23 25 27 29 31 33 37 39 41 42 47 49 53 58 62 66 67
 69 71 72 74])
Bicluster(rows=[57, 76], cols=[ 0  1  2  5 10 11 12 14 16 19 22 24 25 26 27 28 31 32 33 37 40 42 44 47
 49 50 52 56 59 68])
Bicluster(rows=[57, 77], cols=[ 1  2  6 10 11 19 24 25 26 27 31 32 33 34 35 38 41 46 51 53 56 62 64 66
 69 70 71 72 73 74])
Bicluster(rows=[57, 78], cols=[ 0  1 11 12 14 18 20 23 27 29 30 33 36 37 38 39 41 42 43 46 47 51 55 60
 66 69 70 72 74])
Bicluster(rows=[57, 79], cols=[ 1  5  6 10 11 14 15 17 23 29 34 36 38 40 43 46 47 48 52 55 60 62 64 68
 69 70 71])
Bicluster(rows=[57, 80], cols=[ 0  4  5 15 16 18 20 21 24 27 33 37 38 41 45 46 47 49 53 56 62 63 64 66
 69 70 73 74])
Bicluster(rows=[57, 81], cols=[ 1  2  3  4  7 10 12 14 16 20 22 27 28 30 32 33 39 44 48 56 62 63 64 66
 70 73 74])
Bicluster(rows=[57, 82], cols=[ 1  3  4  5  6 14 15 16 17 21 22 23 26 27 30 36 39 41 45 50 51 52 55 57
 60 62 64 66 68 69 70 71 72 74])
Bicluster(rows=[57, 83], cols=[ 5  6  7  8 12 16 17 18 19 24 33 35 37 40 47 51 55 60 63 66 70 72 74])
Bicluster(rows=[57, 84], cols=[ 2  7  8 10 12 13 15 16 19 20 27 29 32 33 34 36 37 38 39 42 43 47 51 55
 60 64 68 69 70 71 72 74])
Bicluster(rows=[57, 85], cols=[ 0  4  6  8 13 16 17 19 21 23 24 25 27 31 33 53 58 62 63 66 67 69 70 71
 72 73 74])
Bicluster(rows=[57, 86], cols=[ 0  2  3  6  8 10 11 13 14 17 18 19 22 23 29 30 31 34 36 39 43 48 53 58
 62 63 66 67 70 74])
Bicluster(rows=[57, 87], cols=[ 2 13 14 18 20 21 27 28 30 31 34 41 45 48 49 50 51 52 57 59 62 64 68 69
 70 71 72 73 74])
Bicluster(rows=[57, 88], cols=[ 4  5  6  7  9 19 21 24 25 26 27 35 38 50 52 56 59 63 64 66 68 70 73 74])
Bicluster(rows=[57, 89], cols=[ 0  2  6 15 16 19 21 24 25 26 27 29 32 33 36 37 38 41 44 49 50 51 52 55
 60 62 64 68 69 70 71 72 74])
Bicluster(rows=[57, 90], cols=[ 7  8 11 13 14 15 19 22 23 24 25 28 33 34 36 39 40 42 48 52 56 59 62 64
 66 70 73 74])
Bicluster(rows=[57, 91], cols=[ 0  3  4  5  7  8  9 10 11 14 15 16 22 23 24 25 43 46 50 52 55 57 60 62
 64 68 70 71 73])
Bicluster(rows=[57, 92], cols=[ 0  3  4  8  9 13 14 16 17 26 32 33 36 40 41 50 51 52 57 59 62 64 66 68
 69 70 71 72 73 74])
Bicluster(rows=[57, 93], cols=[ 0  2  6 10 16 17 20 22 25 26 29 30 32 34 36 39 40 41 43 44 45 46 49 51
 52 55 62 64 68 69 70 71])
Bicluster(rows=[57, 94], cols=[ 0  1  2  6  8 10 14 15 16 17 22 24 30 32 39 40 43 44 47 48 49 51 55 65
 69 70 71 72 74])
Bicluster(rows=[57, 95], cols=[ 3  4  5  6  7  8 13 14 15 16 17 18 19 21 23 25 27 33 36 40 42 45 46 47
 53 58 62 63 66 67 69 70 74])
Bicluster(rows=[57, 96], cols=[ 0  1  2  5 10 11 12 14 15 16 17 18 19 22 25 27 30 32 34 36 38 39 40 41
 42 43 45 47 48 51 53 58 62 67 69 71 72 74])
Bicluster(rows=[57, 97], cols=[ 4  7  8 10 11 12 13 18 20 22 23 24 28 31 32 33 35 37 39 40 41 42 43 47
 49 53 58 62 63 66 67 69 70 71 74])
Bicluster(rows=[57, 98], cols=[ 4  5  6 11 12 15 16 17 21 22 23 25 26 33 34 35 36 37 39 40 49 52 56 59
 62 63 64 66 69 70 72 73 74])
Bicluster(rows=[57, 99], cols=[ 3  7 10 12 13 15 21 23 24 28 30 33 35 37 39 41 43 45 46 48 50 52 59 60
 62 63 66 70])
Bicluster(rows=[58, 59], cols=[ 0  2  4  9 10 25 26 27 28 29 30 31 32 33 34 35 36 37 38 39 40 41 42 43
 44 45 46 47 48 49 50 52 54 59 62 63 65 70 71 73])
Bicluster(rows=[58, 60], cols=[ 0  1  2  3  5  7  9 10 11 12 14 16 19 20 22 23 25 26 27 28 29 30 31 32
 33 34 35 36 37 38 39 40 41 42 43 44 45 46 47 48 49 50 54 57 59 60 62 64
 67 69 73 74])
Bicluster(rows=[58, 61], cols=[ 1  3  5  6  9 10 11 13 14 15 16 18 19 20 23 24 25 26 27 28 29 30 31 32
 33 34 35 36 37 38 39 40 41 42 43 44 45 46 47 48 49 50 51 53 54 56 58 60
 61 62 72 74])
Bicluster(rows=[58, 62], cols=[ 1  2  4  7  9 10 11 12 18 19 20 23 24 25 26 27 28 29 30 31 32 33 34 35
 36 37 38 39 40 41 42 43 44 45 46 47 48 49 50 51 52 59 60 62 64 65 68 69
 71 72])
Bicluster(rows=[58, 63], cols=[ 0  1  6  8 10 11 12 13 14 17 18 19 24 25 26 27 28 29 30 31 32 33 34 35
 36 37 38 39 40 41 42 43 44 45 46 47 48 49 50 52 53 54 57 58 59 62 65 66
 67 68 70 71 72 73])
Bicluster(rows=[58, 64], cols=[ 4  7  8 11 21 22 23 25 26 27 28 29 30 31 32 33 34 35 36 37 38 39 40 41
 42 43 44 45 46 47 48 49 63 69 71])
Bicluster(rows=[58, 65], cols=[ 0  2  6 10 12 13 14 15 16 18 19 20 21 23 27 30 32 33 34 37 38 39 40 46
 48 49 50 51 52 55 58 61 66 68 70 71 73 74])
Bicluster(rows=[58, 66], cols=[ 3  4  7  9 12 14 18 19 23 27 29 32 33 34 36 39 42 43 44 46 49 52 53 54
 55 56 57 58 64 65 67 69 71 73])
Bicluster(rows=[58, 67], cols=[ 0  2  3  5  6  9 10 11 12 17 18 19 20 21 24 27 30 31 34 39 40 45 46 49
 51 53 54 55 56 58 61 62 64 70 71 72])
Bicluster(rows=[58, 68], cols=[ 9 10 13 16 20 21 23 24 27 39 40 42 43 44 45 46 47 48 49 50 52 54 59 61
 62 64 65 66 67 68 70 73 74])
Bicluster(rows=[58, 69], cols=[ 0  1  5  6  7 10 12 14 16 19 20 21 24 29 33 40 46 47 50 52 59 60 63 65
 67 68 69])
Bicluster(rows=[58, 70], cols=[ 0  1  4  7  8  9 10 12 17 18 19 20 22 23 25 27 30 33 34 38 42 43 47 49
 50 53 54 57 59 61 62 64 65 66 67 68 70 73 74])
Bicluster(rows=[58, 71], cols=[ 0  1  7 13 16 26 28 32 33 34 37 38 41 43 44 45 53 54 55 56 57 58 62 64
 65 71 72 73])
Bicluster(rows=[58, 72], cols=[ 2  3  5  6  8 15 21 29 31 36 40 41 45 46 47 50 52 57 59 60 63 65 67 68
 69 71 73])
Bicluster(rows=[58, 73], cols=[ 0  1  5 11 12 16 17 19 21 22 30 31 32 35 36 39 45 46 47 49 50 53 54 57
 59 60 61 62 64 65 66 67 70 73 74])
Bicluster(rows=[58, 74], cols=[ 2  5  6  7 11 13 15 20 21 25 26 35 37 39 47 49 53 54 57 58 60 61 64 65
 66 70])
Bicluster(rows=[58, 75], cols=[ 0  1  2  3  4  6 10 14 18 23 25 28 29 30 32 39 42 43 45 47 50 52 55 57
 59 60 63 65 67 68 69 73])
Bicluster(rows=[58, 76], cols=[ 1  2  3  4  6 10 11 15 21 23 25 26 33 34 36 38 39 40 41 44 45 46 47 48
 49 52 54 62 64 66 67 68 70 73 74])
Bicluster(rows=[58, 77], cols=[ 0  4  6 10 11 12 17 21 23 24 30 32 33 34 36 37 39 42 43 45 51 53 54 55
 56 57 58 61 62 64 65 70 72 73 74])
Bicluster(rows=[58, 78], cols=[ 6  8 11 19 21 22 23 24 29 32 36 37 38 39 41 42 43 46 50 52 53 54 55 56
 57 58 63 65 67 68 69 71 73])
Bicluster(rows=[58, 79], cols=[ 0  1  7  8  9 10 11 17 18 21 22 24 27 28 30 32 37 39 41 42 49 50 52 55
 56 57 63 65 67 68 73])
Bicluster(rows=[58, 80], cols=[ 0  3  5  6  9 10 11 12 14 17 18 20 24 34 43 45 50 51 52 59 67 68 73])
Bicluster(rows=[58, 81], cols=[ 1  2  9 14 21 22 23 24 27 30 31 33 35 36 39 42 43 48 53 54 55 56 57 58
 62 64 65 69 71 72 73])
Bicluster(rows=[58, 82], cols=[ 0  4 17 18 19 20 26 29 37 38 40 42 46 49 53 54 55 56 57 58 62 64 65 71
 72 73])
Bicluster(rows=[58, 83], cols=[ 1  2  3  7  8  9 11 12 13 19 20 21 24 26 27 28 29 30 32 34 35 38 39 43
 45 46 48 49 51 53 54 55 56 57 58 61 62 64 66 70 72 74])
Bicluster(rows=[58, 84], cols=[ 2  7  8  9 13 14 18 21 22 23 30 40 41 46 52 53 54 55 56 57 58 63 65 67
 69 71 73])
Bicluster(rows=[58, 85], cols=[ 0  2  3  6 13 18 19 20 22 24 26 28 32 35 38 39 41 46 50 52 54 59 62 64
 65 66 67 68 70 73 74])
Bicluster(rows=[58, 86], cols=[ 0  3  6  7  8 17 19 21 22 27 28 32 36 37 39 43 44 46 47 48 49 50 52 53
 54 55 56 57 58 63 65 67 68 69 71 73])
Bicluster(rows=[58, 87], cols=[ 0  1  2  4  5  6  8  9 10 14 16 17 18 19 21 22 23 25 27 28 30 34 38 42
 43 44 47 49 50 53 54 57 58 59 60 61 62 64 65 66 70 73 74])
Bicluster(rows=[58, 88], cols=[ 1  3  4  5 14 16 17 18 19 20 23 24 26 30 31 33 35 37 39 42 46 48 49 50
 52 54 59 61 62 64 65 66 67 68 70 73 74])
Bicluster(rows=[58, 89], cols=[ 2  3  4  6 10 12 14 16 20 22 31 33 34 39 41 43 46 47 50 52 54 59 62 64
 65 66 67 68 70 73 74])
Bicluster(rows=[58, 90], cols=[ 0  3  5  7 11 12 14 17 22 31 33 34 38 41 44 45 51 53 54 55 56 57 58 61
 62 64 70 72 74])
Bicluster(rows=[58, 91], cols=[ 0  4  5  6  8 10 14 18 20 21 24 26 27 28 29 30 31 33 34 37 38 40 45 47
 48 52 53 54 55 56 57 58 63 64 65 67 69 71 73])
Bicluster(rows=[58, 92], cols=[ 0  1  6 13 14 18 19 26 28 30 31 34 37 42 43 45 50 51 52 54 57 59 60 62
 64 65 67 68 72 73])
Bicluster(rows=[58, 93], cols=[ 2  3  8  9 10 12 14 17 19 20 21 22 23 24 26 27 31 34 37 39 41 42 43 44
 48 50 52 55 56 57 63 65 67 68 69 73])
Bicluster(rows=[58, 94], cols=[ 0  1  2  3  5  7  8  9 10 20 21 24 28 29 33 34 35 37 38 41 44 45 46 51
 53 54 55 56 58 61 62 64 70 71 72])
Bicluster(rows=[58, 95], cols=[ 2  6  7  9 11 14 16 18 20 21 24 26 31 32 33 35 40 41 44 45 48 49 51 53
 54 55 56 58 61 62 64 70 72 74])
Bicluster(rows=[58, 96], cols=[ 0  1  3  4  5  7  8  9 10 11 12 16 17 18 19 20 21 22 24 27 28 30 33 34
 37 39 40 43 44 48 51 53 54 55 56 58 61 62 64 70 72 74])
Bicluster(rows=[58, 97], cols=[ 0  1  7  9 10 11 12 15 17 18 20 21 22 24 25 29 32 36 37 38 39 40 44 45
 48 49 51 53 54 55 56 58 61 62 64 70 71 72 74])
Bicluster(rows=[58, 98], cols=[ 0  9 11 13 14 21 24 30 32 33 34 40 41 45 48 51 53 54 55 56 57 58 61 62
 64 70 74])
Bicluster(rows=[58, 99], cols=[ 0  1  7  9 13 14 21 27 28 31 32 33 36 37 38 42 45 47 49 51 53 55 61 65
 66 68 70 71])
Bicluster(rows=[59, 60], cols=[ 0  2  4  6  7  8 17 25 26 27 28 29 30 31 32 33 34 35 36 37 38 39 40 41
 42 43 44 45 46 47 48 49 50 52 53 54 56 61 62 63 66 70])
Bicluster(rows=[59, 61], cols=[ 0 10 22 25 26 27 28 29 30 31 32 33 34 35 36 37 38 39 40 41 42 43 44 45
 46 47 48 49 50 52 54 73])
Bicluster(rows=[59, 62], cols=[ 2  4  6  8 10 13 15 16 22 25 26 27 28 29 30 31 32 33 34 35 36 37 38 39
 40 41 42 43 44 45 46 47 48 49 50 53 56 61 62 63 66 70 71])
Bicluster(rows=[59, 63], cols=[ 0  6  8 10 13 14 15 20 21 28 31 41 45 50 52 54 56 58 59 62 65 66 69 70
 71 73 74])
Bicluster(rows=[59, 64], cols=[ 3  4  6  7 16 17 21 23 25 26 27 28 29 30 31 32 33 34 35 36 37 38 39 40
 41 42 43 44 45 46 47 48 49 55 56 61 66 68 71 72])
Bicluster(rows=[59, 65], cols=[ 4 11 12 14 18 20 21 25 26 27 28 29 30 31 32 33 34 35 36 37 38 39 40 41
 42 43 44 45 46 47 48 49 51 53 56 60 62 67 68 69 71 74])
Bicluster(rows=[59, 66], cols=[ 4  6  7  8 10 11 15 16 20 21 22 23 27 33 35 36 42 43 44 49 50 52 54 62
 63 65 66 70 71 72 73])
Bicluster(rows=[59, 67], cols=[ 0  2  3  4  6  7  9 10 13 14 22 25 26 29 34 36 40 42 44 45 57 58 61 63
 66 67 68 71])
Bicluster(rows=[59, 68], cols=[ 2  6  7  8 20 25 26 28 31 36 39 40 43 46 47 48 49 51 55 56 58 60 67 68
 69 74])
Bicluster(rows=[59, 69], cols=[ 2  4  6  7 12 13 14 15 17 25 30 33 34 35 38 39 40 41 42 43 45 48 49 53
 55 56 60 62 70])
Bicluster(rows=[59, 70], cols=[ 2  3  4  6  7 12 15 17 18 20 22 25 28 30 32 34 36 37 38 40 42 43 45 47
 49 51 55 57 58 60 67 68 69 74])
Bicluster(rows=[59, 71], cols=[ 0  4  7 11 14 19 20 22 23 24 28 29 32 35 37 41 42 44 45 48 50 52 54 59
 62 63 65 66 70 71 72 73])
Bicluster(rows=[59, 72], cols=[ 0  1  3  6  9 11 15 19 21 23 24 26 27 28 34 42 43 51 53 55 56 58 61 67
 68 69 74])
Bicluster(rows=[59, 73], cols=[ 8  9 10 12 13 15 17 21 22 23 28 30 33 36 39 40 43 46 51 55 57 58 60 67
 68 69 74])
Bicluster(rows=[59, 74], cols=[ 2  4  6  7 10 14 16 19 37 41 42 48 49 51 55 56 58 60 67 68 69 74])
Bicluster(rows=[59, 75], cols=[ 0  2 10 12 15 23 24 25 28 30 32 42 43 44 50 52 53 54 59 62 65 66 72 73])
Bicluster(rows=[59, 76], cols=[ 2  4  8 17 18 22 25 26 27 28 31 32 33 34 36 37 38 39 40 41 44 45 46 47
 48 49 53 54 55 56 60 62 70])
Bicluster(rows=[59, 77], cols=[ 2  6  8  9 14 16 20 25 26 27 29 31 32 33 34 35 37 38 41 46 47 49 53 55
 56 60 61 63 66 71])
Bicluster(rows=[59, 78], cols=[ 0  2  6 10 13 15 16 17 18 20 22 25 28 31 32 35 39 45 46 47 57 58 61 62
 63 68 71])
Bicluster(rows=[59, 79], cols=[ 0  2  3  4  6  7  8  9 10 15 16 17 26 27 28 29 30 31 32 35 37 39 40 41
 46 47 48 49 50 51 52 61 65 69 73 74])
Bicluster(rows=[59, 80], cols=[ 1  8 12 15 19 27 32 37 38 45 46 47 48 49 57 58 61 63 66 68 71])
Bicluster(rows=[59, 81], cols=[ 0  2 17 22 25 27 28 29 31 33 34 41 44 47 48 49 53 55 56 60 62 63 71])
Bicluster(rows=[59, 82], cols=[ 4  6  7  8 11 12 13 14 16 17 18 20 23 24 29 37 38 40 42 43 44 46 49 57
 58 61 66 67 68 72])
Bicluster(rows=[59, 83], cols=[ 0  3  6 12 16 17 18 20 21 27 28 30 31 32 34 36 38 39 41 42 45 47 49 57
 58 67 68 69 72])
Bicluster(rows=[59, 84], cols=[ 0  1  2  4  7 11 12 13 18 23 29 32 33 35 36 37 38 39 40 42 43 44 50 51
 52 54 59 65 69 72 73 74])
Bicluster(rows=[59, 85], cols=[ 3  6  9 10 11 12 13 14 17 18 20 25 26 27 29 31 33 35 57 58 61 63 66 68
 71])
Bicluster(rows=[59, 86], cols=[ 1  4  7  8 11 12 14 20 21 23 24 27 32 33 37 40 42 44 50 51 52 53 54 59
 61 65 69 73 74])
Bicluster(rows=[59, 87], cols=[ 0  2  8  9 10 11 13 14 22 26 27 28 30 31 34 36 41 45 48 49 51 55 56 57
 58 60 67 68 69 74])
Bicluster(rows=[59, 88], cols=[ 2  4  6  8  9 13 14 17 20 24 28 30 36 37 39 41 45 48 49 51 55 56 58 61
 67 68 69 74])
Bicluster(rows=[59, 89], cols=[ 2  5  6  8 10 13 15 22 24 25 26 27 29 32 33 36 37 38 41 44 49 50 51 53
 59 61 65 69 72 74])
Bicluster(rows=[59, 90], cols=[ 1  3  4  9 19 21 23 27 30 31 36 37 39 49 50 52 54 59 62 63 65 66 70 71
 72 73])
Bicluster(rows=[59, 91], cols=[ 0  2  6  8 10 12 13 14 16 19 20 23 25 28 31 32 33 34 35 37 39 40 41 45
 49 57 58 61 62 63 67 68 70])
Bicluster(rows=[59, 92], cols=[ 0  1  5  8 11 12 14 17 19 21 22 35 36 46 49 53 55 56 57 58 60 61 63 66
 68 71])
Bicluster(rows=[59, 93], cols=[ 2  3  4  9 12 17 18 21 23 25 26 29 30 31 32 34 36 39 40 41 43 44 46 49
 50 51 52 53 59 61 65 69 74])
Bicluster(rows=[59, 94], cols=[ 2  3  4  6 11 14 17 21 23 24 30 32 35 39 40 43 44 47 48 49 50 52 54 59
 62 65 66 71 72 73])
Bicluster(rows=[59, 95], cols=[ 1  2  4  6  8 11 14 16 17 18 20 23 24 25 28 29 34 35 36 37 41 42 44 47
 50 52 54 59 62 65 66 72 73])
Bicluster(rows=[59, 96], cols=[ 2  3  7  8 10 15 17 22 26 28 30 31 33 34 36 37 38 39 40 42 48 57 58 61
 66 67 68 71])
Bicluster(rows=[59, 97], cols=[ 0  1  5  7 10 12 13 19 22 26 28 31 32 35 37 40 41 42 43 45 47 49 57 58
 61 62 63 66 67 68 71])
Bicluster(rows=[59, 98], cols=[ 1  4  6  7 11 12 16 18 20 24 25 27 28 51 55 56 58 60 61 67 68 69 74])
Bicluster(rows=[59, 99], cols=[ 4  5  7 10 11 13 14 15 21 25 29 31 39 43 46 48 50 52 53 56 58 59 60 62
 63 68 70 72 74])
Bicluster(rows=[60, 61], cols=[ 1  5  8  9 10 11 14 16 19 21 22 23 25 26 27 28 29 30 31 32 33 34 35 36
 37 38 39 40 41 42 43 44 45 46 47 48 49 50 51 52 55 60 62 63 70 72 74])
Bicluster(rows=[60, 62], cols=[ 1  2  3  4  5  6  7  9 10 11 12 18 20 21 23 25 26 27 28 29 30 31 32 33
 34 35 36 37 38 39 40 41 42 43 44 45 46 47 48 49 50 54 55 59 60 61 63 64
 65 66 69 70 73 74])
Bicluster(rows=[60, 63], cols=[ 0  4 10 11 12 14 21 24 25 26 27 28 29 30 31 32 33 34 35 36 37 38 39 40
 41 42 43 44 45 46 47 48 49 50 51 54 55 57 59 62 63 64 67 70 72 73])
Bicluster(rows=[60, 64], cols=[ 7  9 15 16 17 18 19 20 25 26 27 28 29 30 31 32 33 34 35 36 37 38 39 40
 41 42 43 44 45 46 47 48 49 51 53 54 60 61 65 66 68 69 70])
Bicluster(rows=[60, 65], cols=[ 4  6 10 13 15 17 18 19 20 26 28 31 32 33 34 35 37 40 41 44 45 51 60 61
 64 68 73])
Bicluster(rows=[60, 66], cols=[ 1  3  4  6  7  9 12 13 14 16 17 20 23 27 29 32 33 34 36 39 42 43 44 46
 49 50 51 54 57 64 66 67 69 70 74])
Bicluster(rows=[60, 67], cols=[ 3  5  7 10 12 14 19 20 22 27 30 31 34 40 43 45 46 50 54 57 64 66 67 69
 70 74])
Bicluster(rows=[60, 68], cols=[ 0  1  3  4  5  6 10 12 14 18 20 22 23 27 30 32 34 36 37 41 42 43 46 47
 48 54 58 63 65 66 69 70 73 74])
Bicluster(rows=[60, 69], cols=[ 0  5  7  8 11 12 13 14 15 16 19 20 27 30 31 32 34 36 38 39 42 43 47 48
 49 53 55 58 60 61 65 68 71])
Bicluster(rows=[60, 70], cols=[ 1  6  7  9 12 15 19 20 23 25 27 30 33 34 36 38 42 43 47 49 50 55 59 60
 62 64 67 72])
Bicluster(rows=[60, 71], cols=[ 0  1  4  7  8 16 20 21 22 26 28 31 32 33 34 37 38 41 43 44 45 50 54 57
 63 64 66 67 69 70 74])
Bicluster(rows=[60, 72], cols=[ 0  3  9 14 17 22 23 25 26 27 28 32 34 36 38 42 49 53 55 58 60 61 65 71])
Bicluster(rows=[60, 73], cols=[ 0  1  4  5  6 11 12 13 15 16 18 19 31 32 35 36 39 43 45 46 47 49 50 54
 55 59 60 62 63 64 67 70 72 74])
Bicluster(rows=[60, 74], cols=[ 0  4  5  7 10 11 14 19 20 26 31 37 39 47 49 50 54 55 59 60 62 64 67 72])
Bicluster(rows=[60, 75], cols=[ 1  4  6  9 11 12 15 18 19 20 21 27 30 31 32 33 36 38 40 41 46 53 58 63
 65 66 68 69 70 74])
Bicluster(rows=[60, 76], cols=[ 1  3 10 11 13 17 22 23 25 26 28 31 32 33 34 36 37 38 39 40 41 44 46 47
 48 49 54 58 63 64 65 70 72 73])
Bicluster(rows=[60, 77], cols=[12 13 18 23 27 28 30 32 34 37 39 42 43 45 46 49 50 54 55 59 60 63 64 66
 67 69 70 74])
Bicluster(rows=[60, 78], cols=[ 0  2  3  5  6  9 11 14 16 17 18 19 25 27 28 30 31 35 37 45 46 53 56 58
 63 65 68 69 70 72 73 74])
Bicluster(rows=[60, 79], cols=[ 0  3  4  6  7  9 10 11 12 19 22 27 28 30 32 37 39 41 42 49 50 57 67 71
 73])
Bicluster(rows=[60, 80], cols=[ 3  9 10 14 17 21 23 25 27 29 30 32 33 37 41 45 48 49 58 65 66 69 70 73
 74])
Bicluster(rows=[60, 81], cols=[ 1  5  8 10 13 15 17 18 25 27 28 29 31 33 34 41 44 47 49 53 56 58 63 65
 66 68 69 70 72 73 74])
Bicluster(rows=[60, 82], cols=[ 1  6  9 10 12 13 18 19 21 22 26 27 29 33 41 42 43 45 48 51 54 55 59 60
 66 67 69 70 73])
Bicluster(rows=[60, 83], cols=[ 1  3  4  6  9 12 19 26 27 29 30 32 35 38 39 43 46 48 49 50 54 57 62 63
 64 74])
Bicluster(rows=[60, 84], cols=[ 0  4  7  9 14 17 18 23 24 29 33 39 40 41 42 43 47 50 51 54 57 64 67 70
 71])
Bicluster(rows=[60, 85], cols=[ 1  3 18 19 20 21 26 28 32 34 35 36 37 41 43 46 47 48 49 54 58 63 65 69
 70 72 73 74])
Bicluster(rows=[60, 86], cols=[ 4  7 18 20 27 28 32 36 37 39 40 43 44 46 47 48 49 50 51 54 57 64 67 70])
Bicluster(rows=[60, 87], cols=[ 1  5 10 14 15 16 18 19 20 22 23 25 27 30 34 38 40 42 43 47 48 49 50 54
 55 59 60 62 63 64 67 72])
Bicluster(rows=[60, 88], cols=[ 3  5  6 13 14 15 18 19 20 21 22 23 26 30 33 35 36 39 48 49 54 58 62 63
 64 65 67 70 72 73 74])
Bicluster(rows=[60, 89], cols=[ 0  2  3  7 10 12 14 16 17 18 22 24 30 31 33 34 39 41 43 45 46 47 50 54
 55 59 62 63 64 67 72])
Bicluster(rows=[60, 90], cols=[ 3  4  5  6  7  9 12 14 15 17 22 24 31 37 42 44 45 48 49 50 54 57 63 64
 66 67 69 70 74])
Bicluster(rows=[60, 91], cols=[ 0  2  5  6  8 15 16 17 20 21 22 23 25 28 31 32 33 35 36 41 43 44 45 46
 53 54 56 58 62 64 65 68 70 72 73])
Bicluster(rows=[60, 92], cols=[ 1  3 14 19 20 22 25 26 27 30 31 34 39 41 45 49 50 54 55 59 60 63 64 67
 69 70 74])
Bicluster(rows=[60, 93], cols=[ 2  3  4  5  6  9 10 12 13 14 15 18 22 23 26 27 34 37 39 41 42 43 44 48
 50 51 54 57 59 67 73])
Bicluster(rows=[60, 94], cols=[ 1  2  3  5  6  7  9 10 18 22 28 29 37 38 42 44 46 50 51 54 57 64 66 69
 70 74])
Bicluster(rows=[60, 95], cols=[ 2  4  5  6  8 13 15 16 17 18 19 20 23 34 35 41 42 44 46 47 51 52 54 57
 64 66 69 70])
Bicluster(rows=[60, 96], cols=[ 3  5  6  7  9 10 11 12 15 16 18 19 22 30 37 38 39 42 43 44 47 48 52 57
 62 63 64 66 69 74])
Bicluster(rows=[60, 97], cols=[ 6  7  8  9 10 11 18 20 22 25 29 32 36 37 38 39 43 44 45 49 51 52 57 62
 63 64 66 69 70 74])
Bicluster(rows=[60, 98], cols=[ 0  2  6  9 11 13 18 20 21 22 25 35 36 37 38 39 43 51 53 58 61 65 66 68])
Bicluster(rows=[60, 99], cols=[ 1  4  6  7 19 22 24 27 28 30 31 33 36 37 38 42 47 49 50 52 55 59 62 63
 67 69 73])
Bicluster(rows=[61, 62], cols=[ 1  9 10 11 18 21 22 23 24 25 26 27 28 29 30 31 32 33 34 35 36 37 38 39
 40 41 42 43 44 45 46 47 48 49 50 51 59 70 74])
Bicluster(rows=[61, 63], cols=[ 1  2  4  5  6  7 10 11 14 18 19 20 21 24 25 26 27 28 29 30 31 32 33 34
 35 36 37 38 39 40 41 42 43 44 45 46 47 48 49 50 51 53 54 55 56 58 59 62
 63 69 70 72])
Bicluster(rows=[61, 64], cols=[ 0  2  3  5  6  9 11 14 17 20 21 27 32 33 34 37 40 49 50 52 53 55 61 63
 68 70])
Bicluster(rows=[61, 65], cols=[ 2  6  7  8 10 12 13 14 16 20 24 27 29 30 32 33 34 37 38 39 40 42 43 46
 48 49 52 56 65 66 67 68 69])
Bicluster(rows=[61, 66], cols=[ 1  3  7 12 15 16 20 23 24 28 30 31 32 34 35 37 38 39 41 45 47 51 52 53
 54 57 61 62 63 64 65 67 68 69 72 73 74])
Bicluster(rows=[61, 67], cols=[ 5  6  7  8  9 10 11 12 15 18 19 22 23 24 27 30 34 35 40 43 45 46 47 49
 51 52 53 54 57 61 62 64 65 67 69 72 73 74])
Bicluster(rows=[61, 68], cols=[ 4 13 15 16 17 18 19 20 22 23 24 28 35 39 40 42 43 44 45 47 48 49 50 52
 53 54 58 61 62 63 64 68 71])
Bicluster(rows=[61, 69], cols=[ 0  1  5  6  8  9 10 12 14 16 17 20 22 24 26 29 33 37 40 44 46 47 50 51
 55 56 58 60 70])
Bicluster(rows=[61, 70], cols=[ 1  5  7  9 11 12 18 20 23 25 26 28 30 31 32 33 34 36 37 38 41 42 43 44
 47 49 52 53 54 55 56 58 60 61 64 65 66 67 68 71 73])
Bicluster(rows=[61, 71], cols=[ 1  3  5  8  9 13 16 17 22 23 24 28 32 33 34 35 38 43 51 52 53 54 56 58
 61 62 67 68 69 72 74])
Bicluster(rows=[61, 72], cols=[ 0  3  5  7 10 11 13 14 15 20 22 24 31 37 41 44 46 47 50 51 55 58 60 70
 74])
Bicluster(rows=[61, 73], cols=[ 0  1  4 10 12 16 24 26 28 30 31 36 39 40 44 46 47 52 53 54 55 56 58 60
 61 62 63 64 67 68 71 73])
Bicluster(rows=[61, 74], cols=[ 0  3  5 10 12 14 15 17 19 20 24 25 33 35 37 39 41 44 47 49 52 53 54 55
 56 58 60 61 62 63 64 67 68 71])
Bicluster(rows=[61, 75], cols=[ 0  1  2  3  5 11 15 19 20 23 27 29 33 39 40 44 47 49 51 52 53 54 57 61
 62 65 67 68 69 72 73 74])
Bicluster(rows=[61, 76], cols=[ 1  2  3  6  8 10 19 21 23 25 34 35 36 38 39 45 46 47 48 50 52 53 54 58
 59 61 62 64 66 67 68 71])
Bicluster(rows=[61, 77], cols=[ 5  6  9 12 15 18 23 30 31 33 34 39 41 43 44 48 52 53 54 56 57 61 62 63
 64 65 67 68 69 73])
Bicluster(rows=[61, 78], cols=[ 1  3  4  5  6  9 15 16 21 22 26 28 31 40 44 45 49 51 52 53 54 57 61 62
 64 65 67 69 72 73 74])
Bicluster(rows=[61, 79], cols=[ 0  1  9 10 11 15 18 19 21 24 26 27 29 30 31 32 35 37 39 41 47 53 57 58
 65 68])
Bicluster(rows=[61, 80], cols=[ 0  8 12 16 23 25 26 29 34 35 36 44 52 53 54 55 56 58 60 61 64 66 67 68
 71 73])
Bicluster(rows=[61, 81], cols=[ 1  4  5 12 14 15 17 19 21 22 23 24 26 28 30 31 32 33 35 36 39 41 42 43
 51 52 53 54 56 57 58 61 62 65 67 68 69 72 73 74])
Bicluster(rows=[61, 82], cols=[ 0 12 14 15 18 29 31 37 40 42 43 46 49 51 52 53 54 56 57 61 62 63 65 67
 68 69 72 73 74])
Bicluster(rows=[61, 83], cols=[ 1  7  9 11 12 17 19 20 21 23 24 26 27 28 29 30 31 32 34 38 39 43 45 46
 48 49 52 53 54 56 57 58 61 62 63 64 65 67 68 69 72 73])
Bicluster(rows=[61, 84], cols=[ 0  2  7 10 13 14 15 18 19 21 22 23 26 28 30 31 35 44 45 46 49 51 52 53
 54 57 61 62 65 67 68 69 72 73 74])
Bicluster(rows=[61, 85], cols=[ 0  2  5  6 14 16 18 20 38 39 44 45 46 50 52 53 54 55 56 58 61 64 66 67
 68 71 73])
Bicluster(rows=[61, 86], cols=[ 0  4  5  6  7  8 10 11 14 15 16 18 20 22 24 26 30 31 34 45 48 51 52 54
 57 61 62 64 65 67 69 73 74])
Bicluster(rows=[61, 87], cols=[ 1  5  6  9 10 14 16 18 22 23 24 25 26 27 28 30 31 34 35 38 41 42 43 44
 45 47 49 52 53 54 55 56 58 60 61 62 63 64 65 66 67 68 71 73])
Bicluster(rows=[61, 88], cols=[ 1  3  9 11 15 16 18 20 23 28 34 37 41 42 45 46 52 53 54 55 56 58 61 62
 64 66 67 68 71 73])
Bicluster(rows=[61, 89], cols=[ 0  2  3  6  9 10 11 12 14 15 22 23 26 28 30 34 35 39 43 46 47 52 53 54
 55 56 58 61 62 64 66 67 68 71 73])
Bicluster(rows=[61, 90], cols=[ 3  4  5  8 11 12 14 16 21 22 26 28 33 34 35 38 40 52 53 54 57 61 62 63
 64 65 67 69 72 73])
Bicluster(rows=[61, 91], cols=[ 5  6  7 10 12 14 15 17 19 20 24 26 27 28 29 30 31 37 38 41 44 45 47 48
 51 52 53 54 56 57 58 61 65 67 68 70 74])
Bicluster(rows=[61, 92], cols=[ 1  5  6  9 12 13 14 17 21 22 24 25 28 30 35 37 42 43 52 53 54 55 56 58
 60 61 62 63 68 69 72])
Bicluster(rows=[61, 93], cols=[ 7 10 11 13 15 16 19 22 30 31 32 34 35 37 38 40 46 47 49 59 63 69 70 72
 74])
Bicluster(rows=[61, 94], cols=[ 1  2  3  4  5  9 10 15 17 20 22 24 26 28 29 33 34 35 37 38 41 45 46 51
 52 53 54 57 61 62 64 65 67 69 72 73 74])
Bicluster(rows=[61, 95], cols=[ 2  4  6  8  9 14 16 18 20 23 24 26 27 31 33 38 40 46 48 51 52 53 54 57
 61 62 63 64 65 67 69 72 73 74])
Bicluster(rows=[61, 96], cols=[ 3  5 10 11 16 18 20 22 24 27 28 30 31 33 34 35 37 38 39 40 42 43 44 47
 48 51 52 53 54 57 61 62 63 64 65 67 69 72 73 74])
Bicluster(rows=[61, 97], cols=[ 2  4  8  9 10 11 12 15 18 20 22 23 24 25 26 28 29 31 32 33 36 37 38 39
 40 41 44 45 48 49 51 52 53 54 57 61 62 63 64 65 67 68 69 72 73 74])
Bicluster(rows=[61, 98], cols=[ 4  6  7  9 11 12 16 19 20 22 24 30 32 33 34 40 44 48 52 53 54 55 56 58
 60 61 62 63 68 69 72 74])
Bicluster(rows=[61, 99], cols=[ 3  9 12 17 19 22 26 27 28 31 32 33 36 37 38 41 42 44 45 47 49 50 52 53
 54 55 61 62 69])
Bicluster(rows=[62, 63], cols=[ 8 10 11 12 13 15 16 17 19 21 22 25 26 27 28 29 30 31 32 33 34 35 36 37
 38 39 40 41 42 43 44 45 46 47 48 49 50 51 52 59 64 65 68 70 71 73])
Bicluster(rows=[62, 64], cols=[ 4  5  6  7  9 11 14 15 18 20 25 26 27 28 29 30 31 32 33 34 35 36 37 38
 39 40 41 42 43 44 45 46 47 48 49 54 55 56 57 58 60 61 65 66 67 69 70 71
 73])
Bicluster(rows=[62, 65], cols=[ 2  3  5  7 11 12 13 15 19 21 26 35 44 50 51 55 58 59 61 63 65 67 68 70
 72])
Bicluster(rows=[62, 66], cols=[ 1  3  4  7  8  9 10 12 19 20 22 24 30 32 33 34 38 39 47 50 51 62 63 64
 68 69 70 71 72 74])
Bicluster(rows=[62, 67], cols=[ 2  5  7 10 12 14 15 17 19 22 26 32 38 44 45 48 54 61 62 63 67 70 73])
Bicluster(rows=[62, 68], cols=[ 0  1  2  4  7  8  9 10 14 15 16 19 20 26 28 31 32 34 38 45 52 53 54 58
 59 60 62 65 66 69 71 72])
Bicluster(rows=[62, 69], cols=[ 0  1  4  6 13 14 15 23 24 25 28 30 38 39 40 41 42 43 45 48 49 51 53 54
 56 57 62 63 67 69 70 71 73 74])
Bicluster(rows=[62, 70], cols=[ 2  8 10 12 13 19 21 26 31 35 41 50 52 53 54 58 59 60 62 64 65 66 69 70
 71 72 74])
Bicluster(rows=[62, 71], cols=[ 1  4  5  7  8 15 17 19 23 24 26 31 32 37 38 41 43 45 50 51 52 58 62 63
 64 68 69 70 71 72 74])
Bicluster(rows=[62, 72], cols=[ 3  4  5  7  9 16 19 20 26 28 29 32 34 36 40 46 47 49 53 54 58 59 60 61
 65 66 67 73])
Bicluster(rows=[62, 73], cols=[ 4  5  6 14 32 36 37 39 41 43 47 48 49 51 52 53 54 55 57 58 59 62 63 64
 65 69 70 71 74])
Bicluster(rows=[62, 74], cols=[ 1  3  4  5  9 12 16 25 28 45 47 48 51 52 53 54 55 57 58 59 62 63 64 65
 69 70 71 74])
Bicluster(rows=[62, 75], cols=[ 0  1  3  5  6  9 11 12 13 14 15 17 18 19 20 21 22 30 31 32 33 36 38 40
 41 46 48 51 53 54 56 57 61 62 63 67 69 70 71 73 74])
Bicluster(rows=[62, 76], cols=[ 0  1  3  4  8 11 14 16 23 25 26 28 31 32 33 36 37 38 39 40 46 47 48 49
 52 53 54 56 57 62 63 64 67 70 73])
Bicluster(rows=[62, 77], cols=[ 1  2 10 11 12 14 17 24 26 31 35 37 40 45 51 52 53 54 55 56 57 58 59 62
 63 64 65 70 74])
Bicluster(rows=[62, 78], cols=[ 2  3  4  9 11 13 18 22 24 27 28 30 31 35 37 45 48 53 54 56 57 62 63 64
 67 70 73])
Bicluster(rows=[62, 79], cols=[ 1  3  4  8  9 10 14 15 16 18 24 26 29 30 32 35 37 39 41 47 49 52 54 61
 68])
Bicluster(rows=[62, 80], cols=[ 0  3  4  5  9 15 16 18 19 20 22 23 24 25 27 29 30 32 33 36 37 41 48 49
 51 53 54 56 57 61 62 67 69 71 72 73 74])
Bicluster(rows=[62, 81], cols=[ 1 15 18 19 22 24 25 28 29 33 34 41 44 47 49 51 54 56 61 62 63 67 69 70
 71 73 74])
Bicluster(rows=[62, 82], cols=[ 1  2  5  6  9 10 12 16 18 20 21 29 33 38 41 42 43 45 46 48 50 52 53 58
 60 62 64 68 69 70 71 72 74])
Bicluster(rows=[62, 83], cols=[ 0  1  3  4  5  7 10 15 16 20 24 27 29 30 33 38 39 40 43 46 48 50 51 52
 58 60 62 63 64 68 69 70 71 74])
Bicluster(rows=[62, 84], cols=[ 0  1  5  6  7  8  9 10 12 17 19 22 27 28 32 33 34 40 45 48 53 54 56 57
 62 63 64 70 73])
Bicluster(rows=[62, 85], cols=[ 4  5 17 18 20 21 24 26 28 32 34 35 36 37 38 41 43 46 48 49 52 53 55 56
 57 58 59 62 63 64 65 70])
Bicluster(rows=[62, 86], cols=[ 2  4  6  9 15 17 20 21 22 25 26 27 28 32 35 37 38 41 45 54 61 62 64 67
 70 73])
Bicluster(rows=[62, 87], cols=[ 0  1  5 11 18 23 25 27 30 32 37 38 40 42 43 47 48 50 51 52 53 54 55 57
 58 59 62 63 64 65 69 70 71 74])
Bicluster(rows=[62, 88], cols=[ 0  3  5  8  9 11 12 13 15 20 24 27 28 33 37 41 43 45 52 53 54 58 59 60
 65 66 69 71 72])
Bicluster(rows=[62, 89], cols=[ 0  3  6 10 12 13 15 20 21 22 27 29 32 33 38 44 49 50 52 53 54 58 59 61
 65 66 73])
Bicluster(rows=[62, 90], cols=[ 0  2  3  4  5  8  9 16 19 20 23 27 30 39 42 44 48 49 50 52 53 54 58 62
 64 66 68 69 70 71 72 74])
Bicluster(rows=[62, 91], cols=[ 2  5  8 10 13 15 18 20 23 24 28 31 32 33 35 36 40 41 43 45 46 54 61 62
 64 67 70 73])
Bicluster(rows=[62, 92], cols=[ 1  3  4  5 10 11 12 13 15 24 27 30 34 41 42 43 49 50 51 52 53 58 59 60
 62 63 64 65 69 70 71 74])
Bicluster(rows=[62, 93], cols=[ 0  2 10 12 15 16 17 18 19 23 26 27 31 33 37 41 42 44 48 50 52 62 64 66
 68 69 70 71 72])
Bicluster(rows=[62, 94], cols=[ 0  4  5  6 16 23 29 30 32 38 39 40 42 46 48 49 52 53 54 58 59 60 65 66])
Bicluster(rows=[62, 95], cols=[ 0 15 18 20 22 24 27 28 34 37 38 46 48 50 52 58 62 64 66 68 69 70 71 72
 74])
Bicluster(rows=[62, 96], cols=[ 0  3  5  6 18 30 38 39 42 43 47 49 50 52 58 62 64 66 68 69 70 71 72])
Bicluster(rows=[62, 97], cols=[ 0  2  6  8  9 12 14 16 18 23 24 25 29 32 36 38 39 43 49 50 52 62 64 66
 68 69 70 71 72 74])
Bicluster(rows=[62, 98], cols=[ 6 11 17 18 20 21 22 25 35 37 38 43 45 46 51 52 53 54 56 57 61 62 63 65
 67 69 70 71 72 73 74])
Bicluster(rows=[62, 99], cols=[ 0  4  6 10 12 13 15 17 30 36 42 46 47 48 50 51 52 53 55 56 57 59 62 63
 69 70 73])
Bicluster(rows=[63, 64], cols=[ 3  8 12 25 26 27 28 29 30 31 32 33 34 35 36 37 38 39 40 41 42 43 44 45
 46 47 48 49 51 65 70])
Bicluster(rows=[63, 65], cols=[ 0  1  5  8  9 11 12 13 15 27 29 30 32 36 38 39 42 43 46 47 48 49 50 52
 55 58 59 61 65 66 67 68 70 72])
Bicluster(rows=[63, 66], cols=[ 8 12 14 15 19 22 27 29 32 33 34 35 36 39 42 43 44 46 49 51 53 54 57 58
 60 61 64 67 70])
Bicluster(rows=[63, 67], cols=[ 0  1 10 11 12 14 15 16 17 27 30 31 34 39 40 43 45 46 49 51 53 54 57 58
 60 61 62 67 70 71])
Bicluster(rows=[63, 68], cols=[ 1  4  5 10 11 13 14 15 27 39 40 42 43 45 46 47 48 49 50 54 59 61 62 63
 65 66 67 68 69 70 71 73])
Bicluster(rows=[63, 69], cols=[ 1 10 13 15 16 25 27 30 33 34 35 38 40 43 49 52 54 61 62 63 64 66 68 69
 70 71 73])
Bicluster(rows=[63, 70], cols=[ 0  3  8 10 12 13 17 19 25 27 30 33 34 36 38 42 43 47 49 53 54 55 56 57
 58 59 62 63 69 74])
Bicluster(rows=[63, 71], cols=[ 0  2  3  4  5  9 12 14 17 20 23 24 27 30 39 40 41 45 46 47 50 52 54 61
 62 63 64 65 66 67 68 70 71 73])
Bicluster(rows=[63, 72], cols=[ 6  7  8  9 14 16 20 29 31 36 40 41 45 46 47 50 51 54 56 57 59 61 64 65
 67 68 73])
Bicluster(rows=[63, 73], cols=[ 0  1  6  9 11 14 16 19 21 22 24 26 27 29 31 37 38 42 45 50 51 52 55 59
 61 64 65 68 73])
Bicluster(rows=[63, 74], cols=[ 9 11 13 14 16 18 23 25 26 31 47 48 49 50 54 55 56 59 61 62 63 65 66 67
 69 70])
Bicluster(rows=[63, 75], cols=[ 0  1  4  7  9 10 13 15 19 22 23 24 26 28 34 38 46 48 52 61 62 64 65 66
 68 70 71 73])
Bicluster(rows=[63, 76], cols=[ 0  3  5  7  9 10 13 14 19 20 23 24 27 32 33 37 40 41 43 45 50 52 56 57
 59 60 61 64 65 67 68 73])
Bicluster(rows=[63, 77], cols=[ 0  1  3  6 11 12 15 16 20 22 24 27 30 32 34 36 37 42 43 45 46 53 54 57
 58 60 62 70 71 72])
Bicluster(rows=[63, 78], cols=[ 3  4  8 11 16 18 19 20 29 32 36 37 38 39 41 42 43 46 50 54 56 57 58 59
 60 61 64 65 67 68 73])
Bicluster(rows=[63, 79], cols=[ 0  8 10 12 15 17 27 28 29 30 32 37 39 40 41 42 49 50 52 56 57 59 60 64
 65 67 68 73])
Bicluster(rows=[63, 80], cols=[ 0  1  6  7  8 10 11 12 14 15 18 19 21 22 25 29 30 31 32 34 36 45 50 52
 61 64 65 67 68 70 71 72 73])
Bicluster(rows=[63, 81], cols=[ 1  3  6  7 10 12 15 16 17 20 22 23 24 31 38 44 45 50 54 61 62 63 64 65
 66 67 68 70 71 72 73])
Bicluster(rows=[63, 82], cols=[ 0  2  3 10 15 16 17 21 24 26 29 33 37 38 40 42 43 45 46 48 49 50 51 54
 55 56 57 59 61 64 65 67 68 70 71 73])
Bicluster(rows=[63, 83], cols=[ 7  8 11 13 15 17 18 22 26 27 28 29 30 32 34 35 38 39 43 45 46 48 49 53
 54 57 58 60 62 63 66 69 70 71 72])
Bicluster(rows=[63, 84], cols=[ 1  5  6  8 10 12 14 15 16 17 18 20 21 24 30 31 35 41 44 46 49 51 53 54
 57 58 60 61 62 67 70 71])
Bicluster(rows=[63, 85], cols=[ 0  8  9 21 23 26 28 32 35 36 37 38 39 41 43 46 48 49 52 61 64 65 66 68
 70 71 72 73])
Bicluster(rows=[63, 86], cols=[ 0  1  6  8 12 15 17 19 28 30 34 36 37 39 41 43 44 45 47 48 49 51 54 57
 58 60 61 64 67 70])
Bicluster(rows=[63, 87], cols=[ 0  3  6  8 10 12 13 14 17 19 25 27 28 30 34 35 38 41 42 43 44 45 47 49
 53 55 56 57 58 59 62 63 66 69 74])
Bicluster(rows=[63, 88], cols=[ 1  2  4  6  9 13 15 18 19 27 29 31 33 38 44 47 50 51 52 55 56 57 59 61
 64 65 67 68 73])
Bicluster(rows=[63, 89], cols=[ 0  4  5  7  8  9 10 13 15 16 21 23 26 27 29 32 33 37 41 42 44 48 50 51
 52 55 56 57 59 61 64 65 67 68 73])
Bicluster(rows=[63, 90], cols=[ 0  1  2 11 14 18 24 31 33 34 38 41 44 45 48 54 56 57 58 61 62 67 70 71
 72])
Bicluster(rows=[63, 91], cols=[ 0  6  7  8 10 13 14 18 20 22 23 24 26 27 28 29 30 31 33 34 37 38 40 41
 45 47 48 51 53 54 58 60 61 62 67 70 71])
Bicluster(rows=[63, 92], cols=[ 0  6  8 15 18 26 28 30 31 34 37 42 43 45 50 54 55 56 57 59 61 62 67 70
 71 72])
Bicluster(rows=[63, 93], cols=[ 8 12 14 16 17 26 27 32 34 36 37 39 41 43 44 46 48 50 52 56 57 59 60 61
 64 65 67 68 73])
Bicluster(rows=[63, 94], cols=[ 0  4  8 10 12 15 17 19 28 29 33 34 35 37 38 41 44 45 46 51 53 54 57 58
 60 61 62 67 70 71])
Bicluster(rows=[63, 95], cols=[ 0  4  5  6 11 12 13 14 15 18 19 22 23 26 31 32 33 35 40 44 45 49 53 58
 60 62 66 71 72])
Bicluster(rows=[63, 96], cols=[ 0  8 10 11 12 13 15 17 19 27 28 32 33 34 37 39 40 43 44 48 53 54 58 60
 62 70 71 72])
Bicluster(rows=[63, 97], cols=[ 0  2  3  4 10 11 16 17 25 28 29 32 36 37 38 39 40 43 44 45 48 49 51 53
 54 57 58 60 61 62 67 70 71 72])
Bicluster(rows=[63, 98], cols=[ 0  4  5  7 11 13 15 17 18 30 31 32 33 34 37 40 41 45 48 49 54 56 57 59
 61 62 67 70 71 72])
Bicluster(rows=[63, 99], cols=[ 0  5  8 10 13 15 16 18 20 24 27 28 30 31 32 33 36 37 38 42 45 47 49 50
 55 59 61 62 64 65 66 67 68 70 73])
Bicluster(rows=[64, 65], cols=[ 2  4  6 10 14 18 20 21 25 26 27 28 29 30 31 32 33 34 35 36 37 38 39 40
 41 42 43 44 45 46 47 48 49 51 52 60 68 71 72 73 74])
Bicluster(rows=[64, 66], cols=[ 0  7  9 10 12 14 15 19 22 25 26 27 28 31 32 34 41 45 46 49 52 53 54 59
 61 64 67 68 69 70 71 73])
Bicluster(rows=[64, 67], cols=[ 1  4  9 11 12 13 16 18 20 21 25 27 28 29 30 34 36 41 42 43 46 49 52 53
 59 61 64 66 68 69 71 73])
Bicluster(rows=[64, 68], cols=[ 0  3  4  7  9 11 12 15 17 20 26 27 28 29 30 31 32 40 46 48 49 50 51 54
 56 57 60 61 63 64 65 66 67 71 73 74])
Bicluster(rows=[64, 69], cols=[ 3  9 12 14 17 18 19 20 25 28 30 33 34 37 38 39 40 41 42 43 45 48 49 50
 54 55 56 57 65 67 70])
Bicluster(rows=[64, 70], cols=[ 7  8  9 12 13 16 19 26 27 29 31 33 34 35 39 41 46 48 50 52 53 55 56 57
 59 60 62 64 65 68 72 73])
Bicluster(rows=[64, 71], cols=[ 1  4 16 23 24 26 29 31 41 42 44 45 48 49 51 54 58 61 63 66 69 70 71 74])
Bicluster(rows=[64, 72], cols=[ 2  4  5  7  9 10 20 21 24 25 26 27 28 34 38 42 43 50 51 56 57 60 61 63
 64 65 67 73 74])
Bicluster(rows=[64, 73], cols=[ 1  2  3  5  6 10 11 12 14 16 17 19 21 22 27 34 36 37 41 43 47 48 50 54
 55 56 57 60 65 67 69 70 71])
Bicluster(rows=[64, 74], cols=[ 0  3  5 11 13 16 17 22 23 29 36 37 41 42 48 49 50 52 55 56 57 60 63 64
 73])
Bicluster(rows=[64, 75], cols=[ 2  3  5  6  7  8 10 13 15 16 19 20 27 31 33 37 39 40 41 42 43 52 53 59
 61 64 66 68 69 71 73])
Bicluster(rows=[64, 76], cols=[ 4 12 14 17 19 21 24 25 26 27 28 31 32 33 36 37 38 40 46 47 49 50 54 56
 57 59 65 67 70])
Bicluster(rows=[64, 77], cols=[ 1  6 10 11 12 15 16 22 24 25 26 27 31 32 33 34 35 37 38 41 46 49 51 52
 53 59 61 63 64 66 68 69 71 73 74])
Bicluster(rows=[64, 78], cols=[ 4  6  7  9 11 16 17 19 25 28 31 32 35 39 45 46 52 53 54 59 61 64 67 68
 69 70 73])
Bicluster(rows=[64, 79], cols=[ 2  4  6  8  9 11 12 13 14 16 17 18 19 22 28 29 30 32 39 40 41 46 47 48
 49 54 58 61 62 64 72])
Bicluster(rows=[64, 80], cols=[ 2  4  5  7  8  9 11 12 13 17 25 27 28 29 30 32 33 37 40 41 46 48 49 50
 54 55 56 57 61 65 67 69 70 71])
Bicluster(rows=[64, 81], cols=[ 3  9 12 14 15 17 18 25 27 28 29 33 34 41 44 47 49 50 54 56 57 59 61 65
 67 70 73])
Bicluster(rows=[64, 82], cols=[ 1  5  7 10 14 16 18 19 22 24 36 37 40 43 44 46 48 49 52 53 59 61 64 66
 67 68 69 71 73 74])
Bicluster(rows=[64, 83], cols=[ 4  5  8  9 10 11 12 13 15 16 17 19 20 21 22 25 27 30 32 34 41 42 49 51
 52 53 59 63 64 66 68 74])
Bicluster(rows=[64, 84], cols=[ 2  3  4  5 10 13 14 21 23 27 34 36 37 38 48 54 58 61 63 64 65 67 72])
Bicluster(rows=[64, 85], cols=[ 4  5  7 10 12 14 17 18 19 25 29 30 39 40 43 46 47 50 51 55 56 57 60 61
 63 64 67 73 74])
Bicluster(rows=[64, 86], cols=[ 2  7  8  9 12 13 17 20 21 22 24 27 29 32 33 36 37 40 43 44 46 47 51 54
 63 66 70 71 74])
Bicluster(rows=[64, 87], cols=[ 5  7  8 14 19 27 28 31 34 41 45 48 50 51 52 53 55 56 57 60 61 63 64 67
 73 74])
Bicluster(rows=[64, 88], cols=[ 3  4  9 13 15 17 18 19 22 24 25 28 34 36 39 45 46 48 52 53 55 59 60 62
 68 72])
Bicluster(rows=[64, 89], cols=[ 0  2  6  7 12 13 14 15 25 28 34 36 50 52 53 56 57 61 62 64 65 67 72 73])
Bicluster(rows=[64, 90], cols=[ 1  2  4  5 10 11 12 13 14 18 20 24 25 28 29 30 33 34 39 40 47 48 50 59
 61 64 66 67 69 71 73])
Bicluster(rows=[64, 91], cols=[ 5 12 14 15 16 18 20 22 23 25 28 31 32 33 34 35 39 40 41 43 45 49 52 53
 54 61 67 68 70 73])
Bicluster(rows=[64, 92], cols=[ 3 18 21 22 23 26 32 36 41 46 50 51 54 56 57 60 61 64 65 66 67 69 71 73
 74])
Bicluster(rows=[64, 93], cols=[ 0  4  5  6 10 12 17 19 20 21 22 23 25 26 29 30 32 34 36 39 40 41 43 44
 45 46 49 54 58 61 62 64 67 72 73])
Bicluster(rows=[64, 94], cols=[ 1  3  5  6 10 15 17 19 22 23 30 32 39 40 43 44 47 48 49 54 63 70 72])
Bicluster(rows=[64, 95], cols=[ 1  2  3  4 10 11 13 14 15 18 19 20 22 29 32 36 38 42 46 47 48 49 52 53
 59 61 64 66 71 73])
Bicluster(rows=[64, 96], cols=[ 8 11 12 13 14 19 20 27 29 30 32 34 36 38 39 40 41 45 48 52 53 59 61 64
 66 68 69 71 73 74])
Bicluster(rows=[64, 97], cols=[ 2  4  7  9 11 12 15 28 31 32 35 37 40 41 46 49 52 53 54 59 61 64 67 68
 69 70 71 73])
Bicluster(rows=[64, 98], cols=[ 6  9 11 12 14 15 18 25 26 33 34 36 37 39 40 49 51 52 53 59 61 63 64 66
 68 69 71 73 74])
Bicluster(rows=[64, 99], cols=[ 3  4  9 10 14 15 16 24 27 29 30 32 43 46 49 51 52 53 56 57 59 60 62 63
 65 67 69 71])
Bicluster(rows=[65, 66], cols=[ 2  4  8 12 16 18 19 20 21 22 24 26 28 29 30 31 32 34 36 37 39 41 42 43
 45 46 50 55 58 59 61 65 67 68 69 71])
Bicluster(rows=[65, 67], cols=[ 0  1  2  4  6  7  8 10 12 15 18 20 21 24 26 27 28 29 30 34 40 41 43 46
 47 49 50 55 58 59 61 65 67 69 71 74])
Bicluster(rows=[65, 68], cols=[ 3  5 10 11 13 15 20 21 22 23 24 25 26 28 36 39 40 43 46 47 48 49 50 52
 56 60 63 66 68 69 70 72 74])
Bicluster(rows=[65, 69], cols=[ 0  3  4  6 10 11 12 14 16 18 19 20 21 24 28 35 36 37 39 40 41 42 45 46
 47 48 52 56 62 64 71 73])
Bicluster(rows=[65, 70], cols=[ 0  8 10 12 13 16 18 19 20 21 24 25 28 30 32 34 35 36 37 38 40 42 43 45
 47 49 50 56 58 59 61 63 65 66 67 68 70 72])
Bicluster(rows=[65, 71], cols=[ 0  1  5  7  9 16 18 21 22 25 26 27 30 31 36 39 40 41 44 46 49 52 53 57
 63 66 68 69 72 73 74])
Bicluster(rows=[65, 72], cols=[ 1  2  3  4  6  8  9 21 22 24 25 38 40 41 50 52 55 58 59 62 64 65 68 71
 73])
Bicluster(rows=[65, 73], cols=[ 2  4  6  7  8 10 13 14 18 19 21 22 25 27 29 34 35 37 38 41 42 43 48 53
 57 60 62 64 71 73])
Bicluster(rows=[65, 74], cols=[ 2  3  4  6  7  8  9 11 13 16 17 20 21 22 24 25 33 37 41 49 50 58 59 61
 63 65 66 67 70])
Bicluster(rows=[65, 75], cols=[ 3  4 15 16 19 24 25 27 29 31 33 37 39 40 41 42 47 49 50 55 58 59 61 65
 67 68 69 74])
Bicluster(rows=[65, 76], cols=[ 0  2  4  5  9 10 12 13 17 26 27 28 29 31 32 33 37 40 42 43 44 50 52 55
 59 62 64 65 68 71 73])
Bicluster(rows=[65, 77], cols=[ 0  2  4  6 11 12 15 16 21 22 23 26 30 31 32 33 34 35 36 38 41 42 43 46
 50 51 55 58 59 61 63 65 66 67 68 69 70 72 74])
Bicluster(rows=[65, 78], cols=[ 6  8 16 17 19 21 28 29 31 32 35 36 38 39 40 42 43 45 46 47 49 50 52 55
 58 59 65 67 68 71])
Bicluster(rows=[65, 79], cols=[ 4  6 21 24 25 26 28 29 30 32 35 36 37 38 39 40 41 43 46 47 48 49 51 53
 63 66 69 72 73 74])
Bicluster(rows=[65, 80], cols=[ 0  1  3  4  8 10 15 16 18 23 24 26 30 31 44 51 52 53 57 63 66 69 72 73
 74])
Bicluster(rows=[65, 81], cols=[ 2 10 11 12 14 15 17 18 21 23 24 27 28 31 33 39 41 44 48 50 52 55 58 59
 62 65 67 68 71])
Bicluster(rows=[65, 82], cols=[ 4 14 15 18 19 22 29 37 40 42 43 44 46 49 50 51 55 58 59 61 63 65 67 69
 70 74])
Bicluster(rows=[65, 83], cols=[ 2  4  7 12 13 19 24 27 28 29 30 31 32 34 36 38 39 41 42 45 46 47 48 49
 50 51 55 58 59 61 63 65 66 67 69 70 72 74])
Bicluster(rows=[65, 84], cols=[ 2  4 13 14 21 23 25 26 29 31 36 38 39 40 41 42 43 50 52 55 58 59 62 64
 65 68 71 73])
Bicluster(rows=[65, 85], cols=[ 4  7 11 12 14 15 18 20 22 24 26 28 29 33 34 35 37 41 47 48 49 52 53 56
 62 64 71 73])
Bicluster(rows=[65, 86], cols=[ 0  3  4  6  7  8 14 19 20 21 24 26 29 31 34 35 36 39 42 43 45 46 48 49
 50 52 55 58 59 62 65 67 68 71])
Bicluster(rows=[65, 87], cols=[ 0  2  6 10 11 14 16 19 23 24 26 27 28 30 31 34 36 41 43 45 48 49 50 56
 58 59 61 63 65 66 67 68 70 72])
Bicluster(rows=[65, 88], cols=[ 1  3  9 14 15 16 17 22 26 27 29 35 38 47 50 52 55 58 59 65 67 68 69 71
 74])
Bicluster(rows=[65, 89], cols=[ 0  1  2  5  7  8  9 10 12 13 14 15 17 20 22 24 25 29 36 38 45 48 50 52
 55 56 59 62 64 68 71 73])
Bicluster(rows=[65, 90], cols=[ 1  4 14 18 20 21 23 26 27 30 31 35 36 37 39 41 45 49 50 52 55 58 59 62
 64 65 67 68 71 73])
Bicluster(rows=[65, 91], cols=[ 1  6  7 11 12 14 15 17 18 20 21 22 28 31 33 34 35 37 39 40 41 42 44 45
 49 50 52 55 58 59 62 64 65 67 68 71 73])
Bicluster(rows=[65, 92], cols=[ 0  1  3  5  8  9 16 18 21 22 26 31 32 36 46 51 52 53 57 60 62 64 69 73
 74])
Bicluster(rows=[65, 93], cols=[ 0  4  6  7 10 11 15 16 18 21 24 25 26 29 30 32 34 38 39 40 41 43 44 45
 46 49 51 53 57 63 64 66 69 72 73 74])
Bicluster(rows=[65, 94], cols=[ 0  2 10 19 20 21 24 25 28 31 33 34 37 39 41 42 45 46 47 50 52 55 58 59
 65 67 68 71])
Bicluster(rows=[65, 95], cols=[ 2  3  6  8 14 16 18 19 20 21 24 25 27 33 36 38 40 42 45 46 47 48 50 55
 58 59 65 67 68 69 71 74])
Bicluster(rows=[65, 96], cols=[ 0  2  4 10 12 14 16 18 19 20 21 24 25 27 28 30 31 32 34 36 38 39 40 41
 42 43 45 47 48 50 51 55 58 59 61 65 67 69 74])
Bicluster(rows=[65, 97], cols=[ 0  8 10 12 15 20 21 25 28 31 32 33 34 35 36 38 39 40 41 42 43 47 48 49
 50 55 58 59 61 65 67 68 69 74])
Bicluster(rows=[65, 98], cols=[ 0  1  5  8 12 13 14 18 21 24 26 29 30 32 33 34 35 40 42 47 49 50 51 55
 58 59 61 63 65 66 67 68 69 70 72 74])
Bicluster(rows=[65, 99], cols=[ 0  3  4  5  7  8 13 14 15 17 21 25 27 29 30 32 33 35 36 37 41 42 45 49
 50 51 55 56 59 60 61 63 64 66 67 69 70 71 73])
Bicluster(rows=[66, 67], cols=[ 2  3  4  6  7  8  9 12 14 15 18 20 21 23 24 25 26 27 28 29 30 33 34 35
 39 41 42 43 45 46 50 51 52 53 54 55 56 57 58 59 60 61 62 63 64 65 66 67
 68 69 70 71 72 73 74])
Bicluster(rows=[66, 68], cols=[ 0  2  7 10 18 22 23 25 26 27 31 35 36 39 42 43 44 49 50 52 53 54 58 61
 64 65 67 68 73])
Bicluster(rows=[66, 69], cols=[ 0  1  2  4  7  9 10 15 22 28 29 33 36 37 40 41 44 45 46 49 50 51 52 53
 54 55 56 57 58 59 60 61 62 63 64 65 66 67 68 69 70 71 72 73 74])
Bicluster(rows=[66, 70], cols=[ 2  3  6  7  8  9 10 12 16 18 19 21 23 24 27 32 33 34 36 42 43 45 49 50
 52 53 56 58 59 65 67 68 73])
Bicluster(rows=[66, 71], cols=[ 1  4  5  7 11 15 16 18 19 20 22 23 24 25 29 32 33 34 35 38 42 44 49 50
 51 52 53 54 55 56 57 58 59 60 61 62 63 64 65 66 67 68 69 70 71 72 73 74])
Bicluster(rows=[66, 72], cols=[ 0  2  4  8 11 17 21 22 24 25 29 31 35 36 37 40 41 42 44 46 47 48 49 50
 51 52 53 54 55 56 57 58 59 60 61 62 63 64 65 66 67 68 69 70 71 72 73 74])
Bicluster(rows=[66, 73], cols=[ 1  2 12 13 21 24 25 28 30 31 32 39 43 44 47 49 50 52 53 54 56 57 58 59
 61 64 65 67 68 73])
Bicluster(rows=[66, 74], cols=[ 0  2  4  6  7  8 14 20 21 22 24 35 37 40 41 42 47 50 52 53 54 58 61 62
 64 65 67 68 70 73])
Bicluster(rows=[66, 75], cols=[ 1  3  4 10 11 14 15 16 17 20 23 25 26 27 29 31 37 39 41 42 43 44 48 50
 51 52 53 54 55 56 57 58 59 60 61 62 63 64 65 66 67 68 69 70 71 72 73 74])
Bicluster(rows=[66, 76], cols=[ 0  2  3  8 10 14 22 26 27 30 31 33 35 40 42 43 48 49 50 51 52 53 54 55
 56 57 58 59 60 61 62 63 64 65 66 67 68 69 70 71 72 73 74])
Bicluster(rows=[66, 77], cols=[ 2  3  4  5 10 12 13 15 19 21 22 25 26 27 30 31 32 34 36 39 40 41 42 46
 49 50 52 53 54 55 56 57 58 59 60 61 62 63 64 65 66 67 68 69 70 71 72 73
 74])
Bicluster(rows=[66, 78], cols=[ 1  2  3  5  8  9 15 16 19 21 23 24 25 26 27 28 29 31 32 36 39 42 43 45
 46 48 50 51 52 53 54 55 56 57 58 59 60 61 62 63 64 65 66 67 68 69 70 71
 72 73 74])
Bicluster(rows=[66, 79], cols=[ 3  6  7  8  9 10 12 14 15 16 18 19 25 27 33 35 40 42 44 45 49 50 51 52
 53 54 55 56 57 58 59 60 61 62 63 64 65 66 67 68 69 70 71 72 73 74])
Bicluster(rows=[66, 80], cols=[ 0  3  9 10 15 16 18 20 21 27 35 37 39 41 42 44 45 46 49 50 51 52 53 54
 55 56 57 58 59 60 61 62 63 64 65 66 67 68 69 70 71 72 73 74])
Bicluster(rows=[66, 81], cols=[ 1  2  6  9 10 12 14 15 20 23 24 25 27 28 30 31 32 33 35 36 39 41 49 50
 51 52 53 54 55 56 57 58 59 60 61 62 63 64 65 66 67 68 69 70 71 72 73 74])
Bicluster(rows=[66, 82], cols=[ 4  5  6 10 13 14 15 18 19 22 27 29 31 33 37 38 42 43 46 50 51 52 53 54
 55 56 57 58 59 60 61 62 63 64 65 66 67 68 69 70 71 72 73 74])
Bicluster(rows=[66, 83], cols=[ 1  2  4  5  6  7  9 10 11 12 18 20 21 22 23 24 25 28 30 31 32 33 35 36
 38 39 40 42 45 50 51 52 53 54 55 56 57 58 59 60 61 62 63 64 65 66 67 68
 69 70 71 72 73 74])
Bicluster(rows=[66, 84], cols=[ 0  2  3  4  7  9 11 12 14 15 17 18 23 25 28 29 30 31 33 35 36 40 42 43
 44 45 46 48 50 51 52 53 54 55 56 57 58 59 60 61 62 63 64 65 66 67 68 69
 70 71 72 73 74])
Bicluster(rows=[66, 85], cols=[ 1  3  6  8 13 14 16 19 23 26 34 41 44 49 50 51 52 53 54 55 56 57 58 59
 60 61 62 63 64 65 66 67 68 69 70 71 72 73 74])
Bicluster(rows=[66, 86], cols=[ 2  3  4  7  8  9 11 15 16 19 20 21 23 24 25 27 29 30 31 33 34 36 39 40
 41 42 43 44 45 46 49 50 51 52 53 54 55 56 57 58 59 60 61 62 63 64 65 66
 67 68 69 70 71 72 73 74])
Bicluster(rows=[66, 87], cols=[ 1  2  8 14 16 17 18 19 21 23 24 28 30 31 34 35 36 38 40 41 43 44 45 47
 50 52 53 54 56 57 58 59 61 65 67 68 73])
Bicluster(rows=[66, 88], cols=[ 3  7 16 19 21 22 25 26 27 29 33 38 47 48 50 51 52 53 54 55 56 57 58 59
 60 61 62 63 64 65 66 67 68 69 70 71 72 73 74])
Bicluster(rows=[66, 89], cols=[ 0  3  4  5  7  8 10 11 12 14 15 17 19 21 23 25 27 28 30 33 34 35 39 46
 48 49 50 52 53 54 58 61 64 65 67 68 73])
Bicluster(rows=[66, 90], cols=[ 3  4  5  9 11 12 14 17 18 19 21 23 25 26 27 31 36 39 41 42 45 49 50 51
 52 53 54 55 56 57 58 59 60 61 62 63 64 65 66 67 68 69 70 71 72 73 74])
Bicluster(rows=[66, 91], cols=[ 2  3  4 12 14 15 16 18 21 22 25 29 30 31 33 34 38 40 41 42 45 49 50 51
 52 53 54 55 56 57 58 59 60 61 62 63 64 65 66 67 68 69 70 71 72 73 74])
Bicluster(rows=[66, 92], cols=[ 1  5  8 14 18 23 28 29 30 34 37 39 48 49 50 52 53 54 55 56 57 58 59 61
 62 63 64 65 66 67 68 69 70 71 73 74])
Bicluster(rows=[66, 93], cols=[ 1  3  4  6  7  8 10 12 13 14 15 18 19 22 23 25 27 28 33 36 40 42 43 44
 49 50 51 52 53 54 55 56 57 58 59 60 61 62 63 64 65 66 67 68 69 70 71 72
 73 74])
Bicluster(rows=[66, 94], cols=[ 1  2  3  6  7  9 10 11 13 15 19 20 21 22 23 24 25 29 31 34 35 38 40 41
 42 43 44 45 46 49 50 51 52 53 54 55 56 57 58 59 60 61 62 63 64 65 66 67
 68 69 70 71 72 73 74])
Bicluster(rows=[66, 95], cols=[ 2  4  6  7  8  9 11 13 15 16 17 18 19 20 21 23 24 25 29 31 34 35 36 38
 41 42 44 46 50 51 52 53 54 55 56 57 58 59 60 61 62 63 64 65 66 67 68 69
 70 71 72 73 74])
Bicluster(rows=[66, 96], cols=[ 1  2  3  4  6  7  9 12 16 18 19 20 21 23 24 26 28 31 32 33 34 35 36 39
 41 42 43 44 49 50 51 52 53 54 55 56 57 58 59 60 61 62 63 64 65 66 67 68
 69 70 71 72 73 74])
Bicluster(rows=[66, 97], cols=[ 1  4  5  6  7  8  9 12 15 17 18 20 21 23 24 26 27 28 29 31 32 36 38 39
 41 42 43 44 45 49 50 51 52 53 54 55 56 57 58 59 60 61 62 63 64 65 66 67
 68 69 70 71 72 73 74])
Bicluster(rows=[66, 98], cols=[ 8 11 12 15 17 18 23 24 25 36 37 39 41 45 47 50 51 52 53 54 55 56 57 58
 59 60 61 62 63 64 65 66 67 68 69 70 71 72 73 74])
Bicluster(rows=[66, 99], cols=[ 1  6  8  9 10 11 14 15 21 25 27 32 33 36 38 41 42 44 45 49 50 53 55 59
 64 67 71 72 74])
Bicluster(rows=[67, 68], cols=[ 1  6 15 18 19 21 23 25 26 32 39 43 45 47 50 52 53 54 58 65 67 68 73])
Bicluster(rows=[67, 69], cols=[ 2  4  7 10 13 15 21 28 33 36 38 40 41 46 47 48 50 51 52 53 54 55 56 57
 58 59 60 61 62 63 64 65 66 67 68 69 70 71 72 73 74])
Bicluster(rows=[67, 70], cols=[ 0  2  3  5  7  8 11 12 17 18 22 23 24 28 30 31 34 43 47 48 50 52 53 56
 58 59 65 67 68 73])
Bicluster(rows=[67, 71], cols=[ 0  4  5  7  9 11 20 23 24 29 34 35 36 37 42 45 48 50 51 52 53 54 55 56
 57 58 59 60 61 62 63 64 65 66 67 68 69 70 71 72 73 74])
Bicluster(rows=[67, 72], cols=[ 4  5  8 10 11 16 21 24 25 31 32 35 38 40 42 46 50 51 52 53 54 55 56 57
 58 59 60 61 62 63 64 65 66 67 68 69 70 71 72 73 74])
Bicluster(rows=[67, 73], cols=[ 2  3  5  9 10 12 13 18 20 22 25 30 31 32 37 38 40 47 48 50 52 53 54 58
 61 64 65 67 68 73])
Bicluster(rows=[67, 74], cols=[ 2  4  5  6  7  8 11 14 15 19 20 21 24 31 36 38 39 42 49 50 52 53 54 58
 61 64 65 67 68 73])
Bicluster(rows=[67, 75], cols=[ 0  4  5  9 11 13 14 15 17 19 22 23 24 25 26 27 29 32 35 36 38 40 41 42
 43 47 49 50 51 52 53 54 55 56 57 58 59 60 61 62 63 64 65 66 67 68 69 70
 71 72 73 74])
Bicluster(rows=[67, 76], cols=[ 1  2  3  6 11 14 26 27 29 30 32 33 35 37 42 43 44 50 51 52 53 54 55 56
 57 58 59 60 61 62 63 64 65 66 67 68 69 70 71 72 73 74])
Bicluster(rows=[67, 77], cols=[ 0  1  2  3  4  9 11 12 15 17 21 25 26 30 34 37 39 41 44 45 50 52 53 54
 55 56 57 58 59 60 61 62 63 64 65 66 67 68 69 70 71 73 74])
Bicluster(rows=[67, 78], cols=[ 0  2  3  5  8  9 10 11 13 21 22 23 25 26 29 31 33 36 37 40 42 43 44 45
 49 50 51 52 53 54 55 56 57 58 59 60 61 62 63 64 65 66 67 68 69 70 71 72
 73 74])
Bicluster(rows=[67, 79], cols=[ 1  2  5  6  7  8 12 13 14 15 17 18 25 29 31 32 36 37 38 42 45 48 50 51
 52 53 54 55 56 57 58 59 60 61 62 63 64 65 66 67 68 69 70 71 72 73 74])
Bicluster(rows=[67, 80], cols=[ 3  5  9 11 18 19 20 27 31 32 35 38 39 41 45 46 47 48 50 51 52 53 54 55
 56 57 58 59 60 61 62 63 64 65 66 67 68 69 70 71 72 73 74])
Bicluster(rows=[67, 81], cols=[ 2  5  6 12 14 15 19 20 21 22 23 24 30 31 43 44 46 48 50 51 52 53 54 55
 56 57 58 59 60 61 62 63 64 65 66 67 68 69 70 71 72 73 74])
Bicluster(rows=[67, 82], cols=[ 0  1  4 14 15 16 17 18 23 29 31 33 36 40 43 46 48 49 50 51 52 53 54 55
 56 57 58 59 60 61 62 63 64 65 66 67 68 69 70 71 72 73 74])
Bicluster(rows=[67, 83], cols=[ 2  3  4  7  9 11 12 13 16 17 18 19 20 21 23 24 25 27 28 30 33 37 39 41
 42 44 46 47 49 50 51 52 53 54 55 56 57 58 59 60 61 62 63 64 65 66 67 68
 69 70 71 72 73 74])
Bicluster(rows=[67, 84], cols=[ 1  2  3  4  7  9 10 12 14 15 16 17 18 19 21 22 23 25 26 28 29 30 31 32
 33 35 36 37 38 40 42 43 46 47 48 49 50 51 52 53 54 55 56 57 58 59 60 61
 62 63 64 65 66 67 68 69 70 71 72 73 74])
Bicluster(rows=[67, 85], cols=[ 0  1  3  6  8  9 13 14 17 23 25 26 27 29 32 37 48 50 51 52 53 54 55 56
 57 58 59 60 61 62 63 64 65 66 67 68 69 70 71 72 73 74])
Bicluster(rows=[67, 86], cols=[ 0  1  2  4  5  7  8  9 10 11 12 13 15 17 18 20 21 22 23 24 25 26 29 30
 32 33 34 35 37 38 42 43 45 47 50 51 52 53 54 55 56 57 58 59 60 61 62 63
 64 65 66 67 68 69 70 71 72 73 74])
Bicluster(rows=[67, 87], cols=[ 0  2  3  4  5  8  9 13 14 17 18 20 21 22 23 24 31 32 35 36 39 43 45 47
 48 50 52 53 54 56 57 58 59 61 65 67 68 73])
Bicluster(rows=[67, 88], cols=[ 2 10 11 12 14 15 33 34 36 37 40 42 45 48 50 52 53 58 65 67 68 73])
Bicluster(rows=[67, 89], cols=[ 4  8  9 11 12 13 14 15 23 28 30 32 33 34 37 38 44 46 47 50 52 53 58 65
 67 68 73])
Bicluster(rows=[67, 90], cols=[ 0  1  3  5 11 12 13 14 21 22 23 25 28 31 32 34 35 36 37 42 45 50 51 52
 53 54 55 56 57 58 59 60 61 62 63 64 65 66 67 68 69 70 71 72 73 74])
Bicluster(rows=[67, 91], cols=[ 0  1  2  3  4  5  6  7  9 10 12 13 14 15 18 19 21 25 27 30 31 32 33 34
 36 40 42 44 45 47 50 51 52 53 54 55 56 57 58 59 60 61 62 63 64 65 66 67
 68 69 70 71 72 73 74])
Bicluster(rows=[67, 92], cols=[ 0  8 14 18 19 22 23 27 28 29 30 32 34 35 36 39 44 47 50 52 53 54 55 56
 57 58 59 60 61 62 64 65 67 68 70 73])
Bicluster(rows=[67, 93], cols=[ 0  3  5  6  8 10 11 12 14 18 21 23 25 27 28 29 31 32 36 37 38 43 50 51
 52 53 54 55 56 57 58 59 60 61 62 63 64 65 66 67 68 69 70 71 72 73 74])
Bicluster(rows=[67, 94], cols=[ 0  2  3  5  6  7  9 10 13 17 20 21 22 23 24 25 32 34 35 36 42 45 46 47
 48 50 51 52 53 54 55 56 57 58 59 60 61 62 63 64 65 66 67 68 69 70 71 72
 73 74])
Bicluster(rows=[67, 95], cols=[ 1  2  5  6  7  8  9 13 17 18 20 21 23 24 25 26 27 29 31 34 35 36 37 40
 42 46 47 49 50 51 52 53 54 55 56 57 58 59 60 61 62 63 64 65 66 67 68 69
 70 71 72 73 74])
Bicluster(rows=[67, 96], cols=[ 0  2  3  4  5  7  9 10 11 12 13 17 18 19 20 21 22 23 24 25 26 27 28 29
 30 34 35 36 39 40 41 42 43 47 50 51 52 53 54 55 56 57 58 59 60 61 62 63
 64 65 66 67 68 69 70 71 72 73 74])
Bicluster(rows=[67, 97], cols=[ 0  3  6  7  8  9 10 11 12 13 15 16 17 18 20 21 22 23 24 26 28 37 39 40
 41 42 43 44 45 47 49 50 51 52 53 54 55 56 57 58 59 60 61 62 63 64 65 66
 67 68 69 70 71 72 73 74])
Bicluster(rows=[67, 98], cols=[ 0  3  8  9 11 15 19 21 26 29 30 34 36 37 38 40 42 45 50 52 53 54 55 56
 57 58 59 61 64 65 67 68 73])
Bicluster(rows=[67, 99], cols=[ 0  6  7  8  9 11 14 15 16 19 21 25 27 29 37 42 45 47 48 50 53 55 59 64
 67 71 72 74])
Bicluster(rows=[68, 69], cols=[ 1  4  6  8  9 10 13 15 18 20 22 24 25 27 30 31 37 41 44 50 51 52 53 54
 55 56 57 58 59 60 61 62 63 64 65 66 67 68 69 70 71 72 73 74])
Bicluster(rows=[68, 70], cols=[ 2  6  7 10 18 20 21 23 24 26 27 28 29 36 42 43 46 47 48 49 50 51 52 53
 54 55 56 57 58 59 60 61 62 63 64 65 66 67 68 69 70 71 72 73 74])
Bicluster(rows=[68, 71], cols=[ 4  5  6  8 14 21 22 25 27 29 30 34 35 37 38 40 44 45 46 47 50 51 52 53
 54 55 56 57 58 59 60 61 62 63 64 65 66 67 68 69 70 71 72 73 74])
Bicluster(rows=[68, 72], cols=[ 4  6  7 10 12 16 17 19 20 22 25 26 27 28 29 32 35 39 41 44 45 48 50 51
 52 53 54 55 56 57 58 59 60 61 62 63 64 65 66 67 68 69 70 71 72 73 74])
Bicluster(rows=[68, 73], cols=[ 2  4  8 11 16 19 21 24 25 26 27 28 29 33 34 37 38 39 41 43 44 45 48 49
 50 51 52 53 54 55 56 57 58 59 60 61 62 63 64 65 66 67 68 69 70 71 72 73
 74])
Bicluster(rows=[68, 74], cols=[ 0  1  2  3  6  7 12 13 15 17 19 21 22 29 30 33 35 38 48 49 50 51 52 53
 54 55 56 57 58 59 60 61 62 63 64 65 66 67 68 69 70 71 72 73 74])
Bicluster(rows=[68, 75], cols=[ 8 10 14 15 19 20 23 26 30 31 32 33 38 39 42 43 44 47 50 52 53 54 58 61
 64 65 67 68 73])
Bicluster(rows=[68, 76], cols=[ 1  7 10 11 18 20 21 22 24 25 29 32 35 36 37 44 45 46 47 48 50 51 52 53
 54 55 56 57 58 59 60 61 62 63 64 65 66 67 68 69 70 71 72 73 74])
Bicluster(rows=[68, 77], cols=[ 1  7  8 10 14 15 18 21 22 23 24 25 26 27 29 36 39 42 43 45 46 50 52 53
 54 56 57 58 59 61 62 64 65 67 68 70 73])
Bicluster(rows=[68, 78], cols=[ 1  9 11 12 13 14 15 16 20 25 27 29 30 37 38 44 48 50 51 52 53 54 55 56
 57 58 59 60 61 62 63 64 65 66 67 68 69 70 71 72 73 74])
Bicluster(rows=[68, 79], cols=[ 1  9 10 11 13 15 16 17 20 29 30 32 35 37 44 50 51 52 53 54 55 56 57 58
 59 60 61 62 63 64 65 66 67 68 69 70 71 72 73 74])
Bicluster(rows=[68, 80], cols=[ 4  6  7  9 10 11 13 15 17 20 21 27 28 29 32 34 35 40 44 45 50 52 53 54
 58 61 64 65 67 68 73])
Bicluster(rows=[68, 81], cols=[ 1  3  4  6  7  8  9 10 11 13 15 16 17 19 21 23 24 27 28 29 35 36 38 42
 43 45 48 50 52 53 54 58 61 64 65 67 68 73])
Bicluster(rows=[68, 82], cols=[ 1  2  3  4  5  9 10 15 16 17 20 21 22 24 25 27 28 30 35 37 38 45 47 50
 51 52 53 54 55 56 57 58 59 60 61 62 63 64 65 66 67 68 69 70 71 72 73 74])
Bicluster(rows=[68, 83], cols=[ 0  3  4  5 10 12 13 14 16 17 22 25 35 37 38 50 51 52 53 54 55 56 57 58
 59 60 61 62 63 64 65 66 67 68 69 70 71 72 73 74])
Bicluster(rows=[68, 84], cols=[ 0  5  7  8 13 18 19 21 23 25 26 31 32 34 35 36 37 40 42 43 44 52 53 54
 61 67 68 73])
Bicluster(rows=[68, 85], cols=[ 1  4  5  6 12 16 20 23 25 26 28 29 31 32 38 42 44 50 52 53 54 58 61 64
 65 67 68 73])
Bicluster(rows=[68, 86], cols=[ 1  4  9 12 13 15 16 17 29 32 34 35 37 41 44 50 51 52 53 54 55 56 57 58
 59 60 61 62 63 64 65 66 67 68 69 70 71 72 73 74])
Bicluster(rows=[68, 87], cols=[ 2  8 10 11 16 18 23 26 28 29 31 32 33 35 36 37 40 42 43 44 46 48 49 50
 51 52 53 54 55 56 57 58 59 60 61 62 63 64 65 66 67 68 69 70 71 72 73 74])
Bicluster(rows=[68, 88], cols=[ 0  2  6  8 15 16 18 20 22 23 24 25 28 29 30 35 36 38 39 42 46 48 49 50
 51 52 53 54 55 56 57 58 59 60 61 62 63 64 65 66 67 68 69 70 71 72 73 74])
Bicluster(rows=[68, 89], cols=[ 7 10 15 16 18 20 21 22 23 27 28 29 32 35 37 38 39 43 46 47 50 51 52 53
 54 55 56 57 58 59 60 61 62 63 64 65 66 67 68 69 70 71 72 73 74])
Bicluster(rows=[68, 90], cols=[ 0  1  2  3  4  5  8  9 12 13 16 20 24 25 29 32 35 37 41 43 46 47 50 51
 52 53 54 55 56 57 58 59 60 61 62 63 64 65 66 67 68 69 70 71 72 73 74])
Bicluster(rows=[68, 91], cols=[ 4 10 11 13 15 16 20 22 25 32 34 36 37 38 41 44 46 50 51 52 53 54 55 56
 57 58 59 60 61 62 63 64 65 66 67 68 69 70 71 72 73 74])
Bicluster(rows=[68, 92], cols=[ 1  2  7  9 12 13 15 17 20 22 24 25 27 29 30 35 38 41 42 43 44 51 52 54
 61 62 63 64 66 69 70 71 72 73 74])
Bicluster(rows=[68, 93], cols=[ 9 10 11 13 16 20 22 29 30 32 35 37 40 45 50 51 52 53 54 55 56 57 58 59
 60 61 62 63 64 65 66 67 68 69 70 71 72 73 74])
Bicluster(rows=[68, 94], cols=[ 1  9 12 13 15 16 17 27 30 32 34 35 37 38 41 44 50 51 52 53 54 55 56 57
 58 59 60 61 62 63 64 65 66 67 68 69 70 71 72 73 74])
Bicluster(rows=[68, 95], cols=[ 0  1  4 10 16 17 29 30 34 35 37 38 39 41 44 50 51 52 53 54 55 56 57 58
 59 60 61 62 63 64 65 66 67 68 69 70 71 72 73 74])
Bicluster(rows=[68, 96], cols=[ 2  7  8 18 21 26 31 36 39 42 43 44 47 49 50 52 53 54 58 61 64 65 67 68
 73])
Bicluster(rows=[68, 97], cols=[ 3  5  9 11 12 13 14 15 16 17 27 30 37 38 41 44 50 51 52 53 54 55 56 57
 58 59 60 61 62 63 64 65 66 67 68 69 70 71 72 73 74])
Bicluster(rows=[68, 98], cols=[ 2  4  5 13 15 16 19 20 21 22 24 26 40 44 45 47 49 50 52 53 54 58 61 62
 64 65 67 68 70 73])
Bicluster(rows=[68, 99], cols=[ 2  3  5  6 10 12 13 15 17 19 21 22 25 30 34 36 42 44 45 46 47 49 50 52
 53 56 57 58 60 61 62 63 65 66 67 70])
Bicluster(rows=[69, 70], cols=[ 0  3  5  6  7 10 11 12 14 16 17 18 19 20 25 27 31 39 48 50 51 52 53 54
 55 56 57 58 59 60 61 62 63 64 65 66 67 68 69 70 71 72 73 74])
Bicluster(rows=[69, 71], cols=[ 3  4  8 12 17 19 22 25 26 27 28 29 30 31 36 37 39 44 49 50 51 52 53 54
 55 56 57 58 59 60 61 62 63 64 65 66 67 68 69 70 71 72 73 74])
Bicluster(rows=[69, 72], cols=[ 0  2  4  6 10 14 20 21 22 23 27 29 34 36 37 38 40 42 43 44 46 49 50 51
 52 53 54 55 56 57 58 59 60 61 62 63 64 65 66 67 68 69 70 71 72 73 74])
Bicluster(rows=[69, 73], cols=[ 3  4  8 12 14 17 19 23 26 29 32 35 37 41 43 44 48 49 50 51 52 53 54 56
 58 59 61 62 63 64 65 66 67 68 69 70 71 72 73 74])
Bicluster(rows=[69, 74], cols=[ 5  6  7 11 15 22 28 30 36 38 42 45 46 50 51 52 53 54 55 56 57 58 59 60
 61 62 63 64 65 66 67 68 69 70 71 72 73 74])
Bicluster(rows=[69, 75], cols=[ 1  2  4  6 10 13 14 15 18 29 30 35 36 37 38 41 44 47 48 50 51 52 53 54
 55 56 57 58 59 60 61 62 63 64 65 66 67 68 69 70 71 72 73 74])
Bicluster(rows=[69, 76], cols=[ 0  1  2  5 10 12 14 16 17 18 19 20 21 22 23 25 33 34 38 39 40 42 48 49
 50 51 52 53 54 55 56 57 58 59 60 61 62 63 64 65 66 67 68 69 70 71 72 73
 74])
Bicluster(rows=[69, 77], cols=[ 0  1  5  8 10 12 15 16 17 22 24 27 28 29 31 32 38 40 44 47 49 52 53 54
 61 62 64 67 70 71 73])
Bicluster(rows=[69, 78], cols=[ 1  2  9 13 15 17 18 20 21 22 24 30 34 35 36 44 45 46 50 51 52 53 54 55
 56 57 58 59 60 61 62 63 64 65 66 67 68 69 70 71 72 73 74])
Bicluster(rows=[69, 79], cols=[ 1  2  4  7  9 10 15 20 21 22 24 26 30 33 34 36 38 39 40 43 44 48 49 50
 51 52 53 54 55 56 57 58 59 60 61 62 63 64 65 66 67 68 69 70 71 72 73 74])
Bicluster(rows=[69, 80], cols=[ 9 10 15 17 23 24 25 26 28 30 37 41 44 46 48 50 52 53 54 56 57 58 59 61
 62 63 64 65 66 67 68 69 70 71 73 74])
Bicluster(rows=[69, 81], cols=[ 0  1  2  6  8  9 10 15 19 20 21 23 24 29 30 32 33 37 39 43 45 47 48 52
 54 61 62 64 70 73])
Bicluster(rows=[69, 82], cols=[ 1  3  5  6  8  9 10 15 16 17 18 19 20 22 23 24 28 31 33 36 39 41 43 47
 50 52 53 54 58 61 64 65 67 68 73])
Bicluster(rows=[69, 83], cols=[ 0  1  2  4  5  9 13 14 21 23 24 30 32 35 36 37 38 39 42 44 49 51 63 66
 69 71 72 74])
Bicluster(rows=[69, 84], cols=[ 0  1  2  4  5  6  7  9 15 20 21 27 28 29 33 34 36 38 39 40 44 45 46 47
 48 50 51 52 53 54 55 56 57 58 59 60 61 62 63 64 65 66 67 68 69 70 71 72
 73 74])
Bicluster(rows=[69, 85], cols=[ 1  2  5 12 13 14 16 18 20 24 32 34 35 41 43 44 48 49 50 51 52 53 54 55
 56 57 58 59 60 61 62 63 64 65 66 67 68 69 70 71 72 73 74])
Bicluster(rows=[69, 86], cols=[ 1  4  7  9 13 15 21 33 35 38 40 41 42 44 45 46 47 50 51 52 53 54 55 56
 57 58 59 60 61 62 63 64 65 66 67 68 69 70 71 72 73 74])
Bicluster(rows=[69, 87], cols=[ 0  3 10 12 17 18 26 27 29 30 31 34 37 40 44 46 48 51 52 53 54 61 62 63
 64 66 67 68 69 70 71 72 73 74])
Bicluster(rows=[69, 88], cols=[ 6  8 11 12 15 17 18 19 20 22 24 29 30 33 35 39 44 47 48 49 50 51 52 53
 54 55 56 57 58 59 60 61 62 63 64 65 66 67 68 69 70 71 72 73 74])
Bicluster(rows=[69, 89], cols=[ 2  5 10 11 15 23 26 33 34 36 45 49 50 51 52 53 54 55 56 57 58 59 60 61
 62 63 64 65 66 67 68 69 70 71 72 73 74])
Bicluster(rows=[69, 90], cols=[ 4  9 13 19 20 21 25 32 35 36 37 41 43 45 50 51 52 53 54 55 56 57 58 59
 60 61 62 63 64 65 66 67 68 69 70 71 72 73 74])
Bicluster(rows=[69, 91], cols=[ 2  7 10 13 15 17 20 21 22 23 24 26 29 33 35 37 39 40 41 43 44 47 50 51
 52 53 54 55 56 57 58 59 60 61 62 63 64 65 66 67 68 69 70 71 72 73 74])
Bicluster(rows=[69, 92], cols=[11 12 14 21 28 29 31 32 35 36 46 50 51 52 53 54 55 56 57 58 59 60 61 62
 63 64 65 66 67 68 69 70 71 72 73 74])
Bicluster(rows=[69, 93], cols=[ 4  9 10 14 15 20 21 22 24 26 28 30 33 34 35 36 38 39 40 44 49 50 51 52
 53 54 55 56 57 58 59 60 61 62 63 64 65 66 67 68 69 70 71 72 73 74])
Bicluster(rows=[69, 94], cols=[ 1  2  4  9 10 13 15 22 27 29 30 36 37 40 41 44 45 46 47 48 50 51 52 53
 54 55 56 57 58 59 60 61 62 63 64 65 66 67 68 69 70 71 72 73 74])
Bicluster(rows=[69, 95], cols=[ 1  2  4  9 13 15 30 34 36 39 41 43 44 45 46 47 50 51 52 53 54 55 56 57
 58 59 60 61 62 63 64 65 66 67 68 69 70 71 72 73 74])
Bicluster(rows=[69, 96], cols=[ 9 13 21 28 36 37 41 44 45 47 50 51 52 53 54 55 56 57 58 59 60 61 62 63
 64 65 66 67 68 69 70 71 72 73 74])
Bicluster(rows=[69, 97], cols=[ 2  4  9 13 15 21 24 28 29 30 35 37 41 44 45 47 50 51 52 53 54 55 56 57
 58 59 60 61 62 63 64 65 66 67 68 69 70 71 72 73 74])
Bicluster(rows=[69, 98], cols=[ 5  6 16 20 25 29 36 37 38 41 43 45 47 50 51 52 53 54 55 56 57 58 59 60
 61 62 63 64 65 66 67 68 69 70 71 72 73 74])
Bicluster(rows=[69, 99], cols=[ 4  5 10 12 15 17 18 34 35 37 39 41 44 45 46 47 48 50 52 53 59 61 67 69
 71 72 74])
Bicluster(rows=[70, 71], cols=[ 0  1  2  5  7  9 11 14 24 29 33 34 38 43 48 50 52 53 56 57 58 59 65 67
 68 73])
Bicluster(rows=[70, 72], cols=[ 0  1  3  7  8  9 14 15 20 26 27 28 30 33 34 50 51 52 53 54 55 56 57 58
 59 60 61 62 63 64 65 66 67 68 69 70 71 72 73 74])
Bicluster(rows=[70, 73], cols=[ 0  1  2  6 11 12 14 15 17 19 22 24 26 28 30 31 36 40 47 48 49 50 51 52
 53 54 55 56 57 58 59 60 61 62 63 64 65 66 67 68 69 70 71 72 73 74])
Bicluster(rows=[70, 74], cols=[ 1  2  5  7 11 13 16 20 21 24 25 29 37 41 44 48 49 50 51 52 53 54 55 56
 57 58 59 60 61 62 63 64 65 66 67 68 69 70 71 72 73 74])
Bicluster(rows=[70, 75], cols=[ 8  9 10 11 13 16 17 19 21 22 24 26 27 31 33 37 41 49 50 52 53 54 56 57
 58 59 61 65 67 68 73])
Bicluster(rows=[70, 76], cols=[ 0  5  7  9 10 12 13 16 17 18 19 20 24 36 38 39 46 48 50 51 52 53 54 55
 56 57 58 59 60 61 62 63 64 65 66 67 68 69 70 71 72 73 74])
Bicluster(rows=[70, 77], cols=[ 0  2  3  5 10 12 16 17 23 26 27 30 31 33 34 35 36 42 43 44 46 50 52 53
 54 56 57 58 59 61 62 64 65 67 68 73])
Bicluster(rows=[70, 78], cols=[ 2  3  8 11 16 19 21 22 23 26 27 28 32 36 38 40 42 43 44 45 47 50 52 53
 56 57 58 59 65 67 68])
Bicluster(rows=[70, 79], cols=[ 1  2  3  5  7 11 12 13 14 15 16 17 18 19 21 23 24 25 26 27 28 29 30 31
 32 35 36 37 38 39 40 41 43 44 49 51 63 66 69 70 71 72 74])
Bicluster(rows=[70, 80], cols=[ 1  6  8  9 10 14 18 19 20 21 22 27 28 33 41 46 48 50 52 53 54 56 57 58
 59 61 64 65 67 68 73])
Bicluster(rows=[70, 81], cols=[ 1  5  6  9 10 12 18 22 23 26 27 28 29 30 31 32 33 36 40 41 42 43 50 52
 53 56 57 58 59 65 67 68 73])
Bicluster(rows=[70, 82], cols=[ 0  4  5  6 10 17 18 19 31 35 37 39 40 42 43 50 52 53 54 56 57 58 59 65
 67 68 73])
Bicluster(rows=[70, 83], cols=[ 1  2  3  5  6  7  9 10 11 12 13 14 16 19 20 23 24 27 28 30 32 36 38 43
 44 45 49 50 52 53 54 56 57 58 59 61 64 65 67 68 73])
Bicluster(rows=[70, 84], cols=[ 3  7  9 13 17 18 22 23 26 28 30 31 39 41 45 47 49 50 52 53 56 58 59 65
 67 68 73])
Bicluster(rows=[70, 85], cols=[ 5 11 12 15 16 18 20 22 29 30 36 38 40 46 48 50 51 52 53 54 55 56 57 58
 59 60 61 62 63 64 65 66 67 68 69 70 71 72 73 74])
Bicluster(rows=[70, 86], cols=[ 0  2  5  8  9 11 16 17 19 20 21 22 24 26 27 30 34 35 36 41 43 46 47 49
 50 52 53 58 65 67 68 73])
Bicluster(rows=[70, 87], cols=[ 0  1  2  3  4  5  8  9 10 13 15 16 17 18 19 21 22 23 24 26 27 28 29 30
 31 34 36 38 41 42 43 44 45 46 47 48 49 50 51 52 53 54 55 56 57 58 59 60
 61 62 63 64 65 66 67 68 69 70 71 72 73 74])
Bicluster(rows=[70, 88], cols=[ 1  2  6  9 11 13 17 18 19 20 23 28 30 31 34 36 37 39 40 41 42 44 45 48
 49 50 51 52 53 54 55 56 57 58 59 60 61 62 63 64 65 66 67 68 69 70 71 72
 73 74])
Bicluster(rows=[70, 89], cols=[ 1  5  7  8  9 10 11 12 13 17 21 23 26 28 29 30 34 39 43 44 46 47 50 51
 52 53 54 55 56 57 58 59 60 61 62 63 64 65 66 67 68 69 70 71 72 73 74])
Bicluster(rows=[70, 90], cols=[ 0  3  5  9 11 12 15 16 18 22 23 26 27 29 31 36 40 41 42 49 50 52 53 56
 57 58 59 65 67 68 73])
Bicluster(rows=[70, 91], cols=[ 0  5  6 10 13 14 15 16 18 20 22 24 25 26 31 32 33 34 39 43 44 49 51 63
 66 69 71 72 74])
Bicluster(rows=[70, 92], cols=[ 1  2  5  8  9 16 19 20 25 27 29 30 37 39 42 43 44 50 52 53 54 56 57 58
 59 61 62 64 65 67 68 70 73])
Bicluster(rows=[70, 93], cols=[ 2  3  5  8 10 12 14 17 19 20 24 26 29 30 31 34 38 39 40 41 45 46 47 49
 51 62 63 66 69 70 71 72 74])
Bicluster(rows=[70, 94], cols=[ 0  1  3  5  6 14 17 19 20 21 23 24 26 28 37 41 42 45 47 48 49 50 52 53
 56 58 59 65 67 68 73])
Bicluster(rows=[70, 95], cols=[ 9 14 17 18 19 20 21 23 24 26 29 31 34 36 38 40 41 45 47 50 52 53 56 58
 65 67 68 73])
Bicluster(rows=[70, 96], cols=[ 0  2  3  4  5  6  7  9 11 14 15 16 17 19 20 21 22 24 25 28 29 30 33 36
 37 38 40 42 43 44 45 46 47 49 50 52 53 54 56 57 58 59 61 65 67 68 73])
Bicluster(rows=[70, 97], cols=[ 6  7  9 11 12 14 21 22 23 25 26 27 28 32 37 40 43 44 46 49 50 52 53 56
 57 58 59 65 67 68 73])
Bicluster(rows=[70, 98], cols=[ 0  2  3  9 11 12 21 30 32 33 34 35 39 44 49 50 52 53 54 56 57 58 59 61
 62 64 65 67 68 70 73])
Bicluster(rows=[70, 99], cols=[ 0  1  2  6  7  8  9 10 11 13 21 25 26 29 30 32 33 35 36 39 40 41 42 44
 46 47 48 49 50 52 53 55 59 61 62 67 70])
Bicluster(rows=[71, 72], cols=[ 0  7  9 12 14 15 17 21 25 28 31 33 35 41 44 45 46 47 49 50 52 53 54 58
 61 64 65 67 68 73])
Bicluster(rows=[71, 73], cols=[ 0  4  6  8 10 12 16 17 19 21 25 26 29 31 34 37 42 44 45 47 50 51 52 53
 54 56 57 58 59 61 62 63 64 65 66 67 68 69 70 71 72 73 74])
Bicluster(rows=[71, 74], cols=[ 0  9 10 13 15 21 22 23 28 30 31 32 34 35 36 44 50 51 52 53 54 55 56 57
 58 59 60 61 62 63 64 65 66 67 68 69 70 71 72 73 74])
Bicluster(rows=[71, 75], cols=[ 0  3  4  5  6  9 11 18 23 24 32 33 36 42 44 45 46 50 51 52 53 54 55 56
 57 58 59 60 61 62 63 64 65 66 67 68 69 70 71 72 73 74])
Bicluster(rows=[71, 76], cols=[ 0 12 13 15 16 17 19 21 22 25 28 29 32 35 37 39 41 42 45 46 49 50 51 52
 53 54 55 56 57 58 59 60 61 62 63 64 65 66 67 68 69 70 71 72 73 74])
Bicluster(rows=[71, 77], cols=[ 2 11 15 19 25 34 37 38 40 43 45 50 51 52 53 54 55 56 57 58 59 60 61 62
 63 64 65 66 67 68 69 70 71 72 73 74])
Bicluster(rows=[71, 78], cols=[ 0  1  5  7  9 14 15 17 18 19 22 23 25 27 28 29 30 32 37 41 42 50 51 52
 53 54 55 56 57 58 59 60 61 62 63 64 65 66 67 68 69 70 71 72 73 74])
Bicluster(rows=[71, 79], cols=[ 7 16 18 22 25 29 31 33 35 36 37 41 42 45 46 49 50 51 52 53 54 55 56 57
 58 59 60 61 62 63 64 65 66 67 68 69 70 71 72 73 74])
Bicluster(rows=[71, 80], cols=[ 0  2  3  4  6 16 18 19 21 23 27 29 34 35 39 40 43 45 46 48 49 50 52 53
 54 61 62 64 67 68 70 73])
Bicluster(rows=[71, 81], cols=[ 3  5 12 13 17 18 20 22 23 24 25 28 32 33 35 43 45 47 48 49 50 51 52 53
 54 55 56 57 58 59 60 61 62 63 64 65 66 67 68 69 70 71 72 73 74])
Bicluster(rows=[71, 82], cols=[ 0  1  2  3  8  9 11 13 14 15 16 18 20 22 23 24 29 33 34 35 37 44 46 48
 49 51 62 63 64 66 69 70 71 72 74])
Bicluster(rows=[71, 83], cols=[ 1  4  5  7  9 11 14 15 18 22 23 24 25 28 32 34 35 37 38 42 43 50 51 52
 53 54 55 56 57 58 59 60 61 62 63 64 65 66 67 68 69 70 71 72 73 74])
Bicluster(rows=[71, 84], cols=[ 4  7 11 13 18 22 23 25 27 28 29 35 36 41 42 44 50 51 52 53 54 55 56 57
 58 59 60 61 62 63 64 65 66 67 68 69 70 71 72 73 74])
Bicluster(rows=[71, 85], cols=[ 0  4  5 10 11 13 14 21 25 26 27 28 29 31 32 35 37 38 41 48 54 61 62 63
 64 69 70 71])
Bicluster(rows=[71, 86], cols=[ 0  3  4  5  9 11 24 25 28 29 34 37 42 44 48 50 51 52 53 54 55 56 57 58
 59 60 61 62 63 64 65 66 67 68 69 70 71 72 73 74])
Bicluster(rows=[71, 87], cols=[ 1  9 15 16 20 24 34 35 38 43 44 46 48 50 52 53 54 56 57 58 59 61 65 67
 68 73])
Bicluster(rows=[71, 88], cols=[ 7  8 10 12 13 14 16 17 18 19 22 25 29 30 31 36 39 41 43 44 46 49 50 51
 52 53 54 55 56 57 58 59 60 61 62 63 64 65 66 67 68 69 70 71 72 73 74])
Bicluster(rows=[71, 89], cols=[ 0  3 12 13 24 25 26 27 29 31 35 36 37 39 41 42 44 45 47 48 49 50 51 52
 53 54 55 56 57 58 59 60 61 62 63 64 65 66 67 68 69 70 71 72 73 74])
Bicluster(rows=[71, 90], cols=[ 0  5  7  8 10 15 16 18 19 22 23 25 27 33 34 35 36 37 38 41 42 44 45 46
 47 48 49 50 51 52 53 54 55 56 57 58 59 60 61 62 63 64 65 66 67 68 69 70
 71 72 73 74])
Bicluster(rows=[71, 91], cols=[ 0  4  9 16 17 18 22 25 28 29 36 37 41 42 45 46 48 49 50 51 52 53 54 55
 56 57 58 59 60 61 62 63 64 65 66 67 68 69 70 71 72 73 74])
Bicluster(rows=[71, 92], cols=[ 0  1  2  4  5  6  9 12 13 15 17 18 20 21 22 23 24 26 28 29 31 34 35 36
 40 43 45 46 49 50 52 53 54 55 56 57 58 59 60 61 62 63 64 65 66 67 68 69
 70 71 73 74])
Bicluster(rows=[71, 93], cols=[ 0  1  7 15 19 22 25 26 28 30 31 36 37 40 41 42 44 48 49 50 51 52 53 54
 55 56 57 58 59 60 61 62 63 64 65 66 67 68 69 70 71 72 73 74])
Bicluster(rows=[71, 94], cols=[ 0  1  7  9 11 14 15 19 22 23 24 25 27 28 30 33 34 35 36 37 38 40 42 44
 48 49 50 51 52 53 54 55 56 57 58 59 60 61 62 63 64 65 66 67 68 69 70 71
 72 73 74])
Bicluster(rows=[71, 95], cols=[ 3  4  7  9 10 11 14 15 16 20 23 24 29 30 33 34 35 36 37 38 39 41 42 44
 50 51 52 53 54 55 56 57 58 59 60 61 62 63 64 65 66 67 68 69 70 71 72 73
 74])
Bicluster(rows=[71, 96], cols=[ 0  1  5  7  9 14 15 16 20 23 24 29 33 34 35 38 43 44 46 50 51 52 53 54
 55 56 57 58 59 60 61 62 63 64 65 66 67 68 69 70 71 72 73 74])
Bicluster(rows=[71, 97], cols=[ 0  1  5  7 14 22 23 27 28 29 30 32 33 34 37 42 44 45 46 48 50 51 52 53
 54 55 56 57 58 59 60 61 62 63 64 65 66 67 68 69 70 71 72 73 74])
Bicluster(rows=[71, 98], cols=[ 2  9 10 11 13 14 15 18 22 23 24 25 31 34 36 37 41 45 46 50 51 52 53 54
 55 56 57 58 59 60 61 62 63 64 65 66 67 68 69 70 71 72 73 74])
Bicluster(rows=[71, 99], cols=[ 0  1  2  3  4  7  9 11 12 14 17 22 28 29 31 33 37 38 39 48 50 51 52 53
 55 59 61 67 69 71 74])
Bicluster(rows=[72, 73], cols=[ 1  4  5 13 14 15 16 23 25 28 29 30 31 32 33 38 39 42 43 44 45 49 50 51
 52 53 54 55 56 57 58 59 61 62 63 64 65 66 67 68 69 70 71 72 73 74])
Bicluster(rows=[72, 74], cols=[ 5  6  7  8 12 19 22 31 33 35 36 38 42 46 48 50 51 52 53 54 55 56 57 58
 59 60 61 62 63 64 65 66 67 68 69 70 71 72 73 74])
Bicluster(rows=[72, 75], cols=[ 2  3  5  6 11 12 16 17 24 25 29 32 34 35 37 38 40 44 45 50 51 52 53 54
 55 56 57 58 59 60 61 62 63 64 65 66 67 68 69 70 71 72 73 74])
Bicluster(rows=[72, 76], cols=[ 0  2  4  6  7  8  9 20 22 32 34 35 39 40 41 42 44 45 49 50 51 52 53 54
 55 56 57 58 59 60 61 62 63 64 65 66 67 68 69 70 71 72 73 74])
Bicluster(rows=[72, 77], cols=[ 0  2  3  7  9 10 13 24 25 26 29 30 32 34 38 39 44 47 48 49 51 54 61 62
 63 64 66 69 70 71 72 74])
Bicluster(rows=[72, 78], cols=[ 4  6  8 10 12 16 20 21 24 25 29 34 36 41 44 46 50 51 52 53 54 55 56 57
 58 59 60 61 62 63 64 65 66 67 68 69 70 71 72 73 74])
Bicluster(rows=[72, 79], cols=[ 2  4  5  8 20 22 23 25 31 32 34 35 38 40 41 43 44 49 50 51 52 53 54 55
 56 57 58 59 60 61 62 63 64 65 66 67 68 69 70 71 72 73 74])
Bicluster(rows=[72, 80], cols=[ 1  3  4  5  7 14 17 20 23 25 27 28 29 31 32 35 36 38 39 44 45 49 50 52
 53 54 56 58 59 61 64 65 67 68 73])
Bicluster(rows=[72, 81], cols=[ 2  7 10 11 16 19 25 27 28 29 30 34 35 37 39 48 49 50 52 53 54 58 61 64
 65 67 68 73])
Bicluster(rows=[72, 82], cols=[ 9 16 17 22 23 28 29 31 34 36 37 45 46 50 51 52 53 54 55 56 57 58 59 60
 61 62 63 64 65 66 67 68 69 70 71 72 73 74])
Bicluster(rows=[72, 83], cols=[ 1  2  3  4 10 14 15 18 27 28 30 37 39 42 45 48 51 62 63 66 69 70 71 72
 74])
Bicluster(rows=[72, 84], cols=[ 0  2  4  5  6  8 10 11 16 17 20 21 25 27 29 31 32 34 35 38 40 41 42 44
 46 50 51 52 53 54 55 56 57 58 59 60 61 62 63 64 65 66 67 68 69 70 71 72
 73 74])
Bicluster(rows=[72, 85], cols=[ 2  5  6  7  8 15 20 25 30 32 34 39 41 43 44 45 49 50 51 52 53 54 55 56
 57 58 59 60 61 62 63 64 65 66 67 68 69 70 71 72 73 74])
Bicluster(rows=[72, 86], cols=[ 3  4  6  8 10 11 16 21 23 24 25 29 32 36 38 40 41 42 44 50 51 52 53 54
 55 56 57 58 59 60 61 62 63 64 65 66 67 68 69 70 71 72 73 74])
Bicluster(rows=[72, 87], cols=[ 0  1  5  6  7  9 11 15 26 27 28 29 30 32 33 34 35 40 44 50 51 52 53 54
 55 56 57 58 59 60 61 62 63 64 65 66 67 68 69 70 71 72 73 74])
Bicluster(rows=[72, 88], cols=[ 3  4  7 11 12 14 22 26 27 31 36 41 44 46 49 50 52 53 56 57 58 59 65 67
 68])
Bicluster(rows=[72, 89], cols=[ 1  2  3  6  7  8  9 16 22 24 25 28 29 30 31 32 34 35 36 38 39 41 45 49
 50 51 52 53 54 55 56 57 58 59 60 61 62 63 64 65 66 67 68 69 70 71 72 73
 74])
Bicluster(rows=[72, 90], cols=[ 0  3  7  8 10 15 20 24 27 32 33 39 44 48 50 52 53 56 57 58 59 65 67 68
 73])
Bicluster(rows=[72, 91], cols=[ 5  6 10 16 21 22 23 25 29 31 32 40 41 43 44 49 50 51 52 53 54 55 56 57
 58 59 60 61 62 63 64 65 66 67 68 69 70 71 72 73 74])
Bicluster(rows=[72, 92], cols=[ 1  3  8  9 12 15 17 21 22 23 27 30 34 35 36 39 46 49 51 54 61 62 63 64
 66 69 70 71 72 74])
Bicluster(rows=[72, 93], cols=[ 2  4  5  8 10 11 16 21 22 25 31 32 36 38 40 45 49 50 51 52 53 54 55 56
 57 58 59 60 61 62 63 64 65 66 67 68 69 70 71 72 73 74])
Bicluster(rows=[72, 94], cols=[ 2  4  5  8 10 11 12 16 18 21 23 24 25 27 29 32 35 40 41 44 46 49 50 51
 52 53 54 55 56 57 58 59 60 61 62 63 64 65 66 67 68 69 70 71 72 73 74])
Bicluster(rows=[72, 95], cols=[ 2  3  4  5  8 11 12 17 24 25 29 31 35 36 39 41 42 43 44 46 50 51 52 53
 54 55 56 57 58 59 60 61 62 63 64 65 66 67 68 69 70 71 72 73 74])
Bicluster(rows=[72, 96], cols=[ 0  1  3  7  9 14 15 20 26 28 30 39 44 48 50 52 53 54 58 61 64 65 67 68
 73])
Bicluster(rows=[72, 97], cols=[ 1  3  6 10 11 12 14 19 20 21 22 23 24 28 31 32 33 39 43 47 48 49 51 63
 66 69 71 72 74])
Bicluster(rows=[72, 98], cols=[ 0  4  5  6  9 10 16 19 25 26 30 31 33 38 43 45 48 50 52 53 54 56 57 58
 59 61 65 67 68 73])
Bicluster(rows=[72, 99], cols=[ 0  1  4  8  9 10 12 17 18 19 23 27 31 43 44 53 56 57 58 60 61 62 63 65
 66 67])
Bicluster(rows=[73, 74], cols=[ 0  2  4  5 10 11 19 21 24 27 29 31 33 34 38 39 44 47 48 49 50 51 52 53
 54 55 56 57 58 59 60 61 62 63 64 65 66 67 68 69 70 71 72 73 74])
Bicluster(rows=[73, 75], cols=[ 0  1  5  7  8  9 19 22 26 32 33 34 38 39 40 43 44 47 50 52 53 54 56 57
 58 59 61 62 64 65 67 68 70 73])
Bicluster(rows=[73, 76], cols=[ 1  2  7  9 10 11 13 14 18 19 21 27 32 36 37 39 44 46 47 49 51 54 61 62
 63 64 66 69 70 71 72 74])
Bicluster(rows=[73, 77], cols=[ 2  7  8  9 11 12 13 17 18 21 25 29 30 32 36 39 44 45 49 50 52 53 54 56
 57 58 59 61 62 63 64 65 67 68 69 70 71 73 74])
Bicluster(rows=[73, 78], cols=[ 1  3  4  7  9 13 15 19 22 24 25 27 28 34 36 39 46 50 52 53 56 57 58 59
 65 67 68 73])
Bicluster(rows=[73, 79], cols=[ 1  2  3  5  8  9 10 12 14 15 17 18 19 20 24 30 36 39 40 42 45 46 51 62
 63 66 69 70 71 72 74])
Bicluster(rows=[73, 80], cols=[ 0  1  4  5  6  7 11 14 15 16 19 21 22 29 32 34 39 40 44 45 48 49 50 52
 53 54 55 56 57 58 59 61 62 64 65 67 68 69 70 71 73])
Bicluster(rows=[73, 81], cols=[ 1  2  4  6  7 11 12 16 20 21 22 24 25 26 28 29 30 31 36 37 38 39 45 49
 50 52 53 55 56 57 58 59 65 67 68 73])
Bicluster(rows=[73, 82], cols=[ 0  3  6  7 13 17 19 23 27 31 34 40 41 43 45 46 48 50 52 53 54 56 57 58
 59 61 62 64 65 67 68 70 73])
Bicluster(rows=[73, 83], cols=[ 1  2  6  8 12 14 15 17 19 21 24 25 26 28 30 36 37 39 46 50 52 53 54 56
 57 58 59 61 62 64 65 67 68 70 71 73])
Bicluster(rows=[73, 84], cols=[ 0  2  3  5  8 10 15 21 22 25 26 27 30 31 32 37 43 44 46 47 48 50 52 53
 56 57 58 59 65 67 68 73])
Bicluster(rows=[73, 85], cols=[ 0  4  5  7 12 15 16 22 29 30 32 35 37 39 43 44 45 48 50 51 52 53 54 55
 56 57 58 59 60 61 62 63 64 65 66 67 68 69 70 71 72 73 74])
Bicluster(rows=[73, 86], cols=[ 2 10 14 15 18 19 22 24 25 26 28 30 32 36 38 39 44 47 49 50 52 53 56 57
 58 59 65 67 68 73])
Bicluster(rows=[73, 87], cols=[ 1  2  3  5  7  8  9 10 11 13 15 16 18 19 20 22 24 26 28 29 30 32 33 36
 37 44 47 48 50 51 52 53 54 55 56 57 58 59 60 61 62 63 64 65 66 67 68 69
 70 71 72 73 74])
Bicluster(rows=[73, 88], cols=[ 1  2  5  8 10 16 17 19 25 27 28 29 31 35 38 40 46 48 49 50 51 52 53 54
 55 56 57 58 59 60 61 62 63 64 65 66 67 68 69 70 71 72 73 74])
Bicluster(rows=[73, 89], cols=[ 0  1  9 12 16 18 25 26 27 28 29 30 32 37 38 39 42 46 47 49 50 51 52 53
 54 56 57 58 59 61 62 63 64 65 66 67 68 69 70 71 72 73 74])
Bicluster(rows=[73, 90], cols=[ 4  6 11 12 15 21 25 26 28 29 31 40 45 49 50 52 53 54 56 57 58 59 61 62
 64 65 67 68 70 73])
Bicluster(rows=[73, 91], cols=[ 0  6  7 14 15 22 24 26 27 28 31 32 35 36 37 38 42 44 45 46 49 51 63 66
 69 71 72 74])
Bicluster(rows=[73, 92], cols=[ 0  1  3  7  9 15 19 20 22 24 28 30 38 39 41 45 47 49 50 51 52 53 54 55
 56 57 58 59 61 62 63 64 65 66 67 68 69 70 71 72 73 74])
Bicluster(rows=[73, 93], cols=[ 1  4 12 13 15 17 21 25 28 31 38 43 44 50 52 53 56 57 58 59 65 67 68 73])
Bicluster(rows=[73, 94], cols=[ 1  2  4  5  6  8  9 10 13 14 15 17 18 19 25 26 27 28 32 33 39 43 44 46
 48 49 50 52 53 56 57 58 59 65 67 68 73])
Bicluster(rows=[73, 95], cols=[ 2  4  5  9 13 14 15 16 18 19 26 31 33 37 40 44 46 47 50 52 53 54 58 61
 64 65 67 68 73])
Bicluster(rows=[73, 96], cols=[ 1  2  5  6  8 10 14 15 17 18 19 21 22 24 28 36 39 40 44 47 49 50 52 53
 54 56 57 58 59 61 64 65 67 68 73])
Bicluster(rows=[73, 97], cols=[ 3  4  6 12 13 14 18 21 22 24 26 27 28 33 36 39 40 44 50 52 53 54 56 58
 61 64 65 67 68 73])
Bicluster(rows=[73, 98], cols=[ 3  9 12 14 15 17 24 30 33 38 40 44 45 47 50 52 53 54 56 57 58 59 61 62
 63 64 65 66 67 68 69 70 71 73 74])
Bicluster(rows=[73, 99], cols=[ 0  3  4 10 15 18 20 23 25 26 27 28 31 35 37 39 41 42 43 44 45 48 56 57
 58 60 64 65 68 71 72 73 74])
Bicluster(rows=[74, 75], cols=[ 0  1  3  4  5 13 14 15 16 18 24 28 30 33 34 36 37 41 42 45 46 49 50 52
 53 54 58 61 62 64 65 67 68 70 73])
Bicluster(rows=[74, 76], cols=[ 1  3  4  6  8 11 15 16 19 20 21 22 24 25 26 28 29 42 43 48 49 51 54 61
 62 63 64 66 69 70 71 72 74])
Bicluster(rows=[74, 77], cols=[ 0  9 12 15 20 22 29 32 34 50 51 52 53 54 55 56 57 58 59 60 61 62 63 64
 65 66 67 68 69 70 71 72 73 74])
Bicluster(rows=[74, 78], cols=[ 0  3  8 12 15 23 26 28 30 36 40 43 45 46 50 51 52 53 54 55 56 57 58 59
 60 61 62 63 64 65 66 67 68 69 70 71 72 73 74])
Bicluster(rows=[74, 79], cols=[ 3  8 12 14 17 22 29 30 31 35 36 38 46 50 51 52 53 54 55 56 57 58 59 60
 61 62 63 64 65 66 67 68 69 70 71 72 73 74])
Bicluster(rows=[74, 80], cols=[ 0  5 11 12 19 20 23 26 30 31 33 34 35 37 39 41 48 49 50 52 53 54 56 57
 58 59 61 64 65 67 68 73])
Bicluster(rows=[74, 81], cols=[ 4 11 14 15 16 23 26 27 28 29 32 35 37 50 51 52 53 54 55 56 57 58 59 60
 61 62 63 64 65 66 67 68 69 70 71 72 73 74])
Bicluster(rows=[74, 82], cols=[ 1  2 11 14 17 18 21 22 30 31 32 35 36 40 43 46 50 51 52 53 54 55 56 57
 58 59 60 61 62 63 64 65 66 67 68 69 70 71 72 73 74])
Bicluster(rows=[74, 83], cols=[ 3  9 12 15 17 18 22 23 26 27 28 32 34 35 40 45 50 51 52 53 54 55 56 57
 58 59 60 61 62 63 64 65 66 67 68 69 70 71 72 73 74])
Bicluster(rows=[74, 84], cols=[ 1  3  5  6 12 13 14 15 17 18 23 26 28 35 36 38 43 45 50 51 52 53 54 55
 56 57 58 59 60 61 62 63 64 65 66 67 68 69 70 71 72 73 74])
Bicluster(rows=[74, 85], cols=[ 1  6 10 12 14 18 29 33 36 43 44 45 46 50 52 53 56 57 58 59 65 67 68 73])
Bicluster(rows=[74, 86], cols=[ 1  3  8 12 14 15 17 18 26 29 35 36 38 43 46 50 51 52 53 54 55 56 57 58
 59 60 61 62 63 64 65 66 67 68 69 70 71 72 73 74])
Bicluster(rows=[74, 87], cols=[ 1  2  4  5  6  8 13 14 20 21 24 25 29 33 35 39 40 41 44 46 47 48 49 50
 51 52 53 54 55 56 57 58 59 60 61 62 63 64 65 66 67 68 69 70 71 72 73 74])
Bicluster(rows=[74, 88], cols=[ 1  2  3  4  5  6 10 11 13 14 17 22 26 27 30 31 32 35 38 41 42 44 48 50
 51 52 53 54 55 56 57 58 59 60 61 62 63 64 65 66 67 68 69 70 71 72 73 74])
Bicluster(rows=[74, 89], cols=[ 0  3  4  7  8 11 13 14 21 22 29 31 35 36 38 44 45 50 51 52 53 54 55 56
 57 58 59 60 61 62 63 64 65 66 67 68 69 70 71 72 73 74])
Bicluster(rows=[74, 90], cols=[ 0  1  2  3 10 12 14 18 23 24 26 29 30 31 34 35 36 44 45 46 50 51 52 53
 54 55 56 57 58 59 60 61 62 63 64 65 66 67 68 69 70 71 72 73 74])
Bicluster(rows=[74, 91], cols=[ 2  5  6 12 14 15 16 17 19 21 22 23 36 37 41 43 44 46 47 49 50 52 53 54
 58 65 67 68 73])
Bicluster(rows=[74, 92], cols=[ 4  8 12 14 17 20 24 25 26 29 31 36 37 40 44 46 50 52 53 54 56 57 58 59
 61 62 64 65 67 68 70 71 73])
Bicluster(rows=[74, 93], cols=[ 0  3  8 12 15 17 18 22 28 29 30 31 36 38 43 44 46 50 51 52 53 54 55 56
 57 58 59 60 61 62 63 64 65 66 67 68 69 70 71 72 73 74])
Bicluster(rows=[74, 94], cols=[ 0  3  9 15 17 23 26 28 30 35 36 45 50 51 52 53 54 55 56 57 58 59 60 61
 62 63 64 65 66 67 68 69 70 71 72 73 74])
Bicluster(rows=[74, 95], cols=[ 0  1  5  8  9 14 15 17 18 23 26 29 32 35 36 40 45 46 50 51 52 53 54 55
 56 57 58 59 60 61 62 63 64 65 66 67 68 69 70 71 72 73 74])
Bicluster(rows=[74, 96], cols=[ 5 10 16 19 20 24 25 29 33 37 39 44 46 47 49 50 52 53 54 56 58 61 64 65
 67 68 73])
Bicluster(rows=[74, 97], cols=[ 6  7  8 11 15 16 19 20 21 25 30 33 41 42 44 46 49 50 52 53 54 56 58 61
 64 65 67 68 73])
Bicluster(rows=[74, 98], cols=[ 0  4  5  6  7  8  9 10 12 13 14 15 16 17 18 23 31 32 34 36 38 40 43 45
 46 50 51 52 53 54 55 56 57 58 59 60 61 62 63 64 65 66 67 68 69 70 71 72
 73 74])
Bicluster(rows=[74, 99], cols=[ 1  2  3  6  8 11 12 13 16 17 18 21 29 31 42 50 52 53 56 57 58 60 61 62
 65 66 67 70])
Bicluster(rows=[75, 76], cols=[ 0  2  3  8 10 14 26 27 31 32 34 36 38 42 43 45 46 48 50 51 52 53 54 55
 56 57 58 59 60 61 62 63 64 65 66 67 68 69 70 71 72 73 74])
Bicluster(rows=[75, 77], cols=[ 1  4  7  9 10 15 16 17 26 27 28 31 33 41 44 50 51 52 53 54 55 56 57 58
 59 60 61 62 63 64 65 66 67 68 69 70 71 72 73 74])
Bicluster(rows=[75, 78], cols=[ 1  3  5  7 12 13 15 16 18 23 26 29 30 31 32 34 39 40 42 43 44 48 49 50
 51 52 53 54 55 56 57 58 59 60 61 62 63 64 65 66 67 68 69 70 71 72 73 74])
Bicluster(rows=[75, 79], cols=[ 0  1  2  3  5 10 13 15 18 28 30 32 34 36 38 42 44 46 48 50 51 52 53 54
 55 56 57 58 59 60 61 62 63 64 65 66 67 68 69 70 71 72 73 74])
Bicluster(rows=[75, 80], cols=[ 0  5  7  8 10 19 20 22 27 30 32 33 34 39 40 41 42 44 50 51 52 53 54 55
 56 57 58 59 60 61 62 63 64 65 66 67 68 69 70 71 72 73 74])
Bicluster(rows=[75, 81], cols=[ 1  2  5  7 10 14 15 18 19 23 27 38 39 45 50 51 52 53 54 55 56 57 58 59
 60 61 62 63 64 65 66 67 68 69 70 71 72 73 74])
Bicluster(rows=[75, 82], cols=[ 0  1  4  5  7 10 15 17 19 20 23 29 31 34 35 36 37 40 43 45 49 50 51 52
 53 54 55 56 57 58 59 60 61 62 63 64 65 66 67 68 69 70 71 72 73 74])
Bicluster(rows=[75, 83], cols=[ 1  4  8 10 11 12 13 16 17 18 19 20 23 24 27 29 31 39 41 42 47 49 50 51
 52 53 54 55 56 57 58 59 60 61 62 63 64 65 66 67 68 69 70 71 72 73 74])
Bicluster(rows=[75, 84], cols=[ 0  2  6  8 12 14 15 17 19 22 23 26 29 32 34 38 39 40 42 43 44 47 48 49
 50 51 52 53 54 55 56 57 58 59 60 61 62 63 64 65 66 67 68 69 70 71 72 73
 74])
Bicluster(rows=[75, 85], cols=[ 0  1  2  3  9 14 17 18 20 21 23 25 26 27 28 31 32 33 35 36 44 45 46 48
 50 51 52 53 54 55 56 57 58 59 60 61 62 63 64 65 66 67 68 69 70 71 72 73
 74])
Bicluster(rows=[75, 86], cols=[ 0  3  5 11 12 13 15 16 17 19 20 23 24 26 27 31 32 35 38 39 42 43 44 47
 50 51 52 53 54 55 56 57 58 59 60 61 62 63 64 65 66 67 68 69 70 71 72 73
 74])
Bicluster(rows=[75, 87], cols=[ 1  5  6  7  8  9 12 13 14 17 22 24 26 27 31 32 41 44 46 49 50 52 53 54
 56 57 58 59 61 64 65 67 68 73])
Bicluster(rows=[75, 88], cols=[ 3  5  6 15 18 20 25 26 27 29 30 34 35 36 45 47 48 50 51 52 53 54 55 56
 57 58 59 60 61 62 63 64 65 66 67 68 69 70 71 72 73 74])
Bicluster(rows=[75, 89], cols=[ 2  3  4  6  9 10 11 13 14 15 23 32 36 38 39 45 47 48 50 52 53 54 58 61
 65 67 68 73])
Bicluster(rows=[75, 90], cols=[ 4  7 11 12 13 14 16 18 20 22 23 26 27 30 32 33 35 39 41 42 46 50 51 52
 53 54 55 56 57 58 59 60 61 62 63 64 65 66 67 68 69 70 71 72 73 74])
Bicluster(rows=[75, 91], cols=[ 0  3  4  5  8  9 10 13 14 15 16 18 19 20 27 28 29 32 35 36 39 40 42 44
 46 47 50 51 52 53 54 55 56 57 58 59 60 61 62 63 64 65 66 67 68 69 70 71
 72 73 74])
Bicluster(rows=[75, 92], cols=[ 4  6  7  8  9 10 14 16 19 23 24 27 32 35 37 38 39 46 47 48 50 52 53 54
 56 57 58 59 61 62 63 64 65 66 67 68 69 70 71 72 73 74])
Bicluster(rows=[75, 93], cols=[ 1  2  3  5  7  8 10 11 14 16 20 23 27 30 32 35 38 42 43 44 45 46 50 51
 52 53 54 55 56 57 58 59 60 61 62 63 64 65 66 67 68 69 70 71 72 73 74])
Bicluster(rows=[75, 94], cols=[ 0  1  2  5  8  9 11 12 15 16 20 23 24 25 26 29 30 31 32 33 36 39 41 42
 43 44 47 50 51 52 53 54 55 56 57 58 59 60 61 62 63 64 65 66 67 68 69 70
 71 72 73 74])
Bicluster(rows=[75, 95], cols=[ 1  2  3  5  9 10 11 12 17 19 20 23 24 25 26 27 28 33 40 42 44 47 49 50
 51 52 53 54 55 56 57 58 59 60 61 62 63 64 65 66 67 68 69 70 71 72 73 74])
Bicluster(rows=[75, 96], cols=[ 3  4  5  8 11 12 13 16 17 19 20 23 24 25 26 27 31 33 35 39 40 41 42 44
 46 47 50 51 52 53 54 55 56 57 58 59 60 61 62 63 64 65 66 67 68 69 70 71
 72 73 74])
Bicluster(rows=[75, 97], cols=[ 2 13 15 16 17 19 20 23 25 26 29 30 31 32 33 35 39 40 41 42 43 44 46 50
 51 52 53 54 55 56 57 58 59 60 61 62 63 64 65 66 67 68 69 70 71 72 73 74])
Bicluster(rows=[75, 98], cols=[ 6  8  9 11 12 17 18 20 21 22 23 24 29 36 37 38 39 41 43 46 47 49 50 51
 52 53 54 55 56 57 58 59 60 61 62 63 64 65 66 67 68 69 70 71 72 73 74])
Bicluster(rows=[75, 99], cols=[ 0  1 10 11 15 18 19 25 27 28 30 34 35 42 44 46 47 50 52 53 55 59 64 67
 71 72 74])
Bicluster(rows=[76, 77], cols=[ 1  6 10 19 20 27 37 40 44 47 50 51 52 53 54 55 56 57 58 59 60 61 62 63
 64 65 66 67 68 69 70 71 72 73 74])
Bicluster(rows=[76, 78], cols=[ 3  4  6  8 11 15 17 19 20 22 25 26 27 28 29 31 34 37 41 43 44 48 50 51
 52 53 54 55 56 57 58 59 60 61 62 63 64 65 66 67 68 69 70 71 72 73 74])
Bicluster(rows=[76, 79], cols=[ 0  1  2  3  4  6 10 11 20 21 22 25 27 29 32 33 34 35 37 38 40 41 44 46
 48 49 50 51 52 53 54 55 56 57 58 59 60 61 62 63 64 65 66 67 68 69 70 71
 72 73 74])
Bicluster(rows=[76, 80], cols=[ 0  3  4  8 10 11 12 13 15 16 23 27 32 35 49 50 51 52 53 54 55 56 57 58
 59 60 61 62 63 64 65 66 67 68 69 70 71 72 73 74])
Bicluster(rows=[76, 81], cols=[ 1  2 10 12 16 17 25 27 28 30 31 33 34 35 41 45 47 49 50 51 52 53 54 55
 56 57 58 59 60 61 62 63 64 65 66 67 68 69 70 71 72 73 74])
Bicluster(rows=[76, 82], cols=[ 0  1  9 10 12 20 22 24 27 31 33 39 43 45 47 50 51 52 53 54 55 56 57 58
 59 60 61 62 63 64 65 66 67 68 69 70 71 72 73 74])
Bicluster(rows=[76, 83], cols=[10 15 25 30 33 40 50 51 52 53 54 55 56 57 58 59 60 61 62 63 64 65 66 67
 68 69 70 71 72 73 74])
Bicluster(rows=[76, 84], cols=[ 0  1  2  3  4  5  8 13 14 20 21 24 25 26 28 29 30 31 32 33 34 35 38 40
 41 42 43 48 50 51 52 53 54 55 56 57 58 59 60 61 62 63 64 65 66 67 68 69
 70 71 72 73 74])
Bicluster(rows=[76, 85], cols=[ 0  1  2  3  4  5  6  8 12 14 16 18 20 26 28 29 34 36 37 41 47 48 49 50
 51 52 53 54 55 56 57 58 59 60 61 62 63 64 65 66 67 68 69 70 71 72 73 74])
Bicluster(rows=[76, 86], cols=[ 0  1  4  6  8 22 25 26 27 28 29 30 31 32 33 37 38 40 41 42 43 50 51 52
 53 54 55 56 57 58 59 60 61 62 63 64 65 66 67 68 69 70 71 72 73 74])
Bicluster(rows=[76, 87], cols=[ 0  6  7  9 10 12 13 17 18 24 29 32 34 35 36 37 38 40 48 51 52 53 54 61
 62 63 64 66 67 69 70 71 72 73 74])
Bicluster(rows=[76, 88], cols=[ 3  9 13 16 17 18 19 20 22 26 27 33 36 39 48 49 50 51 52 53 54 55 56 57
 58 59 60 61 62 63 64 65 66 67 68 69 70 71 72 73 74])
Bicluster(rows=[76, 89], cols=[ 2  5  6  7  9 10 12 13 17 18 23 27 29 32 33 34 35 37 39 41 46 47 49 50
 51 52 53 54 55 56 57 58 59 61 62 63 64 65 66 67 68 69 70 71 72 73 74])
Bicluster(rows=[76, 90], cols=[ 1  3 14 15 19 24 25 26 27 29 30 31 32 37 46 47 50 51 52 53 54 55 56 57
 58 59 60 61 62 63 64 65 66 67 68 69 70 71 72 73 74])
Bicluster(rows=[76, 91], cols=[ 2  3  6  8 11 12 14 17 22 23 25 28 30 32 33 36 37 40 41 42 44 46 49 50
 51 52 53 54 55 56 57 58 59 60 61 62 63 64 65 66 67 68 69 70 71 72 73 74])
Bicluster(rows=[76, 92], cols=[ 3  8 12 13 14 15 21 22 27 28 29 30 35 38 44 45 46 50 52 53 54 56 57 58
 59 61 65 67 68 73])
Bicluster(rows=[76, 93], cols=[ 2  3  4  6  8  9 10 14 15 22 27 28 29 32 33 34 37 38 40 41 43 45 46 47
 49 50 51 52 53 54 55 56 57 58 59 60 61 62 63 64 65 66 67 68 69 70 71 72
 73 74])
Bicluster(rows=[76, 94], cols=[ 2  3  4  8 15 22 26 28 31 32 35 36 37 40 43 49 50 51 52 53 54 55 56 57
 58 59 60 61 62 63 64 65 66 67 68 69 70 71 72 73 74])
Bicluster(rows=[76, 95], cols=[ 1  3  4  7  8  9 14 17 18 19 20 23 24 25 28 30 34 35 36 37 43 44 47 52
 53 54 61 67 68 73])
Bicluster(rows=[76, 96], cols=[ 3  8 11 15 26 28 29 30 31 35 37 46 49 50 51 52 53 54 55 56 57 58 59 60
 61 62 63 64 65 66 67 68 69 70 71 72 73 74])
Bicluster(rows=[76, 97], cols=[ 0  5  8 10 11 13 14 15 16 19 21 25 27 30 36 38 39 42 44 45 48 49 54 61
 62 64 70])
Bicluster(rows=[76, 98], cols=[ 6  8 13 15 20 25 38 41 44 46 50 51 52 53 54 55 56 57 58 59 60 61 62 63
 64 65 66 67 68 69 70 71 72 73 74])
Bicluster(rows=[76, 99], cols=[ 0  1  2  4  6 11 12 13 14 17 18 20 22 23 24 27 32 35 39 41 42 45 46 48
 49 55 56 58 59 64 65 68 73])
Bicluster(rows=[77, 78], cols=[ 0  2  3  5  6  7  9 11 15 16 19 20 21 24 25 27 31 32 35 36 37 38 42 43
 44 46 50 52 53 54 55 56 57 58 59 60 61 62 64 65 67 68 70 73])
Bicluster(rows=[77, 79], cols=[ 1  2  5 10 11 12 15 17 20 24 25 27 28 33 37 40 42 44 49 50 52 53 56 58
 59 65 67 68 73])
Bicluster(rows=[77, 80], cols=[ 0  1  2  6 11 12 15 17 19 22 24 27 28 34 36 37 38 40 43 44 45 49 51 62
 63 66 69 70 71 72 74])
Bicluster(rows=[77, 81], cols=[ 1  2  5  7  8 10 15 21 24 25 27 29 30 32 33 36 42 43 45 47 49 50 51 52
 53 54 55 56 57 58 59 60 61 62 63 64 65 66 67 68 69 70 71 72 73 74])
Bicluster(rows=[77, 82], cols=[ 1  4  5  7  8 10 13 15 16 17 19 22 24 27 31 37 42 45 46 47 50 51 52 53
 54 55 56 57 58 59 60 61 62 63 64 65 66 67 68 69 70 71 72 73 74])
Bicluster(rows=[77, 83], cols=[ 2  3  4  5  9 10 11 12 16 17 21 22 25 27 30 31 32 34 36 38 39 40 41 42
 43 44 48 50 51 52 53 54 55 56 57 58 59 60 61 62 63 64 65 66 67 68 69 70
 71 72 73 74])
Bicluster(rows=[77, 84], cols=[ 1  2  4  6  8  9 18 20 21 23 25 26 27 31 32 33 36 37 38 42 43 44 50 52
 53 55 56 57 58 59 60 65 67 68 73])
Bicluster(rows=[77, 85], cols=[ 1  6  9 17 19 20 21 24 25 26 27 29 31 33 37 42 47 50 51 52 53 54 55 56
 57 58 59 60 61 62 63 64 65 66 67 68 69 70 71 72 73 74])
Bicluster(rows=[77, 86], cols=[ 0  1  2  5  6 12 15 16 17 18 21 25 27 30 31 32 34 35 36 37 40 43 46 49
 50 52 53 54 55 56 57 58 59 60 61 64 65 67 68 73])
Bicluster(rows=[77, 87], cols=[ 0  2  4  6  7  9 10 17 18 19 21 23 29 30 31 34 36 40 42 43 44 50 52 53
 54 56 57 58 59 61 62 64 65 67 68 70 73])
Bicluster(rows=[77, 88], cols=[ 3  4  8  9 16 17 18 23 24 25 29 30 31 33 36 39 41 47 54 61 62 63 64 66
 69 70 71 74])
Bicluster(rows=[77, 89], cols=[ 2  3  4  5  6  9 12 15 18 19 21 24 25 27 30 34 37 38 40 43 45 49 51 62
 63 64 66 69 70 71 72 74])
Bicluster(rows=[77, 90], cols=[ 3  5  7 12 13 16 19 21 23 25 26 27 29 30 31 35 36 37 41 42 48 49 50 52
 53 54 55 56 57 58 59 60 61 62 64 65 67 68 69 70 71 73])
Bicluster(rows=[77, 91], cols=[ 0  1  2  3  4  6  8 15 16 21 22 24 25 30 31 32 33 34 35 42 44 48 49 50
 52 53 54 55 56 57 58 59 61 65 67 68 73])
Bicluster(rows=[77, 92], cols=[ 0  3  4  5  7  9 10 16 27 30 34 40 44 45 49 50 51 52 53 54 55 56 57 58
 59 60 61 62 63 64 65 66 67 68 69 70 71 72 73 74])
Bicluster(rows=[77, 93], cols=[ 0  7 10 12 13 16 17 18 21 24 25 27 33 35 36 37 40 42 46 47 49 50 52 53
 54 55 56 57 58 59 60 61 64 65 67 68 73])
Bicluster(rows=[77, 94], cols=[ 1 10 12 15 16 18 19 21 25 31 33 34 37 38 40 45 46 49 50 51 52 53 54 55
 56 57 58 59 60 61 62 63 64 65 66 67 68 69 70 71 72 73 74])
Bicluster(rows=[77, 95], cols=[ 1  2  7  9 13 17 18 23 26 28 31 33 34 36 37 42 44 48 50 52 53 54 55 56
 57 58 59 60 61 62 64 65 67 68 73])
Bicluster(rows=[77, 96], cols=[ 0  2  3  4 11 12 16 17 18 21 26 30 31 33 34 36 37 38 39 41 42 43 44 49
 50 51 52 53 54 55 56 57 58 59 60 61 62 63 64 65 66 67 68 69 70 71 72 73
 74])
Bicluster(rows=[77, 97], cols=[ 0  3  5 10 11 12 15 16 17 21 24 27 31 32 33 34 35 36 37 38 44 45 49 50
 51 52 53 54 55 56 57 58 59 60 61 62 63 64 65 66 67 68 69 70 71 72 73 74])
Bicluster(rows=[77, 98], cols=[ 0  2  3  6  9 11 12 15 17 20 21 24 25 26 28 30 33 34 35 37 42 44 45 48
 49 50 51 52 53 54 55 56 57 58 59 60 61 62 63 64 65 66 67 68 69 70 71 72
 73 74])
Bicluster(rows=[77, 99], cols=[ 1  3  5  6 12 15 17 18 19 22 25 34 44 45 47 51 58 63 64 65 66 68 69 71
 73])
Bicluster(rows=[78, 79], cols=[ 2  3  4  5  8  9 11 13 16 19 20 22 24 25 27 29 30 34 37 39 41 42 44 45
 47 50 51 52 53 54 55 56 57 58 59 60 61 62 63 64 65 66 67 68 69 70 71 72
 73 74])
Bicluster(rows=[78, 80], cols=[ 1  3  4  7  8  9 11 14 15 21 24 30 34 39 40 42 45 46 47 50 52 53 54 56
 57 58 59 61 62 64 65 67 68 70 73])
Bicluster(rows=[78, 81], cols=[ 2  4  5  7 17 18 21 22 23 24 25 26 28 31 32 36 39 40 50 51 52 53 54 55
 56 57 58 59 60 61 62 63 64 65 66 67 68 69 70 71 72 73 74])
Bicluster(rows=[78, 82], cols=[ 5  7 19 22 23 27 29 30 31 34 35 36 39 40 41 43 49 50 51 52 53 54 55 56
 57 58 59 60 61 62 63 64 65 66 67 68 69 70 71 72 73 74])
Bicluster(rows=[78, 83], cols=[ 0  1  2  3  5  9 11 13 14 15 16 18 21 23 25 28 31 32 33 36 38 42 44 45
 47 49 50 52 53 54 55 56 57 58 59 60 61 62 64 65 67 68 70 73])
Bicluster(rows=[78, 84], cols=[ 2  3  4  6  9 10 12 15 20 21 22 23 25 26 27 28 29 31 33 34 36 37 39 42
 43 44 45 47 48 49 50 51 52 53 54 55 56 57 58 59 60 61 62 63 64 65 66 67
 68 69 70 71 72 73 74])
Bicluster(rows=[78, 85], cols=[ 3  4  6  8 18 19 20 23 24 26 28 35 37 41 48 50 51 52 53 54 55 56 57 58
 59 60 61 62 63 64 65 66 67 68 69 70 71 72 73 74])
Bicluster(rows=[78, 86], cols=[ 0  2  4  5  6  8  9 10 12 13 15 16 19 21 22 23 25 26 27 28 29 31 32 33
 35 36 37 39 42 43 45 46 49 50 51 52 53 54 55 56 57 58 59 60 61 62 63 64
 65 66 67 68 69 70 71 72 73 74])
Bicluster(rows=[78, 87], cols=[ 0  1  2  6  7  8  9 12 13 19 21 22 26 28 31 36 38 43 45 50 52 53 56 57
 58 59 65 67 68 73])
Bicluster(rows=[78, 88], cols=[ 3  5  7 14 16 17 19 20 24 25 30 33 35 38 48 50 51 52 53 54 55 56 57 58
 59 60 61 62 63 64 65 66 67 68 69 70 71 72 73 74])
Bicluster(rows=[78, 89], cols=[ 0  6  8 16 25 27 29 33 34 36 37 38 41 42 45 50 51 52 53 54 55 56 57 58
 59 60 61 62 63 64 65 66 67 68 69 70 71 72 73 74])
Bicluster(rows=[78, 90], cols=[ 0  3  4  5  7  9 13 16 18 21 23 25 26 27 31 36 37 39 42 45 50 51 52 53
 54 55 56 57 58 59 60 61 62 63 64 65 66 67 68 69 70 71 72 73 74])
Bicluster(rows=[78, 91], cols=[ 0  2  3  5  6 11 13 15 16 17 21 24 25 26 28 31 32 35 38 39 42 44 45 46
 50 51 52 53 54 55 56 57 58 59 60 61 62 63 64 65 66 67 68 69 70 71 72 73
 74])
Bicluster(rows=[78, 92], cols=[ 1  3  5  7  8  9 15 16 17 22 23 28 33 39 44 47 48 50 52 53 54 56 57 58
 59 61 64 65 67 68 73])
Bicluster(rows=[78, 93], cols=[ 0  1  3  4  5  7  8 11 15 16 19 20 21 22 23 24 25 27 28 29 30 36 37 39
 41 42 43 46 50 51 52 53 54 55 56 57 58 59 60 61 62 63 64 65 66 67 68 69
 70 71 72 73 74])
Bicluster(rows=[78, 94], cols=[ 0  1  3  4  5  7  9 12 13 14 15 16 19 21 22 23 25 26 27 28 30 31 37 39
 42 43 45 46 47 50 51 52 53 54 55 56 57 58 59 60 61 62 63 64 65 66 67 68
 69 70 71 72 73 74])
Bicluster(rows=[78, 95], cols=[ 0  4  7  8  9 12 13 15 19 21 23 25 26 29 30 36 37 38 40 42 45 46 47 49
 50 51 52 53 54 55 56 57 58 59 60 61 62 63 64 65 66 67 68 69 70 71 72 73
 74])
Bicluster(rows=[78, 96], cols=[ 0  1  2  3  5  7  9 10 11 12 13 14 15 16 21 22 23 28 29 31 36 38 40 42
 43 44 46 50 51 52 53 54 55 56 57 58 59 60 61 62 63 64 65 66 67 68 69 70
 71 72 73 74])
Bicluster(rows=[78, 97], cols=[ 0  1  3  4  7  8  9 11 13 14 21 22 23 24 26 27 28 30 31 32 35 36 37 38
 39 40 42 43 44 45 46 47 49 50 51 52 53 54 55 56 57 58 59 60 61 62 63 64
 65 66 67 68 69 70 71 72 73 74])
Bicluster(rows=[78, 98], cols=[ 6  8 14 15 18 22 23 35 36 39 40 44 45 49 50 52 53 54 55 56 57 58 59 60
 61 62 63 64 65 67 68 69 70 71 73 74])
Bicluster(rows=[78, 99], cols=[ 1  2  8  9 15 17 18 20 21 22 26 28 29 32 34 36 37 40 42 44 45 46 50 52
 53 59 61 64 67 71 72 74])
Bicluster(rows=[79, 80], cols=[ 0  5 10 11 16 18 24 30 31 32 35 47 48 50 51 52 53 54 55 56 57 58 59 60
 61 62 63 64 65 66 67 68 69 70 71 72 73 74])
Bicluster(rows=[79, 81], cols=[ 1  2  5  9 10 12 14 15 18 21 24 25 26 27 31 33 35 49 50 51 52 53 54 55
 56 57 58 59 60 61 62 63 64 65 66 67 68 69 70 71 72 73 74])
Bicluster(rows=[79, 82], cols=[ 0  1  9 10 14 15 17 19 20 22 23 27 33 36 39 50 51 52 53 54 55 56 57 58
 59 60 61 62 63 64 65 66 67 68 69 70 71 72 73 74])
Bicluster(rows=[79, 83], cols=[ 1  2  3  4  5  6  8  9 11 14 15 16 19 20 21 23 24 26 27 29 30 31 32 36
 39 44 45 47 55 56 57 59 60])
Bicluster(rows=[79, 84], cols=[ 0  1  2  4  7  9 14 15 18 20 21 25 29 31 32 34 35 36 37 38 39 40 41 42
 44 47 48 50 51 52 53 54 55 56 57 58 59 60 61 62 63 64 65 66 67 68 69 70
 71 72 73 74])
Bicluster(rows=[79, 85], cols=[ 0  1  2  3  6  8 16 17 19 20 24 29 37 41 44 48 49 50 51 52 53 54 55 56
 57 58 59 60 61 62 63 64 65 66 67 68 69 70 71 72 73 74])
Bicluster(rows=[79, 86], cols=[ 0  1  3  4  5  7  8  9 12 13 14 15 16 17 19 22 23 25 27 29 32 37 38 40
 45 46 49 50 51 52 53 54 55 56 57 58 59 60 61 62 63 64 65 66 67 68 69 70
 71 72 73 74])
Bicluster(rows=[79, 87], cols=[ 0  1  2  3  5  6  8  9 10 13 15 18 19 20 21 24 26 28 30 31 36 38 41 43
 49 51 62 63 66 69 70 71 72 74])
Bicluster(rows=[79, 88], cols=[ 3  5 14 15 16 20 22 24 25 31 50 51 52 53 54 55 56 57 58 59 60 61 62 63
 64 65 66 67 68 69 70 71 72 73 74])
Bicluster(rows=[79, 89], cols=[ 2  3  6  8 14 15 19 25 26 27 29 31 32 35 36 37 38 41 42 45 49 50 51 52
 53 54 55 56 57 58 59 60 61 62 63 64 65 66 67 68 69 70 71 72 73 74])
Bicluster(rows=[79, 90], cols=[ 4  9 12 14 18 20 25 27 30 31 39 42 45 46 50 51 52 53 54 55 56 57 58 59
 60 61 62 63 64 65 66 67 68 69 70 71 72 73 74])
Bicluster(rows=[79, 91], cols=[ 2  5  7 10 11 12 13 14 15 16 18 20 23 24 25 26 31 32 33 36 39 42 43 44
 45 46 49 50 51 52 53 54 55 56 57 58 59 60 61 62 63 64 65 66 67 68 69 70
 71 72 73 74])
Bicluster(rows=[79, 92], cols=[ 0  1  2  3  4  7  8  9 15 19 23 24 30 35 37 42 44 50 56 57 58 59 65 68])
Bicluster(rows=[79, 93], cols=[ 2  3  4  5  6  8  9 10 12 17 19 20 21 22 24 25 26 27 29 30 31 32 33 34
 36 37 38 39 40 41 42 43 46 49 50 51 52 53 54 55 56 57 58 59 60 61 62 63
 64 65 66 67 68 69 70 71 72 73 74])
Bicluster(rows=[79, 94], cols=[ 2  3  4  5  6 10 15 17 19 22 25 30 32 33 35 36 39 40 42 43 45 47 48 49
 50 51 52 53 54 55 56 57 58 59 60 61 62 63 64 65 66 67 68 69 70 71 72 73
 74])
Bicluster(rows=[79, 95], cols=[ 1  2  4  5  6  8 14 16 19 25 28 29 31 33 35 36 37 41 42 43 44 47 50 51
 52 53 54 55 56 57 58 59 60 61 62 63 64 65 66 67 68 69 70 71 72 73 74])
Bicluster(rows=[79, 96], cols=[ 3  5  9 16 17 19 29 33 42 44 46 50 51 52 53 54 55 56 57 58 59 60 61 62
 63 64 65 66 67 68 69 70 71 72 73 74])
Bicluster(rows=[79, 97], cols=[ 4  6  7  8 11 12 15 24 27 30 42 44 45 46 47 50 51 52 53 54 55 56 57 58
 59 60 61 62 63 64 65 66 67 68 69 70 71 72 73 74])
Bicluster(rows=[79, 98], cols=[ 8 11 14 15 17 20 22 23 24 29 33 36 37 39 41 42 43 44 47 50 53 56 57 58
 59 65 67 68])
Bicluster(rows=[79, 99], cols=[ 4  6  7  8 14 15 22 23 26 28 29 30 33 34 37 42 43 44 45 46 48 50 53 59
 64 67 71 72 74])
Bicluster(rows=[80, 81], cols=[ 4  9 10 11 12 13 15 16 18 19 20 27 33 35 39 40 42 49 50 51 52 53 54 55
 56 57 58 59 60 61 62 63 64 65 66 67 68 69 70 71 72 73 74])
Bicluster(rows=[80, 82], cols=[ 0  2  6  7  9 10 12 18 24 25 26 27 30 34 37 40 42 48 50 51 52 53 54 55
 56 57 58 59 60 61 62 63 64 65 66 67 68 69 70 71 72 73 74])
Bicluster(rows=[80, 83], cols=[ 1  3  8  9 10 15 18 19 20 27 35 39 41 42 45 47 50 51 52 53 54 55 56 57
 58 59 60 61 62 63 64 65 66 67 68 69 70 71 72 73 74])
Bicluster(rows=[80, 84], cols=[ 0  3  5  8  9 18 24 32 35 38 44 45 46 47 48 50 51 52 53 54 55 56 57 58
 59 60 61 62 63 64 65 66 67 68 69 70 71 72 73 74])
Bicluster(rows=[80, 85], cols=[ 0  5  7 15 16 18 23 24 25 26 32 38 39 40 44 45 46 47 48 50 52 53 54 56
 57 58 59 65 67 68 73])
Bicluster(rows=[80, 86], cols=[ 1  5  6  9 10 11 15 19 20 24 30 31 35 37 40 42 45 46 48 49 63 66 69 71
 74])
Bicluster(rows=[80, 87], cols=[ 3  5  8  9 15 16 18 20 27 32 33 35 42 44 45 48 49 50 52 53 54 56 57 58
 59 61 64 65 67 68 73])
Bicluster(rows=[80, 88], cols=[ 1  5  9 15 16 18 24 26 29 31 37 39 41 42 43 45 46 48 49 50 52 53 54 56
 57 58 59 61 65 67 68 73])
Bicluster(rows=[80, 89], cols=[ 0  4 10 12 13 17 19 23 26 27 31 32 34 35 38 40 42 44 45 49 50 51 52 53
 54 55 56 57 58 59 60 61 62 63 64 65 66 67 68 69 70 71 72 73 74])
Bicluster(rows=[80, 90], cols=[ 2  3  6  9 18 22 27 28 29 31 32 33 35 37 39 40 41 42 44 45 49 50 51 52
 53 54 55 56 57 58 59 60 61 62 63 64 65 66 67 68 69 70 71 72 73 74])
Bicluster(rows=[80, 91], cols=[ 3  5  8  9 11 12 18 24 27 32 37 38 45 49 50 51 52 53 54 55 56 57 58 59
 60 61 62 63 64 65 66 67 68 69 70 71 72 73 74])
Bicluster(rows=[80, 92], cols=[ 0  2  4  6 16 18 23 25 32 33 34 35 40 41 43 44 45 46 49 50 51 52 53 54
 61 62 63 64 66 67 68 69 70 71 72 73 74])
Bicluster(rows=[80, 93], cols=[ 4  5 10 15 18 24 27 30 31 32 42 44 50 51 52 53 54 55 56 57 58 59 60 61
 62 63 64 65 66 67 68 69 70 71 72 73 74])
Bicluster(rows=[80, 94], cols=[ 3  4  5  8  9 15 30 32 33 35 37 42 44 45 46 47 48 49 50 51 52 53 54 55
 56 57 58 59 60 61 62 63 64 65 66 67 68 69 70 71 72 73 74])
Bicluster(rows=[80, 95], cols=[ 5  9 10 15 16 18 20 27 30 33 35 38 40 44 45 46 47 50 51 52 53 54 55 56
 57 58 59 60 61 62 63 64 65 66 67 68 69 70 71 72 73 74])
Bicluster(rows=[80, 96], cols=[ 1  3  5  8  9 15 16 20 33 35 37 38 39 40 41 42 44 46 49 50 51 52 53 54
 55 56 57 58 59 60 61 62 63 64 65 66 67 68 69 70 71 72 73 74])
Bicluster(rows=[80, 97], cols=[ 1  6 14 20 21 22 27 28 30 37 39 40 41 42 45 46 50 52 53 54 55 56 57 58
 59 60 61 62 64 65 67 68 70 73])
Bicluster(rows=[80, 98], cols=[ 2  7  8 12 18 20 23 24 28 29 34 38 44 46 51 52 54 61 62 63 64 66 69 70
 71 72 73 74])
Bicluster(rows=[80, 99], cols=[ 1  6  8 10 12 13 15 17 19 21 31 33 34 37 41 42 45 46 48 50 51 52 53 55
 59 61 63 67 69])
Bicluster(rows=[81, 82], cols=[ 1  5  6  7  8  9 10 11 12 14 15 23 25 26 27 31 33 40 42 43 45 46 47 48
 50 51 52 53 54 55 56 57 58 59 60 61 62 63 64 65 66 67 68 69 70 71 72 73
 74])
Bicluster(rows=[81, 83], cols=[ 0  2  5  6  9 10 12 18 19 21 23 24 25 26 27 28 30 32 35 36 39 43 44 46
 50 51 52 53 54 55 56 57 58 59 60 61 62 63 64 65 66 67 68 69 70 71 72 73
 74])
Bicluster(rows=[81, 84], cols=[ 2  9 14 15 18 19 21 22 23 25 26 28 30 31 33 34 35 41 50 51 52 53 54 55
 56 57 58 59 60 61 62 63 64 65 66 67 68 69 70 71 72 73 74])
Bicluster(rows=[81, 85], cols=[ 1  2  5  7 13 14 17 22 24 25 29 30 34 35 39 40 49 50 52 53 54 58 61 62
 64 65 67 68 73])
Bicluster(rows=[81, 86], cols=[ 2  5  9 14 15 21 22 24 25 26 27 28 30 31 36 39 41 48 49 50 51 52 53 54
 55 56 57 58 59 60 61 62 63 64 65 66 67 68 69 70 71 72 73 74])
Bicluster(rows=[81, 87], cols=[ 1  2  7 10 11 14 20 22 23 24 26 27 28 29 30 31 34 35 37 41 42 43 50 52
 53 56 57 58 59 65 67 68 73])
Bicluster(rows=[81, 88], cols=[ 5  6  8 14 22 23 24 29 30 31 33 35 36 39 40 41 42 44 46 47 48 52 53 54
 61 62 64 67 68 70 73])
Bicluster(rows=[81, 89], cols=[ 2  4 10 11 12 14 15 24 26 27 31 35 40 42 47 48 49 50 51 52 53 54 55 56
 57 58 59 60 61 62 63 64 65 66 67 68 69 70 71 72 73 74])
Bicluster(rows=[81, 90], cols=[ 5  6  7  9 12 14 18 21 22 23 25 26 27 29 31 33 36 39 40 41 42 47 48 49
 50 51 52 53 54 55 56 57 58 59 60 61 62 63 64 65 66 67 68 69 70 71 72 73
 74])
Bicluster(rows=[81, 91], cols=[ 2 10 11 12 14 15 17 18 19 21 24 25 26 27 28 30 31 33 34 39 41 48 49 50
 51 52 53 54 55 56 57 58 59 60 61 62 63 64 65 66 67 68 69 70 71 72 73 74])
Bicluster(rows=[81, 92], cols=[ 5 13 17 18 19 20 21 22 23 27 28 30 38 39 44 45 49 50 52 53 54 55 56 57
 58 59 60 61 62 63 64 65 66 67 68 69 70 71 73 74])
Bicluster(rows=[81, 93], cols=[ 5  7  9 10 12 14 21 22 23 24 27 28 31 33 34 39 42 45 47 48 49 50 51 52
 53 54 55 56 57 58 59 60 61 62 63 64 65 66 67 68 69 70 71 72 73 74])
Bicluster(rows=[81, 94], cols=[ 1  2  5  6  7 22 23 26 28 35 39 41 42 48 50 51 52 53 54 55 56 57 58 59
 60 61 62 63 64 65 66 67 68 69 70 71 72 73 74])
Bicluster(rows=[81, 95], cols=[ 0  1  2  3  9 14 15 23 24 26 27 31 32 33 34 35 41 48 50 51 52 53 54 55
 56 57 58 59 60 61 62 63 64 65 66 67 68 69 70 71 72 73 74])
Bicluster(rows=[81, 96], cols=[ 5  6  7  9 19 20 22 23 24 28 29 30 32 33 36 39 40 42 43 48 50 51 52 53
 54 55 56 57 58 59 60 61 62 63 64 65 66 67 68 69 70 71 72 73 74])
Bicluster(rows=[81, 97], cols=[ 6  7  9 12 15 19 20 21 22 23 24 26 27 28 32 36 39 41 43 50 51 52 53 54
 55 56 57 58 59 60 61 62 63 64 65 66 67 68 69 70 71 72 73 74])
Bicluster(rows=[81, 98], cols=[ 0  4 12 14 16 18 22 23 24 25 31 39 40 41 42 44 50 51 52 53 54 55 56 57
 58 59 60 61 62 63 64 65 66 67 68 69 70 71 72 73 74])
Bicluster(rows=[81, 99], cols=[ 3  6 10 12 14 15 17 19 22 26 28 31 32 33 34 36 40 41 42 48 50 51 52 53
 59 61 63 67 69 71 74])
Bicluster(rows=[82, 83], cols=[ 3  4  7  8 10 13 16 17 18 22 32 33 38 40 42 44 50 51 52 53 54 55 56 57
 58 59 60 61 62 63 64 65 66 67 68 69 70 71 72 73 74])
Bicluster(rows=[82, 84], cols=[ 0  1 14 16 17 18 20 23 24 27 29 31 33 36 39 43 46 49 50 51 52 53 54 55
 56 57 58 59 60 61 62 63 64 65 66 67 68 69 70 71 72 73 74])
Bicluster(rows=[82, 85], cols=[ 0  1  4  5 14 18 19 20 21 25 26 38 43 46 48 52 53 54 61 62 64 67 68 70
 73])
Bicluster(rows=[82, 86], cols=[ 3  4  6  7 10 11 12 14 17 20 22 23 24 26 30 34 36 37 38 39 40 42 44 45
 47 62 69 70 71])
Bicluster(rows=[82, 87], cols=[21 26 28 30 34 37 41 50 51 52 53 54 56 57 58 59 61 62 63 64 65 66 67 68
 69 70 71 72 73 74])
Bicluster(rows=[82, 88], cols=[ 2  7  9 11 14 15 19 20 22 24 28 29 30 32 33 34 35 39 41 50 51 52 53 54
 55 56 57 58 59 60 61 62 63 64 65 66 67 68 69 70 71 72 73 74])
Bicluster(rows=[82, 89], cols=[ 0 10 11 12 14 15 16 19 20 21 22 26 27 28 31 33 34 36 40 41 42 47 48 50
 51 52 53 54 55 56 57 58 59 60 61 62 63 64 65 66 67 68 69 70 71 72 73 74])
Bicluster(rows=[82, 90], cols=[ 1  2  5  6  7  9 14 20 23 24 27 31 35 36 37 38 39 40 42 47 48 50 51 52
 53 54 55 56 57 58 59 60 61 62 63 64 65 66 67 68 69 70 71 72 73 74])
Bicluster(rows=[82, 91], cols=[ 0  1  4 10 12 14 15 20 22 29 31 33 35 37 39 48 50 51 52 53 54 55 56 57
 58 59 60 61 62 63 64 65 66 67 68 69 70 71 72 73 74])
Bicluster(rows=[82, 92], cols=[ 3  5 11 12 16 17 18 26 29 35 36 41 44 45 49 50 51 52 53 54 55 56 57 58
 59 60 61 62 63 64 65 66 67 68 69 70 71 72 73 74])
Bicluster(rows=[82, 93], cols=[ 7  9 10 12 13 16 17 18 19 20 22 23 24 26 27 33 35 36 39 41 42 45 47 48
 50 51 52 53 54 55 56 57 58 59 60 61 62 63 64 65 66 67 68 69 70 71 72 73
 74])
Bicluster(rows=[82, 94], cols=[ 6  7 13 16 17 19 23 27 36 37 38 39 42 43 46 48 50 51 52 53 54 55 56 57
 58 59 60 61 62 63 64 65 66 67 68 69 70 71 72 73 74])
Bicluster(rows=[82, 95], cols=[ 1  7 13 14 17 18 19 29 30 31 32 36 38 40 42 46 50 51 52 53 54 55 56 57
 58 59 60 61 62 63 64 65 66 67 68 69 70 71 72 73 74])
Bicluster(rows=[82, 96], cols=[ 0  4  6 14 17 18 19 20 23 31 35 36 37 40 42 43 48 50 51 52 53 54 55 56
 57 58 59 60 61 62 63 64 65 66 67 68 69 70 71 72 73 74])
Bicluster(rows=[82, 97], cols=[ 3  6  7 13 15 16 18 27 30 31 37 38 40 42 43 49 50 51 52 53 54 55 56 57
 58 59 60 61 62 63 64 65 66 67 68 69 70 71 72 73 74])
Bicluster(rows=[82, 98], cols=[ 2  4  5  7  9 12 15 16 18 20 21 24 31 34 36 39 41 43 45 47 52 53 54 61
 62 63 64 67 68 69 70 71 73])
Bicluster(rows=[82, 99], cols=[ 4  6 10 12 14 23 24 29 31 32 34 37 38 39 42 46 48 49 50 51 52 53 55 59
 61 63 67 69])
Bicluster(rows=[83, 84], cols=[ 3  7  8 11 12 16 17 18 19 23 25 26 28 30 33 35 37 40 45 47 49 50 51 52
 53 54 55 56 57 58 59 60 61 62 63 64 65 66 67 68 69 70 71 72 73 74])
Bicluster(rows=[83, 85], cols=[ 1  2  3  5  8 14 16 17 19 24 25 26 32 33 35 43 44 46 49 51 62 63 66 69
 70 71 72 74])
Bicluster(rows=[83, 86], cols=[ 2  4  5  7  9 11 12 13 17 20 21 24 25 30 31 33 36 39 40 42 45 47 50 52
 53 54 55 56 57 58 59 60 61 62 64 65 67 68 70 73])
Bicluster(rows=[83, 87], cols=[ 3  4  9 10 12 13 15 17 21 23 26 27 37 39 40 42 47 50 52 53 54 56 57 58
 59 61 62 64 65 67 68 70 73])
Bicluster(rows=[83, 88], cols=[ 0  7 18 20 21 22 25 26 27 29 32 33 37 43 47 50 51 52 53 54 55 56 57 58
 59 60 61 62 63 64 65 66 67 68 69 70 71 72 73 74])
Bicluster(rows=[83, 89], cols=[ 1  4  5  9 10 11 12 13 21 23 25 26 28 30 33 35 37 43 44 47 50 52 53 54
 58 61 64 65 67 68 73])
Bicluster(rows=[83, 90], cols=[ 3  4  5  6 11 12 13 15 18 20 21 23 25 26 28 34 36 38 42 50 51 52 53 54
 55 56 57 58 59 60 61 62 63 64 65 66 67 68 69 70 71 72 73 74])
Bicluster(rows=[83, 91], cols=[ 3  4  8  9 10 13 18 19 21 22 25 26 27 30 33 40 42 47 50 51 52 53 54 55
 56 57 58 59 60 61 62 63 64 65 66 67 68 69 70 71 72 73 74])
Bicluster(rows=[83, 92], cols=[ 1  3  4  5  9 15 16 17 18 19 23 24 27 28 30 39 43 44 47 50 51 52 53 54
 55 56 57 58 59 60 61 62 63 64 65 66 67 68 69 70 71 72 73 74])
Bicluster(rows=[83, 93], cols=[ 0  1  4  6  8 11 12 15 16 17 19 20 21 23 26 27 28 36 40 48 50 52 53 55
 56 57 58 59 60 65 67 68 73])
Bicluster(rows=[83, 94], cols=[ 1  3  6  8  9 14 15 16 17 20 21 23 24 25 26 28 29 31 34 38 40 42 45 47
 50 52 53 54 55 56 57 58 59 60 61 62 63 64 65 66 67 68 69 70 71 73 74])
Bicluster(rows=[83, 95], cols=[ 0  7  9 11 13 15 17 20 21 22 23 24 25 26 27 32 35 37 38 42 45 47 49 50
 51 52 53 54 55 56 57 58 59 60 61 62 63 64 65 66 67 68 69 70 71 72 73 74])
Bicluster(rows=[83, 96], cols=[ 1  2  3  6  7  8  9 11 12 13 14 15 17 19 20 21 23 24 27 28 30 31 32 34
 36 38 39 41 42 43 45 47 48 50 51 52 53 54 55 56 57 58 59 60 61 62 63 64
 65 66 67 68 69 70 71 72 73 74])
Bicluster(rows=[83, 97], cols=[ 1  3  5  6  7  9 11 12 13 14 16 17 20 21 23 26 28 29 31 32 34 36 38 39
 42 47 48 49 50 51 52 53 54 55 56 57 58 59 60 61 62 63 64 65 66 67 68 69
 70 71 72 73 74])
Bicluster(rows=[83, 98], cols=[ 0  9 11 12 15 17 18 20 23 24 25 29 34 42 44 47 49 50 51 52 53 54 55 56
 57 58 59 60 61 62 63 64 65 66 67 68 69 70 71 72 73 74])
Bicluster(rows=[83, 99], cols=[ 1  2  4  6  7  9 10 11 16 18 19 21 26 27 32 36 38 42 47 50 51 52 53 59
 61 62 63 66 67 69 70])
Bicluster(rows=[84, 85], cols=[ 1  2  3  5  8 17 20 23 24 28 34 37 41 44 48 50 51 52 53 54 55 56 57 58
 59 60 61 62 63 64 65 66 67 68 69 70 71 72 73 74])
Bicluster(rows=[84, 86], cols=[ 1  4  6  7  9 10 11 12 14 15 17 22 23 25 26 27 29 30 31 32 33 37 38 40
 41 42 43 44 45 47 49 50 51 52 53 54 55 56 57 58 59 60 61 62 63 64 65 66
 67 68 69 70 71 72 73 74])
Bicluster(rows=[84, 87], cols=[ 2  3  5  6 12 14 17 18 22 23 26 28 30 31 32 35 36 44 45 49 50 52 53 56
 57 58 59 65 67 68])
Bicluster(rows=[84, 88], cols=[ 0  4  8  9 10 14 15 18 25 27 33 35 36 38 39 41 42 52 54 61 64 67 73])
Bicluster(rows=[84, 89], cols=[ 0  2  3  6 10 11 12 14 15 22 23 24 25 26 27 28 32 33 35 36 37 38 41 46
 48 52 53 54 61 64 67 68 73])
Bicluster(rows=[84, 90], cols=[ 1  3  4  9 11 12 14 16 18 20 22 23 24 25 26 30 31 32 36 39 45 49 50 51
 52 53 54 55 56 57 58 59 60 61 62 63 64 65 66 67 68 69 70 71 72 73 74])
Bicluster(rows=[84, 91], cols=[ 1  2  3  5  7  8 10 14 15 18 19 21 25 26 29 30 31 32 33 39 40 41 42 44
 47 50 51 52 53 54 55 56 57 58 59 60 61 62 63 64 65 66 67 68 69 70 71 72
 73 74])
Bicluster(rows=[84, 92], cols=[ 3  6  8 18 19 21 22 23 28 29 30 32 36 47 50 52 53 54 56 57 58 59 61 62
 64 65 67 68 70 73])
Bicluster(rows=[84, 93], cols=[ 2  4  8 10 15 16 18 20 21 23 25 28 29 31 32 34 36 38 39 43 44 50 51 52
 53 54 55 56 57 58 59 60 61 62 63 64 65 66 67 68 69 70 71 72 73 74])
Bicluster(rows=[84, 94], cols=[ 2  3  4  5  8  9 10 11 15 16 17 22 23 25 26 27 28 32 35 36 39 40 41 42
 43 44 45 46 47 48 50 51 52 53 54 55 56 57 58 59 60 61 62 63 64 65 66 67
 68 69 70 71 72 73 74])
Bicluster(rows=[84, 95], cols=[ 1  2  4  5  7  9 11 14 15 17 18 19 23 25 26 29 31 34 35 36 37 41 42 44
 45 46 47 50 51 52 53 54 55 56 57 58 59 60 61 62 63 64 65 66 67 68 69 70
 71 72 73 74])
Bicluster(rows=[84, 96], cols=[ 3  7  8  9 10 12 17 18 19 22 23 28 29 30 31 35 36 44 45 47 50 51 52 53
 54 55 56 57 58 59 60 61 62 63 64 65 66 67 68 69 70 71 72 73 74])
Bicluster(rows=[84, 97], cols=[ 2  3  4  7  9 10 12 15 16 17 18 21 22 23 26 27 28 31 42 43 44 45 47 49
 50 51 52 53 54 55 56 57 58 59 60 61 62 63 64 65 66 67 68 69 70 71 72 73
 74])
Bicluster(rows=[84, 98], cols=[ 6  8 11 12 13 17 18 20 22 23 36 38 41 45 49 50 51 52 53 54 55 56 57 58
 59 60 61 62 63 64 65 66 67 68 69 70 71 72 73 74])
Bicluster(rows=[84, 99], cols=[ 4  7 11 13 14 15 16 19 20 24 26 29 30 34 39 43 44 45 49 50 52 53 59 61
 67 69 71 72 74])
Bicluster(rows=[85, 86], cols=[ 0  1  6  8 17 19 23 26 28 35 37 41 44 50 51 52 53 54 55 56 57 58 59 60
 61 62 63 64 65 66 67 68 69 70 71 72 73 74])
Bicluster(rows=[85, 87], cols=[ 5  6  7 12 14 15 16 19 22 29 30 32 36 37 38 44 45 48 50 51 52 53 54 55
 56 57 58 59 60 61 62 63 64 65 66 67 68 69 70 71 72 73 74])
Bicluster(rows=[85, 88], cols=[ 2  3  4  5 11 12 16 18 19 20 21 24 25 26 27 35 36 37 39 40 44 45 46 48
 49 50 51 52 53 54 55 56 57 58 59 60 61 62 63 64 65 66 67 68 69 70 71 72
 73 74])
Bicluster(rows=[85, 89], cols=[ 0  2  4  6  7  8 11 12 14 19 20 22 25 29 30 32 37 39 41 42 46 49 50 51
 52 53 54 55 56 57 58 59 60 61 62 63 64 65 66 67 68 69 70 71 72 73 74])
Bicluster(rows=[85, 90], cols=[ 1  4  7  8 10 11 12 14 15 18 19 20 22 25 29 32 36 39 40 45 50 52 53 54
 56 57 58 59 61 65 67 68 73])
Bicluster(rows=[85, 91], cols=[ 0  3  6  9 14 20 24 27 28 34 35 36 37 41 44 46 49 50 51 52 53 54 55 56
 57 58 59 60 61 62 63 64 65 66 67 68 69 70 71 72 73 74])
Bicluster(rows=[85, 92], cols=[ 5  7  8 10 13 15 16 17 18 22 26 29 30 33 39 47 49 52 53 54 61 62 63 64
 67 68 69 70 71 73 74])
Bicluster(rows=[85, 93], cols=[ 0  2  3  6  8 13 14 17 19 20 23 24 28 29 32 34 35 37 41 44 45 47 49 50
 51 52 53 54 55 56 57 58 59 60 61 62 63 64 65 66 67 68 69 70 71 72 73 74])
Bicluster(rows=[85, 94], cols=[ 0  2  3  4  9 13 17 19 23 25 28 31 33 36 37 44 48 49 50 51 52 53 54 55
 56 57 58 59 60 61 62 63 64 65 66 67 68 69 70 71 72 73 74])
Bicluster(rows=[85, 95], cols=[ 1  2  4  6  8  9 13 16 17 19 21 22 23 25 26 27 28 29 33 34 37 39 41 43
 44 50 51 52 53 54 55 56 57 58 59 60 61 62 63 64 65 66 67 68 69 70 71 72
 73 74])
Bicluster(rows=[85, 96], cols=[ 0  3 10 13 17 21 23 25 26 27 29 31 33 42 44 50 51 52 53 54 55 56 57 58
 59 60 61 62 63 64 65 66 67 68 69 70 71 72 73 74])
Bicluster(rows=[85, 97], cols=[ 0  2  3  6  8 17 23 24 25 28 33 35 37 41 44 50 51 52 53 54 55 56 57 58
 59 60 61 62 63 64 65 66 67 68 69 70 71 72 73 74])
Bicluster(rows=[85, 98], cols=[ 5  7  8  9 17 18 20 21 23 33 41 42 43 46 50 51 52 53 54 55 56 57 58 59
 60 61 62 63 64 65 66 67 68 69 70 71 72 73 74])
Bicluster(rows=[85, 99], cols=[ 3  4  8 11 14 17 22 29 34 40 44 45 46 48 50 53 56 57 58 60 61 62 66 67
 70])
Bicluster(rows=[86, 87], cols=[ 0  6  8  9 12 13 17 19 21 22 24 26 28 31 40 41 43 44 45 47 49 50 52 53
 56 58 59 65 67 68 73])
Bicluster(rows=[86, 88], cols=[ 3 14 25 26 27 29 33 35 44 47 50 51 52 53 54 55 56 57 58 59 60 61 62 63
 64 65 66 67 68 69 70 71 72 73 74])
Bicluster(rows=[86, 89], cols=[ 3  4  5  6  8  9 11 18 21 23 25 28 30 32 33 38 39 43 46 47 50 52 53 58
 65 67 68 73])
Bicluster(rows=[86, 90], cols=[ 1  4  5  9 11 12 13 14 16 20 21 25 26 27 31 35 36 37 39 41 44 45 48 49
 50 51 52 53 54 55 56 57 58 59 60 61 62 63 64 65 66 67 68 69 70 71 72 73
 74])
Bicluster(rows=[86, 91], cols=[ 0  1  2  5  6  7 10 13 14 15 16 20 21 25 26 28 30 31 32 34 35 37 39 40
 41 42 45 47 48 49 50 51 52 53 54 55 56 57 58 59 60 61 62 63 64 65 66 67
 68 69 70 71 72 73 74])
Bicluster(rows=[86, 92], cols=[ 0  5  8 16 22 23 24 29 30 34 35 39 47 49 50 52 53 54 55 56 57 58 59 60
 61 64 65 67 68 73])
Bicluster(rows=[86, 93], cols=[ 3  4  5  8 10 11 12 16 17 18 19 20 21 22 23 25 27 29 32 35 36 37 38 39
 40 43 44 46 48 50 51 52 53 54 55 56 57 58 59 60 61 62 63 64 65 66 67 68
 69 70 71 72 73 74])
Bicluster(rows=[86, 94], cols=[ 0  4  9 10 11 12 13 14 15 16 17 18 19 20 21 22 23 24 25 26 28 31 32 34
 37 39 40 41 43 44 45 46 47 49 50 51 52 53 54 55 56 57 58 59 60 61 62 63
 64 65 66 67 68 69 70 71 72 73 74])
Bicluster(rows=[86, 95], cols=[ 1  3  4  8  9 11 13 14 15 17 19 20 21 23 24 25 26 29 34 36 37 41 42 44
 46 47 48 50 51 52 53 54 55 56 57 58 59 60 61 62 63 64 65 66 67 68 69 70
 71 72 73 74])
Bicluster(rows=[86, 96], cols=[ 0  2  5  9 10 11 12 13 14 16 17 18 19 20 21 22 23 24 26 29 30 31 34 35
 36 39 43 44 46 47 48 49 50 51 52 53 54 55 56 57 58 59 60 61 62 63 64 65
 66 67 68 69 70 71 72 73 74])
Bicluster(rows=[86, 97], cols=[ 0  4  8  9 10 11 13 15 17 18 20 21 22 23 24 26 27 31 36 37 39 42 43 45
 46 48 49 50 51 52 53 54 55 56 57 58 59 60 61 62 63 64 65 66 67 68 69 70
 71 72 73 74])
Bicluster(rows=[86, 98], cols=[ 6  8  9 14 15 17 21 22 23 29 30 34 35 37 38 41 47 49 50 52 53 54 56 57
 58 59 61 64 65 67 68 73])
Bicluster(rows=[86, 99], cols=[ 0  6  9 10 12 13 14 15 18 19 23 24 26 27 28 29 32 34 37 38 39 42 43 46
 63 64 66 69 73])
Bicluster(rows=[87, 88], cols=[ 1  2  4  5  9 12 13 14 16 18 19 23 28 29 30 36 41 42 45 48 49 50 51 52
 53 54 55 56 57 58 59 60 61 62 63 64 65 66 67 68 69 70 71 72 73 74])
Bicluster(rows=[87, 89], cols=[ 1  6  8  9 10 13 14 17 18 21 26 28 29 30 32 34 35 37 43 44 50 51 52 53
 54 55 56 57 58 59 60 61 62 63 64 65 66 67 68 69 70 71 72 73 74])
Bicluster(rows=[87, 90], cols=[ 7 13 14 15 21 22 23 26 27 29 30 31 32 33 36 41 42 45 46 49 50 52 53 54
 56 57 58 59 61 65 67 68 73])
Bicluster(rows=[87, 91], cols=[ 0  2  3  4  5  6 10 11 13 14 21 26 28 31 32 34 38 41 42 45 46 47 49 50
 52 53 58 65 67 68 73])
Bicluster(rows=[87, 92], cols=[ 0  1  3  4  7  8  9 11 15 20 22 24 25 27 28 30 32 34 35 46 50 52 53 54
 56 57 58 59 61 62 63 64 65 66 67 68 69 70 71 72 73 74])
Bicluster(rows=[87, 93], cols=[ 7  8 10 14 15 18 19 22 23 27 28 32 34 36 40 42 43 44 50 53 56 57 58 59
 65 68])
Bicluster(rows=[87, 94], cols=[ 0  1  2  3  5  7  9 19 21 22 23 24 26 28 30 32 33 35 40 41 42 44 45 48
 50 52 53 56 58 65 67 68 73])
Bicluster(rows=[87, 95], cols=[ 2  5  7  9 15 16 17 18 19 20 21 23 24 26 27 31 33 34 35 36 38 41 44 50
 52 53 56 57 58 59 65 67 68 73])
Bicluster(rows=[87, 96], cols=[ 0  4  5  9 12 13 15 17 18 21 22 24 28 30 31 35 36 38 42 43 44 46 47 49
 50 52 53 54 56 57 58 59 61 64 65 67 68 73])
Bicluster(rows=[87, 97], cols=[ 0  3  9 10 13 17 18 20 21 22 23 24 25 26 28 31 33 38 41 43 44 45 46 49
 50 52 53 54 56 58 61 64 65 67 68 73])
Bicluster(rows=[87, 98], cols=[ 3  6  8  9 15 17 21 22 24 33 36 42 45 46 47 49 50 52 53 54 56 57 58 59
 61 62 64 65 67 68 70 73])
Bicluster(rows=[87, 99], cols=[ 3  6  8 10 11 12 13 14 17 18 20 24 26 29 31 34 37 44 46 48 56 57 58 60
 64 65 68 71 72 73 74])
Bicluster(rows=[88, 89], cols=[ 3  4  9 11 13 14 15 20 22 23 25 28 29 31 33 34 35 38 39 44 46 49 50 51
 52 53 54 55 56 57 58 59 60 61 62 63 64 65 66 67 68 69 70 71 72 73 74])
Bicluster(rows=[88, 90], cols=[ 4 11 13 14 20 23 25 29 30 31 34 36 37 39 40 41 42 43 45 47 49 50 52 53
 54 58 61 62 64 65 67 68 70 73])
Bicluster(rows=[88, 91], cols=[ 1  3  5 14 15 16 17 20 22 24 25 27 29 31 33 35 36 38 47 50 51 52 53 54
 55 56 57 58 59 60 61 62 63 64 65 66 67 68 69 70 71 72 73 74])
Bicluster(rows=[88, 92], cols=[ 6 11 12 13 17 27 29 31 35 41 43 47 48 50 51 52 53 54 55 56 57 58 59 60
 61 62 63 64 65 66 67 68 69 70 71 72 73 74])
Bicluster(rows=[88, 93], cols=[ 3  5  7 19 20 22 24 25 30 31 35 44 49 50 51 52 53 54 55 56 57 58 59 60
 61 62 63 64 65 66 67 68 69 70 71 72 73 74])
Bicluster(rows=[88, 94], cols=[ 1  6  9 11 12 15 17 19 23 28 30 34 37 39 41 42 45 46 48 49 50 52 53 54
 58 65 67 68 73])
Bicluster(rows=[88, 95], cols=[ 0  3  5  7 14 16 21 25 26 27 29 30 31 32 38 39 44 47 50 51 52 53 54 55
 56 57 58 59 60 61 62 63 64 65 66 67 68 69 70 71 72 73 74])
Bicluster(rows=[88, 96], cols=[ 1  2  3  4 13 16 17 18 19 20 28 30 36 37 39 45 49 52 53 54 61 64 67 68
 73])
Bicluster(rows=[88, 97], cols=[ 2  7 14 15 24 26 29 30 35 38 50 51 52 53 54 55 56 57 58 59 60 61 62 63
 64 65 66 67 68 69 70 71 72 73 74])
Bicluster(rows=[88, 98], cols=[ 0  4  6 10 13 14 18 20 21 24 25 28 29 31 32 35 38 47 50 51 52 53 54 55
 56 57 58 59 60 61 62 63 64 65 66 67 68 69 70 71 72 73 74])
Bicluster(rows=[88, 99], cols=[ 4  8 10 13 15 21 22 23 25 27 28 30 32 33 34 35 37 44 46 47 48 56 57 58
 64 65 68 71 72 73 74])
Bicluster(rows=[89, 90], cols=[ 0  8 14 16 20 25 27 31 32 35 36 37 40 42 43 44 45 46 47 48 50 51 52 53
 54 55 56 57 58 59 60 61 62 63 64 65 66 67 68 69 70 71 72 73 74])
Bicluster(rows=[89, 91], cols=[ 0 12 14 15 19 20 22 25 31 32 33 37 45 48 49 50 51 52 53 54 55 56 57 58
 59 60 61 62 63 64 65 66 67 68 69 70 71 72 73 74])
Bicluster(rows=[89, 92], cols=[ 1  4  5  8  9 22 23 28 30 31 32 34 36 39 40 44 45 47 49 50 52 53 54 61
 62 63 64 67 68 69 70 71 73 74])
Bicluster(rows=[89, 93], cols=[ 0  2  3  6  8 14 16 19 20 25 26 27 29 31 32 36 37 38 41 42 44 48 49 50
 51 52 53 54 55 56 57 58 59 60 61 62 63 64 65 66 67 68 69 70 71 72 73 74])
Bicluster(rows=[89, 94], cols=[ 0  2  6 16 19 20 24 25 27 32 35 36 37 42 45 49 50 51 52 53 54 55 56 57
 58 59 60 61 62 63 64 65 66 67 68 69 70 71 72 73 74])
Bicluster(rows=[89, 95], cols=[ 2  3  6  8 10 14 19 20 22 24 25 29 31 35 36 37 39 41 42 48 50 51 52 53
 54 55 56 57 58 59 60 61 62 63 64 65 66 67 68 69 70 71 72 73 74])
Bicluster(rows=[89, 96], cols=[ 1  3  7 11 12 13 21 23 28 29 30 34 35 39 43 47 49 54 61 62 64 70])
Bicluster(rows=[89, 97], cols=[ 0  2  6  8 15 16 20 24 27 37 42 45 48 50 51 52 53 54 55 56 57 58 59 60
 61 62 63 64 65 66 67 68 69 70 71 72 73 74])
Bicluster(rows=[89, 98], cols=[ 1  4  5  6  7  8 13 20 24 25 28 31 36 38 40 41 42 45 50 51 52 53 54 55
 56 57 58 59 60 61 62 63 64 65 66 67 68 69 70 71 72 73 74])
Bicluster(rows=[89, 99], cols=[ 4  6  7 13 14 15 16 17 18 19 22 23 25 26 27 28 33 35 36 37 39 40 41 42
 43 44 45 46 49 56 57 58 64 65 68 71 72 73 74])
Bicluster(rows=[90, 91], cols=[ 0  1  3 13 14 16 18 20 21 25 27 30 31 35 37 39 41 42 45 46 48 49 50 51
 52 53 54 55 56 57 58 59 60 61 62 63 64 65 66 67 68 69 70 71 72 73 74])
Bicluster(rows=[90, 92], cols=[ 1  2  8 11 12 13 14 18 19 24 26 29 31 33 41 44 46 47 48 50 52 53 54 58
 61 62 64 65 67 68 70 71 73])
Bicluster(rows=[90, 93], cols=[ 0  4  7  9 11 12 16 20 21 23 25 27 30 31 32 35 36 37 39 42 44 47 48 50
 51 52 53 54 55 56 57 58 59 60 61 62 63 64 65 66 67 68 69 70 71 72 73 74])
Bicluster(rows=[90, 94], cols=[ 0  3  4  7 11 13 16 21 23 25 26 30 32 33 34 37 39 41 42 45 49 50 51 52
 53 54 55 56 57 58 59 60 61 62 63 64 65 66 67 68 69 70 71 72 73 74])
Bicluster(rows=[90, 95], cols=[ 0  1  4  8  9 11 13 14 18 21 23 25 26 27 31 33 36 41 43 48 50 51 52 53
 54 55 56 57 58 59 60 61 62 63 64 65 66 67 68 69 70 71 72 73 74])
Bicluster(rows=[90, 96], cols=[ 0  3  5  6  7  9 11 12 13 15 16 21 22 23 28 29 30 33 34 35 36 37 40 42
 46 48 49 50 51 52 53 54 55 56 57 58 59 60 61 62 63 64 65 66 67 68 69 70
 71 72 73 74])
Bicluster(rows=[90, 97], cols=[ 0  2  3  4  7  8  9 11 12 13 16 21 22 23 26 27 31 33 34 37 39 41 42 45
 46 48 49 50 51 52 53 54 55 56 57 58 59 60 61 62 63 64 65 66 67 68 69 70
 71 72 73 74])
Bicluster(rows=[90, 98], cols=[ 0 10 11 12 15 18 20 22 23 25 31 33 34 36 37 39 40 41 42 45 46 50 51 52
 53 54 55 56 57 58 59 60 61 62 63 64 65 66 67 68 69 70 71 72 73 74])
Bicluster(rows=[90, 99], cols=[ 4  8  9 10 11 14 21 25 27 29 30 35 36 37 38 40 41 42 43 44 45 46 49 55
 56 57 58 64 65 68 71 72 74])
Bicluster(rows=[91, 92], cols=[ 0  3  4  9 16 17 18 19 27 30 35 36 46 47 49 50 52 53 54 55 56 57 58 59
 60 61 64 65 67 68 73])
Bicluster(rows=[91, 93], cols=[ 0  5 10 12 16 18 20 21 22 24 25 28 31 32 33 34 35 37 39 42 43 46 48 50
 51 52 53 54 55 56 57 58 59 60 61 62 63 64 65 66 67 68 69 70 71 72 73 74])
Bicluster(rows=[91, 94], cols=[ 0  3  5  8 10 13 15 16 20 21 22 25 26 28 29 32 34 36 37 38 39 40 41 42
 43 45 49 50 51 52 53 54 55 56 57 58 59 60 61 62 63 64 65 66 67 68 69 70
 71 72 73 74])
Bicluster(rows=[91, 95], cols=[ 1  2  5  6  9 16 18 25 26 27 31 34 38 41 42 43 44 47 48 50 51 52 53 54
 55 56 57 58 59 60 61 62 63 64 65 66 67 68 69 70 71 72 73 74])
Bicluster(rows=[91, 96], cols=[ 0  2  3  4  5  8 10 13 16 19 20 21 27 30 33 34 37 38 42 44 46 47 48 49
 50 51 52 53 54 55 56 57 58 59 60 61 62 63 64 65 66 67 68 69 70 71 72 73
 74])
Bicluster(rows=[91, 97], cols=[ 0  3 10 12 13 15 18 19 21 24 26 28 29 31 35 37 38 39 40 41 42 44 45 46
 48 49 50 51 52 53 54 55 56 57 58 59 60 61 62 63 64 65 66 67 68 69 70 71
 72 73 74])
Bicluster(rows=[91, 98], cols=[ 0  2  3 12 14 15 19 20 21 24 25 30 34 35 39 40 42 43 44 45 46 48 49 50
 52 53 54 56 57 58 59 61 64 65 67 68 73])
Bicluster(rows=[91, 99], cols=[ 0  5  8 10 13 18 19 20 24 27 30 31 34 35 37 38 39 44 47 54 61 62 63 69
 70 71 72 74])
Bicluster(rows=[92, 93], cols=[ 1  7  8 15 16 17 21 23 26 27 28 29 31 32 36 38 40 41 46 52 53 54 61 62
 64 67 68 70 73])
Bicluster(rows=[92, 94], cols=[ 0  2  3  4  5  8 11 12 13 15 19 21 22 23 25 28 30 31 33 38 39 45 46 47
 51 63 66 69 71 72 74])
Bicluster(rows=[92, 95], cols=[ 1  4  5 11 13 14 16 17 18 19 28 29 30 33 36 37 38 40 43 44 46 48 51 62
 63 66 69 70 71 72 74])
Bicluster(rows=[92, 96], cols=[ 0  1  3  4 15 16 19 22 23 24 28 29 30 34 35 39 46 47 49 50 52 53 54 55
 56 57 58 59 60 61 62 64 65 67 68 69 70 71 73])
Bicluster(rows=[92, 97], cols=[ 0  1  5 16 18 19 21 22 28 29 34 35 39 45 46 49 50 51 52 53 54 55 56 57
 58 59 60 61 62 63 64 65 66 67 68 69 70 71 72 73 74])
Bicluster(rows=[92, 98], cols=[ 1  4  5 14 16 17 18 26 27 28 33 36 40 45 46 48 50 51 52 53 54 58 61 62
 63 64 66 67 68 69 70 71 72 73 74])
Bicluster(rows=[92, 99], cols=[ 0  3  6  8 11 14 20 24 29 34 38 39 40 41 45 46 51 56 57 58 60 63 64 65
 66 68 69 71 73])
Bicluster(rows=[93, 94], cols=[ 0  1  2  3  4  5  6  7  8 10 13 15 16 17 19 20 21 22 23 25 28 30 32 37
 39 40 42 43 44 48 49 50 51 52 53 54 55 56 57 58 59 60 61 62 63 64 65 66
 67 68 69 70 71 72 73 74])
Bicluster(rows=[93, 95], cols=[ 2  3  4  5  6  7  8 13 15 18 19 23 25 27 29 31 34 36 37 42 44 48 50 51
 52 53 54 55 56 57 58 59 60 61 62 63 64 65 66 67 68 69 70 71 72 73 74])
Bicluster(rows=[93, 96], cols=[ 0  1  3  5  7 11 12 15 16 18 19 23 28 29 33 36 37 42 46 48 50 51 52 53
 54 55 56 57 58 59 60 61 62 63 64 65 66 67 68 69 70 71 72 73 74])
Bicluster(rows=[93, 97], cols=[ 0  1  2  4  6  7  8 10 11 12 16 18 21 23 27 28 30 35 37 42 43 46 48 50
 51 52 53 54 55 56 57 58 59 60 61 62 63 64 65 66 67 68 69 70 71 72 73 74])
Bicluster(rows=[93, 98], cols=[ 1  2  3  6  7  8 12 16 17 22 24 26 28 29 30 32 34 36 37 39 40 43 49 62
 64 70])
Bicluster(rows=[93, 99], cols=[ 0  2  7 13 15 19 21 22 23 28 32 33 37 38 41 47 48 49 51 63 64 69 73])
Bicluster(rows=[94, 95], cols=[ 2  4  5  6  7  9 11 12 13 14 15 17 19 20 21 23 24 25 26 30 33 34 35 36
 37 38 41 42 44 45 46 47 50 51 52 53 54 55 56 57 58 59 60 61 62 63 64 65
 66 67 68 69 70 71 72 73 74])
Bicluster(rows=[94, 96], cols=[ 0  1  3  5  6  7  8  9 10 14 15 17 19 20 21 22 23 24 28 31 33 34 35 37
 42 44 45 47 49 50 51 52 53 54 55 56 57 58 59 60 61 62 63 64 65 66 67 68
 69 70 71 72 73 74])
Bicluster(rows=[94, 97], cols=[ 0  1  3  4  6  7  9 10 13 14 16 20 21 22 23 24 26 27 28 29 31 33 34 37
 38 41 42 43 44 45 47 49 50 51 52 53 54 55 56 57 58 59 60 61 62 63 64 65
 66 67 68 69 70 71 72 73 74])
Bicluster(rows=[94, 98], cols=[ 8 11 14 23 24 29 36 37 39 41 43 45 50 51 52 53 54 55 56 57 58 59 60 61
 62 63 64 65 66 67 68 69 70 71 72 73 74])
Bicluster(rows=[94, 99], cols=[ 0  2  7  8  9 12 13 14 15 18 19 22 23 26 28 32 34 35 36 37 40 46 49 51
 63 64 66 69 71 73])
Bicluster(rows=[95, 96], cols=[ 5  7  9 13 14 15 16 17 18 19 20 21 23 24 25 26 27 29 31 32 33 34 35 36
 38 40 42 44 45 47 48 50 51 52 53 54 55 56 57 58 59 60 61 62 63 64 65 66
 67 68 69 70 71 72 73 74])
