Dataset shape: (100, 75)
[[ 0.75281461 -0.97179794 -0.10431906 ...  0.84883531  0.47574715
   1.33869145]
 [-1.5451681  -1.6351315  -1.58987997 ...  0.16625263  0.42378401
   0.25391182]
 [-1.50052121  1.54459829  0.01290537 ...  2.20491671  0.09140994
  -0.63589679]
 ...
 [-2.61291592 -0.74627124 -0.67820006 ... -0.69963555 -0.61757263
  -0.59630022]
 [-1.32268962  0.11445197  1.19892483 ...  1.36400454 -0.86386691
  -1.44137749]
 [-0.81738306 -0.14607298 -0.33196456 ...  0.26872318  0.31547156
   0.51858288]]
normal BCCA:
0.9045280591068854
0.9050633431715034
0.902435718459045
0.9027452834470152
0.9039062288402593
0.9078101229596781
0.9092425867259313
0.9018660339563803
0.9119775693151274
0.9014860594085113
0.9023943495808353
0.9038823723913136
0.902284885323451
0.9063060122174782
0.9031197099009118
0.9067374244128761
0.906161019626711
0.9073707500626225
0.9050868031985272
0.9059490856617095
0.9101497975166507
0.9019178253839517
0.9224656424455171
0.9016085745295519
0.903990096711182
0.9018075563417475
0.9051844897970432
0.9019161789924077
0.9032092142528476
0.9065126640994768
0.9035906448360106
0.9017616118565908
0.900272515224672
0.906421853832766
0.9000976046624148
0.9015154310789338
0.9022062170208549
0.9035334884225028
0.9005483287135149
0.9002256863335372
0.9002454231872151
0.9040794962695682
0.9055014313205105
0.9005071414312711
0.9021259488302936
0.9036778171365313
0.9037467597811423
0.9042070655090211
0.9046452439523835
0.90823921887205
0.9059053123815226
0.9089457267568603
0.9120564527454643
0.90371586935949
0.9005016104787202
0.9033013702384585
0.9035949220919289
0.9043293742249631
0.911860464889853
0.9091657879354768
0.9012597029615892
0.9007981361750953
0.9122477516758943
0.9027849613537983
0.901525685278945
0.9149091791430637
0.9070337897578249
0.9026412155194043
0.9040638407610776
0.9031241292441188
0.9055316838258977
0.9019123570887574
0.9042620376541047
0.9000171326374026
0.9019220639309754
0.9061541653283817
0.9068887299368124
0.9130389167135861
0.905550445420146
0.9076588402821162
0.9004796208878222
0.9073358210180945
0.906006934060694
0.9067484314375773
0.9054617287174827
0.9000243481043945
0.9002066679187468
0.9025264229143903
0.906782169973962
0.9111421231955893
0.9077594212959935
0.9125682046813723
0.9007865922330245
0.9059774669623464
0.900104740357086
0.9028639053598096
0.9000483602905136
0.9032419982882323
0.9039063204501183
0.9085556236847376
0.9031228568569757
0.9066403301486484
0.9034023332552518
0.9001510727915832
0.9008791852076276
0.9063229535804244
0.901934046352066
0.9066442081241822
0.9084327294236753
0.9075261073926966
0.90175251734624
0.9025523465228702
0.905464147157551
0.9047318996523896
0.9008022244988613
0.9012313818751877
0.9052926364414479
0.9018889347203707
0.9016367996576561
0.9000698671705161
0.905133416187431
0.9040937608634992
0.9044825485104084
0.9034132879562661
0.9056959483107889
0.9035389879102736
0.9072057949377411
0.9048976756237546
0.9064473107917508
0.9115066969013603
0.9047175944583474
0.9067956098475334
0.9059139100753492
0.9026598445240958
0.907641189879086
0.9034858512269504
0.9072167738160803
0.9066339755201457
0.9010615266133172
0.9042669002316118
0.9034142720069139
0.9106917838377397
0.9031320981710372
0.9064240099201446
0.9039055072805631
0.9040435273833494
0.9008969928504559
0.9040624644387322
0.901983161493965
0.9032824514584175
0.9024312617357267
0.9000898383426359
0.9079214086848069
0.9017629903673594
0.900112079936503
0.9067381071141822
0.9011127297289907
0.9069584103114215
0.9044948643159391
0.9092284331376523
0.9008480781417609
0.9051266191835461
0.904284472257233
0.9051860519768145
0.9046445530254221
0.9011978371146724
0.9041985949194046
0.9024976390513942
0.9040527571826252
0.9004520197834572
0.9020453783567288
0.9072404192195189
0.91145736175622
0.902065306833255
0.9061418722557226
0.9019656097807384
0.9042555153857597
0.9000784421251193
0.9048250528725303
0.9100144381912213
0.9082127988533645
0.9027656630473803
0.9067366763824122
0.9042334904969215
0.9069162129000622
0.9007417382615027
0.9024902596573455
0.9024017863458035
0.9030804986477603
0.9016634944405791
0.9038266034135235
0.9024636077950374
0.9004751424033651
0.9046992190051023
0.9044453165305588
0.9045168885605237
0.9036518864379185
0.9056327784117318
0.9009086210792661
0.9016500179555866
0.9092048840560409
0.9007976295900554
0.9011967753333044
0.9083411868995374
0.9039545245001978
0.9020533618789671
0.9060355731087576
0.9034643871416237
0.9034005228259727
0.9070011815040699
0.9031945095725781
0.9066924058217104
0.9021137979664106
0.9057608370131403
0.9023137951864739
0.9011045250670978
0.9050512810149551
0.9095006118092505
0.9046873633097451
0.9057695919236416
0.9036851389624257
0.9025870955259828
0.9052981895595636
0.9045105618684118
0.9074168754494015
0.9047686715833109
0.9050055969529854
0.9082481917962357
0.907876100882607
0.9067687452080013
0.901715497819151
0.9024375247936812
0.9080729021563674
0.9025058915798811
0.9050084839203144
0.9021865710542806
0.9067354373103004
0.9069202262007451
0.9059979230502448
0.9036538616365346
0.9014718159607216
0.9039604767107756
0.9096890312956684
0.9092051041372434
0.9056269658617788
0.904623884444515
0.9099253875485575
0.9078989263255813
0.9034426332171149
0.9030618341945242
0.9012390973140151
0.9044641579183654
0.9062105214342632
0.9123423050252976
0.9076530267617376
0.9041168379622148
0.9017701802963182
0.9094181025123611
0.9066331655649565
0.9034966368017147
0.9168603587649239
0.9040536536379331
0.9143988648052468
0.9042017419132232
0.9137861451140897
0.9028927575992117
0.9067625088233373
0.906387299807821
0.9082984585299574
0.9004764676097539
0.9050118002123522
0.9067827774407928
0.9070813520955157
0.9021661755178575
0.9005018079016649
0.9130175545866623
0.9027631678346622
0.9038086105278633
0.9027375255674979
0.9082678150115898
0.90208323475921
0.9068367708864788
0.9011466239141679
0.9012011183850325
0.9043074478940308
0.9040078848208758
0.9060838925072631
0.9023131019278423
0.9018487996293582
0.9080776431408419
0.905938337177226
0.9089903476749089
0.9087700278133006
0.9082790162708455
0.900655907544976
0.9061847024579747
0.9015063596650434
0.9056534461033015
0.9086962961824899
0.9098666985076392
0.9039271670318643
0.9062994221630426
0.9067955394502596
0.9064176242827989
0.9083417955965164
0.9022181298425572
0.9103245749249027
0.9062906032470568
0.9036905442102197
0.9000105549269002
0.9028708455542919
0.9022919167754108
0.9015917290389875
0.9026854682451242
0.9056038561852663
0.9026093222359687
0.9042760414544282
0.9069413822372221
0.9018596275292048
0.909511215400443
0.907395947160241
0.905639463858501
0.9018850450771378
0.9072824407123731
0.9023071885525271
0.9060056814254486
0.9063048406490571
0.9091411674188002
0.9001262455662552
0.9025508335004722
0.914177087523351
0.9024317781427685
0.9047674654237404
0.9018662586883159
0.9042026201671634
0.9097359827028387
0.9006753864376531
0.9007501036023768
0.9021292905529232
0.9035090492978235
0.9035580922972016
0.9099512911962544
0.9030428092994843
0.9021787585230872
0.9007133496098637
0.9037978372387329
0.9077605381973026
0.9060979155648371
0.9069024605769744
0.9091743154715387
0.9074077742582307
0.9010918117738205
0.9095193774624417
0.9081095185313914
0.9084353892995777
0.90617116831588
0.9064776161869492
0.9016623930055979
0.9012487388096365
0.9005281474912054
0.9036634869749752
0.9051546247835752
0.9104445434137062
0.9051813810318626
0.9045326133444558
0.9056299198511086
0.9017125062203419
0.9019641752153216
0.9067311858511051
0.9062093091845752
0.9074324042488495
0.9061677981110084
0.9007998549140306
0.9002848882475849
0.902856897964192
0.9080352720268275
0.9028414785422108
0.9043413877264843
0.9016155605521823
0.9090693861336275
0.9008914089293185
0.902425681096447
0.9065661952501677
0.9072720270326271
0.9024738572706189
0.9058758426202447
0.9042137402274701
0.9071875393014094
0.9034489084716195
0.9013257492171857
0.9040749759946155
0.9018867708246919
0.9033875897362552
0.9028877911635801
0.9077542515054617
0.9030961013798695
0.910281541995183
0.9002941584661913
0.9055707051559551
0.9066945422832399
0.9220244796970608
0.9027816992022039
0.900611776081661
0.9065694373297456
0.9001225926173163
0.9045958651862746
0.9044960152901527
0.9250485790201877
0.9034333264799165
0.9072897882114095
0.9109534808583352
0.9036524642566088
0.9005876227772424
0.9071352225458456
0.9090991068321577
0.9044101733767639
0.906483955367849
0.9043941907233801
0.9085961435500707
0.9123596153738938
0.9015157864468782
0.9050727882551305
0.9061968305378097
0.9009969853300752
0.904612526827906
0.9011314703407443
0.9003967471473027
0.9057555432424749
0.9061332152221302
0.9021958536218598
0.9102262137543147
0.9038776861159983
0.9037354108560824
0.9027081776195564
0.9081637234515822
0.9061996539823632
0.904991799473223
0.9006523198468959
0.9029487668290276
0.9035334445228409
0.9031140881267089
0.9059871739935077
0.9037304419896602
0.9048421480989983
0.9056472553064114
0.9004502063818209
0.9019508986677318
0.9064282427238849
0.9001394641693711
0.9067327113959307
0.9049556428203026
0.9074175276505507
0.9010933771235663
0.9023037389737224
0.905569878355772
0.9022256322292479
0.9001349080670835
0.9072256169578254
0.9044755003757103
0.9015239084589828
0.900004246212879
0.9083823305219599
0.9006417819254413
0.9023751018462903
0.9102346641929919
0.9028587486829429
0.9020798812729052
0.9071312122523467
0.9027826922775005
0.9059042620240428
0.9098665556466646
0.9135922332778673
0.9016899779655377
0.9055380976964313
0.9084845419274057
0.9049119912621266
0.9000126192771752
0.9041253883649788
0.9000422922272242
0.9040121331699161
0.9042462990651038
0.9092530916751769
0.9046389525093438
0.9064240424851596
0.9007970326308896
0.9110597608320689
0.9090418275898849
0.9101321940353001
0.9095263155529978
0.9102054510173517
0.9018691501463564
0.9033604007128466
0.9004399473321113
0.9107366972362019
0.9060600395390188
0.9032887431747814
0.9041343341345056
0.9062976160464876
0.9039280131275371
0.9024272204574563
0.9015069434667549
0.9113952650836792
0.9026648651087742
0.9028436159004715
0.9110563882878061
0.9040736215373373
0.9003584117379807
0.904875413866769
0.9049209391316091
0.9011457417299734
0.9117785374512932
0.9132797757285336
0.9034182313400448
0.9097435329017334
0.9085143340350555
0.9018736315588419
0.90830343494565
0.9074007735547334
0.9101678985624871
0.9039071893657862
0.9002355578706301
0.9003407323700835
0.9055269388752313
0.9055446758815876
0.9078722513202185
0.903975665755033
0.9072845047379756
0.900835940432791
0.9051391002287209
0.9039415809259957
0.9075734770195614
0.9058165934648267
0.9051046703040526
0.9009643729332184
0.9088637084102454
0.9032831505742578
0.9056758868472814
0.9047545139320512
0.9050775456040848
0.9006964017092743
0.901421240336878
0.9026701369400797
0.9051536067804745
0.9018990199879515
0.9038145847376835
0.9011243661655077
0.902609792951281
0.9054248216649781
0.9062002308288777
0.9009991765384894
0.9034278723476132
0.9038556460928485
0.905129071619585
0.9046110085864898
0.9099128148518336
0.9002823380361396
0.9027681579753126
0.9040191449590625
0.9047124147000427
0.9073440841099972
0.9038361300655056
0.9013368000899143
0.9018197097958971
0.9022968432912848
0.9012318059165101
0.9036306892910946
0.9024481171937102
0.909591887422717
0.9046887602504358
0.9054606897773767
0.9057839881235064
0.9029109139784506
0.9050105061481842
0.9032707694881601
0.9008582889769351
0.9001623051790101
0.9055623223982179
0.903001337836737
0.9043188601220524
0.9005674611622502
0.9041040667287635
0.9041489938739369
0.9088518479804958
0.9168687228398905
0.9139503458197692
0.9123352971014814
0.9021396549987194
0.906635632860923
0.9041843591900455
0.9009709371004591
0.9000591219172885
0.9068423436575209
0.9033474233165947
0.9097048702570234
0.9023849335848956
0.9083092317415422
0.9038114207148689
0.9061607378144716
0.9058757318448566
0.9043370100468264
0.9003897089614489
0.9056980248539074
0.9020296715122103
0.9011003356930597
0.905842053594289
0.9071392772937619
0.9049236033630244
0.9033466178565123
0.9077040525383964
0.9014370214183676
0.906810512933535
0.904828525206793
0.9047449050227091
0.9078472231228595
0.9094882103501228
0.9075424337977407
0.910520812027539
0.9117087060064575
0.9009787080530639
0.9028158132448353
0.9035561805891755
0.9044901526858365
0.9034160637671352
0.9054584614844289
0.9019692428473455
0.9005900287374596
0.9033851795669182
0.9073059435847732
0.9031238799842423
0.910080023240652
0.9014089743832593
0.90253673358569
0.9029217231737803
0.9066525074762485
0.9003788418564209
0.9090000482687004
0.9050621504213803
0.9046517953447076
0.9039987696797612
0.9028716735492136
0.9002839789689414
0.909393807668802
0.9040786129496453
0.9074605710670641
0.9008389535598539
0.9039701727877886
0.9023106774314553
0.9012038272530988
0.9010585562290903
0.9120416645383742
0.9030537173401559
0.9037337700244018
0.9025824013289138
0.9076761517432208
0.9120013543767124
0.9035931256517422
0.9029090384775615
0.9031134613080571
0.9047447621246157
0.9068890227386961
0.9053183278882708
0.9052732883057363
0.9013077386219465
0.9027629241331946
0.9083240483910258
0.9077866013663138
0.911519500432392
0.9001563041683082
0.9077201704976172
0.9098766010531096
0.9009047568276705
0.9065767235238329
0.9048044589788569
0.9008624739619484
0.9005607374395689
0.9125854549363804
0.9105530523463805
0.9015340156462628
0.9036194687605152
0.9079832110338072
0.9006096509550293
0.914697947867573
0.902907054076146
0.9072966226532017
0.9027646183995301
0.9068457958633671
0.9002848318769043
0.9045343000708808
0.9060244481879457
0.905576377224303
0.9074308263274613
0.9089906527142476
0.9087538688825977
0.903755477845695
0.9086995857234531
0.90835617345112
0.9079758472429159
0.9052070022188341
0.9045857093919274
0.9000301420086902
0.9008976194395136
0.9057886394827296
0.9033480698930915
0.9002489676615539
0.9075690975846232
0.9076445868772054
0.9094313047082938
0.9006235901197205
0.9095771879551644
0.9087737503855011
0.9041158998956894
0.9072865861609396
0.903152244243772
0.9050737527761856
0.9065001859395315
0.9003228039291772
0.9073736528815668
0.9014471487297636
0.9005968688735396
0.900666871987377
0.9083761482133214
0.9009955742858203
0.904409555343065
0.9037049888955923
0.901306391729042
0.9068123360350223
0.9001948961955243
0.9091867262232752
0.901179899538121
0.9008477450468632
0.905344049412656
0.9068451110767001
0.9050342314803629
0.9004565341004596
0.9027412889622993
0.9005578571308493
0.9070383459660945
0.9016149595719484
0.9043981496055052
0.908810713825215
0.9043870169379341
0.9042045456153393
0.9011608820936601
0.9047743455263063
0.9001886593460844
0.9074616022200809
0.9015942483617382
0.9030826294604266
0.902906334027234
0.9068822867341879
0.9029157275622841
0.907050001417333
0.9016118462625395
0.9288175238004176
0.9031963426021683
0.9032993334872693
0.9045117086365501
0.9045768503622997
0.9022512021846961
0.9056797820491117
0.9052970305977575
0.9087006122125908
0.9012888487720978
0.9064567268390182
0.9168367161348127
0.9083147370230975
0.9156355468744602
0.9049958480248004
0.901561950065214
0.9113818259548332
0.9059767026871961
0.9040357209616301
0.9027265421865917
0.9072518002361752
0.9081801891757647
0.9075149967027399
0.9022802084376226
0.9015789682043455
0.9192870645425558
0.9031476168749379
0.9041767522991857
0.902884435901572
0.9023741467244715
0.9035823979039982
0.901143497269977
0.9051054046391996
0.9016730352954857
0.9061784413889132
0.9044059850630415
0.9051030036743337
0.9005542034968327
0.9045512365842764
0.9020687530228316
0.9096781556893292
0.9048485090548378
0.9010932943766219
0.9064589604519926
0.9002068499335891
0.9040214065735103
0.9020670911189698
0.9027881995909613
0.9136850164358999
0.9148687617307797
0.9080015678971267
0.9060704070361723
0.9075730367337753
0.9057360831051412
0.9021526256685309
0.9004384660413948
0.9053808251946261
0.9048208338229744
0.9003215618392116
0.9028981776468133
0.900971444788381
0.9047975552818671
0.9057060114392825
0.9045412668317387
0.9009741041419443
0.905151460097236
0.9059646813496053
0.9029349012710265
0.9000902606465473
0.904185145811802
0.9071164017687707
0.9118081502817178
0.9101218037550503
0.902860825013037
0.9048616147744151
0.9123571340478599
0.9044959687765711
0.9114370052674591
0.902736346673783
0.9009869861190706
0.9037632229764706
0.9041786738448004
0.9044853541136846
0.9046375186148348
0.9018030440139196
0.9032766892370985
0.9046557209801666
0.9022711503950439
0.9059738302758896
0.9065455662258871
0.9087114399515476
0.90005081765693
0.9002033262652149
0.9059810067230699
0.9064854252447482
0.9016940521762014
0.9066900836682892
0.9081565046009511
0.9051447760172334
0.9036833782774165
0.9046050207588541
0.9091604873076433
0.9038327216080887
0.9048861846322757
0.9033181472494625
0.9033512694498316
0.9037740363878354
0.9178551268482836
0.901831794802369
0.9006178391530786
0.9088161507243999
0.9094760412626101
0.9078457597328695
0.9065323824473048
0.9009821690839123
0.9049099834935979
0.9067120439790921
0.9043421531685304
0.9017986850971387
0.906770314870659
0.9016771513915569
0.9016994058441837
0.9033136297966765
0.9038949536127864
0.90515414010884
0.9110033926785518
0.9131541246815265
0.9108549649985241
0.9082398824430835
0.9060985450320946
0.9019738474265104
0.9069025832013956
0.9031657026937063
0.9030500728210147
0.9046261800954524
0.9020776201244421
0.9073813424491738
0.9010443122317261
0.9057431476147874
0.9028365968837966
0.9064837961526911
0.9082374039241642
0.9118060566552206
0.9066952366312756
0.9015667616090123
0.9060253362725399
0.9059255741919214
0.9000595802669038
0.901118679972
0.9020196267199657
0.9056320104278384
0.9050641616514387
0.9071121746328098
0.9011569157440255
0.9025044238819058
0.9017310892223933
0.9024343754216937
0.9056686752830281
0.9021004026827828
0.9104885295036769
0.9006146159870558
0.9023640579269361
0.9064500660296901
0.9003429507655384
0.9039443003058281
0.9041949217152704
0.9066970899979553
0.9051219013052838
0.910606270902368
0.9027121474846211
0.9030361982516387
0.9083226586359522
0.901602972667252
0.9085820685853188
0.9084757419307623
0.9074108143455688
0.9066271194544521
0.9090739931316182
0.9009867636999177
0.9068062265243775
0.9060674213039869
0.9083219876019496
0.9115213038716848
0.9003280824581593
0.9105215777849197
0.9047158506857067
0.9047510838635229
0.9010620899187485
0.9048862672824999
0.9009087921448696
0.9043547164196866
0.9060496764495476
0.9054346679274873
0.9012762123653836
0.9029614597514553
0.9096531067700928
0.9068477805129207
0.903439592610714
0.9021813363906743
0.9000935099112394
0.9070048868323992
0.9081264239037644
0.9114563268276697
0.9054410939855735
0.9118430365608163
0.9010625217955228
0.9057703314075506
0.9033250105730843
0.9049641595953117
0.9030964576691872
0.9011198256952957
0.9004306348279404
0.9063232499706192
0.9045970188643175
0.9053987764593636
0.9087072223916541
0.9007345278011099
0.9108488477492691
0.9084335755501752
0.9050846800207539
0.9073777578768304
0.9021646942768975
0.9069575197445802
0.9007835138235382
0.9015374602290016
0.9021585693829789
0.9082733919495478
0.9052475706138755
0.9033463806963734
0.9059009683577608
0.9038878165972819
0.9009326198682214
0.9055962026657557
0.90242689097488
0.9011414402685721
0.9001505523805945
0.9135102566265958
0.9046964140186302
0.9042551119688083
0.9055264597833007
0.9053878101437076
0.9023296494203128
0.9042414718328937
0.9000580185240065
0.9038227448258993
0.9036250568276029
0.9067850517664665
0.9076345727288508
0.9072442332771294
0.9020271127331009
0.9008868124895271
0.9058517100802417
0.9024365472749558
0.900223355686234
0.9071523319898416
0.9112731775631274
0.9023238809872818
0.9064723950982804
0.9031284477126769
0.9054388678398992
0.9032040995558277
0.9065226408780802
0.9003512696365372
0.9103370916496772
0.9026813476720434
0.9031124636479806
0.9004903667833171
0.906626086121266
0.901252258206835
0.9108182152676637
0.910063446569314
0.905650927272049
0.9073804413935751
0.9052577298593542
0.9029907140532308
0.9012933615132441
0.9051251244406374
0.904675637315032
0.9053803957166363
0.9049751734574638
0.9110087539307362
0.9080463435977202
0.9011719749989286
0.9055428502064036
0.9033598204825244
0.9018894373880462
0.9004292745345359
0.9088783811051127
0.904793043026601
0.9088786775290049
0.9107290602815774
0.9052597096527759
0.9018868953699565
0.9016942609480963
0.9148039415182099
0.9018592411695495
0.9062063575608663
0.9028057230394301
0.9075203813551208
0.9041556228110695
0.9233257717822306
0.9169105903882435
0.9065887530763429
0.9010324605972307
0.9050238062799717
0.902604812368828
0.908666496264147
0.9029556734563557
0.9056774013792269
0.9021547947954436
0.9026809601308754
0.9133916167083906
0.9009771491393125
0.9082641590116035
0.9062668290390012
0.9004979412124964
0.9056368696776967
0.9029222484068008
0.9090929720908792
0.9022548441703768
0.90832741518233
0.9057685749864802
0.902047023247011
0.904347404782859
0.9019979140800086
0.9080074239197286
0.9042370109583336
0.9112301538938649
0.9050105272737808
0.9053552194601111
0.9042045990638216
0.9080971240694184
0.9009690470552834
0.9041469153897301
0.904689857617455
0.901851171281455
0.906515374787246
0.9049845815663319
0.9068225865622583
0.9066972859073629
0.905669217513181
0.9077223634768012
0.9065417474621515
0.9052885582077402
0.909706132329856
0.902971031927826
0.9068817115921642
0.9084798123887409
0.9063182956677509
0.902427777449892
0.902780709898568
0.9019721113263518
0.9023038245447152
0.906031051083587
0.9012153471707035
0.901193418853639
0.9040606987715799
0.9018554266572634
0.9047846712788039
0.9000074668248151
0.9004870292409564
0.9040366878699184
0.9013006554970372
0.9047769760971353
0.9046872704924261
0.901044582618038
0.9072898025111712
0.9046749265263379
0.9062099606101014
0.9079593540506758
0.90886905959111
0.903060136004238
0.9022322683805829
0.9044863653934906
0.9052302126887747
0.900132902937776
0.901607869832576
0.9077959831947323
0.9032666257771872
0.9015153168431828
0.9008788418169867
0.9060942985525773
0.9041786928665777
0.9037153674862537
0.9009701338913124
0.903018803878793
0.9032592620744189
0.9124524222157182
0.9059284458626256
0.9006399716146278
0.9037440600908997
0.9053729836781299
0.9054859664080369
0.9003492514006549
0.9014485489958508
0.909470176817633
0.9041597378216601
0.9061135753139948
0.9011796333908453
0.9018601952853407
0.9042325150174573
0.902595145282046
0.9037634313211436
0.9072520391147469
0.9029315969023631
0.9030499529737087
0.9042613741853072
0.9079909507751868
0.9049795466019767
0.903794537551873
0.9045099575237502
0.9074304047368066
0.9017082150355226
0.9006188018605371
0.9006572161989989
0.9037222267867296
0.9005896021040247
0.9035689874395506
0.9043498689714207
0.9006149051652768
0.9089688361911443
0.904266820217644
0.905675298338537
0.9027785057825081
0.9092770097890271
0.9028985295548961
0.905911646546688
0.9015016661947365
0.9055718326531522
0.9007660626937662
0.902636415959396
0.9074090799094766
0.908083254613586
0.9025962660217616
0.9076258119904015
0.9028828266876432
0.9130246171123002
0.9051779342696037
0.9065075937116587
0.9034362366935915
0.9048367132872899
0.9036947633644382
0.9112869135118137
0.9053058487893673
0.908801797134012
0.9035406265886085
0.9037195333126844
0.9057288665721467
0.9042698512921272
0.9024910516428241
0.902654941497448
0.9010959594546898
0.9053489192522962
0.9087571953267056
0.9051763703450321
0.9068040131856826
0.9042346223951447
0.9049575371749319
0.9056879138246432
0.9006670437227546
0.9017287842621833
0.9001208337582994
0.9066339032894928
0.904474493670732
0.9009029170749344
0.9096708330538437
0.9033225101928852
0.9100734295500683
0.9034649161007656
0.9033936291531466
0.9092323861998662
0.9067881486974546
0.9002610737802273
0.9062939435837043
0.900994911243411
0.9016828719746737
0.9023934706602358
0.9017359112507312
0.9081125604966315
0.9047769828342989
0.9035809577319549
0.9066030776259547
0.9083385339358809
0.905848551860114
0.9000131947928516
0.9134532934706246
0.9011335793578304
0.9052480911244387
0.9037528276906083
0.9068933013935995
0.9092729456136461
0.9071116979176227
0.9007043431036023
0.9040689587941245
0.9065038268246024
0.904839419613032
0.9035862118390908
0.9043421761926579
0.9030822444132831
0.9034063625493751
0.9034219511836719
0.903361959235673
0.9051426238314845
0.9006894996757682
0.90394388195577
0.9045552688234288
0.9031839474784343
0.9029761497824124
0.9062079058658915
0.9033724985326147
0.9005834547657278
0.9037213873993393
0.9049735605567826
0.9006348700784024
0.9006176159858352
0.90044508727133
0.90483074089286
0.9038398770212208
0.9033453936241628
0.9010452664769734
0.9070751663864951
0.9033592830126975
0.9064237702501098
0.9003620335364211
0.9032838675992049
0.9084535842250201
0.9018661854502764
0.9080192842449762
0.9091447359397563
0.9075359176446727
0.90320471668355
0.9016172849258934
0.9064699632503125
0.9030124550211593
0.9036340069288337
0.9048893035910798
0.9008768036927647
0.9052380781262795
0.9033757306469571
0.9064701052038178
0.9002712896275757
0.9045574999028075
0.9246968665683382
0.9019475936889862
0.9015982644797544
0.9042678831002653
0.9052983678252252
0.9057819418686466
0.9106770879374025
0.9152503980653223
0.9067350822687454
0.9002226174186049
0.90545935656343
0.9062439981321788
0.9042253222128065
0.9096745944432406
0.9033640780484709
0.9057774007147008
0.9021374265009574
0.9036602798906168
0.9055043558887838
0.9013352536017322
0.9067526386718963
0.905581274532282
0.9005110035926421
0.9116434055967699
0.9048363611367989
0.9067347558844193
0.9017695347305056
0.9013700887946048
0.9041357765039243
0.9037065893404987
0.904825569947515
0.9043965784703069
0.9044764058871956
0.9038196994288465
0.9065002939123615
0.9032261749948318
0.9085117413083136
0.9026629420428303
0.9040409011199864
0.9027543930418184
0.9035529546576171
0.906246093231436
0.9064394170444973
0.9060417014966657
0.9038004033654368
0.9034477263297093
0.9065303406571649
0.90017071092714
0.9017467366360318
0.9002205926511838
0.9095326776474741
0.9070678938946439
0.9071595403519136
0.9000360330536074
0.9044667167707925
0.9059379129203639
0.9056599344182339
0.9008452741124254
0.9019348197495013
0.9033281409879537
0.9009964995977064
0.9047314088466576
0.9002834771844974
0.9094915377195182
0.9039008131634274
0.9054144721438159
0.9076593294117871
0.9010098767685936
0.91018087512411
0.9005200104478495
0.9069184675072518
0.9027359911804702
0.9087346301601924
0.9037835507025066
0.9037225370627453
0.9088119391007848
0.903646317636373
0.9035702102492715
0.9040199012719536
0.9030734133349134
0.9008945038447864
0.9016478575245622
0.9054303272929038
0.9079975345142293
0.9063386483668974
0.9025347581587202
0.9051775582127051
0.9030891211371123
0.907399356863586
0.9073454736934541
0.9062623893143705
0.9046526991136259
0.9054399780578549
0.906417770594605
0.9078229391286919
0.9069466034003912
0.9067973213994057
0.9009661796197221
0.9045231278463735
0.9060568120901626
0.9066214650021923
0.9134408463443177
0.908491429535919
0.9030011186921926
0.903845995080277
0.9008275663770522
0.9076400975843517
0.9103093564951784
0.9077211518907045
0.9059371645478922
0.9008650682333983
0.9035194721129799
0.900279460971776
0.9118040900922378
0.9044295909561851
0.9083639656527387
0.9012253278682439
0.9030848323468871
0.9010603296895404
0.9064652525232465
0.9039889900351645
0.9061603360421414
0.9077537475938702
0.9016128464605259
0.9034321816237082
0.9050856421118995
0.9045578178578281
0.9030578033631702
0.9012151158808199
0.9074398443801373
0.9048654566329825
0.90509774095523
0.9007655731423004
0.9024977000338466
0.9061256714180623
0.9040217077536493
0.9096782954548885
0.9061369311294963
0.9075303561390918
0.9016483190370762
0.9054462155225094
0.9017273236400152
0.900670080781214
0.90254107788131
0.9053742693809183
0.90096155446662
0.9092814056178868
0.9034798566619234
0.9022756432183586
0.9056014107201488
0.9039468832459603
0.9004424287395225
0.9045139828043223
0.9017416960703044
0.9048064604084457
0.905176274888454
0.9025052672921087
0.9058718859983965
0.9053009391338024
0.9059430906021163
0.902074383150605
0.9008300839400759
0.9041113345887694
0.9010702860253605
0.9003995005083893
0.9053219095006736
0.9046651675927205
0.9069738220350874
0.9040611074867
0.9062852383973747
0.9093063801942368
0.9018807313553924
0.9003967245411912
0.9035797224085614
0.9048852380325161
0.9048623552767361
0.9086107016339974
0.9082327393090607
0.901855358674757
0.9011808594924628
0.9030276766992161
0.9049125636622922
0.9110247951777917
0.9023713026097092
0.9029625303666455
0.9032997824911246
0.9068461821716574
0.9039053664524207
0.9089975923154091
0.9006456465891329
0.9089652341351085
0.9042317102056572
0.9010736597500779
0.901639287853014
0.905923849785302
0.9019342861481588
0.9079906582615233
0.9007706945442395
0.9000257088491661
0.9025489634424165
0.9050126834993482
0.9008954630170642
0.9060799666999682
0.9026299387765809
0.9045954500346032
0.9021562807033336
0.9061772932013522
0.9006318022430105
0.9005585983748425
0.9067028155117086
0.9029772521954731
0.9015185921143519
0.9024398846287568
0.9065115698263682
0.9113993816801468
0.9005927931619762
0.9072222706716371
0.907932604933412
0.9022141654488559
0.9020968244425696
0.9053691582451756
0.909801750357348
0.9036798280788233
0.9016946301647518
0.9002073875702162
0.9017410356961756
0.9049093849774335
0.9038403027855736
0.9143706166969333
0.9049662016426813
0.9080247989626455
0.9067858963370665
0.9034950445624018
0.902056079865267
0.900064466290222
0.9133169649823133
0.9034373313144454
0.9084357280962709
0.9037731451954282
0.9093891904722455
0.9039766205178004
0.9049402353326712
0.9019836066345598
0.9014147611627983
0.9050854462545975
0.9047354265389572
0.9057144092171681
0.9019493963396403
0.9056029348451046
0.9052830980196547
0.9035849343866857
0.9070093019799137
0.9034795720690771
0.9053753349712566
0.9062492064976997
0.9020664617725933
0.9018689958044337
0.9097326118488004
0.9052718130285061
0.9042362926806872
0.9045273577694561
0.900527994034605
0.9029168512050741
0.9048206813164883
0.9107537130264789
0.9032850220745977
0.904391855244641
0.9027589627600708
0.9016503442229477
0.90106556705579
0.9009735222581695
0.9021916618195233
0.906634446913297
0.9070177722248304
0.908439587657147
0.9038442716777962
0.9133529890402424
0.9013351802011909
0.9001958139808847
0.9065086982953026
0.9026656995175968
0.9039060068511185
0.9015707266033706
0.904178897200903
0.9066034439451103
0.9062189897030867
0.9037236270717559
0.9001780475199626
0.9039554442315341
0.9072037971181744
0.9073905763368963
0.9021371805953182
0.9042000984968506
0.9039597095779673
0.9013161146089851
0.9055157185472416
0.9082628437105206
0.902385322349164
0.9092121752523075
0.9026191341847746
0.9017294027728957
0.9019788412227573
0.9001348891183628
0.9007626379242848
0.9100628401376017
0.9022974210300028
0.9067791142476258
0.9046231302459666
0.9103933626927666
0.9002633579736458
0.9043668326809277
0.9032568229704073
0.9025715003267089
0.9019606645372065
0.90507217906324
0.9014789639593882
0.9090775787030585
0.9065091700172612
0.9068194421477561
0.9010045601851526
0.9075760045037661
0.9067719757361886
0.9041222063347325
0.904403397603089
0.9038679290269725
0.90777219705025
0.9004560203146816
0.9092306819700716
0.9013422470572626
0.9018443504693148
0.900120053948851
0.9056643668535035
0.9016017406035546
0.9070522153856193
0.9018187023792466
0.902513879109386
0.9024807634607842
0.906684106317944
0.9073605088493355
0.9010750793926119
0.9095367479473189
0.9008925871150221
0.9042626069538622
0.9048435007034136
0.9039916175085316
0.9022906606555207
0.9001149153295853
0.9061244905415512
0.9003601999307299
0.9006175382386441
0.9025978211331376
0.9091177398241843
0.9010447016524338
0.9065166926126706
0.9029661683116998
0.9040706040236212
0.9068378866839321
0.902022773194492
0.9056454936546485
0.9037611686601137
0.9082210878784719
0.90586189665631
0.9045381923927107
0.9024568952032359
0.9066782981886553
0.905464570327068
0.9026496331402164
0.9003811027874331
0.9016703587092108
0.9080120293688655
0.9012045449630487
0.9000403115929753
0.9021526921794016
0.9061526107984232
0.9063001113410222
0.9003508871026644
0.9059155038078265
0.9119627413826753
0.9084886707544869
0.9005246782938653
0.9094258107258574
0.9029182782977275
0.9025223828098585
0.9071309608705982
0.909323162153712
0.9027866525270833
0.9050672144241186
0.9035221326374281
0.9040698545998014
0.9040140985473665
0.902886532671208
0.9049786382346849
0.9038838402410709
0.9000034898367962
0.9043138442936437
0.9245535620721217
0.9064923860168522
0.9083637326723129
0.9029882471323563
0.9048623496905047
0.90646554330373
0.9074789544132363
0.9031416602967172
0.904660542911377
0.9042331510406834
0.908421263130137
0.9073707622525883
0.9008631576101096
0.901038270607183
0.9017297853853418
0.902439200411462
0.9051837580737293
0.9038274277311594
0.9055686678133303
0.9025511941597499
0.9124854159076203
0.900020312135717
0.9083546035947258
0.9159918164939668
0.9031281361012478
0.9009136090603747
0.9020896630400265
0.9010576876366329
0.9017168698879836
0.9061552311170297
0.9055989428691744
0.9093072461303086
0.9060792618019259
0.9087383366638014
0.9076074268694279
0.908137545983019
0.9030724992499867
0.9010224942426905
0.902167727817648
0.9091718197426895
0.9047496155137644
0.9025573041221902
0.906201058728226
0.9044481705167559
0.9001784593179442
0.9057398311299695
0.90638541613867
0.9019200533825344
0.9053735821862995
0.9035921821837818
0.9060940442674181
0.9020976175522075
0.9058115030866438
0.9049269063462516
0.9093950012057694
0.9095113813597853
0.9054488214843013
0.9018557395836618
0.9019934700198455
0.9057624693023082
0.9113359871354596
0.900961528388641
0.9037689844210189
0.9042855177226665
0.9057216943223859
0.9033969424192748
0.9156923440122636
0.9072707769390707
0.9004419203707219
0.9074765193364992
0.9052261147682258
0.9022736119322283
0.9069910838824885
0.9004072466901283
0.9021923712146233
0.9046495940072856
0.9072184079676252
0.9017227599569101
0.9071723172191063
0.905238747232898
0.9058055643710757
0.9046759597587074
0.9017230284175871
0.900179703984654
0.9096159318958563
0.9044631042875765
0.9019214563688163
0.9009573406081638
0.9058518207940766
0.9054716435926757
0.9073971915933461
0.9033450266851064
0.9052179481072063
0.9051457187741833
0.9006071440657024
0.9027690520790901
0.9015574387301221
0.9007584025625007
0.9017672853422795
0.905617533093385
0.9013203495662047
0.9030983233663087
0.90963822935763
0.9077526025233266
0.9126921120182009
0.9079308045119967
0.9086941265058877
0.9028187967758227
0.9082225669910022
0.9019595105007576
0.9038058501831634
0.9028680002159304
0.9075253680293627
0.9014776727518993
0.9037668531817175
0.9142869803792376
0.9002936148286039
0.9050401426901574
0.900309768322713
0.9083379586848703
0.9060184408138363
0.9064075748466742
0.9026639041582807
0.9040756328458058
0.9011261599491598
0.9045983848902268
0.9044448204410034
0.906026491719834
0.9090335494936801
0.9006682602363633
0.9001660482512439
0.9017223429558003
0.902151522154499
0.9061822678457313
0.9009216899820398
0.9076552838155268
0.9002049140398867
0.9047997230825854
0.9045491336149991
0.9010303338801948
0.9011717726364693
0.9052227369089443
0.9111664900664392
0.9075298214340798
0.9036571969025485
0.9099596971614916
0.903903833306321
0.9038822133027603
0.900402514978286
0.9090956104914931
0.9039735903047217
0.9020425615248533
0.9005830083447417
0.9017757463839668
0.9063289990559514
0.9018519525611913
0.9036373349851322
0.9051443414658071
0.9057569506351613
0.9090848762211348
0.9008444025754656
0.9055657224473374
0.9054600440523545
0.9014458737226145
0.9072441266620093
0.9076250829917486
0.9095867905676372
0.914282471808598
0.9034452639600213
0.906393526905067
0.9062759200358262
0.9000140500039367
0.9024399639819417
0.9013998187659964
0.9002422873942673
0.9069635424831806
0.9099471961790897
0.9027850806837106
0.9020973586697582
0.9033550558755966
0.9014714656960104
0.9059178495692441
0.9047190023497557
0.9060533499447284
0.90514875308416
0.9087116367289859
0.909276211651716
0.9023015851154547
0.9073969114075908
0.9034742369770548
0.9052960674611178
0.901174784494505
0.9042278733550312
0.9055280341718864
0.902012179646839
0.9000374217857152
0.9112453245736403
0.908639474552631
0.9082372084244892
0.9073813777836355
0.90300556191839
0.9076577888856753
0.9084736165355016
0.9004934508219088
0.9080665989797977
0.9064538157936961
0.9152607402184165
0.9060130038315156
0.9045545823833103
0.908282727867978
0.907751802542223
0.9014343426304656
0.9027725050215039
0.907354770620784
0.9050718270642747
0.9045673918677102
0.9063028933876791
0.9008843213551249
0.9030237683023441
0.9006117854584758
0.9014906184170909
0.9004813311106525
0.9041675654045824
0.9057561567549937
0.909296437308351
0.9019832454412469
0.9054077540303712
0.902134970753666
0.9012589734320514
0.9056309583032753
0.9000205422955624
0.9080975001177094
0.9075599349552016
0.9046889859252477
0.9024650051408342
0.9010710832973728
0.9047995286963683
0.9047252043759618
0.902834797338157
0.9061732337452871
0.9031796779334043
0.9007952523866193
0.9011278820190735
0.905387685153069
0.9053159174478324
0.906163785212843
0.9030036970294484
0.9067141584319096
0.9118936359834056
0.9054742652744561
0.9018078877394338
0.9051945198628152
0.903619457303383
0.9002179721201782
0.9089089455980133
0.9037595874063437
0.9025299111872395
0.9026865007273649
0.9030757711699635
0.9028979809002292
0.9008764958674984
0.9108759053097633
0.901796626280757
0.9031480355344536
0.912083305563191
0.9051350648410603
0.9003018846319416
0.9080769599409356
0.9033851788317084
0.9014190988586238
0.9047174955538264
0.9010376703652316
0.9071626623797463
0.9047175519152122
0.9044060173721546
0.9052036236358556
0.9060610959660159
0.9011226577945872
0.9003402967427632
0.9068702037107199
0.9059314932031656
0.9072981346558093
0.9061817596477613
0.9009090409800005
0.9070344875555685
0.912902482951815
0.909862738203259
0.9017672915150377
0.9025422657949913
0.9056918839290914
0.9017692687721993
0.9032132038534779
0.9076108769105415
0.9074706614605909
0.9025355141136948
0.9016722923328151
0.9042412090932683
0.9071178567130198
0.9058594372619927
0.9071778364667141
0.9050229061727939
0.9026124696643705
0.906270895606811
0.900925757674949
0.9093948560214459
0.9058940378890065
0.9043775094589023
0.9004873646455871
0.9039342867014107
0.9030278372750445
0.9072229957749429
0.9036800449634098
0.9066081618450116
0.9035739461046857
0.9107571024086072
0.9039266963561923
0.900294557449394
0.9074166189934153
0.9045785811784262
0.9039797557489576
0.9071696879255914
0.9078381429882594
0.9104396781955678
0.9016812941170763
0.9062162506431161
0.902564013471971
0.9060053637956083
0.9066492765232087
0.901419217595198
0.9035887408139701
0.9074408346131384
0.9068858869700903
0.9112775466832245
0.9070679748619007
0.9080515176351435
0.9089968719054622
0.903615440870106
0.9084277628183947
0.9093154344044794
0.9037611303509229
0.90871424576587
0.9129086233178292
0.91544588197536
0.9048723020879498
0.9049060607441304
0.9008493104666784
0.907762860741935
0.9018274273733231
0.9081278773807705
0.9023795490315848
0.9072612528977205
0.9032791825999055
0.9047502922124496
0.9010520685867762
0.9042645987727642
0.9060909088487118
0.9015571553591855
0.9023123842321261
0.9065246780006885
0.9043782698031901
0.9112038901464392
0.902322769067256
0.9014177004577806
0.9030897612494375
0.9054674924717805
0.9063837682264899
0.9035774213113003
0.902097368216251
0.9039278473073055
0.9055918922888903
0.9110080842153323
0.9066087170490119
0.9043568551506299
0.9018989271890395
0.9052362133294493
0.903083956848724
0.9023706083247158
0.9024522322389587
0.906530723385217
0.902406400323963
0.9050129172540708
0.9041328963656347
0.9053248305340844
0.9018339507881549
0.9099234568625846
0.9071427988753896
0.9091097628826714
0.9082289004421337
0.9049452524024628
0.9022330134901231
0.9039427476936099
0.904254126892244
0.9012605650290968
0.9051150872532039
0.9053074194134711
0.9001925025416434
0.9011251306956826
0.9080034316311502
0.9027821546272563
0.9081570113478268
0.9033678968829181
0.9083134623344027
0.9032192185026722
0.9045379066856882
0.903357675504563
0.9011957951522968
0.9094166391850431
0.9017634582623997
0.9017303760050941
0.9022120829693596
0.903589692366826
0.9036936649881269
0.9061818185623645
0.9058468856112494
0.9015911332431447
0.9072898684213375
0.9020044227562607
0.9096557827478925
0.9059706397428171
0.9068894560306959
0.9075592605901686
0.9075737402490123
0.9041323559373493
0.9013830047173481
0.900578717662339
0.9031591896948195
0.9037878262195904
0.9040866489086662
0.9011214155774181
0.9083366888024905
0.901626646664773
0.9018093771257991
0.9104289641054037
0.9022213070060562
0.901015862984961
0.9073613771963048
0.9052551573744392
0.9050551910340939
0.9003177165948498
0.9082049769005611
0.9104259810734272
0.9010668530540238
0.9054041898196682
0.9065985024747978
0.9042212907440054
0.9041457624884923
0.901435258075449
0.9033994954829674
0.9000651727739775
0.9014489759822518
0.9098210342695954
0.9000960145136465
0.9091177736516005
0.907420368234311
0.902080420575389
0.9040367787127659
0.9012864815730922
0.9018968717197713
0.9053217357828235
0.9037644160894517
0.9048816433980341
0.9009488127140238
0.9052980423782905
0.9086428471130219
0.9060730060248263
0.9028003880168995
0.9088557430797822
0.9039596221002193
0.9088539662069596
0.9021406386264806
0.9063884480120197
0.9047239227303328
0.9029172313835236
0.9040487357996929
0.9100064057337902
0.9003390724627801
0.9055769086558718
0.9055955711380913
0.9013971415024734
0.9029414496062117
0.9079713540057964
0.9034180193412067
0.901443578078281
0.9054833996910333
0.9080892389212105
0.9087417338353286
0.9013304793379897
0.9081238541778158
0.9068779136634729
0.9011789965668027
0.9057059334194267
0.9018993636185223
0.9038460299065985
0.904624485742533
0.9060437785413179
0.9073098467464806
0.9007186656177322
0.9044920800973479
0.906352485360108
0.9014269784452504
0.900340565579593
0.903980521893239
0.9096618981302753
0.9084419057022508
0.9036139455316434
0.9083889370728253
0.9020027275445456
0.908657437830952
0.9053055005287746
0.9030045310325888
0.9068217933494377
0.9017021288246244
0.9064600883913048
0.9097811901352749
0.9073558745560011
0.9066578646667248
0.912406661094651
0.9027306426969537
0.9034835465278152
0.9003269761778417
0.9005796449761864
0.9143775939839174
0.9077273137902715
0.9069060489472356
0.9015599315597287
0.9030613999336287
0.9028860256937116
0.9089703456467095
0.9039652900668247
0.9193029956610898
0.9152123974140933
0.9000449272787842
0.9022155040429577
0.9140643408825557
0.9017188182946205
0.905472037995679
0.9075086770602179
0.9016225542349556
0.9050279875367984
0.9053155032726831
0.9011182725796626
0.9102210615882393
0.900537227251278
0.9066612300906217
0.9036631755482462
0.9103650027719757
0.9076272581772983
0.9005853913071385
0.9044808524900493
0.9042827794451118
0.9016470127542949
0.9033030264158454
0.9033661399507477
0.9008979396361906
0.9082155751542054
0.9004485020620401
0.9031571231071106
0.9017887421109196
0.9065592146281087
0.9066820242874061
0.9022981845259108
0.9042382197964137
0.9061775869846594
0.9048191800474412
0.90687318440733
0.9030246091966084
0.9019229247251267
0.9040916176143087
0.9008922675258837
0.9080219144359498
0.9015789291549188
0.9037499410035766
0.9095730807899923
0.9007054612191245
0.9032355315534442
0.9052099493691138
0.9039491540659674
0.9058162930484741
0.9024008612948838
0.9068971067985943
0.9052420175361853
0.90172146599165
0.9098172171734707
0.9014555539846923
0.9083027168818492
0.9063241351334123
0.9038552901310805
0.9113217421902134
0.9053352703352651
0.907192067691954
0.9020316787689693
0.902998828894136
0.9032615356502331
0.9051133402299852
0.9072970901534981
0.9036052917044285
0.9059157050947598
0.9007933697249109
0.9054957722057071
0.9120325063618049
0.9103819320780342
0.9010878113627265
0.9066977241021568
0.9052124117147917
0.9053521610995682
0.9027204293568348
0.9101737721286765
0.9015235809578226
0.9046126483785388
0.9048390641960803
0.9056592774722567
0.9062853400790823
0.9076856020948049
0.9025385435571015
0.9036020986840698
0.9070865913148773
0.9005538558735526
0.9076080432039202
0.9070596734909392
0.9022159571384107
0.9028138286693678
0.9068111799497297
0.9038005353323123
0.9111515915150135
0.9055934785217653
0.912693509541361
0.9132523540585692
0.9043293921368342
0.9050852592232921
0.9066286526670086
0.9112287936951675
0.9049901640360763
0.9086738278680007
0.9062767614797281
0.9053351612650777
0.9007087706581486
0.9042047836376236
0.9026101756099916
0.9002556858799798
0.9108694509237935
0.9062021014886236
0.9047043074175868
0.9007962578451872
0.9003620338630944
0.9035160074139331
0.9044544192039086
0.9060292723146156
0.907846853798351
0.9096096380968174
0.9040293511393317
0.9021446356235214
0.9009369731374949
0.9091620467446034
0.9022206468593086
0.9089163808302294
0.9111230154861333
0.900063176730342
0.9076380756202075
0.9055831754361847
0.903181563354164
0.9011858497620753
0.9031400959505577
0.9064479014095042
0.9084130132579027
0.9052596449768772
0.907922531422543
0.9007727569900078
0.9081495678945565
0.9039142101658112
0.9064272985632555
0.9004633011157724
0.9005331509369486
0.9001869685122007
0.9009526133556525
0.9037424904755111
0.9062358731595763
0.9149017126659597
0.9039483028171965
0.9004990349784023
0.9018383617005038
0.9090212004602736
0.9036080594412854
0.9029753200313073
0.9061341669233468
0.9060447029504144
0.9042353798591997
0.9062549960093887
0.9062209099750016
0.9075223754564457
0.9075370507461075
0.9000415169378034
0.90576218681815
0.9026012086023321
0.9083100371204026
0.903682004295469
0.9038881046606577
0.9015773354725494
0.9010569964966314
0.9099381169369433
0.9051607208252994
0.9086313806093395
0.9002422750072221
0.9021366918848014
0.9038634048097437
0.9008989023056462
0.9063814019416305
0.9057412992086334
0.9068730356691468
0.900354247740754
0.901620143044904
0.905202161315002
0.9046538373625791
0.9033845401128278
0.9046271743591031
0.9043539905109051
0.9027800570115868
0.9041147867827184
0.9046376376673411
0.9040394718049738
0.9025560063558374
0.9007704224787899
0.9046715511664147
0.9048088162187934
0.9078992283079907
0.9094239420047794
0.9101234091283026
0.9019257146971088
0.9034213400777816
0.9022563927955674
0.9022182073181392
0.9064028176273528
0.9086759119321125
0.9003969222437181
0.9016436609735299
0.9024069624493187
0.9003790648305359
0.9024190375168718
0.904707066651047
0.9014086201567073
0.9010342993025843
0.9006279312324602
0.9145438181625871
0.9098852923757558
0.9066257852932286
0.9005284111968176
0.9049372533364776
0.9033033419336248
0.9001813443674351
0.9063065089510439
0.9011720172012176
0.9051370420735652
0.9060397877401859
0.9069148584857696
0.9010393198210569
0.9056454158972708
0.9059051655105295
0.9016399841020972
0.9024211754396767
0.9047007156694759
0.9010364892855675
0.9082784054450848
0.9027231933548665
0.9036984879738311
0.9053607300421062
0.9010213386467723
0.9081296381496624
0.9100506859392521
0.9074267982167142
0.9026777353503627
0.9013041912782613
0.90517331969151
0.9079231352144906
0.9086262192422865
0.9022128431743135
0.9068177787817682
0.9035397748625845
0.9073081460662537
0.9052876966662698
0.9029364459340751
0.9047775012404702
0.9071791563497693
0.9030906664840689
0.9021277211882774
0.9012619474637513
0.9067539932514448
0.9046430183442101
0.904661251618285
0.904162960601799
0.9054976926334019
0.9018268135925082
0.904588839200745
0.9130289316159714
0.9023270027814657
0.9033283614023428
0.9040919798116172
0.9041616086333467
0.9046985085288237
0.9028064322664899
0.9026080343446806
0.9071266632938626
0.907767928754444
0.9016348987194676
0.914996555756314
0.9033068138769345
0.9048444132172048
0.906367332101449
0.9026333897010388
0.9009695649039741
0.9106908958544262
0.9088353807717899
0.9004576378774376
0.9246316090332456
0.9011294091976935
0.9046714945281975
0.9126480293467553
0.9064884857170399
0.900589014398649
0.9020083260280704
0.9051242369742728
0.902134800006688
0.9016215100516294
0.9048581252249371
0.9073591834509936
0.9024050209348101
0.908108347019442
0.905402753120103
0.9070789914677206
0.9038600097423539
0.9051690420376682
0.9083809114091961
0.900187459771988
0.9042204411261239
0.9037482937211542
0.9079783599318737
0.9038278645618641
0.9013161993915063
0.9044104202679144
0.907837357841004
0.9073892928823779
0.906904805171601
0.906206787506488
0.901182161295725
0.9016322362521373
0.9056685565351844
0.9059691950615263
0.9032006482634443
0.9027565764573682
0.9075330313400545
0.9042035801982564
0.9130127924358706
0.9001898419225336
0.9028906721584848
0.9125165510460262
0.9072694566091373
0.9074636369397905
0.9012994116972075
0.900460168559946
0.9043118875486922
0.9007963876727781
0.9032496503646528
0.901986309069728
0.9001576936552402
0.9008597897267172
0.9049842569745599
0.909230398954571
0.9087796670921268
0.90203050046557
0.9065513359711049
0.9009038336636079
0.9066043076643281
0.9047348060794241
0.9027210158013874
0.9048306475023008
0.9070716661593143
0.9117132256779402
0.9022304241971254
0.9051999490965328
0.9015047060187292
0.9070621242924588
0.9061641945745325
0.9071286076217363
0.9027402288879205
0.9010387898004102
0.9042940304400444
0.9001776773235781
0.9004237150549754
0.9063353664120464
0.9045860690266441
0.908057781366838
0.9063259468289601
0.9022807643638671
0.9059149843251211
0.9052692096134821
0.9005534004735717
0.9077278771166497
0.9002751873398275
0.9028498981107281
0.9007659266949146
0.9033523166091851
0.9019955172721369
0.9017935262415749
0.9063092664594795
0.9066420214033183
0.9008269951896156
0.9098935912153329
0.9044933685164028
0.9047034162996301
0.9045418689764566
0.9006648953134335
0.9058267013934366
0.9010585041154635
0.907792232794303
0.9063801400661976
0.9062974612153428
0.9001877223446129
0.9079001387804215
0.9019962528727875
0.9092976746902902
0.9005387741852451
0.9013468619777881
0.9182021672983974
0.9006766918755399
0.9009997889463468
0.9063610476694465
0.9008476780457786
0.903981499804632
0.9077428682481816
0.9120515810272894
0.9009050256846198
0.9001933450143556
0.90979204431814
0.9031085283477205
0.9029587605364119
0.9121049991794703
0.9014609447565338
0.9079452934045554
0.9003536964706159
0.9025692863282808
0.9034606218789721
0.9077647210519587
0.9132607656460258
0.9081166401208075
0.9083100760401043
0.900740389787896
0.9065677518334306
0.9070698716877543
0.9021165902206135
0.9037703259143464
0.906584316944158
0.9024340324816762
0.9039254632144624
0.9060274240784287
0.9056782477099506
0.9043861931147997
0.9093224506952432
0.9060037626902456
0.9072566226766274
0.9055257016697824
0.9012808943169749
0.9016881020080834
0.9050304613514992
0.9072919804582072
0.9062706009104567
0.9071115956970716
0.9035937782295588
0.9002992446321836
0.9071118258758485
0.9070214830282882
0.9026354247885259
0.9019848526050127
0.900785554781654
0.9039559940943332
0.9060592553137296
0.9004311957697456
0.9038412545171933
0.9077047145948878
0.9091545458118738
0.9029189056322361
0.9040816857227144
0.9054178271567788
0.9024556928968649
0.9014709035667248
0.902885193362723
0.9034934310302658
0.908967517652876
0.9070998633800115
0.9067717932716088
0.9119094684803518
0.9038213539086243
0.9041213442250556
0.9066704938691565
0.9058870556695224
0.907197175335692
0.911890186474038
0.9388446299315123
0.9089327324223093
0.905706358595301
0.9099403523444813
0.9027899884096707
0.9105114617176552
0.9009330656592311
0.9019266036054856
0.9079743024117785
0.902895942885036
0.9010466758271275
0.9030392805708075
0.9024180635018586
0.9112029662172781
0.9005324843296065
0.900728495027428
0.9075528328531688
0.9039978193453991
0.9009988236361598
0.9066710116231856
0.9041103610416004
0.9043095064632749
0.9037651276776516
0.9023372519863398
0.9060626181659617
0.9063705290074349
0.9112339904656015
0.9008547908568663
0.9029581731055922
0.901939514256253
0.9017623442506637
0.902761173832375
0.9028738691644821
0.908581317610105
0.9089022657444382
0.9062460584178632
0.9023839342488762
0.9020592795166885
0.907003270696136
0.9066429947674762
0.9039197765675235
0.9240762733850972
0.9103490624389037
0.9070700763844485
0.9019083671353731
0.9099992493527809
0.9102327684918181
0.9108261722189512
0.9005492742300515
0.9110859281590521
0.9070908880640385
0.9066809382416302
0.9082259784634884
0.9160957211550703
0.9093727920364961
0.9058094447901479
0.9049276219147737
0.9043223813653137
0.9019086922034442
0.9034685118510192
0.9064571273526371
0.9020731683926267
0.9053048815450477
0.9035353648083956
0.9005462976953948
0.9037113791723499
0.9091264825431955
0.9044199688605484
0.9050910742671969
0.9047196638390202
0.9008581336006627
0.9114587888675921
0.9044156807435415
0.9053805309021666
0.9054759539809049
0.904822071337689
0.9019831030734315
0.9083714058094318
0.9031911879840665
0.9010776555019677
0.9038221338342994
0.9033473778456045
0.9086480486750096
0.9034429513224647
0.9022105143272242
0.9100927530213556
0.9020040080809327
0.9070555510114799
0.9000792195412414
0.906785539663464
0.9006212792385504
0.904471714605263
0.9015266531225199
0.9039739595501995
0.9015612615469012
0.9032843846375131
0.9103994889567169
0.9005085594962307
0.9097990632272835
0.9061534605781929
0.9032495816537076
0.9054167933771188
0.910012658454913
0.9025220102338822
0.9079815951410105
0.904228491196229
0.9003429819917647
0.9026080500258048
0.9061893051244095
0.904687478772029
0.9071283914265541
0.9014492222067033
0.9067966059900555
0.9038603765300717
0.9038749775226612
0.9078668484165713
0.905720456327906
0.9026093469453956
0.9025375363696259
0.9094452637086514
0.9073510804868337
0.9081577158022268
0.9023533402545776
0.9048978905435184
0.9130699375483021
0.9011548831271117
0.90405739128704
0.9035665663457322
0.9088111450381025
0.9158452499148012
0.9067736656201342
0.9026966649084189
0.9042410559811501
0.9017246523980034
0.9047480481883048
0.9048898824822266
0.9006510769091886
0.9058164310795129
0.9080047470479455
0.9077736027755946
0.9070254847308332
0.9081729861073998
0.9069558402218307
0.9060434652893432
0.9118360961111769
0.9048778828487665
0.90028971259908
0.9107784421906723
0.9060989710441155
0.9016960658512873
0.9090550848680179
0.9020135023838448
0.9058426545749445
0.9035260935552901
0.9072253692821166
0.9086834233829882
0.9027260156576866
0.902188414285171
0.9045847444464321
0.9098096067179273
0.9007267207099547
0.9019364709531558
0.9045202613522393
0.9011614016195564
0.9114179940422646
0.9050102235744683
0.9060116681432203
0.9040771059020088
0.9001824161715931
0.9016408410341237
0.9017786794810615
0.9010200359791247
0.9001734427590723
0.9089103243973707
0.9007443701371342
0.9029011422361192
0.9106244934253324
0.9095797778551193
0.9063512199004373
0.9064506690676057
0.9074913178446122
0.9143983459630808
0.9003883500241309
0.9012047490306055
0.9068044608348865
0.9006653930341526
0.9052894139173753
0.9007554488060759
0.9012448189367651
0.9077620788573214
0.9024630154245378
0.9049099240220059
0.9007205554644779
0.9051435762517941
0.9087964453776333
0.9056994222196296
0.9030026232179628
0.906277667122035
0.9064633144129706
0.9016915372510743
0.9016821651545386
0.9002680230346697
0.9081992155730028
0.9049866677882302
0.9025161611908576
0.9011707961867975
0.9001526656464998
0.900595934886041
0.9017044066868106
0.9049292920956283
0.9095416381004219
0.9024723789493074
0.901035212398827
0.9051841625243601
0.9048111999473324
0.9040789036188115
0.9058763823494402
0.9080476218333812
0.9104690889572202
0.9037969507406973
0.9020512543191924
0.9061394520101151
0.9002690745982359
0.9031018384856864
0.9023659872301765
0.9002311825278191
0.9035070470693825
0.9025364097392911
0.9029862565374371
0.9034846281210516
0.905308902648203
0.9034455543229383
0.9009912280770576
0.915536008599085
0.901331750795314
0.9010015267392152
0.9106025276377112
0.9019910598637011
0.9025742190987971
0.9041355149805848
0.9101596215074309
0.9069128650512095
0.9041199183687995
0.9071967337079976
0.9002029375438064
0.9045483660354277
0.9086265773105371
0.9048737812772798
0.9061220278144756
0.9046024864447108
0.9077563020215211
0.9133163649466588
0.9029014490802765
0.903800812389347
0.9072132569035419
0.9081401531349167
0.9032131254504755
0.9027424923505224
0.9033947972216888
0.9035012601208242
0.9013400865917661
0.9012828585402448
0.9055670619210299
0.9060718055445409
0.906827514377622
0.9005336834887535
0.909697552689497
0.9028306445643188
0.9099970402929836
0.9061034021997706
0.903849721048731
0.9010514586067754
0.9025988772252991
0.9060271425219917
0.9068314826276479
0.9049390472660116
0.907120355573835
0.9112425352166944
0.9007816691794643
0.9142932317967881
0.9104818914041085
0.9054329141227148
0.9050644597761485
0.9019863598255993
0.9034442111659711
0.906399714510386
0.9082115735038782
0.9055402924625542
0.902166659434404
0.9012553574953385
0.9116350975390336
0.9043821221214611
0.9051186897090846
0.9006582090495735
0.9036938297231475
0.9010540035746851
0.9021368204258178
0.9013244492403871
0.9027899753027964
0.9058286129252779
0.9068846467545999
0.9024796191812227
0.9010452186278063
0.9044242507409472
0.9054711931798952
0.9008227140058791
0.9008393513478739
0.9005963671362646
0.9009280710748154
0.9042799484396438
0.905012151692687
0.9100083020845979
0.9092918615667794
0.9075003679850865
0.9057854896713631
0.9036530807812969
0.9016390253235953
0.9070685937722793
0.9056573122356267
0.9021776268180244
0.902155079758696
0.9124814034732618
0.9021942024494378
0.9041535487641861
0.9020718420349899
0.9033850670182504
0.9093243786106592
0.904538542416323
0.9030228635689879
0.9010051336538022
0.9050893844526448
0.9060770482448155
0.9001821285389814
0.9029832681439537
0.9010091109303668
0.9062187529763626
0.9017530213061249
0.9036761412076026
0.9051992298624925
0.9038513044527461
0.9044522164090233
0.9010612555942042
0.9088556620552898
0.902361739351156
0.9043404879631117
0.9002724851126708
0.9033818190147175
0.9069542025548617
0.9099830228258662
0.9030336369564276
0.9041844096692264
0.9070514914651066
0.9023232929938566
0.9089782434789437
0.9004330283563438
0.9024200928211146
0.9000832346346378
0.907214376933592
0.9082363378103109
0.9011962707885175
0.9010439955829704
0.9125208295524239
0.9013174515827604
0.9028337737584892
0.9086323376577197
0.9002471395100442
0.9057128778452813
0.9065466524878332
0.904561701490057
0.910029989670759
0.9044935386331043
0.9041590209885675
0.9012759609859652
0.9009731980867983
0.9025676546812034
0.9048840734536322
0.902611485126401
0.9210542337523016
0.9164405483726199
0.9083912370691544
0.9117452582932197
0.9058113222229394
0.9057705673742663
0.9074097830167719
0.9065506188404112
0.9155719255169399
0.9078304748706624
0.9015825032161854
0.9177013899953779
0.9049856805451456
0.9080221363781587
0.9131428661006283
0.9074372611945586
0.9084512442096542
0.9018391945883499
0.9021498135939218
0.9017152167405211
0.9045928213582496
0.9121720750823117
0.9137267693507122
0.9188737817534973
0.9011440064634724
0.9004348090396396
0.9144934695752664
0.9021497942627527
0.909164910316752
0.9070772193491496
0.9018360303834518
0.9018909916670758
0.9103847317725295
0.9060156939102663
0.9101071246148854
0.906846990458003
0.903801117986957
0.906122430358746
0.9057723844804503
0.906680373083735
0.9087274128518296
0.9080868748543299
0.9071875092261036
0.9047783022319115
0.9005492890726001
0.9150304230517687
0.9088710235872891
0.9043931474435367
0.9019497696536881
0.9065992860908172
0.9004427293438005
0.906237803152158
0.9089570780881925
0.909257410629906
0.9026211029023841
0.9043917229953926
0.9009887170657017
0.9079868445840233
0.9037427239667621
0.9098146371836013
0.9069909914079255
0.9048122304725863
0.9087696412426016
0.9052611423812964
0.9139280221706538
0.9085592867030021
0.9052475464073164
0.9001934081945157
0.9103175935809834
0.9026997745343976
0.9069594161977129
0.9091935863490918
0.9074557338832129
0.9000067795717652
0.9045820387804377
0.9108662285412277
0.9021707419628495
0.9089878474513781
0.9067818932213201
0.9120015377871127
0.9135065655660959
0.9032019380155265
0.9058437753376465
0.9005223503964179
0.9038281430912305
0.9117070621642277
0.90313720726559
0.9026434744545101
0.9104940244197737
0.9058111980654455
0.9063440525478089
0.9022149039368602
0.9030559607836093
0.9039256058783408
0.9019432428908042
0.9135112015360972
0.9037827243238236
0.9072484384554542
0.9059704231205263
0.9030046576533868
0.9000715714927313
0.9069940373808069
0.9040383338941179
0.9051441047279833
0.9056108425512309
0.9014562965971232
0.9047745978829541
0.9065865117363465
0.9038807476088648
0.9068753601666188
0.9034555398944991
0.9004382276433067
0.9073955755512404
0.9085219414905078
0.9031847494795308
0.909274065745257
0.9015856999605437
0.9069136219307337
0.9014583807735025
0.9038813766023528
0.9039064102958617
0.9043181784916748
0.902899467966134
0.9085299880710462
0.9061986860940119
0.9034818960648158
0.9018545200105537
0.9003516999590798
0.9071362101723722
0.9028368421692992
0.9015832742579937
0.9051599050310749
0.9077574535603201
0.9043310740800857
0.9045669406567235
0.9086448306192614
0.9019562074821815
0.9124154593963065
0.9015103965730967
0.906037926101237
0.9101914353434697
0.9015783224815266
0.904504053158519
0.9015179853466746
0.9120668878216499
0.9051435415092789
0.9087944696514565
0.9017988561963638
0.9047109356918283
0.9025323562032568
0.9131439377506315
0.9033444258510416
0.9058218540385322
0.9086088232976703
0.9117565088841648
0.9040896385481201
0.9084073573185829
0.9082835579466856
0.9107907268973275
0.9065009521209146
0.9116208305782081
0.9035125760699038
0.907163408755604
0.9051572893111258
0.9096863202410336
0.907119756768502
0.905327181823536
0.9061420250706488
0.9146928517874519
0.9052313486669713
0.9040299705712397
0.9028065138872056
0.908031653684615
0.9083994123242802
0.9084216987646557
0.9074955172320889
0.9031785495299213
0.9038663517038363
0.9080073465041099
0.9004857012175388
0.9010137775302917
0.9076862649887193
0.9081443194573882
0.9040587453704214
0.9035541990068994
0.9043639753254992
0.9004244350497422
0.9058252670929111
0.904851568127882
0.9083233852529164
0.9091491158237961
0.9003151904667429
0.904350095183667
0.9036514680187296
0.9075903196171691
0.9050572937054231
0.9106575280488104
0.9039794445722809
0.904030248023648
0.9013496751056468
0.9026361973298793
0.9034997301116559
0.9129673105985849
0.9065411153671269
0.9067363888874685
0.9006202019185287
0.907717129989724
0.9014546412600498
0.9011954370471363
0.915698080189239
0.9066792861220972
0.9024363656218272
0.9057191417317754
0.9014789243890791
0.9033213614317985
0.9040628341237656
0.9054495858535023
0.9064596709213649
0.9165103876272133
0.9063147276625585
0.9078982904970038
0.9001148935791008
0.900622790444748
0.9077597162776967
0.9001145178058361
0.9076975289608886
0.9048299937831371
0.9036885852089002
0.9086911991830904
0.9074738770044688
0.9056725565906947
0.9065582564020471
0.9014015381059551
0.9041199549714631
0.9007758892857168
0.9018667947232791
0.9042911317781053
0.9043979194040448
0.9025282432697944
0.904244639142249
0.911211299245597
0.9026523716795827
0.9090593029737302
0.9042713590422824
0.9261734053344071
0.9134133013374072
0.9025351760992462
0.9060303345155615
0.9096951366781444
0.9058483633271553
0.9014178961154055
0.9135710072857669
0.9042236714087591
0.9012562814780696
0.9153347953723032
0.9032548569185084
0.9008988691383468
0.9104069728898987
0.9080109938409523
0.9036825925140659
0.9036120914466851
0.9048278629613191
0.903513150505517
0.9040887828341925
0.9074255205321665
0.9068937500652046
0.9041477732892729
0.9002910812047799
0.9092240514489833
0.9097887583591664
0.9117166615095306
0.9003571617999819
0.9019413540276745
0.9024522721264622
0.9006723347050114
0.9029695291003782
0.9122114525884436
0.9043499090183196
0.9066413996590219
0.904851591951931
0.9031614819271572
0.9046422164670163
0.9054613056787655
0.9073358578387217
0.9027970120576162
0.9045187452828639
0.9042037375134379
0.9059269003722905
0.90831384032489
0.9053335140686164
0.9055570174801734
0.9052585474959155
0.9037601023208027
0.9059993550632669
0.9024761166068582
0.9014232620063112
0.9023266411291795
0.9064301971424232
0.9002431188405356
0.9044328521773157
0.906492896347062
0.9026774390379775
0.900282680311422
0.9080339989403325
0.9076840309216755
0.9012788197498109
0.9017617307549575
0.9026668803103567
0.908075464997031
0.9044341662993807
0.9032615087166257
0.9065397191362977
0.9036620089874415
0.9026017450972302
0.9040514833926011
0.9008754076490079
0.9062264495055959
0.9055561454906322
0.9012432489179856
0.9028322972587391
0.9038005147334016
0.9042133435022008
0.901780057700395
0.9002066958291739
0.9055196340688475
0.9041395913589507
0.9062532072320916
0.9047722995020351
0.9006818515519208
0.9008169101969116
0.9038707512007639
0.9048778003118243
0.9006012187644463
0.9016869046972016
0.9046400187588552
0.9008988865091228
0.9047580936054912
0.9078830843955675
0.9048123759273841
0.9068681369775158
0.9025354598267
0.9001202826643344
0.9070603805459976
0.9044334023510823
0.9041838116196568
0.9091942775415631
0.9046351113529785
0.9047123181432195
0.9072470516073335
0.9038960036152814
0.9012060160322617
0.9245697258605511
0.9061597466354603
0.9099457256231711
0.9079839907456989
0.9039508504220573
0.9000726234522383
0.9032534012367974
0.9101173984656119
0.9050863660212632
0.9042335245713663
0.9033827547164668
0.9054167112815736
0.9041375409276465
0.9018720990565554
0.9074903775810252
0.903285384140461
0.903028700704823
0.9050352216148176
0.9004073005414774
0.9016758441389273
0.9011768855447396
0.9065859205242303
0.9082725575024985
0.9024082687780233
0.9045987952765697
0.9020109750792868
0.9005827604612991
0.9099880187283055
0.9056488609545339
0.9083014879824632
0.9048692272352186
0.903456561472576
0.903421238140202
0.9026830979855269
0.9059323653805351
0.9038209653028724
0.9006546845273997
0.9024925672347912
0.9003421882953403
0.9023055342146156
0.9062709828605995
0.905636459778879
0.9151412967851915
0.9048405909112723
0.9074636081294482
0.9030252575325636
0.9019055348652735
0.901910739474667
0.9006641741026268
0.9049280053434875
0.9020656508735411
0.903498729189862
0.9080992756211324
0.9016314247154058
0.9005942934711479
0.9018244271653814
0.9060253771149281
0.9001463500807538
0.9091853856589465
0.906914768874532
0.9038486525986462
0.9042023038632103
0.9143307319610835
0.9009494822036918
0.911177740568377
0.9020480457404204
0.901827719449951
0.9022330961923651
0.9024245642567897
0.9026816521662713
0.9035726331464411
0.9048254499794333
0.906077082820167
0.9066592609093367
0.9021824980182069
0.9047298516176865
0.9006118152056124
0.9011081237175294
0.9022943295634751
0.900825821429042
0.9084502641966237
0.9025671003399319
0.9026232203341777
0.9012038839915768
0.9024087867262629
0.9067295273681524
0.9019854949321936
0.9045735791232128
0.9002048915332147
0.9007250794727842
0.9015214898137929
0.9030713977304334
0.9016610306113446
0.9056001498182839
0.9050803104461698
0.9060331231272953
0.9071333567805411
0.9004259629033908
0.9046778891350615
0.9009807465597173
0.9066199668972581
0.9052652032810011
0.9062924282969771
0.9096719643430702
0.9010309609733346
0.9025497745159367
0.9007449461505155
0.9004986219445206
0.9078122013290956
0.906007524883604
0.9047384390262745
0.9085559697140833
0.9064560146927455
0.9036596320362211
0.903724100306236
0.9002208375955368
0.9100259204276792
0.9081397534707627
0.9042514707330401
0.9095833585971338
0.9085788798314534
0.9033429420079295
0.912723804705851
0.908249795018367
0.9073272627948341
0.907700799954034
0.9164149782343068
0.9080212921010966
0.9026061443295915
0.9016687422071747
0.9023907712773667
0.9078584660758391
0.9046866203432369
0.907109157489976
0.902968032281846
0.9033517084657458
0.906867325515816
0.9070605462334553
0.9162452976065389
0.9035715804293816
0.9029952548322306
0.906520732485014
0.9018260214532275
0.9059371157263023
0.900226137787935
0.9020392100626291
0.9026062359543077
0.9080346525226327
0.9016807795573555
0.904829287496906
0.9066024949523462
0.9005982915270699
0.9061083796272057
0.902960509594239
0.9027206827418797
0.9092328686341392
0.9010630985303842
0.9006229439939861
0.9033458623237663
0.9018950568750104
0.9005243112000683
0.9066113545142924
0.9109456611828187
0.9012377402777887
0.9116594612889629
0.9012739129339192
0.9026498404076988
0.9074412272459843
0.906233132817455
0.9025632137876086
0.9056808638065499
0.9005088199288905
0.9060264654179984
0.9055117773029622
0.9044978715999987
0.9010759565084029
0.9056472565667849
0.9112250524192753
0.9036058009653396
0.9039846827329455
0.9017884008275935
0.9005117147721087
0.9046800868356993
0.9073956822532966
0.9085722127536848
0.903888744681274
0.9051504348789369
0.9002169241075357
0.9012830906407265
0.9108704253125227
0.9068589093988401
0.9015689649258389
0.9048623691002108
0.9067806627469079
0.9027272616457
0.9003705793205806
0.907937325652241
0.9083843426530406
0.9069510235503397
0.9014607597483463
0.9010137510357141
0.9058054378087389
0.906839180718762
0.9036962429862135
0.90175161482907
0.9080064428568663
0.9047513516768
0.9093988040500843
0.9033914805434569
0.9039500071820581
0.9041675315209582
0.9109932924367196
0.9034586309478503
0.9007455099639399
0.9012861070059007
0.9021846681468425
0.9030051844781214
0.9031037665181038
0.9015082785889419
0.9028014896774809
0.9152705878599773
0.9055940890039905
0.9001427743133811
0.90753981997977
0.9019603139009704
0.9089309156968264
0.9006287927750997
0.9075827138457156
0.902187104906402
0.9065568237638414
0.9027660148461015
0.9071939577039103
0.9002594146093648
0.9062326175695883
0.9079848620472903
0.901782627420507
0.9012008572836054
0.902988490116976
0.9007946019416576
0.9049297408174007
0.9045534250839496
0.9025049082389245
0.9081752793849969
0.9024552613843447
0.9050088344678641
0.9076040648196839
0.9033774282311794
0.9014806312880544
0.9001092094208762
0.9009020493114009
0.9044525531925457
0.908463742760265
0.9023075131540793
0.9033840843752758
0.903096469351212
0.9051186818825532
0.9043950190884731
0.9091960284993549
0.9044395941163983
0.9061717576736065
0.9053897308732223
0.9065846607202361
0.9077932808968955
0.9043977013173845
0.9018678858053508
0.90270757918465
0.9079878975130395
0.9000911344517435
0.9027714720022747
0.9006874597125676
0.9064860289487121
0.9052280213085957
0.9109739284966147
0.9055977784115128
0.9070911519862312
0.901213336161155
0.9000946430054391
0.9092316181843166
0.9048366373514847
0.9091121255331297
0.9089891003302109
0.9051907713478607
0.9046058560296526
0.9008001112358147
0.9019993061146896
0.9000455127030697
0.9062591744625194
0.9081649976631083
0.9049488444584346
0.9036959608464856
0.9020992879417096
0.9042741134627474
0.9028733243069167
0.9005807607307507
0.9039563980865171
0.9099402497646103
0.9024827645655302
0.9055750731367109
0.9009869715323554
0.9061810441138843
0.9055077704197572
0.9028934605171395
0.9041834478032248
0.9053304134142579
0.90382991416485
0.9025790988029636
0.9026940987149245
0.905583892922438
0.900305635968406
0.9045832611991333
0.9060646114306762
0.9011477509903052
0.9056781701684293
0.9013402370558455
0.9004962932948721
0.9086067504112533
0.9121623009860262
0.903611768986862
0.9076983860207034
0.9076993235468168
0.9060827815265118
0.9143287802760103
0.907056428642551
0.9025917670046997
0.915715462996468
0.9080044724416712
0.9086743969871741
0.9008276855524159
0.9019902429789447
0.9041807170538559
0.9002035981022276
0.9019016609419273
0.9024362488527023
0.9067886951157657
0.905975964784073
0.9032697027095806
0.9012925944446437
0.9076266909216736
0.9009614188941565
0.9083153423518742
0.9049791400583173
0.9068601388173448
0.9091473540606926
0.9033581777163194
0.904139358754836
0.9084558944646043
0.9009212311510219
0.9041415842881078
0.9046165725074907
0.9074144271397417
0.9060386606555262
0.9059367784136001
0.9056747088543186
0.9034521896893547
0.9007342923918286
0.9065100740419614
0.9025508431795185
0.901908905719794
0.9003914801263675
0.9030437179297364
0.9059432501318612
0.9027526015501564
0.9043904952367712
0.9000755948874467
0.9014708877351271
0.9040990544813332
0.9006413528797701
0.9029889549174513
0.9024043588258241
0.9089735756802595
0.9035637363730507
0.9114153124291411
0.9048721578641449
0.9077449951810878
0.9014384026024481
0.9006084813454441
0.9092356374169431
0.9068144188213861
0.9018907146900231
0.9007796015509867
0.9036435179834191
0.9029827936164817
0.9027240299236372
0.9060650089456744
0.9032979622981451
0.9066732497389522
0.9067930449444888
0.9046293476436017
0.9028266432250862
0.9030479027350926
0.9076562773127735
0.9027833069307424
0.9017894309118694
0.9028491051472994
0.9062531578959201
0.9036396995300258
0.9034080536351317
0.9035377898571957
0.9007141793725518
0.9058435733022998
0.9002488279611903
0.9014694902631292
0.9018389350939382
0.9024164811773331
0.9036662261356554
0.9012393664335554
0.9013910314586061
0.9043682431670873
0.9084592894619575
0.9059625237713778
0.9159276387117173
0.9034332334278056
0.9091694388671916
0.9060229909161749
0.9068447751518387
0.9040544628887275
0.9019606710490893
0.9099933905188157
0.9003725436733927
0.9112963795276513
0.9064686880832016
0.9077817484911244
0.9073197550272957
0.9045292070283875
0.9073101559177342
0.9158849329272422
0.907157271700018
0.9064735881114102
0.9044411786643308
0.9026783769380138
0.9076259331522321
0.9048816091940253
0.9072618249173743
0.9010813601946354
0.9099050537178014
0.9013847136784569
0.9165593037259525
0.9016086000934204
0.9032766757955999
0.9088523571114249
0.907115846065887
0.9003954595975441
0.9050176414447576
0.9043713696919358
0.9055503995858667
0.9020390119435577
0.9027063921273132
0.9038082172975668
0.9061177198921573
0.9021765462163807
0.915597539221205
0.9093641675725691
0.904776383031285
0.9098239563423172
0.9005869390073609
0.9066370030740808
0.9025752872656143
0.9077789293012585
0.9020984067964889
0.9037740708450768
0.9053627187711436
0.9187617837983835
0.9091682458135117
0.9059454871595802
0.9050284359628682
0.9029889595916606
0.9114516325233878
0.9065579011253782
0.9043841977528142
0.9053751371850796
0.9059310604322467
0.9085496781973028
0.9055749180393111
0.9028346914523981
0.9066140027662485
0.9054680405263311
0.9027591993053445
0.9055607115890361
0.9044067396769151
0.9066825779655441
0.9046952897905228
0.911308055105487
0.9028646111085633
0.9021095668638183
0.9019666641641619
0.9093917571591678
0.9090890135372185
0.9055637456045817
0.9045937484730378
0.9084673670441586
0.9022109043874045
0.9060250303831295
0.9046236258006212
0.90090687100738
0.9034407658266562
0.9000631695164311
0.9034957708423353
0.900254081905412
0.9009686372755551
0.9075244403390296
0.9039468136962436
0.9053325860500226
0.9102861118151953
0.9072235960197019
0.9010692342474759
0.9057990182565759
0.9013415253281888
0.904542867021832
0.9099779064852701
0.9092306118449323
0.9009186960210637
0.907456215020224
0.9002983091056321
0.9048347258768301
0.9054703485797071
0.9001751643038227
0.9184657937176209
0.9006158887961629
0.9067051182774322
0.9027683142986528
0.903154049769094
0.9026011316182952
0.9065265984700004
0.9009636783524397
0.9053260367391405
0.9038909820681725
0.9058083587497773
0.9069478160243325
0.9032449406919009
0.9021408174161765
0.9074005531299169
0.9047400808185228
0.9051710075373607
0.900617349115833
0.9084175515408268
0.90800471718984
0.9128891433211879
0.9059874305577928
0.9007751836788763
0.9068650567675587
0.9018941124101001
0.9003402986539258
0.906077519697715
0.9002841079970575
0.9008775551970749
0.9031627361205066
0.904109745846832
0.9085094949780599
0.9190208781426707
0.9065515238508917
0.9083527681786392
0.9032376490200291
0.9055023422835704
0.9022438531518675
0.9033983387477751
0.9025889242050579
0.9020564210699095
0.9037217958514852
0.904164377283714
0.904541740994088
0.904983861760752
0.9051362136922637
0.9015486382132709
0.9094187561150692
0.9042266057974072
0.9071896914267416
0.903365371548541
0.907502060424666
0.9040810342016029
0.9021503984089704
0.9074099795907044
0.9062267452459171
0.909970333603711
0.9020433731798727
0.9074297208434728
0.9134564314443718
0.9002686614066918
0.9001186499872107
0.9068407663842507
0.9060664596691648
0.9104151493464707
0.904933822718173
0.9060665731391068
0.9021561401843811
0.9004677807627696
0.9070313631025516
0.9030195899800293
0.9040711983176921
0.9098624209514281
0.9084235166974916
0.9032747964091645
0.9052969481220813
0.9070588458400451
0.9011947915378941
0.9014333557503784
0.9128574790809757
0.9019251071590239
0.9085789537255153
0.9057609851748349
0.9039146669463551
0.902883244112138
0.9040546365543229
0.90697650751736
0.907023698414
0.9008361033707646
0.9047347126298854
0.9073177392735139
0.9053789241351596
0.9004028724738968
0.9049655798856879
0.9045897730613158
0.9023432751301828
0.9007108578802611
0.9036012379218148
0.9058878856093155
0.9030568134715455
0.90185215742391
0.9020344611436076
0.9043957750328075
0.9004966610656319
0.9007456863434526
0.901129969758494
0.9006410239553404
0.9088600241290726
0.9077151394683176
0.9023932006870354
0.9077246227139908
0.9006031407547758
0.901653787125697
0.9006142697042584
0.9073237628829752
0.9011515693111092
0.9050459155563256
0.9027453678948175
0.9037327118140865
0.9078027505217406
0.9036130520324605
0.9017267557554768
0.9005158611955019
0.9139408138331172
0.9014119573866138
0.9051144329048881
0.901233426858491
0.9079400807523181
0.9058746251734239
0.9073742797496603
0.9022219172818069
0.9153094951446147
0.905938785905887
0.9037377059963925
0.9069222033746732
0.9023197880518946
0.9050540076164749
0.9053406450462224
0.9059864517212776
0.9071613250894297
0.9072923634142336
0.9004942942246899
0.9037979888635965
0.9163698603454198
0.9032054800870878
0.9056801241933637
0.9018118153986725
0.9005160646923203
0.9051065344215309
0.9045748400126088
0.9108488787779151
0.9030041558542287
0.905382500231502
0.9001431848528665
0.9040245902732943
0.9024170045893655
0.9009683941175421
0.9070030543304192
0.9058484532536858
0.9046724553886641
0.908196908767478
0.9052151065540767
0.9099925353276844
0.9058412247896336
0.9018581495343908
0.9066302082972838
0.9014141895527141
0.9065550844953333
0.902950866793021
0.9005620212601779
0.910623015878228
0.9044287522559257
0.9011809167090505
0.9029134801281012
0.9040587719597136
0.9040899507293259
0.9086392609964618
0.907326667318878
0.9040892644079257
0.9121508106454137
0.9059576373749607
0.905615102736819
0.9041767345555787
0.9056131321973556
0.9011451842090434
0.9061702434644621
0.9063698237814891
0.9010883773679975
0.9048659231060956
0.9026400653688216
0.901449473055097
0.9007047954061925
0.9082372963785877
0.9047865696356509
0.9015756770064246
0.9053146277068697
0.9012992500513959
0.9088986159864474
0.9065238913794468
0.9033530673344056
0.9038869099293074
0.9050962947012268
0.9011006270132755
0.9012589092320177
0.9136359156538549
0.9086218609518258
0.9076591845971271
0.9134363433923477
0.9035342931659623
0.9048250738386405
0.9003434545771974
0.9055258594574815
0.906806029014129
0.9047809722885652
0.9051874786992847
0.9070243031168866
0.9061531072316055
0.9096280871137565
0.9015082737696428
0.9017763118691521
0.9016753098495163
0.9106116248638667
0.9007293784790512
0.9002229837218686
0.9006033960111175
0.9006743172621
0.9012007551874331
0.9010124666594881
0.9046111362905265
0.9043611914652903
0.9024169966680664
0.9018314726726269
0.9021557860351451
0.9011780079172496
0.9031781408054422
0.9076524185172513
0.9099397787045692
0.9069733488979344
0.9062301655255828
0.9040743496858334
0.9070576397067727
0.9074404635472013
0.9232237354551949
0.9036189011403444
0.9071726877045546
0.9014767867614037
0.9059458663879351
0.907936045787579
0.9093929005450561
0.9174734329692236
0.9077424772663376
0.9083731061680492
0.9015630249922051
0.9048318908497863
0.9048745241443876
0.9037665995912776
0.9041903407658682
0.9056815049408155
0.9056615642841086
0.9070102971402673
0.9053133698006057
0.9021528883927862
0.9014739010497855
0.9093228239049684
0.9221151364386737
0.9020492920092095
0.9018364776959376
0.9008727850508919
0.9049317158155509
0.9060897855151947
0.9066767103408292
0.9044795628886109
0.9064377257701691
0.9058584496257518
0.9078095781290441
0.9043112850636323
0.9012074181758246
0.9025883377421958
0.9059296197714961
0.9032160872185585
0.9030332170825418
0.9074894207874485
0.9076122478017351
0.9087902329852187
0.9092964968545297
0.9048851477148632
0.9000749037685042
0.9132009714772538
0.9093798788739402
0.9005427723778282
0.9064651098249473
0.9013852376726403
0.9099537350572222
0.9040847098888751
0.9077365156276365
0.9065850690427681
0.9014210620152807
0.9003587767630006
0.9010182960148254
0.9077917763112096
0.9011179029744268
0.9025029399331919
0.9017186280592595
0.9104316058672053
0.9029167535320669
0.9067744430153131
0.903102454047513
0.9067936683933615
0.9020544645692156
0.9050040022885067
0.9010369462010559
0.9017635251739846
0.9013786951378231
0.9046121716821309
0.9080392160236637
0.9077818562276571
0.9027688816519268
0.9052161678172929
0.9073704984723123
0.9077007338718134
0.9095379354301227
0.9058565458260123
0.9035291597391835
0.9002810576504489
0.9071466836310488
0.9058229618575587
0.9048906818798363
0.9033831528104189
0.9012370066562546
0.9015414840175291
0.9006429269579752
0.9163610635711739
0.9051718547005076
0.9017410425025956
0.9026119498326082
0.9035781339098131
0.9074313525007335
0.9046327990163229
0.9097699443195001
0.9016130351811547
0.9049673877015966
0.9012746607282558
0.9011335622661963
0.9009523754452037
0.9112693059405699
0.9047953778960156
0.9101794986177435
0.9001236997159879
0.9043349406395456
0.9018102843297957
0.9034731158956989
0.9107375734348483
0.9021289416286608
0.9037384451847656
0.9016714105725222
0.9014954586129458
0.9054147586589861
0.902685663915769
0.9014361088828508
0.904720620981015
0.9022055568920142
0.902086326310845
0.90658147551312
0.9048284122268272
0.9021438396277591
0.9022205176814077
0.9067646523279872
0.9009818148350826
0.9003197595178616
0.9054104351659709
0.9037491398855971
0.905078893918943
0.9155614363491056
0.9000701026499497
0.9022427142901996
0.9004295763001525
0.9073812082620404
0.9062928246085822
0.9081352937435556
0.9032232766190678
0.9040267705214593
0.9001705887817255
0.9042924713814399
0.9040676314974708
0.9057841240485293
0.9044422429388967
0.906764744793265
0.9008107512539053
0.9093311333976425
0.9002702121197256
0.9048161383724824
0.9046412385026191
0.9051581830840132
0.9063176033229597
0.9059541282923446
0.915903964988163
0.9022735201943748
0.904561121897471
0.9032949789362872
0.9010251343322389
0.9080005245596948
0.9038160013005795
0.903241688055012
0.9071842710547318
0.9040603047110264
0.9124501989187667
0.9045029132824381
0.9083216771114571
0.9066644812751063
0.9087100032772046
0.9062356773895146
0.9058884300330642
0.9058398774553705
0.9025357724351512
0.9071110455759557
0.9023022816756199
0.901347596558253
0.9019733134670643
0.9025415588516008
0.9053878399900331
0.9097898509819544
0.9007777333718714
0.9020258555491634
0.9052734764697126
0.9075937631700365
0.9037827381104987
0.903554159678595
0.9031474975881311
0.9004018917128348
0.900535183218091
0.9011579849357779
0.9061660533474869
0.9073961267132883
0.9055339365354137
0.9034534262553164
0.9100122879063042
0.9060296093180679
0.902859836897415
0.9010685520311873
0.9037770573351476
0.9039983131483009
0.9019208667525205
0.9042363923474581
0.9064786245082158
0.9060320492193455
0.9036651142036939
0.9043631574178504
0.9023165742497171
0.902535465847316
0.9004844374919126
0.901808316335259
0.9013633359553651
0.9036127708409509
0.9060692002243731
0.9007609145851717
0.9030635605703237
0.9051496592330993
0.9038446559834862
0.9001807810182814
0.9014889619383355
0.9016465620922616
0.9047378512858144
0.9107534168146585
0.90030747861906
0.9017667620633353
0.9044861272977208
0.9010624026774533
0.9037718747605455
0.9040409165410012
0.9030176923906147
0.9102094610855682
0.9015476249655584
0.9058334251805328
0.9100306103358354
0.9003768507650756
0.9031890212103738
0.9023315274327534
0.9033690396551446
0.9033725031485158
0.9092451143640087
0.9001360213860333
0.9001094110498039
0.9025012362103865
0.9077290451132153
0.9034796950263173
0.900461374312604
0.9004747005055727
0.9064749847523836
0.9058943418177655
0.9008350205856619
0.9040854101843436
0.9228002623123813
0.9052882355223252
0.9048650708906132
0.907078828805573
0.905031137724613
0.9099095910197227
0.903884465654441
0.9024370205171611
0.9099230107783224
0.9004662708269505
0.9097062475102146
0.9051686925981587
0.9033619688642863
0.9053513182455496
0.9076332490314928
0.9006967951512342
0.9004468772034554
0.9044414974888361
0.9104289149286157
0.9037424634090473
0.9040389517660864
0.908945300708278
0.9053565608531927
0.9010372821365972
0.907814149742146
0.9003476183453621
0.9001353565096415
0.9047908944587172
0.9014920690217789
0.9017228115594461
0.9086936935269592
0.9113941566497028
0.9071456619943121
0.9084483177036949
0.9028456305858332
0.9085676189296314
0.9015859863445398
0.9023805273048568
0.907683905529795
0.9070429231893906
0.9027798443920863
0.9053463003665563
0.9025690471014107
0.9036985884985757
0.901950230886859
0.9034937279535714
0.9046150380782326
0.9107433691073253
0.9021768032003487
0.9070458369754973
0.9033281038684743
0.901103506410184
0.905140649192373
0.900171718302808
0.908107346373518
0.9021584095157394
0.9016036157161045
0.9050796239309252
0.9031084443999486
0.9019799955983591
0.9039469495994815
0.9099609093787634
0.9071424989654193
0.9003732891085712
0.9058645575791993
0.9022255730168464
0.9018765200759625
0.907092179388496
0.9103265341020665
0.9075246323220754
0.9004520694667109
0.9066037433508211
0.9134340288957459
0.9071531271524117
0.9004688118725038
0.9097807256159526
0.9031460853671914
0.9002415077958934
0.9031070776151474
0.9114366710097285
0.9068777271530013
0.9025711830637606
0.9048877110575216
0.90847426309098
0.9123817462484035
0.9091360556125043
0.9138185064368209
0.9008894298214246
0.90490571995596
0.9143695775217204
0.9029531723108284
0.9089233438960935
0.9066894474462215
0.9039623786383272
0.9137169569239151
0.9027575303835267
0.9094476407775823
0.9046029235315064
0.9192910327808819
0.9003605301611121
0.9039359703988681
0.9085705060843183
0.910694124506697
0.9039332768444234
0.9085157639637386
0.902223043560604
0.9055081511829327
0.9089054050618458
0.9070712424100579
0.905290939384441
0.9090259159746991
0.9056723882734449
0.9022810824057765
0.9040419537563076
0.9015543992095167
0.9002179242361383
0.9082536827725101
0.9007164668293683
0.9027770697905995
0.9002431145355094
0.9070701204240725
0.9116219894112653
0.905422202730265
0.9078823847823115
0.903431131419042
0.9037032985394287
0.901379161262584
0.9129946972050096
0.9019045041254794
0.9046590900573772
0.9136922033267966
0.9021507997160417
0.9027779942429345
0.9039458127657709
0.9005565388736019
0.9119240281810918
0.9105151983815089
0.9076078783063263
0.9000301414128143
0.906851556669103
0.9098299526222087
0.9072855582425612
0.9037267334318485
0.9063500604265953
0.9020378984306746
0.9004014921677382
0.9030797427165222
0.908263356983863
0.9053441396723372
0.9049179679126513
0.9063025991351612
0.9054782670268964
0.9041298572219755
0.9042416294884128
0.9130100367860069
0.9085412917495187
0.9043859403651173
0.905462618121192
0.9072434493137975
0.906020778381706
0.9037089291642243
0.9095028263026307
0.9170345156934344
0.9031695260448728
0.9003202306809898
0.9047166338025525
0.9028937126182325
0.9044248741695129
0.9058216727970808
0.9022378424137582
0.903041570330625
0.9064431026940555
0.9011174981901312
0.906867907135672
0.9116969506819945
0.9032862355386737
0.9059702028073663
0.9011770708969591
0.9037474829551678
0.9029780930064323
0.9031086810468525
0.9013471931978895
0.9070462795563976
0.9001789428463461
0.9047921967375031
0.9002147955484702
0.9020780303936193
0.9066620005687887
0.9069306002301771
0.9007123406335759
0.9098403725094161
0.9060532295543156
0.9006271924674165
0.900470279111062
0.9021145300015574
0.9032819953262242
0.9061887014026812
0.9006960716992133
0.9059303724690982
0.9133911428754324
0.9034100919789156
0.903022885178047
0.9075986652735553
0.914294377298806
0.9008054574045415
0.9006922168254906
0.9066086678950593
0.9034222147548117
0.9042814415105538
0.9074824207053611
0.9104616114319363
0.9029636325437073
0.9119190437134569
0.9024610080576487
0.9130846485624738
0.907043889713283
0.9106566076041483
0.9018729245458985
0.9028989290634029
0.9057242465718276
0.9009140504100699
0.9047561632753565
0.9028398125038941
0.9005250574390523
0.9007149527806817
0.9017782675764691
0.9023226163686585
0.9069164347618678
0.9086029931020446
0.9176188273263064
0.9048675558600007
0.9109095474305681
0.9033089419371133
0.9049487505250245
0.9064774413700676
0.9072694989333595
0.9063176818843716
0.9104174779799276
0.9032112956018062
0.9086787636599167
0.9021714628698354
0.908322265664061
0.9038676264983454
0.9088808551172847
0.904389956359081
0.9117467139404982
0.9072933398369609
0.9032979547643321
0.9024015933988154
0.908804219147706
0.9019866952078986
0.9135494842299369
0.900363908754571
0.9020036597472961
0.9012720569850856
0.9072570838046335
0.9077573407932541
0.9052507313430922
0.9055341587200629
0.9012769981775576
0.9063235020826049
0.9009627009355645
0.9035128435841284
0.9035016573419467
0.9061835827555834
0.9231075804428416
0.9129489528155635
0.9007290916278952
0.9003441197230854
0.902224979050079
0.9014035009374426
0.9101732469686133
0.9113180376077046
0.9067869993865384
0.9011857481731286
0.902785089307685
0.9011723064224321
0.9023069324060614
0.9029032505341896
0.9063850684078084
0.9000353031908029
0.901854236137951
0.9044923224846607
0.90144969474374
0.9021399986898978
0.9044943963447516
0.9005400140411229
0.912963382873135
0.9088726038064955
0.9033308778914495
0.902370008857999
0.9021861999041298
0.9030497201279235
0.9025109805722524
0.9049256335104274
0.9033749511448407
0.9095274077625856
0.9001656689433989
0.9061544010479576
0.9011528769927
0.9013139025261971
0.9023870421886659
0.9038463635375266
0.9125190718332261
0.900086364144123
0.9041672716871829
0.9046625767319455
0.9053277261551419
0.901590306438391
0.9001361279525538
0.9090088339906027
0.9010959134261595
0.9036734811380891
0.9010496320965496
0.9067554521854628
0.9101102056091265
0.9058246142693495
0.905706240788791
0.9075296560943463
0.9002311846722652
0.9052039668981842
0.9026203073190378
0.9000255484216917
0.901360339692783
0.9016399411499166
0.9012192518032229
0.900831159457417
0.9050058870343408
0.900599338200444
0.9064083110114637
0.9063318262432488
0.9031012008776931
0.9056306693415263
0.9054904891840577
0.9011471858743371
0.9049371371167877
0.9041878432712791
0.9031618675004162
0.9059791094119128
0.9001440981968563
0.9060357239366691
0.9132722915222015
0.9046053158563507
0.9055568362138503
0.9061387317714436
0.9002736073207643
0.9055909438350153
0.9132851228051889
0.9105302027550941
0.9012009947748645
0.9040647888538481
0.9056304095416958
0.9088822681364892
0.9042016777823779
0.9072175100951323
0.9048306068803342
0.9072979998856295
0.9030974021493372
0.9056711874882283
0.906575851530557
0.9056655336376562
0.9117619086754132
0.9014227893881069
0.9033987186407986
0.900315587417905
0.9118586400273204
0.9090826940134957
0.9101434326651561
0.9071714864683639
0.9024642266435634
0.9034284686540832
0.9013530988596653
0.9028695309783066
0.9008498383031236
0.902289519353401
0.9055711049179562
0.9177266748602908
0.901222104846076
0.9038086032302625
0.9053186060756101
0.9059928815126737
0.9066487814768647
0.9063332016087764
0.9046913537888271
0.9049787857106761
0.9089281617230444
0.9003328742147493
0.9062129677266878
0.9045918505973005
0.9046482981464808
0.9132445409198097
0.9146825662461141
0.9026872294671776
0.9117857743024222
0.9045117783632196
0.903083474545434
0.9045381516637466
0.904582827231647
0.9007411280471364
0.90688377215118
0.9013988853349056
0.9073371375396718
0.90110760701843
0.9035170467714435
0.9036658316360694
0.9034950551956407
0.9060342744595479
0.900953786622714
0.9056980946789935
0.9065548766065943
0.9039153104918453
0.9035725080705458
0.9106199443793184
0.9019576486971893
0.9187398439086928
0.9024140619589023
0.9073075626152786
0.9042140555121612
0.9080317921236163
0.9022786267156631
0.9082888478885859
0.9048693231698136
0.9059509132883032
0.9024377461744908
0.9047365912018487
0.9009535032420877
0.9003874964480807
0.9045059569694764
0.9071254319746486
0.9035839274804404
0.9096121076544088
0.9075238402787701
0.9043486149369948
0.9001136890217044
0.9062656834672341
0.9078634634986219
0.9006242568237198
0.9038234720185767
0.90222453191071
0.9001952254416166
0.9036798727815427
0.903620591371784
0.9061916787877714
0.9003164358877858
0.9060518213970925
0.9044037338863891
0.9051091539195895
0.9040629889674456
0.9034705354702376
0.90007664394405
0.9068115364222236
0.9019962157506521
0.9061764811220803
0.9011244306580113
0.9007034499129823
0.9160326923518964
0.90218580801426
0.9049055858965317
0.9011212977631946
0.9006005485541925
0.9059643637539893
0.9020213457239407
0.9079387552414903
0.9049483999422732
0.9057975722928758
0.9052407871256639
0.9100202791257045
0.9005380935032175
0.9002299016114937
0.9095740483915941
0.9024009224703547
0.9040048811386396
0.9052491855941854
0.9073119764783083
0.9107059655299279
0.9008678546279747
0.9069470167959379
0.9051338289871962
0.90103345092853
0.9089782399388967
0.9076605100875507
0.9045096662470793
0.9035265449284904
0.9098387977906397
0.9019027636666863
0.9095933633605736
0.9018636261750332
0.9028766529323916
0.9005878457183533
0.9012835894707811
0.9035742401225422
0.9082552579646335
0.9039033104460094
0.9038054820676695
0.9027371298157976
0.9018403426059596
0.9012192051220311
0.905825819689349
0.9064245650888088
0.9036548683534487
0.9017359522914757
0.9078754464288497
0.9020267982722113
0.9050132253928873
0.9027314201462244
0.9066477101144383
0.9081022885680718
0.9020763178839547
0.9034940500468761
0.9030172141431632
0.9035225147500828
0.911625136638354
0.9042592678908893
0.9025875344505208
0.9000874180946484
0.9011106260374377
0.903167955848585
0.9000760159631565
0.9036576284152837
0.9086938528748518
0.9010339674408447
0.9102670253356501
0.9018611658048769
0.9010514993150833
0.9026302933308314
0.9059112900740554
0.9042314503939963
0.9014957368935433
0.9006012220399053
0.9048794730430704
0.90444001498561
Bicluster(rows=[0, 1], cols=[ 1  2  4  5  7 11 12 13 14 17 19 20 21 22 24 25 27 30 36 37 41 44 45 48
 49 53 54 56 62 63 64 65 66 67 72 74])
Bicluster(rows=[0, 2], cols=[ 0  1  2  3  4  5  6  7  8  9 10 11 12 13 14 15 16 17 18 19 20 21 22 23
 24 25 26 28 29 32 35 36 37 38 40 42 45 46 47 48 49 50 51 53 54 55 56 58
 61 62 65 67 68 69 70 71 73])
Bicluster(rows=[0, 3], cols=[ 5 10 23 26 29 32 33 35 37 39 41 46 47 50 54 57 60 61 65 66 67 70 71 72
 74])
Bicluster(rows=[0, 4], cols=[ 0  1  2  3  4  5  6  7  8  9 10 11 12 13 14 15 16 17 18 19 20 21 22 23
 24 25 28 29 32 34 36 38 39 41 42 45 46 47 51 53 54 58 59 66 68 69])
Bicluster(rows=[0, 5], cols=[ 0  1  2  3  4  5  6  7  8  9 10 11 12 13 14 15 16 17 18 19 20 21 22 23
 24 26 27 29 31 32 33 35 39 41 45 46 47 48 52 55 61 66 68 70 72])
Bicluster(rows=[0, 6], cols=[ 0  1  2  3  4  5  6  7  8  9 10 11 12 13 14 15 16 17 18 19 20 21 22 23
 24 29 30 32 34 35 36 37 42 43 44 48 49 50 52 54 55 56 57 58 61 62 67 68
 71])
Bicluster(rows=[0, 7], cols=[ 0  1  2  3  4  5  6  7  8  9 10 11 12 13 14 15 16 17 18 19 20 21 22 23
 24 25 26 28 29 30 32 33 35 36 37 39 40 42 46 47 48 49 53 56 60 61 63 65
 67 72 73 74])
Bicluster(rows=[0, 8], cols=[ 0  1  2  3  4  5  6  7  8  9 10 11 12 13 14 15 16 17 18 19 20 21 22 23
 24 27 29 30 32 33 34 35 36 37 38 39 40 41 42 45 48 49 50 52 53 54 56 57
 60 61 62 63 65 67 68 69 71 73])
Bicluster(rows=[0, 9], cols=[ 0  1  2  3  4  5  6  7  8  9 10 11 12 13 14 15 16 17 18 19 20 21 22 23
 24 25 27 29 32 33 34 35 37 39 47 49 51 53 57 63 67 68 69 73 74])
Bicluster(rows=[0, 10], cols=[ 0  1  2  3  4  5  6  7  8  9 10 11 12 13 14 15 16 17 18 19 20 21 22 23
 24 25 26 28 29 30 31 33 35 36 37 38 39 41 42 45 46 47 49 53 54 56 60 63
 64 65 67 68 71 72 74])
Bicluster(rows=[0, 11], cols=[ 1  7  9 11 12 13 14 17 19 21 24 25 26 29 30 32 34 37 40 41 46 47 51 53
 54 55 56 61 62 69 70 72 73])
Bicluster(rows=[0, 12], cols=[ 0  1  2  3  4  5  6  7  8  9 10 11 12 13 14 15 16 17 18 19 20 21 22 23
 24 26 27 31 32 35 39 40 41 44 45 46 47 48 49 51 53 54 55 56 57 60 63 64
 65 66 67 72 73 74])
Bicluster(rows=[0, 13], cols=[ 3  8 15 16 29 31 33 34 35 41 42 43 45 46 49 50 53 54 55 56 58 61 65 66
 68 69 71 72])
Bicluster(rows=[0, 14], cols=[ 0  1  2  3  4  5  6  7  8  9 10 11 12 13 14 15 16 17 18 19 20 21 22 23
 24 25 28 29 30 31 32 35 36 38 39 40 41 42 45 46 47 49 51 54 56 58 63 67
 68 69 71])
Bicluster(rows=[0, 15], cols=[ 0  1  2  3  4  5  6  7  8  9 10 11 12 13 14 15 16 17 18 19 20 21 22 23
 24 25 26 29 30 31 34 41 43 44 46 48 49 50 55 56 61 63 64 65 67 70 72 73
 74])
Bicluster(rows=[0, 16], cols=[ 1  7 11 12 13 14 17 19 21 24 25 27 28 29 32 33 36 37 39 42 45 46 50 55
 57 60 61 62 66 67 68 71 73 74])
Bicluster(rows=[0, 17], cols=[ 1  7 11 12 13 14 17 19 21 24 27 28 29 30 35 39 40 48 49 54 60 62 63 65
 66 67 72])
Bicluster(rows=[0, 18], cols=[ 1  2  4  5  7 11 12 13 14 17 19 20 21 22 24 26 32 33 35 37 39 40 41 42
 45 46 49 54 56 57 60 61 63 65 66 67 71 72 73 74])
Bicluster(rows=[0, 19], cols=[ 0  1  2  3  4  5  6  7  8  9 10 11 12 13 14 15 16 17 18 19 20 21 22 23
 24 26 27 28 29 30 31 33 35 37 38 39 40 41 42 44 45 48 49 50 52 53 55 56
 57 60 62 63 64 65 66 69 72 74])
Bicluster(rows=[0, 20], cols=[ 0  1  2  3  4  5  6  7  8  9 10 11 12 13 14 15 16 17 18 19 20 21 22 23
 24 25 32 33 34 35 38 39 40 46 47 56 58 60 67])
Bicluster(rows=[0, 21], cols=[ 0  1  2  3  4  5  6  7  8  9 10 11 12 13 14 15 16 17 18 19 20 21 22 23
 24 30 31 32 33 34 35 38 39 42 45 50 51 56 57 59 62 67 68 69 71 74])
Bicluster(rows=[0, 22], cols=[ 0  1  2  3  4  5  6  7  8  9 10 11 12 13 14 15 16 17 18 19 20 21 22 23
 24 25 26 28 31 33 40 41 43 48 49 50 55 60 65 68 72 73 74])
Bicluster(rows=[0, 23], cols=[ 0  1  2  3  4  5  6  7  8  9 10 11 12 13 14 15 16 17 18 19 20 21 22 23
 24 25 32 39 40 42 47 61 68 69])
Bicluster(rows=[0, 24], cols=[ 0  1  2  3  4  5  6  7  8  9 10 11 12 13 14 15 16 17 18 19 20 21 22 23
 24 26 27 29 31 32 37 39 40 41 42 43 44 45 46 47 50 51 52 53 54 56 57 58
 60 63 64 65 66 67 69 70 71 73 74])
Bicluster(rows=[0, 25], cols=[ 0  1  2  3  4  5  6  7  8  9 10 11 12 13 14 15 16 17 18 19 20 21 22 23
 24 25 26 28 29 31 32 33 35 37 38 39 40 42 45 46 50 51 56 57 58 60 61 62
 67 68 69 71])
Bicluster(rows=[0, 26], cols=[ 0  1  2  3  4  5  6  7  8  9 10 11 12 13 14 15 16 17 18 19 20 21 22 23
 24 25 29 32 33 34 35 37 38 40 41 42 45 47 48 50 53 54 55 56 57 60 61 64
 65 66 69 70 71 72])
Bicluster(rows=[0, 27], cols=[ 0  1  2  3  4  5  6  7  8  9 10 11 12 13 14 15 16 17 18 19 20 21 22 23
 24 28 31 33 35 37 42 45 46 47 48 49 50 53 55 56 57 58 60 62 63 64 65 66
 67 69 73 74])
Bicluster(rows=[0, 28], cols=[ 0  1  2  3  4  5  6  7  8  9 10 11 12 13 14 15 16 17 18 19 20 21 22 23
 24 26 27 29 31 32 35 37 40 41 42 44 45 47 48 49 54 55 56 57 60 61 62 63
 65 66 69 70 71 72 73 74])
Bicluster(rows=[0, 29], cols=[ 0  1  2  3  4  5  6  7  8  9 10 11 12 13 14 15 16 17 18 19 20 21 22 23
 24 26 27 29 31 32 33 35 37 39 40 41 42 44 45 46 47 48 49 50 53 54 56 57
 60 61 62 63 64 65 66 70 71 72 73])
Bicluster(rows=[0, 30], cols=[ 0  1  2  3  4  5  6  7  8  9 10 11 12 13 14 15 16 17 18 19 20 21 22 23
 24 25 26 28 29 33 35 36 37 39 41 42 44 45 47 50 53 54 56 57 58 60 62 63
 65 66 67 68 70 71 72 73])
Bicluster(rows=[0, 31], cols=[ 0  1  2  3  4  5  6  7  8  9 10 11 12 13 14 15 16 17 18 19 20 21 22 23
 24 25 28 29 30 32 35 36 37 38 40 41 42 45 47 50 51 53 54 58 60 62 66 67
 68 69 71 72 73])
Bicluster(rows=[0, 32], cols=[ 0  1  2  3  4  5  6  7  8  9 10 11 12 13 14 15 16 17 18 19 20 21 22 23
 24 25 26 28 29 32 33 35 36 37 38 40 41 42 45 47 50 51 53 55 58 60 62 67
 68 69 71])
Bicluster(rows=[0, 33], cols=[ 2  8 10 14 19 20 22 23 26 29 30 31 33 37 39 41 42 44 45 47 48 49 51 53
 54 56 58 59 62 70])
Bicluster(rows=[0, 34], cols=[ 5  7 11 12 13 14 22 24 26 30 32 35 39 42 47 50 51 53 60 66 68 69 71 73])
Bicluster(rows=[0, 35], cols=[ 3  6  8 15 16 25 26 28 29 30 32 34 35 36 37 38 39 40 42 46 47 52 55 57
 63 64 66 67 68 70 74])
Bicluster(rows=[0, 36], cols=[ 0  1  2  7  8  9 10 14 17 20 21 26 30 31 33 41 44 45 48 49 50 56 60 67
 68 71 72])
Bicluster(rows=[0, 37], cols=[ 2  3  5  7  9 13 14 16 17 19 21 22 23 24 26 27 29 31 37 39 41 42 44 47
 48 49 60 62 64 67 68 70])
Bicluster(rows=[0, 38], cols=[ 5  8  9 11 13 14 15 17 18 19 25 26 28 29 30 32 34 35 36 37 38 39 40 42
 46 47 52 55 59 60 61])
Bicluster(rows=[0, 39], cols=[ 1  2  5 13 17 20 22 23 24 28 32 35 38 45 46 50 54 56 61 62 67 69 70])
Bicluster(rows=[0, 40], cols=[ 2 20 21 22 23 24 25 26 32 35 36 38 42 53 56 62 67 68 69 70 71])
Bicluster(rows=[0, 41], cols=[ 1  5  6  7  8 11 12 15 16 18 20 21 24 39 43 44 47 52 53 55 57 61 63 65
 68 74])
Bicluster(rows=[0, 42], cols=[ 2  4  5  6  7 10 13 14 17 20 22 23 24 32 36 38 45 46 57 58 64 65 66 67
 69 70 71 74])
Bicluster(rows=[0, 43], cols=[ 2  4  5  7  9 11 12 13 14 17 19 20 26 27 29 37 39 43 44 47 51 52 56 57
 58 59 62 70])
Bicluster(rows=[0, 44], cols=[ 3  4  5  6 10 12 13 16 18 20 21 22 23 24 28 32 35 36 38 45 46 48 49 50
 52 53 54 55 57 58 61 63 70 71 73 74])
Bicluster(rows=[0, 45], cols=[ 1  5  6 12 17 18 21 22 23 26 27 29 31 37 39 41 44 47 48 49 50 58 61 62
 65 67 68 69])
Bicluster(rows=[0, 46], cols=[ 2  3  4  5  7  8 14 19 22 24 25 33 34 36 38 40 50 51 54 58 66 73 74])
Bicluster(rows=[0, 47], cols=[ 0  6 15 16 18 22 25 28 30 32 34 35 36 37 38 39 42 47 52 55 57 60 61 64
 65 69 73 74])
Bicluster(rows=[0, 48], cols=[ 0  4  5  6 10 13 20 22 23 28 32 33 35 36 38 40 45 46 52 54 55 56 58 61
 64 66 71 73])
Bicluster(rows=[0, 49], cols=[ 1  3 13 14 16 17 19 21 22 23 24 26 27 42 43 44 51 53 56 59 65 68 69 71])
Bicluster(rows=[0, 50], cols=[ 1  2  4  5 10 12 16 28 31 32 35 36 38 45 46 48 49 54 57 59 60 62 67 70
 72 74])
Bicluster(rows=[0, 51], cols=[ 3  4  6  9 11 13 14 17 18 21 22 24 26 27 39 43 44 47 50 51 53 58 65 67
 71 74])
Bicluster(rows=[0, 52], cols=[ 1  2  5  7 10 11 12 14 21 22 24 27 31 41 42 48 49 51 53 56 61 69 71 74])
Bicluster(rows=[0, 53], cols=[ 0  1  9 11 14 17 19 20 23 31 40 41 44 45 46 50 51 52 54 58 60 62 64 71
 72])
Bicluster(rows=[0, 54], cols=[ 1  2  3  5 11 12 14 15 16 17 19 20 22 24 29 37 39 43 44 47 50 53 54 55
 58 59 60 61 63 65 66 67 68 71 73 74])
Bicluster(rows=[0, 55], cols=[ 0  3  5  9 11 12 14 17 18 19 20 23 32 35 36 38 45 46 48 49 50 55 56 57
 59 66 69 71 74])
Bicluster(rows=[0, 56], cols=[ 3  5  8 10 15 18 19 21 22 23 25 26 28 30 32 34 35 36 37 38 39 42 47 53
 55 58 60 64 65 70 72 73 74])
Bicluster(rows=[0, 57], cols=[ 1  2  5 11 12 14 18 19 21 24 25 28 30 34 36 38 39 47 51 54 56 69 71])
Bicluster(rows=[0, 58], cols=[ 0  4  5  9 14 18 19 23 25 28 30 34 36 38 39 47 50 51 52 53 56 57 61 62
 63 65 67 68 72 73])
Bicluster(rows=[0, 59], cols=[ 1  7  8  9 11 12 21 22 24 26 30 32 35 40 42 45 46 51 53 60 62 65 67 69
 71])
Bicluster(rows=[0, 60], cols=[ 2  5  9 11 18 19 20 21 23 26 29 32 35 37 39 40 42 45 46 47 55 58 60 64
 65 68 72 73])
Bicluster(rows=[0, 61], cols=[ 0  2  4  6  7 10 11 15 19 23 24 26 27 29 31 37 39 41 44 47 48 49 51 52
 53 54 55 62 65 67 68 70 74])
Bicluster(rows=[0, 62], cols=[ 0  3  5  6 10 13 15 17 18 21 22 23 27 31 33 41 44 48 49 50 56 57 58 60
 61 62 63 64 65 66 69 70 71 73 74])
Bicluster(rows=[0, 63], cols=[ 0  2  5 10 11 13 20 26 27 31 41 44 50 52 53 55 57 60 61 62 70])
Bicluster(rows=[0, 64], cols=[ 0  1  2  5  6  7 11 13 14 15 17 19 20 21 22 24 28 32 35 36 38 45 46 48
 49 50 53 56 58 66 68 71])
Bicluster(rows=[0, 65], cols=[ 2  3  4  5  6  7 10 11 13 16 18 19 20 22 27 28 31 32 35 41 48 55 60 63
 67 70])
Bicluster(rows=[0, 66], cols=[ 0  6 10 18 24 26 29 30 31 32 37 40 44 46 48 49 50 53 54 56 60 62 65 66
 73])
Bicluster(rows=[0, 67], cols=[ 2  4  5  6  7  9 22 26 28 33 38 42 46 47 50 51 54 55 56 57 61 62 66 68
 71 73 74])
Bicluster(rows=[0, 68], cols=[ 0  2 14 16 19 22 24 26 29 31 33 38 40 42 44 45 46 50 56 59 61 62 63 64
 66 67 68 69])
Bicluster(rows=[0, 69], cols=[ 0  3  5  6 11 12 17 20 24 27 28 29 30 39 40 43 44 46 48 50 51 53 54 55
 56 60 61 62 66 67 68 69 71 73 74])
Bicluster(rows=[0, 70], cols=[ 1  4 11 12 14 15 19 22 23 25 28 31 32 33 36 38 39 42 43 45 46 47 48 51
 54 56 57 61 62 63 64 66 68 70 71 72 74])
Bicluster(rows=[0, 71], cols=[ 0  2  3  5  6  8 12 17 18 21 26 27 30 38 46 48 49 50 51 54 55 56 61 62
 66 67 68 69 71 73 74])
Bicluster(rows=[0, 72], cols=[ 0  2  3  6 11 15 17 18 21 26 29 31 33 34 38 41 42 44 45 47 48 50 54 56
 60 62 65 67 68 69 71])
Bicluster(rows=[0, 73], cols=[ 0  4 10 11 14 17 19 20 21 26 28 29 34 35 37 44 45 46 47 48 49 50 53 54
 56 57 60 62 65 66 73])
Bicluster(rows=[0, 74], cols=[ 1  4  6 12 14 17 22 25 26 28 35 36 40 41 51 54 56 57 61 62 63 64 66 70
 71 72 74])
Bicluster(rows=[0, 75], cols=[ 5  6 10 11 14 15 20 23 31 37 39 41 44 46 47 48 54 57 61 63 64 66 70 71
 72 74])
Bicluster(rows=[0, 76], cols=[ 0  2  4  5  6  7 11 12 14 17 18 19 20 21 22 23 24 28 30 34 35 36 37 39
 40 42 45 46 58 59 73 74])
Bicluster(rows=[0, 77], cols=[ 2  5 10 11 12 17 18 19 22 27 29 31 34 39 40 41 44 47 49 50 51 54 56 57
 61 62 63 64 66 68 70 71 74])
Bicluster(rows=[0, 78], cols=[ 3  6  8 15 16 21 22 23 31 32 41 43 48 49 50 56 59 61 62 64 66 67 68 69])
Bicluster(rows=[0, 79], cols=[ 1  4  5 11 12 17 18 22 23 29 31 32 35 37 41 46 48 49 52 53 57 61 63 66
 70 72 73])
Bicluster(rows=[0, 80], cols=[ 1  2  5  7  9 10 13 14 18 21 23 24 25 27 29 31 32 33 36 40 41 42 45 46
 53 58 59 73 74])
Bicluster(rows=[0, 81], cols=[ 1  2  6  7 10 11 14 17 18 19 21 22 24 25 28 36 38 40 46 47 49 51 54 56
 57 61 62 63 64 66 68 71 74])
Bicluster(rows=[0, 82], cols=[ 1  2  4  5 10 12 16 17 18 19 22 24 28 29 31 32 33 34 35 36 39 45 51 54
 56 57 61 62 63 64 66 70 71 72 74])
Bicluster(rows=[0, 83], cols=[ 0  4  5  6  9 10 11 12 13 14 18 19 21 23 27 29 30 32 35 36 37 39 43 46
 49 50 56 61 67 68 69 73 74])
Bicluster(rows=[0, 84], cols=[ 0  1  4  5  6 10 14 19 21 22 25 27 32 33 36 37 38 39 42 47 48 54 55 56
 57 61 63 64 65 66 70 72 73 74])
Bicluster(rows=[0, 85], cols=[ 0  4  5 10 11 17 18 23 26 27 29 31 35 39 41 42 45 49 51 54 57 61 62 63
 64 66 71 74])
Bicluster(rows=[0, 86], cols=[ 0  1  4 10 12 19 21 23 26 28 31 35 37 39 42 46 48 49 50 59 61 64 69])
Bicluster(rows=[0, 87], cols=[ 2  4  5  6 10 17 20 25 31 33 34 36 39 42 45 48 50 62 65 67 68 69 71])
Bicluster(rows=[0, 88], cols=[ 1  2 10 12 15 16 18 19 22 23 24 25 34 37 39 43 45 46 49 50 51 54 56 57
 61 62 63 64 66 68 70 71 74])
Bicluster(rows=[0, 89], cols=[ 3  6 10 14 15 17 18 20 23 28 29 30 33 38 41 44 49 54 55 57 61 63 65 66
 70 72 73 74])
Bicluster(rows=[0, 90], cols=[ 5  6  8 15 16 18 26 27 29 30 33 39 41 44 48 50 56 61 62 66 67 68 69 74])
Bicluster(rows=[0, 91], cols=[ 0  2  4 10 14 17 18 20 21 22 24 28 32 35 39 40 41 45 46 49 54 55 57 61
 63 64 65 66 70 72 74])
Bicluster(rows=[0, 92], cols=[ 0  2  4  5  6 10 11 12 18 19 20 22 28 31 32 39 40 41 42 46 52 55 57 61
 63 64 65 70 72 74])
Bicluster(rows=[0, 93], cols=[ 2  5 11 14 17 19 20 21 22 29 32 35 36 39 40 41 45 47 50 51 55 56 61 62
 66 67 68 71 73 74])
Bicluster(rows=[0, 94], cols=[ 2  5  7 12 13 14 15 17 19 21 23 25 28 29 30 40 45 48 53 54 55 56 57 61
 63 65 66 70 72 73 74])
Bicluster(rows=[0, 95], cols=[ 0  1  2  6 10 12 13 17 18 19 21 22 23 24 25 26 27 28 33 34 35 37 40 41
 42 45 47 53 55 58 59 60])
Bicluster(rows=[0, 96], cols=[ 0  4  5 11 12 13 14 15 18 19 20 23 30 32 33 34 35 37 38 40 42 43 46 47
 50 54 56 57 62 65 67 68 69 72])
Bicluster(rows=[0, 97], cols=[ 1  2  3  8 12 18 19 20 21 24 27 28 29 30 31 34 38 46 47 49 50 51 53 54
 56 60 62 65 67 68 69 71 73])
Bicluster(rows=[0, 98], cols=[ 0  1  5  7  9 11 12 18 19 20 23 24 29 31 32 34 35 38 41 44 45 47 48 49
 59 69 73 74])
Bicluster(rows=[0, 99], cols=[ 0  4  5 11 19 20 26 27 28 30 31 33 35 37 45 46 47 48 52 54 55 56 62 63
 64 66 68 69 70 72 73])
Bicluster(rows=[1, 2], cols=[ 3  8 15 16 27 28 30 32 33 37 38 41 43 44 45 46 47 51 54 57 58 60 62 63
 64 65 68 70 73])
Bicluster(rows=[1, 3], cols=[ 0  1  2  3  4  5  6  7  8  9 10 11 12 13 14 15 16 17 18 19 20 21 22 23
 24 25 26 27 29 33 38 39 40 41 42 43 44 45 50 58 59 62 65 66 74])
Bicluster(rows=[1, 4], cols=[ 0  6 10 15 16 18 23 27 28 33 37 38 43 45 48 49 51 54 58 59 60 64 65 66
 68 69 71 73 74])
Bicluster(rows=[1, 5], cols=[ 1  2  4  5  7 10 11 12 13 14 17 19 20 21 22 23 24 27 32 33 34 38 41 42
 43 45 46 47 48 51 57 58 60 66 69 71 72 73])
Bicluster(rows=[1, 6], cols=[ 3  8 15 16 25 27 28 33 34 37 41 42 46 49 52 54 56 59 60 61 62 63 71 73
 74])
Bicluster(rows=[1, 7], cols=[ 0  2  4  5  6 10 18 20 22 23 24 25 26 28 32 37 38 41 43 45 50 52 54 55
 57 61 64 67 70])
Bicluster(rows=[1, 8], cols=[ 1  2  4  5  7 11 12 13 14 17 19 20 21 22 24 26 27 28 30 31 37 45 47 48
 53 56 58 62 63 64 65 66 67 69])
Bicluster(rows=[1, 9], cols=[ 0  2  4  5  6 10 11 17 18 20 21 22 23 24 25 28 39 40 43 45 46 48 52 53
 56 58 62 65 70 71])
Bicluster(rows=[1, 10], cols=[ 1  7 11 12 13 14 17 19 21 24 25 28 30 33 36 37 39 40 41 42 49 52 53 54
 56 58 59 61 63 64 65 67 70 74])
Bicluster(rows=[1, 11], cols=[ 0  1  2  4  5  6  7  9 10 11 12 13 14 15 16 17 18 19 20 21 22 23 24 25
 28 31 32 35 37 39 41 43 44 45 46 47 52 54 55 56 59 64 69 71 72 73])
Bicluster(rows=[1, 12], cols=[ 1  2  4  5  7 11 12 13 14 17 19 20 21 22 23 24 27 28 31 38 39 41 42 43
 44 45 48 52 54 55 56 57 58 59 61 63 64 65 66 67 68 69 70 71 72 74])
Bicluster(rows=[1, 13], cols=[ 0  1  2  3  4  5  6  7  8  9 10 11 12 13 14 15 16 17 18 19 20 21 22 23
 24 25 27 28 31 32 33 34 36 37 39 40 41 42 44 45 46 54 57 58 59 60 63 64
 65 66 67 68 69 71 72 73 74])
Bicluster(rows=[1, 14], cols=[ 0  3  6  8 15 16 27 30 33 38 41 42 44 45 46 48 51 54 55 56 57 60 64 68
 69 71 72 73 74])
Bicluster(rows=[1, 15], cols=[ 1  2  4  5  6  7  9 10 11 12 13 14 17 18 19 20 21 22 23 24 25 30 33 35
 38 40 41 42 44 47 48 52 56 57 58 59 62 63 64 65 67 68 69 71 72 73 74])
Bicluster(rows=[1, 16], cols=[ 0  1  2  3  4  5  6  7  8  9 10 11 12 13 14 15 16 17 18 19 20 21 22 23
 24 25 26 27 30 32 33 34 35 36 38 42 43 44 46 48 49 51 52 53 54 55 56 57
 58 59 63 64 67 70 71 73])
Bicluster(rows=[1, 17], cols=[ 0  1  2  3  4  5  6  7  8  9 10 11 12 13 14 15 16 17 18 19 20 21 22 23
 24 25 27 28 30 31 32 37 43 45 46 47 48 51 53 57 58 62 63 64 65 66 67 68
 69 73])
Bicluster(rows=[1, 18], cols=[ 0  1  2  3  4  5  6  7  8  9 10 11 12 13 14 15 16 17 18 19 20 21 22 23
 24 26 28 30 31 33 37 38 39 41 43 44 45 47 48 49 50 52 54 56 57 58 63 64
 65 67 68 69 70 72 73 74])
Bicluster(rows=[1, 19], cols=[ 1  2  4  5  7 11 12 13 14 17 19 20 21 22 24 27 28 37 43 44 45 47 48 49
 51 55 56 59 61 63 64 65 68 69 70 71 72 74])
Bicluster(rows=[1, 20], cols=[ 2  4  5  6 10 11 12 17 18 20 21 22 23 24 27 30 31 32 39 44 52 54 56 58
 64 66 67 68 69 70 72])
Bicluster(rows=[1, 21], cols=[ 0  2  4  5  6 10 18 22 23 31 32 36 37 38 40 43 44 45 48 51 52 54 56 59
 60 62 64 67 68 69 70 72 73])
Bicluster(rows=[1, 22], cols=[ 1  2  4  5  7 11 12 13 14 17 19 20 21 22 23 24 25 26 28 33 34 38 40 41
 42 48 49 51 55 57 58 59 61 68 69 70 71 72 73 74])
Bicluster(rows=[1, 23], cols=[ 0  1  2  4  5  6  7 10 11 12 13 14 15 17 18 19 20 21 22 23 24 25 31 37
 39 40 41 54 57 58 61 63 65 66 71])
Bicluster(rows=[1, 24], cols=[ 1  2  4  5  7 11 12 13 14 17 19 20 21 22 23 24 29 35 38 39 43 44 45 49
 50 53 54 61 63 64 66 67 68 70 74])
Bicluster(rows=[1, 25], cols=[ 0 15 16 26 30 31 32 36 37 38 41 44 45 48 49 51 58 62 63 69 71 72 73 74])
Bicluster(rows=[1, 26], cols=[ 1  2  4  5  7 11 12 13 14 17 19 20 21 22 23 24 25 39 40 41 43 45 46 48
 50 53 58 64 66 68 72 73])
Bicluster(rows=[1, 27], cols=[ 1  2  4  5  7 11 12 13 14 17 19 20 21 22 23 24 29 31 32 38 45 47 50 52
 53 54 56 61 62 63 65 66 67 68 69])
Bicluster(rows=[1, 28], cols=[ 1  2  4  5  7 11 12 13 14 17 19 20 21 22 23 24 26 27 28 32 33 37 41 43
 44 45 46 48 51 52 54 56 58 61 62 63 65 68 69 70 72 73 74])
Bicluster(rows=[1, 29], cols=[ 1  7 11 12 13 14 17 19 20 21 24 27 32 37 41 44 45 48 49 51 54 58 59 63
 66 68 69 72 73])
Bicluster(rows=[1, 30], cols=[ 3  8 15 16 27 32 33 41 43 44 47 48 49 51 54 57 60 62 63 64 68 69 70 71
 73 74])
Bicluster(rows=[1, 31], cols=[ 0  6 10 18 27 28 30 32 33 37 45 46 48 49 53 54 58 62 64 66 68 69 74])
Bicluster(rows=[1, 32], cols=[ 3  8 15 16 27 30 32 37 38 41 44 46 48 49 51 54 58 62 63 64 68 69 72 73
 74])
Bicluster(rows=[1, 33], cols=[ 4  5  6 14 17 19 21 22 24 27 30 33 38 41 42 43 44 46 47 48 49 50 52 54
 56 61 63 64])
Bicluster(rows=[1, 34], cols=[ 0  4  7  8 10 13 14 15 18 20 21 32 41 42 43 44 45 62 63 68 69 70 71 73
 74])
Bicluster(rows=[1, 35], cols=[ 0  1  2  3  4  5  8 10 11 12 13 14 15 18 19 20 22 27 30 33 37 38 41 42
 44 46 47 48 49 50 52 53 54 58 61 64 68 70 73 74])
Bicluster(rows=[1, 36], cols=[ 1  2  3  7  9 14 17 18 20 21 22 23 27 32 33 38 41 42 43 44 46 47 48 49
 50 51 52 56 57 58 59 61 64 67 69 72])
Bicluster(rows=[1, 37], cols=[ 4  7  8  9 11 13 15 18 19 20 21 24 27 30 32 33 37 38 41 43 44 46 47 48
 49 50 51 52 56 57 62 64 66 71 74])
Bicluster(rows=[1, 38], cols=[ 2  8 16 21 27 28 30 32 33 37 41 43 44 46 48 49 51 52 54 56 57 59 64 66
 70 71 72 73 74])
Bicluster(rows=[1, 39], cols=[ 0  2 11 12 14 16 18 19 21 23 25 31 32 40 44 47 50 57 61 65 67 71])
Bicluster(rows=[1, 40], cols=[ 1  4 12 14 17 22 23 26 27 28 32 41 43 46 49 53 54 56 58 61 63 66 68 69
 74])
Bicluster(rows=[1, 41], cols=[ 0  1  3  5  6  7 11 12 13 18 19 20 21 24 27 28 29 32 33 39 41 43 44 46
 48 49 52 53 58 61 62 69 72 73])
Bicluster(rows=[1, 42], cols=[ 1  6 11 18 19 21 27 35 38 41 42 45 46 48 50 55 59 60 63 65 66 69 70 72
 73])
Bicluster(rows=[1, 43], cols=[ 0  2  4  5  6  7  9 11 12 13 14 15 17 18 19 20 21 22 24 27 28 32 33 37
 38 41 43 44 46 48 49 50 53 56 61 62 70])
Bicluster(rows=[1, 44], cols=[ 1  4  5  7  8 10 14 15 17 18 21 22 23 24 25 33 36 45 50 52 56 59 61 62
 70 72 74])
Bicluster(rows=[1, 45], cols=[ 0  1  2  3  5  7  8 10 12 14 16 17 19 21 22 23 27 28 29 32 33 39 41 43
 44 46 48 49 52 53 62 67 70])
Bicluster(rows=[1, 46], cols=[ 1  3  8 17 18 20 21 27 38 41 42 43 44 45 46 47 48 49 55 58 61 62 63 64
 66 67 68 70 72])
Bicluster(rows=[1, 47], cols=[ 0  2  3  4  5  6  7  8 10 11 12 16 17 18 19 20 21 23 24 27 28 32 33 39
 41 43 44 46 48 49 50 56 65 66 67])
Bicluster(rows=[1, 48], cols=[ 0  6  7 10 11 14 16 27 38 41 42 43 44 46 47 48 49 50 51 56 61 65 66 67
 71 74])
Bicluster(rows=[1, 49], cols=[ 0  1  2  5  6  7  8  9 10 12 13 14 15 17 18 19 20 21 22 23 24 27 28 29
 32 33 39 41 43 44 46 48 49 50 53 61 65 66 70])
Bicluster(rows=[1, 50], cols=[ 0  6  7 11 14 15 21 22 24 26 27 28 29 32 39 41 43 44 46 48 49 51 52 54
 57 60 62 63 64 72 74])
Bicluster(rows=[1, 51], cols=[ 0  4  5  8  9 10 11 12 13 14 15 16 17 19 22 23 24 27 28 29 32 33 39 41
 43 44 46 48 49 50 52 53 61 67 70])
Bicluster(rows=[1, 52], cols=[ 0  1  2  3  4  5  6  7  8  9 11 14 16 18 20 22 23 24 27 28 29 32 39 41
 43 44 46 48 49 52 54 56 66 70 73 74])
Bicluster(rows=[1, 53], cols=[ 3  4  5  9 12 13 14 16 22 24 27 32 38 41 42 43 44 45 46 47 48 53 54 62
 67 69 70 72 74])
Bicluster(rows=[1, 54], cols=[ 0  1  2  4  5  6  7  8  9 10 11 12 14 17 18 19 20 22 23 24 27 28 32 33
 38 41 43 44 46 48 49 50 52 53 66 67 69 70 74])
Bicluster(rows=[1, 55], cols=[ 4  6  8  9 15 24 26 27 28 29 32 39 41 43 46 48 49 51 53 55 57 60 63 64
 65 67 69 74])
Bicluster(rows=[1, 56], cols=[ 0  2  3  6  7  8  9 13 15 17 20 27 30 33 37 38 41 42 44 46 47 48 49 56
 61 62 65 67 70 73])
Bicluster(rows=[1, 57], cols=[ 2  5  6  7 13 14 15 16 18 20 26 27 28 32 41 43 46 48 49 52 61 62 65 66
 72 73 74])
Bicluster(rows=[1, 58], cols=[ 0  1  2  3  4  5  7  8 11 12 17 18 20 21 23 24 27 28 29 32 39 41 43 44
 46 48 49 50 51 53 61 64 66 67 70 71])
Bicluster(rows=[1, 59], cols=[ 2  3  8 14 17 20 28 32 33 39 41 43 44 45 46 48 49 50 51 54 55 58 62 64
 65 68 69 71 72])
Bicluster(rows=[1, 60], cols=[ 8  9 10 11 14 19 22 28 30 32 37 41 43 44 45 46 47 48 50 51 52 55 58 59
 63 71 73 74])
Bicluster(rows=[1, 61], cols=[ 1  2  7 11 14 16 18 19 23 24 27 28 32 33 41 43 44 46 48 49 53 56 60 61
 65 67 70 71 74])
Bicluster(rows=[1, 62], cols=[ 0  1  5  6  8 10 11 12 16 18 19 20 23 28 31 32 43 44 45 47 50 52 53 54
 61 63 66 68 70])
Bicluster(rows=[1, 63], cols=[ 2  5  7  8  9 11 13 15 16 18 19 20 21 24 26 27 28 29 32 39 41 43 46 48
 49 50 53 54 64 70])
Bicluster(rows=[1, 64], cols=[26 27 28 29 32 39 41 43 46 48 49 51 54 58 60 62 64 65 67 68 69 70 71])
Bicluster(rows=[1, 65], cols=[ 0  7 12 15 19 21 23 26 27 28 29 32 39 41 43 46 48 49 50 51 52 53 54 58
 59 63 64 66 67 68 69 71 72 73])
Bicluster(rows=[1, 66], cols=[ 0  1  3  5  6  7  8 22 23 31 36 37 38 39 43 45 51 54 56 58 63 64 65 68
 69 71 72 73 74])
Bicluster(rows=[1, 67], cols=[ 9 10 13 15 17 18 25 27 28 29 31 32 33 37 39 41 42 43 45 46 47 48 54 55
 57 58 60 63 64 65 68 69 71 72 73 74])
Bicluster(rows=[1, 68], cols=[ 0  1  2  3  4  6  7  8  9 10 11 12 14 15 18 19 22 24 25 26 28 29 31 37
 40 50 55 60 64 66 67 73 74])
Bicluster(rows=[1, 69], cols=[ 2 21 22 27 28 31 33 34 37 44 46 48 54 55 56 58 60 62 63 64 65 69 73 74])
Bicluster(rows=[1, 70], cols=[ 0  1  4  6 10 12 14 19 20 25 27 28 29 32 34 35 36 45 48 52 54 55 56 58
 60 62 63 64 68 69 72 73 74])
Bicluster(rows=[1, 71], cols=[ 3  4  7  8 10 11 13 14 19 20 25 26 28 29 38 44 46 51 53 54 56 58 59 63
 64 68 69 71 72])
Bicluster(rows=[1, 72], cols=[ 0  4  6  7  8  9 13 15 19 20 23 24 25 26 27 28 31 32 34 38 39 41 43 45
 49 51 54 55 57 58 60 63 64 65 68 69 71 72 73 74])
Bicluster(rows=[1, 73], cols=[ 2  5  6 11 15 16 18 19 20 21 22 30 31 37 39 46 47 49 51 54 58 59 63 64
 68 69 71 72 73 74])
Bicluster(rows=[1, 74], cols=[ 0  5  6  7  8  9 10 11 15 16 27 28 30 37 43 46 48 49 50 52 53 61 62 65
 66 67 70])
Bicluster(rows=[1, 75], cols=[ 0  2  5  6  7  8 10 16 19 21 23 25 28 34 38 39 41 42 44 48 52 54 55 56
 58 60 62 63 64 66 67 69 70 73 74])
Bicluster(rows=[1, 76], cols=[ 1  2  3  4  5  6  9 10 11 12 13 14 16 17 18 20 21 22 23 24 25 26 31 40
 54 56 59 61 62 66 67 70 71 72])
Bicluster(rows=[1, 77], cols=[ 0  2  5  7  8  9 10 11 12 15 16 17 19 22 23 26 27 29 31 36 38 39 40 44
 49 52 55 56 58 60 62 64 66 67 69 70 73 74])
Bicluster(rows=[1, 78], cols=[ 0  1  2  3  4  5  6  7  8 11 12 13 14 15 16 17 18 19 20 24 25 26 29 31
 32 37 51 53 54 56 59 62 66 68 69 70 71 72])
Bicluster(rows=[1, 79], cols=[ 0  3  4  5  6  7 10 11 13 15 16 21 22 23 24 25 28 30 31 36 40 42 43 45
 48 51 54 56 57 58 59 63 64 68 69 71 72])
Bicluster(rows=[1, 80], cols=[ 3  9 12 19 22 27 32 33 34 35 37 38 39 41 42 46 48 50 52 55 56 58 60 62
 64 66 67 70 73 74])
Bicluster(rows=[1, 81], cols=[ 0  1  2  3  4  7 11 14 16 17 19 21 23 24 25 26 29 31 36 39 43 49 52 54
 55 56 58 60 62 63 64 67 68 69 70 72 73 74])
Bicluster(rows=[1, 82], cols=[ 0  9 11 16 20 23 25 30 31 32 34 41 43 44 45 47 48 49 51 53 54 56 62 66
 67 69 70 71 72])
Bicluster(rows=[1, 83], cols=[ 0  1  3  4  5  6  7  8 10 16 18 20 21 22 23 24 25 31 32 33 38 39 41 48
 50 51 54 56 61 62 66 67 70 71])
Bicluster(rows=[1, 84], cols=[ 1  5 13 14 15 16 19 21 22 26 27 29 30 31 33 36 37 39 46 48 51 54 55 57
 58 60 63 64 65 68 69 71 72 73 74])
Bicluster(rows=[1, 85], cols=[ 0  2  3  4  5  6  7  9 10 11 13 15 16 17 18 19 21 22 23 26 28 32 33 39
 47 52 55 56 58 60 62 64 66 67 70 73 74])
Bicluster(rows=[1, 86], cols=[ 0  2  3  6  7  8  9 10 11 14 16 17 20 21 22 24 25 26 28 29 30 39 40 45
 54 56 59 61 62 66 67 70 71 72])
Bicluster(rows=[1, 87], cols=[ 3  8 17 21 23 25 26 27 33 36 37 38 40 47 51 53 54 56 62 65 66 67 69 70])
Bicluster(rows=[1, 88], cols=[ 5  7 10 13 14 15 16 17 18 20 21 26 27 33 35 37 38 45 51 53 54 56 62 65
 66 67 70 71])
Bicluster(rows=[1, 89], cols=[13 17 20 23 26 31 32 41 42 44 46 49 54 55 56 58 60 62 63 64 65 68 69 72
 73 74])
Bicluster(rows=[1, 90], cols=[ 0  1  2  3  4  6  9 10 11 13 14 15 16 17 19 21 23 24 25 26 36 51 54 56
 59 62 66 68 69 70 71 72])
Bicluster(rows=[1, 91], cols=[ 1  2  3  4  6  7  8  9 12 15 17 19 20 21 22 24 30 31 39 40 41 47 49 54
 55 56 57 58 60 63 64 65 68 69 71 72 73 74])
Bicluster(rows=[1, 92], cols=[ 1  2  4  5  8  9 11 12 13 15 19 20 22 23 25 26 30 47 51 54 55 57 58 60
 63 64 65 68 69 71 72 73 74])
Bicluster(rows=[1, 93], cols=[ 0  3  4  6 11 12 14 15 17 18 19 20 21 23 26 28 31 32 36 39 41 42 43 45
 47 48 52 55 56 58 60 62 64 66 67 69 70 73 74])
Bicluster(rows=[1, 94], cols=[ 0  2  3  5  6  7  8 10 12 13 14 16 17 18 21 23 26 29 31 33 35 42 46 47
 51 54 55 57 58 59 60 63 64 65 68 69 71 72 73 74])
Bicluster(rows=[1, 95], cols=[ 0  2  5  6  8  9 10 11 12 14 15 17 18 20 21 22 23 24 26 28 29 31 32 43
 48 51 53 54 56 58 59 62 66 68 69 70 71 72])
Bicluster(rows=[1, 96], cols=[ 0  2 15 17 21 22 26 29 33 34 36 38 44 47 48 49 52 54 55 56 58 60 62 63
 64 65 68 69 72 73 74])
Bicluster(rows=[1, 97], cols=[ 3  4  5  6  7  8 10 13 14 17 22 23 26 30 31 32 34 37 38 40 42 43 44 45
 46 47 48 51 54 57 58 59 60 63 64 65 68 69 71 72 73 74])
Bicluster(rows=[1, 98], cols=[ 0  1  5  7  8 10 12 13 14 15 17 18 20 21 22 23 25 40 43 51 54 56 61 62
 66 67 70 71])
Bicluster(rows=[1, 99], cols=[ 0  8  9 14 15 16 18 22 23 31 36 41 44 45 46 47 49 52 53 54 58 60 62 66
 67 68 70 74])
Bicluster(rows=[2, 3], cols=[ 1  7 11 12 13 14 17 19 21 24 25 28 34 40 42 43 45 47 54 60 61 63 65 68
 69 70 74])
Bicluster(rows=[2, 4], cols=[ 0  1  2  3  4  5  6  7  8  9 10 11 12 13 14 15 16 17 18 19 20 21 22 23
 24 25 28 29 31 33 35 36 38 39 40 43 45 51 52 53 54 55 57 60 63 64 65 68
 69 73])
Bicluster(rows=[2, 5], cols=[ 0  1  2  3  4  5  6  7  8  9 10 11 12 13 14 15 16 17 18 19 20 21 22 23
 24 26 29 32 42 44 45 48 52 55 59 61 62 63 66 68 70])
Bicluster(rows=[2, 6], cols=[ 0  1  2  3  4  5  6  7  8  9 10 11 12 13 14 15 16 17 18 19 20 21 22 23
 24 27 28 29 31 32 33 36 37 39 41 48 50 52 55 59 60 62 63 66 67 68 70 71
 72 73])
Bicluster(rows=[2, 7], cols=[ 0  1  2  3  4  5  6  7  8  9 10 11 12 13 14 15 16 17 18 19 20 21 22 23
 24 25 26 27 29 30 32 34 35 36 39 40 41 46 47 48 49 52 53 54 56 57 60 61
 62 63 65 67 71 73 74])
Bicluster(rows=[2, 8], cols=[ 0  1  2  3  4  5  6  7  8  9 10 11 12 13 14 15 16 17 18 19 20 21 22 23
 24 28 29 30 31 32 35 36 37 38 41 42 43 45 48 50 53 54 55 56 59 61 64 66
 67 68 71 72 73 74])
Bicluster(rows=[2, 9], cols=[ 0  1  2  3  4  5  6  7  8  9 10 11 12 13 14 15 16 17 18 19 20 21 22 23
 24 25 29 30 32 33 37 38 39 41 42 44 47 51 53 59 60 63 67 68 69 74])
Bicluster(rows=[2, 10], cols=[ 0  1  2  3  4  5  6  7  8  9 10 11 12 13 14 15 16 17 18 19 20 21 22 23
 24 25 26 27 28 29 30 31 34 35 37 38 39 40 42 44 45 46 47 51 52 53 54 55
 56 57 58 59 60 62 64 65 66 67 68 71 74])
Bicluster(rows=[2, 11], cols=[ 1  7 11 12 13 14 17 19 20 21 24 25 26 28 29 32 37 38 39 43 45 51 52 55
 59 60 61 62 64 65 70 71 74])
Bicluster(rows=[2, 12], cols=[ 0  1  2  3  4  5  6  7  8  9 10 11 12 13 14 15 16 17 18 19 20 21 22 23
 24 26 28 32 34 42 45 46 47 48 51 52 58 62 64 65 67 71 73])
Bicluster(rows=[2, 13], cols=[ 0  3  6  8 10 15 16 18 27 28 31 33 35 37 38 41 44 46 51 54 57 62 63 65
 66 67 69])
Bicluster(rows=[2, 14], cols=[ 0  1  2  3  4  5  6  7  8  9 10 11 12 13 14 15 16 17 18 19 20 21 22 23
 24 25 27 29 30 31 33 34 35 38 39 40 41 44 45 46 47 49 50 51 52 53 54 56
 59 60 63 64 66 67 68 69 72])
Bicluster(rows=[2, 15], cols=[ 0  1  2  3  4  5  6  7  8  9 10 11 12 13 14 15 16 17 18 19 20 21 22 23
 24 25 26 48 56 58 60 62 65 67 70 71])
Bicluster(rows=[2, 16], cols=[ 0  3  8 15 16 27 29 30 31 32 33 35 38 39 40 43 45 46 50 53 57 58 63 66
 69 70 71 73])
Bicluster(rows=[2, 17], cols=[ 0  3  8 15 16 27 28 30 32 34 36 37 42 43 45 47 50 51 52 55 57 58 59 61
 63 64 65 67 68 69 73 74])
Bicluster(rows=[2, 18], cols=[ 1  7 11 12 13 14 17 19 20 21 24 26 27 28 30 31 32 34 37 42 43 45 46 48
 49 50 51 52 55 56 58 59 61 62 64 67])
Bicluster(rows=[2, 19], cols=[ 0  1  2  3  4  5  6  7  8  9 10 11 12 13 14 15 16 17 18 19 20 21 22 23
 24 26 28 29 34 35 37 38 41 43 45 46 48 49 55 56 59 61 62 64 65 69 71 73
 74])
Bicluster(rows=[2, 20], cols=[ 0  1  2  3  4  5  6  7  8  9 10 11 12 13 14 15 16 17 18 19 20 21 22 23
 24 25 29 31 38 40 41 43 44 46 47 50 52 56 57 59 63 66 67 69 72 73 74])
Bicluster(rows=[2, 21], cols=[ 0  1  2  3  4  5  6  7  8  9 10 11 12 13 14 15 16 17 18 19 20 21 22 23
 24 27 30 31 32 34 35 38 39 41 42 44 45 50 51 52 54 55 56 58 60 61 63 64
 66 67 68 69 71 72 73 74])
Bicluster(rows=[2, 22], cols=[ 0  1  2  3  4  5  6  7  8  9 10 11 12 13 14 15 16 17 18 19 20 21 22 23
 24 25 26 27 28 35 40 42 44 48 49 54 58 61 63 64 68 73 74])
Bicluster(rows=[2, 23], cols=[ 0  1  2  3  4  5  6  7  8  9 10 11 12 13 14 15 16 17 18 19 20 21 22 23
 24 25 28 31 32 33 43 47 51 59 60 61 62 72 74])
Bicluster(rows=[2, 24], cols=[ 0  1  2  3  4  5  6  7  8  9 10 11 12 13 14 15 16 17 18 19 20 21 22 23
 24 26 29 30 32 33 34 37 39 45 46 47 49 50 51 52 53 55 56 58 59 62 63 65
 67 69 70 71 72 73 74])
Bicluster(rows=[2, 25], cols=[ 0  1  2  3  4  5  6  7  8  9 10 11 12 13 14 15 16 17 18 19 20 21 22 23
 24 25 26 28 29 30 32 33 34 37 38 39 41 42 44 45 50 51 53 54 58 59 60 61
 62 65 66 67 69 71 72 73 74])
Bicluster(rows=[2, 26], cols=[ 0  1  2  3  4  5  6  7  8  9 10 11 12 13 14 15 16 17 18 19 20 21 22 23
 24 25 27 29 32 33 37 38 39 40 43 44 45 47 48 50 51 53 54 55 56 57 60 61
 63 65 66 69 70 71])
Bicluster(rows=[2, 27], cols=[ 0  1  2  3  4  5  6  7  8  9 10 11 12 13 14 15 16 17 18 19 20 21 22 23
 24 27 28 30 32 33 35 37 39 41 42 43 44 45 46 48 50 52 53 55 56 58 60 62
 67 72 73 74])
Bicluster(rows=[2, 28], cols=[ 0  1  2  3  4  5  6  7  8  9 10 11 12 13 14 15 16 17 18 19 20 21 22 23
 24 26 28 32 34 35 37 40 42 43 45 47 48 49 52 55 56 59 60 61 62 64 69 70
 71])
Bicluster(rows=[2, 29], cols=[ 0  1  2  3  4  5  6  7  8  9 10 11 12 13 14 15 16 17 18 19 20 21 22 23
 24 26 28 29 30 31 32 34 35 37 40 43 45 46 47 48 52 54 55 57 58 59 61 62
 63 64 66 70 71 73 74])
Bicluster(rows=[2, 30], cols=[ 0  1  2  3  4  5  6  7  8  9 10 11 12 13 14 15 16 17 18 19 20 21 22 23
 24 25 26 27 28 29 30 31 32 33 34 36 42 43 45 50 51 52 53 54 55 56 57 58
 59 60 62 63 64 65 66 67 68 70 73 74])
Bicluster(rows=[2, 31], cols=[ 0  1  2  3  4  5  6  7  8  9 10 11 12 13 14 15 16 17 18 19 20 21 22 23
 24 25 27 28 29 30 31 32 33 34 35 36 37 39 40 42 45 50 51 53 54 55 57 58
 59 62 63 64 65 67 68 69 71 73 74])
Bicluster(rows=[2, 32], cols=[ 0  1  2  3  4  5  6  7  8  9 10 11 12 13 14 15 16 17 18 19 20 21 22 23
 24 25 26 27 29 30 31 32 33 34 35 36 37 38 39 40 41 44 45 47 50 51 52 53
 54 55 56 57 58 59 60 62 64 66 67 68 69 71 72 73])
Bicluster(rows=[2, 33], cols=[ 0  2  3  6  7 11 13 16 18 20 22 23 25 27 29 30 31 32 33 35 36 38 39 40
 41 44 46 47 52 53 54 55 56 61 63 64])
Bicluster(rows=[2, 34], cols=[ 0  1  5  9 10 18 22 23 24 32 34 36 39 43 45 47 48 50 52 55 61 62 63 66
 68 70 71])
Bicluster(rows=[2, 35], cols=[ 0  3  6  8 15 21 25 27 29 30 31 33 35 36 37 38 40 41 44 47 54 58 59 66
 68 70 71 73 74])
Bicluster(rows=[2, 36], cols=[ 1  5  7 10 12 14 21 24 26 28 29 30 32 34 37 43 45 46 50 56 58 64 67 68
 70])
Bicluster(rows=[2, 37], cols=[ 2  3  5  7  9 13 16 19 20 21 22 23 24 26 30 37 42 48 49 50 52 54 56 59
 66 67 68 70 71 72 73 74])
Bicluster(rows=[2, 38], cols=[ 7 11 14 16 17 18 19 26 28 31 32 33 34 36 37 43 45 46 50 51 54 57 61 64
 67 70 73])
Bicluster(rows=[2, 39], cols=[ 2  5 13 17 20 22 23 24 32 34 36 38 39 43 45 46 48 57 58 61 63 64 65 66
 67 68 70 73 74])
Bicluster(rows=[2, 40], cols=[ 2 20 21 23 24 25 26 27 28 31 32 36 40 46 50 53 54 58 59 61 62 63 64 67
 68 70 71 73])
Bicluster(rows=[2, 41], cols=[ 1  7 12 16 19 21 23 26 28 39 42 47 49 51 52 53 55 60 62 63 65 68 71 74])
Bicluster(rows=[2, 42], cols=[ 2  4  5  6  7 10 13 14 17 20 23 24 27 31 34 35 36 38 41 44 45 46 48 60
 61 62 63 67 69 70 71 73])
Bicluster(rows=[2, 43], cols=[ 0  1  3  4  5  6 16 18 25 27 29 30 31 33 35 36 37 38 40 41 44 52 55 56
 61 67])
Bicluster(rows=[2, 44], cols=[ 3  4  5  6 10 12 13 16 18 21 22 23 24 31 32 34 35 36 38 41 43 44 45 46
 48 53 55 60 61 62 64 65 70 71 73])
Bicluster(rows=[2, 45], cols=[ 3  4  6 16 20 23 24 25 26 27 28 31 32 35 36 38 40 41 44 46 55 61 62 70])
Bicluster(rows=[2, 46], cols=[ 0  3  6  8 10 11 12 14 16 23 31 32 34 35 36 38 39 41 43 44 45 46 48 52
 53 56 58 63 64 68 69 70])
Bicluster(rows=[2, 47], cols=[ 2  5 10 20 23 24 25 27 29 30 31 33 35 36 37 38 40 41 44 52 53 55 62 64
 65 66 67 71 73 74])
Bicluster(rows=[2, 48], cols=[ 3  4  5  7  8 11 15 19 20 21 22 23 24 33 34 42 43 45 48 56 57 63 65 66
 71 72 73])
Bicluster(rows=[2, 49], cols=[ 0  5  6 10 18 22 23 25 27 31 35 36 38 40 41 53 55 56 58 59 61 62 64 65
 71 73 74])
Bicluster(rows=[2, 50], cols=[ 0  2  4  5  6  9 12 13 15 17 18 19 25 26 27 28 31 32 36 38 40 41 42 46
 51 54 57 60 61 63 64 67 72 73])
Bicluster(rows=[2, 51], cols=[ 3  5  6 12 17 18 23 26 29 30 42 49 52 54 55 56 57 58 59 60 61 66 67 69
 71 73])
Bicluster(rows=[2, 52], cols=[ 2  5  6 17 18 22 23 25 27 31 35 36 38 40 41 50 52 54 55 56 58 59 63 65
 71])
Bicluster(rows=[2, 53], cols=[ 0  3  6 10 15 16 18 25 27 31 32 34 35 36 38 41 43 44 45 46 48 50 54 55
 59 62 69 70 71 72 74])
Bicluster(rows=[2, 54], cols=[ 1  2  5 11 12 14 16 17 19 20 22 24 29 42 49 50 53 54 55 56 61 64 65 67
 68 71])
Bicluster(rows=[2, 55], cols=[ 1  5  6  7 11 12 13 14 15 20 22 25 26 27 28 31 32 36 40 50 51 53 57 59
 60 64 65 66 67 69 73])
Bicluster(rows=[2, 56], cols=[ 3  5  8 10 15 18 21 22 23 25 26 27 28 31 32 33 35 36 37 38 40 41 44 46
 50 55 59 70 73])
Bicluster(rows=[2, 57], cols=[ 2 11 12 18 19 21 23 24 26 27 28 31 35 36 38 41 50 51 52 58 61 71 72])
Bicluster(rows=[2, 58], cols=[ 2  4 22 25 27 29 30 31 33 35 36 37 38 40 41 51 52 53 56 58 59 63 65 68
 73])
Bicluster(rows=[2, 59], cols=[ 4  5 10 11 12 13 18 19 21 22 24 25 27 31 35 36 38 39 40 41 44 54 55 56
 60 68 69 74])
Bicluster(rows=[2, 60], cols=[ 2  4  9 17 19 20 21 23 24 25 27 29 30 31 33 35 36 38 40 41 46 47 55 57
 59 63 64 67 71 73])
Bicluster(rows=[2, 61], cols=[ 4  5  6 13 16 18 20 23 25 27 31 33 35 36 37 38 40 41 46 50 53 56 60 61
 62 64 65 66 72])
Bicluster(rows=[2, 62], cols=[ 1  3 10 11 12 15 18 19 20 23 33 34 48 49 50 51 52 53 60 64 65 70 72 73
 74])
Bicluster(rows=[2, 63], cols=[ 0  6 11 13 20 21 23 24 28 32 39 48 49 50 53 55 58 59 60 61 63 64 66 68
 69 71])
Bicluster(rows=[2, 64], cols=[ 0  1  2  5  6  7 11 13 14 15 17 19 20 21 24 32 34 35 36 38 43 44 46 48
 49 52 53 54 56 68 71 72])
Bicluster(rows=[2, 65], cols=[ 2  3  4  5  6  7 10 11 16 18 19 21 22 32 39 49 50 52 53 55 57 64 66 67
 70 74])
Bicluster(rows=[2, 66], cols=[ 3  4  8  9 13 14 16 18 25 26 29 35 37 50 51 52 53 54 55 56 57 58 59 61
 63 64 65 66 67 68 69 71 73 74])
Bicluster(rows=[2, 67], cols=[ 2  4  5 10 11 12 14 15 20 21 22 24 27 28 33 34 36 43 46 47 49 50 52 54
 56 59 60 65 66 67 68 69 71])
Bicluster(rows=[2, 68], cols=[ 1 11 12 19 20 25 27 33 35 36 40 41 50 53 57 58 64 66 69 72 73 74])
Bicluster(rows=[2, 69], cols=[ 5 10 11 12 15 17 18 20 24 29 30 41 46 47 50 51 53 54 55 56 58 63 64 65
 67 68 73 74])
Bicluster(rows=[2, 70], cols=[ 0  6  9 11 13 17 21 22 27 28 32 37 39 45 46 47 49 50 52 54 57 59 65 66
 68 69 71])
Bicluster(rows=[2, 71], cols=[ 0  2  3  6  8 21 22 23 24 26 28 38 44 46 48 50 54 56 57 58 61 63 64 66
 67 68 69 72 74])
Bicluster(rows=[2, 72], cols=[ 0  2  3  6 15 18 21 27 28 29 32 38 42 45 50 52 53 54 56 58 59 60 63 65
 66 67 68 69 71 73])
Bicluster(rows=[2, 73], cols=[ 1 12 16 18 26 29 30 32 37 40 42 43 44 45 46 51 52 53 54 55 56 58 59 61
 63 64 65 67 68 73 74])
Bicluster(rows=[2, 74], cols=[ 2  4  7 18 21 22 23 28 30 33 34 37 38 41 43 48 49 50 52 54 56 59 60 65
 66 67 68 69 71])
Bicluster(rows=[2, 75], cols=[ 7 12 18 19 21 22 24 25 26 27 28 29 34 35 39 42 47 50 53 55 56 58 63 64
 66 68 69 73 74])
Bicluster(rows=[2, 76], cols=[ 0  2  4  5  6  7 11 12 14 18 20 21 22 23 27 28 31 36 37 42 45 46 47 50
 57 58 64 66 69 72])
Bicluster(rows=[2, 77], cols=[ 0  1  4  5 13 14 21 22 23 25 26 27 30 31 35 36 42 43 44 47 50 52 54 56
 59 60 66 67 68 69 71])
Bicluster(rows=[2, 78], cols=[ 2  4  5 10 11 12 20 21 28 29 30 31 34 36 39 43 45 46 47 50 53 55 57 66
 69 72 73])
Bicluster(rows=[2, 79], cols=[ 1  4  5  7 11 13 18 20 21 24 27 28 29 30 33 35 36 38 39 40 42 43 45 46
 48 53 61 62 64 70 74])
Bicluster(rows=[2, 80], cols=[ 2  4  5 19 20 21 23 24 25 29 32 34 36 39 44 45 46 50 53 55 57 66 69 72
 73 74])
Bicluster(rows=[2, 81], cols=[ 1  5  7 11 12 14 17 19 20 22 25 27 31 38 39 40 41 44 47 51 53 54 55 56
 58 63 64 67 68 73 74])
Bicluster(rows=[2, 82], cols=[ 0  1  2  7 12 17 19 20 21 23 24 29 35 36 38 41 44 45 47 51 53 54 55 56
 58 63 64 67 68 73 74])
Bicluster(rows=[2, 83], cols=[ 4  5 11 12 13 14 17 21 22 23 26 28 29 30 31 33 34 40 41 45 46 50 53 55
 56 58 64 69 73 74])
Bicluster(rows=[2, 84], cols=[ 0  1  4 10 14 17 19 21 22 23 30 31 34 38 39 44 45 47 48 52 55 59 61 63
 64 65 67 71 74])
Bicluster(rows=[2, 85], cols=[ 1  2  5 12 14 20 22 23 24 25 27 29 30 31 32 33 36 37 40 43 45 46 47 50
 52 54 56 59 60 63 66 67 68 69 71])
Bicluster(rows=[2, 86], cols=[ 1 12 13 17 19 20 21 22 24 25 27 29 31 35 38 39 41 44 47 50 53 57 64 66
 69 72 73 74])
Bicluster(rows=[2, 87], cols=[ 2  4  5 12 14 20 23 26 27 31 34 37 38 47 52 53 54 55 56 58 63 64 65 67
 73 74])
Bicluster(rows=[2, 88], cols=[ 2 10 12 15 16 18 19 22 23 24 25 27 33 34 35 37 45 48 49 51 52 59 61 62
 65 70 71])
Bicluster(rows=[2, 89], cols=[ 0  1  2 13 15 17 21 31 33 36 42 46 48 50 51 53 54 55 56 58 63 64 65 66
 67 68 69 73 74])
Bicluster(rows=[2, 90], cols=[ 0  7  8 10 11 17 22 28 30 33 34 37 38 39 41 43 45 47 49 50 53 57 64 66
 72 73 74])
Bicluster(rows=[2, 91], cols=[ 0  3  8 10 11 15 18 25 29 30 41 42 47 48 50 52 54 56 57 58 59 60 63 65
 66 67 68 69 71])
Bicluster(rows=[2, 92], cols=[ 1 13 19 21 24 25 27 29 33 34 35 38 40 41 43 44 45 47 51 52 53 54 55 56
 58 59 61 63 64 65 67 68 73 74])
Bicluster(rows=[2, 93], cols=[ 2  5 11 12 14 17 19 21 22 29 31 35 36 42 45 53 54 55 56 58 63 64 67 68
 73 74])
Bicluster(rows=[2, 94], cols=[ 0  3  8 16 22 30 33 35 36 41 46 47 50 52 53 54 55 56 58 59 61 63 64 65
 66 67 68 69 71 73 74])
Bicluster(rows=[2, 95], cols=[ 0  1  6 10 13 18 19 22 23 25 26 30 31 37 39 42 45 46 47 50 53 57 58 64
 66 69 72 73 74])
Bicluster(rows=[2, 96], cols=[ 0  5 11 12 13 14 15 19 20 23 31 33 39 40 41 46 47 50 52 54 56 58 59 60
 63 66 67 68 69 71])
Bicluster(rows=[2, 97], cols=[ 2  3  8 12 18 19 20 21 24 29 38 39 43 46 48 49 50 51 52 53 54 55 56 58
 59 61 63 64 65 66 67 68 69 71 73 74])
Bicluster(rows=[2, 98], cols=[ 0  5 11 12 18 19 20 23 24 28 29 32 35 38 39 42 45 47 48 50 57 58 64 66
 69 72 74])
Bicluster(rows=[2, 99], cols=[ 2  5 11 18 19 20 22 23 24 29 32 34 35 43 45 46 47 52 53 54 55 56 58 59
 60 63 64 67 68 69 71 73])
Bicluster(rows=[3, 4], cols=[ 1  2  4  5  7 11 12 13 14 17 19 20 21 22 23 24 26 27 29 33 34 37 38 39
 43 46 47 48 51 54 57 58 59 64 65 68 69 74])
Bicluster(rows=[3, 5], cols=[ 1  2  4  5  7 11 12 13 14 17 19 20 21 22 23 24 27 28 29 33 36 38 41 42
 43 44 45 48 49 58 61 66 68 74])
Bicluster(rows=[3, 6], cols=[ 0  3  6  8 15 16 18 25 27 30 33 34 36 37 40 41 44 45 47 48 54 55 58 62
 63 68 69 72 74])
Bicluster(rows=[3, 7], cols=[ 1  7 11 12 13 14 17 19 20 21 24 25 37 38 39 45 47 52 54 60 64 66 71 73])
Bicluster(rows=[3, 8], cols=[ 0 15 16 25 33 36 38 39 40 41 45 47 48 51 52 57 59 62 70 72 74])
Bicluster(rows=[3, 9], cols=[ 1  2  4  5  7 11 12 13 14 17 19 20 21 22 23 24 25 27 29 30 31 37 39 42
 44 49 52 56 57 60 63 64 68 69 71 72])
Bicluster(rows=[3, 10], cols=[ 2  4  5 11 12 17 20 21 22 24 25 26 27 30 32 34 37 39 41 42 45 46 51 52
 54 55 57 59 60 65 73 74])
Bicluster(rows=[3, 11], cols=[ 0  1  2  4  5  6  7 10 11 12 13 14 15 17 18 19 20 21 22 23 24 25 28 29
 33 36 39 41 43 44 48 49 51 57 60 61 67 70])
Bicluster(rows=[3, 12], cols=[ 1  2  4  5  7 11 12 13 14 17 19 20 21 22 23 24 26 27 34 36 38 39 41 42
 45 51 59 65 66 74])
Bicluster(rows=[3, 13], cols=[ 0  1  2  3  4  5  6  7  8  9 10 11 12 13 14 15 16 17 18 19 20 21 22 23
 24 25 27 33 37 39 41 42 45 49 51 54 58 59 61 63 65 66 70 74])
Bicluster(rows=[3, 14], cols=[ 2  4  5 20 22 23 24 27 29 30 33 36 39 40 43 44 47 48 49 51 54 58 62 64
 66 68 74])
Bicluster(rows=[3, 15], cols=[ 0  1  2  4  5  6  7 10 11 12 13 14 17 18 19 20 21 22 23 24 25 26 28 29
 33 36 41 42 43 44 45 48 49 52 55 59 60 61 62 63 65 66 68])
Bicluster(rows=[3, 16], cols=[ 0  1  2  3  4  5  6  7  8  9 10 11 12 13 14 15 16 17 18 19 20 21 22 23
 24 25 26 27 33 34 43 44 45 47 48 51 54 57 61 62 63 68 74])
Bicluster(rows=[3, 17], cols=[ 0  1  2  3  4  5  6  7  8  9 10 11 12 13 14 15 16 17 18 19 20 21 22 23
 24 27 29 34 36 39 40 43 44 45 48 51 54 55 62 63 65 66 68])
Bicluster(rows=[3, 18], cols=[ 0  1  2  4  5  6  7 10 11 12 13 14 15 16 17 18 19 20 21 22 23 24 26 28
 34 38 40 41 42 45 50 51 53 58 61 72])
Bicluster(rows=[3, 19], cols=[ 2  4  5 11 12 14 17 20 21 22 24 27 29 33 36 39 43 44 46 57 58 62 63 68
 74])
Bicluster(rows=[3, 20], cols=[ 0  2  4  5  6 10 11 12 14 17 18 20 21 22 23 24 27 34 36 39 40 44 45 48
 55 57 61 62 66 68])
Bicluster(rows=[3, 21], cols=[ 0  2  4  5  6 10 18 20 22 23 25 28 30 34 38 40 41 43 46 51 55 57 59 61
 62 63 68])
Bicluster(rows=[3, 22], cols=[ 1  2  4  5  6  7 10 11 12 13 14 17 18 19 20 21 22 23 24 25 27 31 32 40
 44 46 49 50 54 56 60 62 64 66 67 71])
Bicluster(rows=[3, 23], cols=[ 0  1  2  3  4  5  6  7 10 11 12 13 14 15 16 17 18 19 20 21 22 23 24 25
 29 33 35 36 38 39 40 41 45 46 48 50 55 56 63 65 66 69 70])
Bicluster(rows=[3, 24], cols=[ 2  4  5  6 10 18 20 21 22 23 24 31 33 34 35 37 40 48 51 52 55 60 61 65
 72])
Bicluster(rows=[3, 25], cols=[ 2  4  5 11 12 17 20 21 22 24 25 29 30 31 35 39 43 46 48 49 50 51 55 56
 60 63 65 66])
Bicluster(rows=[3, 26], cols=[ 1  2  4  5  7 11 12 13 14 17 19 20 21 22 24 25 31 37 40 41 43 45 49 50
 51 52 54 57 58 59 60 61 66 70 72])
Bicluster(rows=[3, 27], cols=[ 2  4  5 11 12 17 20 21 22 23 24 27 28 31 32 37 41 43 44 46 49 50 52 56
 58 59 60 61 67 70 72 73])
Bicluster(rows=[3, 28], cols=[ 1  2  4  7 11 12 13 14 17 19 20 21 22 24 26 28 30 34 38 41 42 43 58 60
 61 62 64 70 72 74])
Bicluster(rows=[3, 29], cols=[ 1  7 11 12 13 14 17 19 20 21 24 28 30 33 38 41 43 45 57 58 59 61 66 70
 72])
Bicluster(rows=[3, 30], cols=[ 1  7 11 12 13 14 17 19 21 24 33 34 36 37 38 41 42 45 46 48 51 57 65 66
 68 70 72])
Bicluster(rows=[3, 31], cols=[ 1 11 12 13 14 17 19 21 24 25 29 31 34 37 38 41 42 45 46 48 49 51 52 54
 55 56 57 62 63 64 69 72])
Bicluster(rows=[3, 32], cols=[11 12 14 17 21 24 25 26 27 28 30 32 35 36 38 47 50 51 54 57 58 60 61 63
 64 66 67 69 70 71 72])
Bicluster(rows=[3, 33], cols=[ 0  2  6  9 15 18 20 22 23 27 28 33 34 36 38 41 42 43 44 45 50 52 55 57
 62 63 67 70 71 73])
Bicluster(rows=[3, 34], cols=[ 0  4  7  8 10 12 13 15 18 20 21 27 28 34 36 38 40 41 42 43 45 48 51 54
 57 58 61 62 64 65 74])
Bicluster(rows=[3, 35], cols=[ 0  1  2  3  4  5  7  8 10 11 13 14 15 18 19 20 22 23 27 33 34 36 43 45
 55 57 63 66 68 69])
Bicluster(rows=[3, 36], cols=[ 0  6 12 13 24 27 28 33 34 36 38 40 41 42 43 44 45 48 50 53 59 60 71 73])
Bicluster(rows=[3, 37], cols=[ 1  2  5 12 14 17 22 23 25 29 30 31 32 35 37 39 46 47 49 53 60 62 66 68
 71 72])
Bicluster(rows=[3, 38], cols=[ 0  1  3  5 12 18 22 26 27 28 29 30 34 36 37 38 39 41 42 43 44 45 47 52
 53 56 59 60 61 63 64 72 74])
Bicluster(rows=[3, 39], cols=[ 0  1  2  3  5  6  7  9 10 14 17 19 20 21 22 24 34 45 48 51 52 55 60 61
 62 64 69 70 71])
Bicluster(rows=[3, 40], cols=[ 0  5  9 10 13 21 24 25 44 49 50 51 54 55 57 61 62 63 66 68 70])
Bicluster(rows=[3, 41], cols=[ 1  3  5  6  7  9 12 13 18 19 20 21 26 27 36 38 39 41 43 44 45 47 55 56
 57 58 60 62 63 64 72])
Bicluster(rows=[3, 42], cols=[ 0  1  2  3  4  6 10 12 16 22 25 31 32 33 35 40 46 49 52 56 57 62 64 66
 68 73 74])
Bicluster(rows=[3, 43], cols=[ 2  4  5  7 11 12 15 17 18 19 20 29 30 31 32 35 37 46 47 51 52 55 63 65
 66 67 68 71 74])
Bicluster(rows=[3, 44], cols=[ 5  6  8 10 14 15 17 18 23 24 25 31 32 35 40 46 48 49 50 54 55 57 59 62
 63 68 69 71 72 73 74])
Bicluster(rows=[3, 45], cols=[ 0  1  2  3  7  8 10 12 14 16 17 19 21 22 28 29 30 36 37 38 39 41 42 51
 54 55 57 60 61 62 65 69])
Bicluster(rows=[3, 46], cols=[ 0  2  4  5  6  7 10 13 16 19 22 24 27 28 34 36 38 40 41 42 43 45 48 49
 50 51 63 67 71 73])
Bicluster(rows=[3, 47], cols=[ 0  2  3  5  6  7  8 11 16 17 18 19 20 21 24 28 29 30 36 37 38 39 41 42
 50 52 57 64 65 66 70 71])
Bicluster(rows=[3, 48], cols=[ 0  6  7 10 11 14 16 19 21 27 28 34 36 38 41 42 43 45 50 54 57 60 63 64
 65 66 69 74])
Bicluster(rows=[3, 49], cols=[ 0  1  2  5  6  7  8  9 10 12 13 14 15 18 19 20 21 22 23 24 26 27 33 34
 39 43 44 45 47 48 52 54 64])
Bicluster(rows=[3, 50], cols=[ 0  1  4  6 12 15 18 21 24 26 27 36 38 41 43 44 52 53 56 62 63 64 70 71
 72])
Bicluster(rows=[3, 51], cols=[ 4  8 11 14 15 16 19 22 23 24 26 28 38 39 41 42 47 51 52 55 56 65 68 73
 74])
Bicluster(rows=[3, 52], cols=[ 0  1  2  3  4  5  6  8  9 11 14 16 20 21 22 23 24 26 27 36 43 44 45 47
 54 57 60 61 64 69])
Bicluster(rows=[3, 53], cols=[ 0  1  6  7  8 10 11 15 17 18 19 20 27 28 34 36 38 40 41 42 43 45 48 49
 51 55 56 62 67 72 73])
Bicluster(rows=[3, 54], cols=[ 0  1  2  4  5  6  7  9 10 11 12 14 17 18 20 22 24 28 29 30 37 38 41 42
 51 54 55 57 61 63 64 66 74])
Bicluster(rows=[3, 55], cols=[ 4  6  8  9 15 17 21 22 24 27 34 36 43 44 45 47 51 54 58 61 63 65 70 74])
Bicluster(rows=[3, 56], cols=[ 2  3  4  7  8 10 11 12 13 14 15 18 20 23 24 26 27 29 30 33 34 36 37 39
 43 44 45 48 52 55 58 64 69 71])
Bicluster(rows=[3, 57], cols=[ 0  1  3  4  7 11 12 14 16 21 23 24 27 34 43 45 51 52 55 56 60 62 63 64
 65 68 69 70 71 74])
Bicluster(rows=[3, 58], cols=[ 1  5 10 12 13 14 16 19 26 31 32 35 46 55 57 58 59 61 62 64 65 66 68 71
 72 74])
Bicluster(rows=[3, 59], cols=[ 2  3  8 14 17 19 20 26 27 29 30 33 34 36 37 39 43 44 45 48 62 63 65 74])
Bicluster(rows=[3, 60], cols=[ 0  1  2  3  5  6 13 20 21 25 26 27 34 36 39 40 43 44 48 49 50 52 53 59
 61 72])
Bicluster(rows=[3, 61], cols=[ 0  1  4  6  9 11 14 23 24 26 27 29 30 34 36 37 39 41 43 44 45 47 54 58
 64 65 72 74])
Bicluster(rows=[3, 62], cols=[ 0  1  5  6 10 11 12 16 18 20 23 31 35 46 49 55 58 62 67])
Bicluster(rows=[3, 63], cols=[ 0  1  3 10 12 14 15 16 17 19 21 22 24 27 34 43 44 45 48 50 55 56 57 60
 64 67 69])
Bicluster(rows=[3, 64], cols=[ 0  3  4  6 15 23 27 28 34 36 38 40 41 42 43 48 49 51 57 58 60 61 66 68
 70 74])
Bicluster(rows=[3, 65], cols=[ 0  7 12 13 19 21 23 26 27 36 43 44 47 58 59 72])
Bicluster(rows=[3, 66], cols=[ 0  1  2  3  6  7  8 10 11 12 16 17 18 22 27 32 33 36 39 46 47 48 50 52
 60])
Bicluster(rows=[3, 67], cols=[ 9 10 13 15 17 18 25 27 29 30 33 34 36 37 39 42 43 44 51 58 61 62 65 74])
Bicluster(rows=[3, 68], cols=[ 6 10 14 15 17 18 19 22 24 26 27 28 29 30 33 34 36 40 41 42 43 45 47 49
 52 53 54 57 58 62 68 71])
Bicluster(rows=[3, 69], cols=[ 0  1  5  6  8 11 12 13 14 17 19 24 29 30 32 39 40 41 45 51 54 57 60 64
 65 69])
Bicluster(rows=[3, 70], cols=[ 2  3  8 11 13 16 17 18 21 22 23 31 33 35 36 41 44 45 50 54 65 69 73])
Bicluster(rows=[3, 71], cols=[ 3  4  7  8 10 11 13 19 20 25 26 28 29 30 31 33 34 36 37 38 40 43 47 48
 58 59 60 61 70 72])
Bicluster(rows=[3, 72], cols=[ 0  6  7  8 15 18 19 20 23 24 25 26 28 33 35 36 38 40 41 42 43 45 46 58
 59 70 72 74])
Bicluster(rows=[3, 73], cols=[ 5 14 15 17 18 19 20 21 22 31 33 37 45 55 58 59 61 70 72 74])
Bicluster(rows=[3, 74], cols=[ 1  3  4 12 14 17 18 19 25 26 30 31 38 40 41 44 46 47 57 58 61 62 63 66
 68 74])
Bicluster(rows=[3, 75], cols=[ 2  5  6  7  8  9 10 16 19 21 24 25 29 30 36 38 39 42 44 45 46 47 48 49
 54 57 63 66 69])
Bicluster(rows=[3, 76], cols=[ 1  2  3  4  5  6  9 10 11 12 14 16 17 19 20 21 22 23 24 25 26 27 32 34
 35 36 37 43 44 48 49 59 63 64 66 72 73])
Bicluster(rows=[3, 77], cols=[ 0  2  5  7  9 11 12 16 17 19 22 23 26 27 28 29 30 36 38 39 40 46 48 54
 57 58 61 62 63 66 68 74])
Bicluster(rows=[3, 78], cols=[ 0  1  2  3  4  5  8 11 12 13 15 16 17 18 19 20 25 26 27 28 29 32 33 34
 40 43 44 45 47 49 56 64 67])
Bicluster(rows=[3, 79], cols=[ 0  3  4  5  6  9 10 15 16 19 20 21 23 24 25 29 30 32 35 42 43 45 46 48
 49 55 58 59 61 70 72])
Bicluster(rows=[3, 80], cols=[ 0  1  2  5  7  8 10 11 13 14 15 16 18 23 24 26 28 29 31 35 37 40 43 44
 48 59 62 63 64 66 72])
Bicluster(rows=[3, 81], cols=[ 0  1  3  4  7  8 11 14 19 21 24 26 27 29 30 32 33 34 35 37 38 39 44 48
 51 53 65 70 72])
Bicluster(rows=[3, 82], cols=[ 2  3  4  5  8 10 13 14 15 17 18 21 24 26 27 30 31 34 39 46 48 49 50 51
 54 69])
Bicluster(rows=[3, 83], cols=[ 0  1  3  4  5  6  8 10 18 20 21 22 23 24 25 29 30 36 37 38 39 41 42 44
 47 49 57 60 62 63 64 66 68])
Bicluster(rows=[3, 84], cols=[ 5 13 14 15 16 17 18 19 21 22 25 26 27 28 33 34 37 39 41 45 47 48 49 51
 57 61 62 63 65 66 68])
Bicluster(rows=[3, 85], cols=[ 4  5  6 10 11 13 15 17 19 21 23 26 28 29 30 36 38 39 41 44 48 52 53 54
 57 58 62 68 71])
Bicluster(rows=[3, 86], cols=[ 1  4  5  6 10 12 13 15 16 18 19 21 23 27 30 33 34 39 43 47 52 63 66 69
 71 74])
Bicluster(rows=[3, 87], cols=[ 0  1  2  7  9 11 15 16 18 19 20 27 28 32 33 38 39 45 49 50 51 54 60 64
 65 69])
Bicluster(rows=[3, 88], cols=[ 9 10 11 13 14 15 16 17 18 20 21 27 29 33 34 36 37 38 39 40 44 47 48 49
 51 54 57 60 64 65 66 68 69])
Bicluster(rows=[3, 89], cols=[ 0  3  4  5  7  9 11 12 15 19 24 25 28 30 33 36 37 38 39 40 43 44 47 51
 55 57 62 63 65 66 68])
Bicluster(rows=[3, 90], cols=[ 0  1  2  3  4  9 10 13 14 15 16 21 24 26 30 33 34 37 38 40 41 43 44 48
 49 58 59 60 61 70 72])
Bicluster(rows=[3, 91], cols=[ 1  2  3  4  6  7  8  9 12 15 19 20 22 27 32 34 35 36 41 42 44 46 48 51
 58 59 65 70 72 74])
Bicluster(rows=[3, 92], cols=[ 1  2  4  5 11 12 13 19 20 22 23 26 36 38 41 44 48 49 58 59 70 72 74])
Bicluster(rows=[3, 93], cols=[ 0  3 12 14 15 18 20 21 23 27 30 34 39 40 41 42 44 45 46 54 57 58 61 62
 63 66 68 71 74])
Bicluster(rows=[3, 94], cols=[ 0  2  3  5  6  7  8  9 10 12 13 14 17 18 21 23 26 29 32 34 38 40 42 44
 49 58 59 61 70 72 74])
Bicluster(rows=[3, 95], cols=[ 0  2  6  8  9 10 12 14 17 18 20 21 22 23 24 26 27 30 31 32 33 37 38 40
 46 47 49 55 56 60 67])
Bicluster(rows=[3, 96], cols=[ 4  8  9 10 11 12 13 14 20 27 28 37 40 44 48 49 57 60 62 64 65 66 68])
Bicluster(rows=[3, 97], cols=[ 3  4  5  6  7  8 10 13 14 17 22 23 26 27 28 36 37 38 40 43 45 58 59 61
 70 72 74])
Bicluster(rows=[3, 98], cols=[ 1  2  3  6  7  9 10 11 12 16 19 24 26 27 28 29 30 39 41 42 45 48 52 66
 69 71 74])
Bicluster(rows=[3, 99], cols=[ 4  5  7 10 11 13 20 24 26 33 35 37 38 42 44 45 47 53 56 59 62 70])
Bicluster(rows=[4, 5], cols=[ 2  4  5 20 22 23 25 26 29 30 31 34 36 37 40 42 43 44 48 50 52 56 60 61
 62 66 67 69 70 71 73 74])
Bicluster(rows=[4, 6], cols=[ 0  1  2  3  4  5  6  7  8  9 10 11 12 13 14 15 16 17 18 19 20 21 22 23
 24 26 28 29 31 32 33 34 36 39 41 42 44 49 53 55 58 60 63 73 74])
Bicluster(rows=[4, 7], cols=[ 0  1  2  3  4  5  6  7  8  9 10 11 12 13 14 15 16 17 18 19 20 21 22 23
 24 25 26 28 29 31 32 36 37 38 39 41 42 43 44 47 52 54 57 60 63 64 70 72])
Bicluster(rows=[4, 8], cols=[ 0  1  2  3  4  5  6  7  8  9 10 11 12 13 14 15 16 17 18 19 20 21 22 23
 24 26 28 29 31 32 34 36 41 43 44 45 53 54 55 64 68 69 70 72])
Bicluster(rows=[4, 9], cols=[ 0  1  2  3  4  5  6  7  8  9 10 11 12 13 14 15 16 17 18 19 20 21 22 23
 24 25 29 30 31 33 34 37 39 41 44 47 50 51 52 53 56 58 60 62 63 64 65 69
 70 71])
Bicluster(rows=[4, 10], cols=[ 0  1  2  3  4  5  6  7  8  9 10 11 12 13 14 15 16 17 18 19 20 21 22 23
 24 25 26 28 29 32 35 37 38 39 40 41 43 45 47 48 52 53 54 55 57 60 61 68
 70 72 73])
Bicluster(rows=[4, 11], cols=[ 2  4  5 11 12 17 20 21 22 23 24 30 31 32 33 37 40 43 48 50 52 56 57 62
 64])
Bicluster(rows=[4, 12], cols=[ 2  4  5 11 12 17 20 21 22 23 24 26 27 31 34 35 38 39 40 50 52 58 59 60
 62 65 71 74])
Bicluster(rows=[4, 13], cols=[ 0  2  3  5  6  8 10 15 16 18 23 28 30 33 34 35 42 50 53 54 56 57 58 60
 61 63 64 68 70 71 72 73])
Bicluster(rows=[4, 14], cols=[ 0  1  2  3  4  5  6  7  8  9 10 11 12 13 14 15 16 17 18 19 20 21 22 23
 24 25 27 28 29 32 33 35 36 37 38 39 40 41 42 43 44 45 47 48 50 52 53 54
 58 60 61 62 63 64 65 68 69 70 71 72 73 74])
Bicluster(rows=[4, 15], cols=[ 0  1  2  3  4  5  6  7  8  9 10 11 12 13 14 15 16 17 18 19 20 21 22 23
 24 25 34 40 46 52 60 66 69])
Bicluster(rows=[4, 16], cols=[ 0  2  4  5  6 10 11 12 17 18 20 21 22 23 24 27 28 30 31 32 33 34 35 36
 38 40 41 43 47 49 53 54 57 59 60 62 71 72 73 74])
Bicluster(rows=[4, 17], cols=[ 0  1  2  3  4  5  6  8 10 11 12 14 15 16 17 18 20 21 22 23 24 25 27 28
 29 30 34 39 40 41 43 49 50 51 54 58 60 61 62 67 74])
Bicluster(rows=[4, 18], cols=[ 0  2  4  5  6 10 18 22 23 25 26 33 37 39 42 43 46 48 52 57 61 62 64 65
 68 73 74])
Bicluster(rows=[4, 19], cols=[ 0  1  2  3  4  5  6  7  8  9 10 11 12 13 14 15 16 17 18 19 20 21 22 23
 24 28 29 35 41 42 44 45 47 61 64 65 66 69 70 73])
Bicluster(rows=[4, 20], cols=[ 0  1  2  3  4  5  6  7  8  9 10 11 12 13 14 15 16 17 18 19 20 21 22 23
 24 25 26 27 29 30 31 32 34 36 37 39 40 41 42 43 47 48 49 52 53 54 55 57
 58 61 62 63 68 71 73])
Bicluster(rows=[4, 21], cols=[ 0  1  2  3  4  5  6  7  8  9 10 11 12 13 14 15 16 17 18 19 20 21 22 23
 24 26 32 34 35 37 38 39 42 43 45 46 47 48 49 51 52 53 54 55 59 60 61 63
 64 65 68 69 70 72 73])
Bicluster(rows=[4, 22], cols=[ 0  1  2  3  4  5  6  7  8  9 10 11 12 13 14 15 16 17 18 19 20 21 22 23
 24 25 26 27 28 30 35 40 44 52 54 61 62 63 64 70])
Bicluster(rows=[4, 23], cols=[ 0  2  3  4  5  6  8 10 15 16 18 20 21 22 23 24 26 29 30 36 37 38 46 47
 48 52 54 55 58 63 65 70 71 72])
Bicluster(rows=[4, 24], cols=[ 0  1  2  3  4  5  6  7  8  9 10 11 12 13 14 15 16 17 18 19 20 21 22 23
 24 29 32 33 34 37 39 41 42 44 45 47 48 51 53 55 58 61 65 66 69 71])
Bicluster(rows=[4, 25], cols=[ 0  1  2  3  4  5  6  7  8  9 10 11 12 13 14 15 16 17 18 19 20 21 22 23
 24 25 28 29 38 39 41 43 44 45 46 48 49 51 52 53 54 55 61 63 64 65 69 72
 73])
Bicluster(rows=[4, 26], cols=[ 0  1  2  3  4  5  6  7  8  9 10 11 12 13 14 15 16 17 18 19 20 21 22 23
 24 25 27 29 30 31 32 33 34 37 38 39 40 42 45 46 47 49 52 53 54 57 60 62
 63 65 66 69 74])
Bicluster(rows=[4, 27], cols=[ 0  1  2  3  4  5  6  7  8  9 10 11 12 13 14 15 16 17 18 19 20 21 22 23
 24 27 28 30 35 37 39 41 42 43 44 45 46 47 48 52 53 58 61 66 69 70 71])
Bicluster(rows=[4, 28], cols=[ 0  1  2  3  4  5  6  7  8  9 10 11 12 13 14 15 16 17 18 19 20 21 22 23
 24 26 28 30 35 45 46 47 60 64 66 69])
Bicluster(rows=[4, 29], cols=[ 0  1  2  3  4  5  6  7  8  9 10 11 12 13 14 15 16 17 18 19 20 21 22 23
 24 28 29 41 42 43 44 45 46 47 55 57 61 63 66])
Bicluster(rows=[4, 30], cols=[ 0  1  2  3  4  5  6  7  8  9 10 11 12 13 14 15 16 17 18 19 20 21 22 23
 24 28 29 34 36 37 41 42 44 45 47 48 49 53 55 58 61 64 65 66 68 69 71])
Bicluster(rows=[4, 31], cols=[ 0  1  2  3  4  5  6  7  8  9 10 11 12 13 14 15 16 17 18 19 20 21 22 23
 24 25 26 28 29 31 32 33 36 37 39 40 41 42 43 44 45 47 48 49 52 53 54 55
 56 57 58 63 64 65 66 68 69 72 73])
Bicluster(rows=[4, 32], cols=[ 0  1  2  3  4  5  6  7  8  9 10 11 12 13 14 15 16 17 18 19 20 21 22 23
 24 25 26 27 29 31 34 36 37 38 39 41 42 43 47 48 49 51 52 53 54 55 56 57
 58 60 61 63 64 65 68 69 70 73])
Bicluster(rows=[4, 33], cols=[ 2  8 10 11 14 20 28 29 41 44 45 46 47 50 51 52 55 57 58 59 61 63 64 67
 71 73 74])
Bicluster(rows=[4, 34], cols=[ 0  1  2  4  5  9 10 11 17 18 19 22 23 24 26 28 30 36 39 41 42 45 52 53
 55 58 63 68 69 73])
Bicluster(rows=[4, 35], cols=[ 0  3  5  6  8 15 17 21 23 24 25 26 27 29 31 32 33 34 35 36 37 38 39 40
 42 43 49 54 67 68 73])
Bicluster(rows=[4, 36], cols=[ 2  3 12 18 19 23 24 25 26 30 31 32 33 34 35 36 37 39 40 42 43 48 49 51
 59 64])
Bicluster(rows=[4, 37], cols=[ 0  1  6 10 25 26 30 31 32 34 35 36 37 39 40 42 43 48 49 50 56 60 62 64
 67 68 69 70 71])
Bicluster(rows=[4, 38], cols=[ 5  8  9 12 13 14 16 22 23 25 26 29 31 32 33 34 35 36 39 40 42 43 47 48
 49 50 51 59 61 63 64 66 67 73])
Bicluster(rows=[4, 39], cols=[ 5  6  7  8 10 14 15 17 19 20 21 22 24 25 31 34 36 40 41 43 44 48 49 51
 55 56 58 62 63 64 66 69 73 74])
Bicluster(rows=[4, 40], cols=[ 1  4  7  9 11 12 14 17 19 22 26 27 31 32 35 38 42 47 50 51 53 57 58 60
 61 67 68 71 72 73])
Bicluster(rows=[4, 41], cols=[ 0  5 12 20 21 25 26 29 31 32 33 34 35 36 40 42 43 47 49 52 53 55 58 61
 63 66 67 73])
Bicluster(rows=[4, 42], cols=[ 2  4  5  6  7 10 13 14 17 18 20 22 23 24 26 30 36 41 42 45 52 53 55 63
 66 69 72])
Bicluster(rows=[4, 43], cols=[ 0  2  3  4  5  6 11 16 17 20 26 27 29 31 32 34 35 37 38 39 40 42 52 55
 61 66 67 70 71 72])
Bicluster(rows=[4, 44], cols=[ 3  4  5  6 10 12 13 16 18 21 22 23 24 26 30 36 39 41 42 45 46 53 64 66
 69])
Bicluster(rows=[4, 45], cols=[ 0  4  5 10 13 22 23 25 26 27 28 31 32 34 35 36 40 42 43 47 49 55 61 66
 72])
Bicluster(rows=[4, 46], cols=[ 0  3  4  5  6  8 10 14 22 24 26 30 32 35 36 41 42 43 45 48 53 63 64 66
 68 72])
Bicluster(rows=[4, 47], cols=[ 0  1  3  5  6  8 14 15 16 18 20 22 24 25 26 27 31 32 34 35 36 38 40 42
 43 47 49 69 70])
Bicluster(rows=[4, 48], cols=[ 0  5  6  9 16 17 20 21 22 23 24 25 27 31 32 34 35 38 40 43 48 49 51 63
 65 66 70 71 72 74])
Bicluster(rows=[4, 49], cols=[ 0  2  5  6 10 11 14 17 18 20 21 22 23 24 26 27 31 32 34 35 38 40 42 47
 53 55 65 67 69 72])
Bicluster(rows=[4, 50], cols=[ 0  2  4  5  6  9 12 13 15 17 18 19 25 28 31 32 34 36 40 41 43 44 48 49
 50 51 54 57 60 63 64 70 74])
Bicluster(rows=[4, 51], cols=[ 0  1  4  5  7 10 11 21 22 23 24 25 26 29 31 32 33 34 35 36 40 42 43 49
 53 55 66 72])
Bicluster(rows=[4, 52], cols=[ 0  2  4  5  6 12 13 18 21 22 23 24 25 26 27 31 32 34 35 36 40 42 43 47
 54 61 63 66 67 69 72 73])
Bicluster(rows=[4, 53], cols=[ 2  7  9 21 25 28 33 34 36 40 41 42 43 47 48 49 51 52 54 56 58 64 67 69
 70 71 72])
Bicluster(rows=[4, 54], cols=[ 2  4  5  6 10 12 13 17 20 21 22 23 25 26 29 31 32 33 34 35 40 42 43 49
 55 61 63 64 69])
Bicluster(rows=[4, 55], cols=[ 1  6  7 11 12 14 15 17 19 20 21 22 25 28 34 36 40 41 43 44 49 52 57 58
 60 61 62 63 64 70 72 74])
Bicluster(rows=[4, 56], cols=[ 3  5  8 10 15 18 19 23 25 26 27 29 31 32 33 34 35 36 38 40 42 43 47 48
 49 58 73])
Bicluster(rows=[4, 57], cols=[ 1  2  5  6 11 12 18 19 21 23 24 25 28 34 36 40 41 43 44 49 55 63 64 65
 66 68 69 70 73])
Bicluster(rows=[4, 58], cols=[ 1  2  9 11 12 13 14 17 19 20 21 22 24 26 27 29 31 32 34 35 38 39 40 51
 53 55 61 68 69 71 72])
Bicluster(rows=[4, 59], cols=[ 2  9 12 13 19 25 26 29 32 33 34 36 40 42 43 47 48 49 51 52 53 56 57 61
 63 64 65 66 70 71 73 74])
Bicluster(rows=[4, 60], cols=[ 0  1  2  5  7  8 13 17 20 21 26 28 29 36 37 39 41 42 44 45 48 51 56 59
 60 61 63 67 71 73])
Bicluster(rows=[4, 61], cols=[ 1  2 11 14 16 18 23 24 26 27 29 31 32 34 35 38 39 40 42 50 53 54 60 61
 63 64 65 70 71 74])
Bicluster(rows=[4, 62], cols=[ 2  4 14 24 25 26 29 31 32 33 34 36 40 42 43 47 49 50 51 54 56 57 59 63
 70])
Bicluster(rows=[4, 63], cols=[ 1  2  4  5 11 12 14 20 21 24 25 26 33 34 36 40 42 43 47 49 52 53 61 63
 64 69 72])
Bicluster(rows=[4, 64], cols=[ 0  1  2  5  6  7 11 13 14 15 17 19 20 21 22 24 26 36 41 42 45 46 54 55
 63 64 65 66 70 72 73])
Bicluster(rows=[4, 65], cols=[ 0  1  2  4  5 11 27 28 31 32 34 35 36 42 43 51 52 53 56 58 59 60 66 68
 70 71 73])
Bicluster(rows=[4, 66], cols=[ 1  7  9 20 21 25 31 35 36 38 39 42 43 44 48 51 57 58 60 62 67 68 70 71
 73])
Bicluster(rows=[4, 67], cols=[ 1  2 10 12 14 15 18 19 22 24 26 28 33 36 41 42 44 45 48 52 54 57 58 60
 61 63 67 68 70 72 73 74])
Bicluster(rows=[4, 68], cols=[ 1  2  4  5 11 12 16 19 25 26 28 30 33 34 36 38 40 42 43 44 49 57 59 62
 63 68 69 70])
Bicluster(rows=[4, 69], cols=[ 1  2  7  9 11 12 13 14 17 19 20 22 24 28 32 33 34 35 39 45 48 52 53 54
 61 63 64 72])
Bicluster(rows=[4, 70], cols=[ 0  4  6  9 10 11 12 13 17 21 22 28 29 30 31 34 35 39 42 44 52 54 57 58
 60 61 63 68 72 73 74])
Bicluster(rows=[4, 71], cols=[ 1  3  4  7  8 10 11 20 26 36 43 45 47 48 49 50 53 56 58 59 61 62 64 67
 70 73])
Bicluster(rows=[4, 72], cols=[ 0  1  3  6 12 14 15 18 20 23 24 27 28 30 32 33 36 38 41 42 45 46 49 50
 51 52 56 57 58 60 62 65 67 68 70 71 73 74])
Bicluster(rows=[4, 73], cols=[ 4  5  6  7  9 16 17 18 20 21 22 24 25 26 32 40 43 49 51 53 55 57 61 63
 64 65 68 70 71 73])
Bicluster(rows=[4, 74], cols=[ 1  2 12 14 17 19 20 23 24 25 34 35 36 39 40 42 43 46 50 56 58 62 65 67
 68 70 71 74])
Bicluster(rows=[4, 75], cols=[ 0  2  5  6 10 12 13 17 21 23 24 26 29 31 32 34 38 41 46 47 48 53 60 61
 63 64 69 72 73])
Bicluster(rows=[4, 76], cols=[ 0  2  4  5  6  7 11 12 14 17 18 19 20 21 22 23 24 26 28 31 34 36 41 43
 44 45 48 49 57 59 61 62 63 67 68 70])
Bicluster(rows=[4, 77], cols=[ 0  2  3  5  7 11 12 14 22 23 25 27 29 31 35 36 38 39 46 48 49 52 54 57
 58 61 63 68 70 72 73 74])
Bicluster(rows=[4, 78], cols=[ 1  4  5 10 11 12 13 17 19 20 24 25 26 28 29 31 32 37 42 43 44 45 49 50
 53 56 58 59 62 64 67 70 73])
Bicluster(rows=[4, 79], cols=[ 0  4  5  6 10 14 19 20 21 22 23 24 25 29 31 41 43 44 46 48 49 50 53 55
 56 58 59 62 67 70 73])
Bicluster(rows=[4, 80], cols=[ 1  2  4  7  9 11 13 14 20 23 24 25 26 29 36 37 41 42 45 47 48 49 57 59
 61 62 63 64 67 68 70])
Bicluster(rows=[4, 81], cols=[ 0  2  3  4  8  9 11 17 24 27 28 31 44 45 50 52 56 57 58 62 67 68 70 74])
Bicluster(rows=[4, 82], cols=[ 0  1  2  4  5 12 17 19 20 21 24 26 27 29 34 36 37 41 45 46 48 52 66 69
 72])
Bicluster(rows=[4, 83], cols=[ 0  4  5  6 10 11 12 13 14 17 19 21 22 23 24 28 29 33 36 38 42 44 45 47
 51 52 54 65 69 71 72])
Bicluster(rows=[4, 84], cols=[ 4  5 12 15 16 17 18 22 27 33 34 35 42 47 50 51 52 56 57 58 60 62 65 67
 68 70 71 73 74])
Bicluster(rows=[4, 85], cols=[ 0  2  6 10 12 15 18 20 22 23 24 25 28 31 33 34 36 40 41 44 45 46 61 63
 69 73 74])
Bicluster(rows=[4, 86], cols=[ 0  4  5  6 10 18 23 28 36 41 44 46 47 51 52 54 65 66 69 71 72])
Bicluster(rows=[4, 87], cols=[ 1  7 17 19 23 26 27 30 33 35 37 38 41 44 46 49 51 52 53 54 55 57 61 63
 64 65 68 71])
Bicluster(rows=[4, 88], cols=[ 1  5 11 13 14 17 20 21 25 28 29 33 34 35 37 38 39 41 48 51 52 53 54 55
 61 63 64 65 68 71])
Bicluster(rows=[4, 89], cols=[ 0  1  5 12 15 21 31 32 33 38 41 44 45 49 51 52 53 54 55 57 61 63 64 65
 68 69 71 72])
Bicluster(rows=[4, 90], cols=[ 0  2  4  7  8 10 11 13 14 17 19 24 26 28 33 39 42 45 46 48 50 53 56 58
 59 61 62 64 67 70])
Bicluster(rows=[4, 91], cols=[ 1  2  4  6  7 12 13 16 19 20 22 25 29 36 42 44 45 46 48 52 54 57 58 60
 61 62 65 67 68 70 71 73 74])
Bicluster(rows=[4, 92], cols=[ 1  2  4  5 12 13 20 22 23 25 26 28 31 35 36 39 44 48 50 51 56 57 58 60
 62 65 67 68 70 71 74])
Bicluster(rows=[4, 93], cols=[ 2  5 10 12 14 19 20 21 22 26 28 36 37 45 47 49 51 52 54 65 66 69 72])
Bicluster(rows=[4, 94], cols=[ 0  1  3  8 11 16 18 20 24 30 33 35 42 44 52 53 54 57 58 60 61 63 64 65
 67 68 70 71 72 73])
Bicluster(rows=[4, 95], cols=[ 0  1  2  5  6 10 12 13 17 18 19 20 21 22 24 25 31 32 34 39 43 45 48 53
 57 58 59 61 62 64 67 70])
Bicluster(rows=[4, 96], cols=[ 1  2  7  9 17 21 22 25 28 29 31 32 33 35 37 38 40 42 48 52 54 57 58 60
 61 68 70 73])
Bicluster(rows=[4, 97], cols=[ 5  6  8  9 10 11 22 23 25 26 31 32 36 38 43 49 50 51 56 58 59 60 62 67
 70 71 73 74])
Bicluster(rows=[4, 98], cols=[ 0  1  5  7  9 12 18 19 20 21 23 26 28 29 34 35 38 39 41 44 45 46 57 59
 61 62 63 64 67 70])
Bicluster(rows=[4, 99], cols=[ 1  4  6  7  9 11 12 13 20 24 26 27 28 30 31 32 34 40 41 44 47 51 54 69
 70 71 72 73])
Bicluster(rows=[5, 6], cols=[ 0  1  2  3  4  5  6  7  8  9 10 11 12 13 14 15 16 17 18 19 20 21 22 23
 24 25 29 32 35 37 38 40 43 44 47 48 49 52 55 57 61 63 66 68 69])
Bicluster(rows=[5, 7], cols=[ 0  1  2  3  4  5  6  7  8  9 10 11 12 13 14 15 16 17 18 19 20 21 22 23
 24 29 32 33 34 35 44 48 51 52 53 58 61 62 71 72])
Bicluster(rows=[5, 8], cols=[ 0  1  2  3  4  5  6  7  8  9 10 11 12 13 14 15 16 17 18 19 20 21 22 23
 24 25 29 32 33 35 36 37 39 40 42 44 45 47 48 49 51 58 61 66 69])
Bicluster(rows=[5, 9], cols=[ 2  4  5 20 21 22 23 24 25 29 31 32 34 36 39 41 43 44 45 49 50 51 52 55
 56 58 59 63 68 71])
Bicluster(rows=[5, 10], cols=[ 0  1  2  3  4  5  6  7  8  9 10 11 12 13 14 15 16 17 18 19 20 21 22 23
 24 26 27 29 33 35 39 41 42 45 49 50 59 62 66])
Bicluster(rows=[5, 11], cols=[ 0  1  2  3  4  5  6  7  8  9 10 11 12 13 14 15 16 17 18 19 20 21 22 23
 24 28 29 30 31 33 36 37 39 40 43 44 45 48 49 50 51 52 53 54 56 62 63 68
 69 71 72 73])
Bicluster(rows=[5, 12], cols=[ 0  1  2  3  4  5  6  7  8  9 10 11 12 13 14 15 16 17 18 19 20 21 22 23
 24 25 26 27 30 31 32 34 35 36 37 38 39 40 41 42 43 45 46 47 48 49 50 51
 52 53 54 56 57 58 61 62 69 71 72 74])
Bicluster(rows=[5, 13], cols=[ 1  2  4  5  7 11 12 13 14 17 19 20 21 22 23 24 27 29 30 31 32 33 34 35
 38 41 42 45 46 49 50 51 52 53 56 57 58 60 61 69 70 71 72 73])
Bicluster(rows=[5, 14], cols=[ 2  4  5 20 22 23 25 29 37 38 39 40 41 42 43 46 48 49 50 51 52 53 59 61
 62 63 68 69 70 71 72 73 74])
Bicluster(rows=[5, 15], cols=[ 0  1  2  3  4  5  6  7  8  9 10 11 12 13 14 15 16 17 18 19 20 21 22 23
 24 26 27 28 29 31 33 36 37 38 39 41 43 45 46 47 48 49 53 54 55 57 58 61
 62 68 69 70 72 73 74])
Bicluster(rows=[5, 16], cols=[ 1  2  4  5  7 11 12 13 14 17 19 20 21 22 23 24 31 34 37 38 40 42 44 45
 46 48 51 57 58 62 68 70 71 73 74])
Bicluster(rows=[5, 17], cols=[ 1  2  4  5  7 11 12 13 14 17 19 20 21 22 24 26 29 37 39 44 45 47 50 51
 52 55 57 59 66 72 73])
Bicluster(rows=[5, 18], cols=[ 0  1  2  4  5  6  7  9 10 11 12 13 14 17 18 19 20 21 22 23 24 25 26 27
 32 33 35 37 38 39 41 42 43 45 47 48 52 53 54 55 57 58 59 61 62 69 70 72
 73 74])
Bicluster(rows=[5, 19], cols=[ 0  1  2  3  4  5  6  7  8  9 10 11 12 13 14 15 16 17 18 19 20 21 22 23
 24 25 26 27 29 31 33 35 36 39 40 41 43 44 45 47 48 51 52 53 54 55 58 59
 61 62 67 68 69 72])
Bicluster(rows=[5, 20], cols=[ 2  4  5 11 12 17 20 21 22 23 24 25 28 29 30 31 34 39 40 41 42 46 47 48
 49 50 52 53 54 55 57 59 63 64 65 71 73])
Bicluster(rows=[5, 21], cols=[ 0  1  2  3  4  5  6  7  8  9 10 11 12 13 14 15 16 17 18 19 20 21 22 23
 24 25 27 32 33 35 36 39 40 46 47 49 52 63 68])
Bicluster(rows=[5, 22], cols=[ 0  1  2  3  4  5  6  7  8  9 10 11 12 13 14 15 16 17 18 19 20 21 22 23
 24 26 31 33 34 37 38 41 42 44 45 46 47 48 49 51 55 56 57 58 59 61 63 67
 68 69 71 72])
Bicluster(rows=[5, 23], cols=[ 1  2  4  5  7 11 12 13 14 17 19 20 21 22 24 26 29 30 36 37 38 41 45 52
 57 66 70])
Bicluster(rows=[5, 24], cols=[ 0  1  2  3  4  5  6  7  8  9 10 11 12 13 14 15 16 17 18 19 20 21 22 23
 24 25 26 27 28 31 32 36 38 40 41 43 44 45 48 52 54 59 62 66 68 70])
Bicluster(rows=[5, 25], cols=[ 0  1  2  3  4  5  6  7  8  9 10 11 12 13 14 15 16 17 18 19 20 21 22 23
 24 26 27 29 32 35 42 44 46 47 49 59 61 63 66 68 69])
Bicluster(rows=[5, 26], cols=[ 0  1  2  3  4  5  6  7  8  9 10 11 12 13 14 15 16 17 18 19 20 21 22 23
 24 28 29 32 35 36 41 43 45 46 47 48 49 51 55 58 59 61 63 66 67 69 70 72
 73])
Bicluster(rows=[5, 27], cols=[ 0  1  2  3  4  5  6  7  8  9 10 11 12 13 14 15 16 17 18 19 20 21 22 23
 24 25 31 32 34 38 40 44 45 46 47 48 49 52 54 55 62 64 66 69 73])
Bicluster(rows=[5, 28], cols=[ 0  1  2  3  4  5  6  7  8  9 10 11 12 13 14 15 16 17 18 19 20 21 22 23
 24 26 29 31 33 35 37 38 40 41 42 43 46 50 52 53 54 55 58 59 61 67 69 70
 72 73 74])
Bicluster(rows=[5, 29], cols=[ 0  1  2  3  4  5  6  7  8  9 10 11 12 13 14 15 16 17 18 19 20 21 22 23
 24 25 26 27 29 32 33 35 36 39 41 46 48 49 51 52 53 58 59 61 66 67 68 69
 70 72])
Bicluster(rows=[5, 30], cols=[ 0  1  2  3  4  5  6  7  8  9 10 11 12 13 14 15 16 17 18 19 20 21 22 23
 24 26 29 35 38 39 40 41 43 44 45 47 48 49 52 55 59 66 68 69 70 72])
Bicluster(rows=[5, 31], cols=[ 0  1  2  3  4  5  6  7  8  9 10 11 12 13 14 15 16 17 18 19 20 21 22 23
 24 32 35 41 44 47 49 63 66 68 72])
Bicluster(rows=[5, 32], cols=[ 0  1  2  3  4  5  6  7  8  9 10 11 12 13 14 15 16 17 18 19 20 21 22 23
 24 29 32 35 44 49 55 63 66 68])
Bicluster(rows=[5, 33], cols=[ 1 10 15 25 26 27 29 33 35 36 38 39 40 41 43 45 46 47 48 50 52 55 57 58
 60 65 66 67 71 73 74])
Bicluster(rows=[5, 34], cols=[ 2  3  4  6 10 13 14 18 20 21 23 25 27 30 31 36 38 41 42 43 45 46 48 49
 50 52 53 55 59 60 61 69 73 74])
Bicluster(rows=[5, 35], cols=[ 1  2  5  6 11 12 13 14 19 20 22 23 25 26 27 29 31 33 34 36 38 39 40 41
 42 43 45 46 47 54 59 67 68])
Bicluster(rows=[5, 36], cols=[ 0  1  2  6  7  8  9 14 15 16 17 18 20 21 23 25 26 27 29 31 33 34 35 36
 37 38 39 40 41 42 43 45 46 47 48 51 53 57 63 68 69 72])
Bicluster(rows=[5, 37], cols=[ 2  3  4  5  7  9 13 16 19 20 21 22 23 24 25 26 27 29 31 33 34 35 36 37
 38 39 40 41 42 43 45 46 47 48 57 59 63 66 68 70])
Bicluster(rows=[5, 38], cols=[ 0  2  6 18 21 22 23 25 26 27 29 33 35 36 38 39 40 41 43 45 46 48 51 53
 57 61 62 65 66 68 71 72])
Bicluster(rows=[5, 39], cols=[ 2  5  6  8 10 11 12 14 15 17 19 21 22 26 30 32 35 36 41 42 44 49 52 53
 57 59 63 68 71])
Bicluster(rows=[5, 40], cols=[ 0  1  2  6 11 12 14 17 19 20 22 23 25 27 31 34 35 36 38 41 43 44 46 50
 51 59 66 68 69])
Bicluster(rows=[5, 41], cols=[ 1  5  6  7 11 12 15 16 18 20 21 24 25 26 31 34 36 38 39 41 43 52 61 67
 68 69 72 73])
Bicluster(rows=[5, 42], cols=[ 0  1  2  4  6 10 11 15 19 21 22 23 25 27 28 30 36 38 41 42 43 46 48 49
 52 53 55 58 59 60 61 66 69])
Bicluster(rows=[5, 43], cols=[ 2  4  5  7  9 10 11 12 13 14 17 18 19 20 21 24 25 26 27 29 31 34 35 36
 38 39 40 41 42 43 45 46 52 63])
Bicluster(rows=[5, 44], cols=[ 2  6 10 11 15 18 19 25 27 30 31 36 38 41 42 43 45 46 48 49 51 53 55 58
 60 61 66 68 69])
Bicluster(rows=[5, 45], cols=[ 3  6  8 15 16 18 20 24 26 32 35 37 39 44 47 49 51 52 53 54 55 56 57 59
 60 61 62 67 70 71 72 73])
Bicluster(rows=[5, 46], cols=[ 0  3  6  8 10 11 12 14 16 23 27 32 35 40 44 46 48 51 52 54 58 62 63 65
 67 70 71 73])
Bicluster(rows=[5, 47], cols=[ 0  2  4  5  6 12 13 18 20 23 25 26 27 29 31 34 36 38 39 40 41 42 43 45
 46 59 61 63 68 69 70])
Bicluster(rows=[5, 48], cols=[ 3  5  7  8 11 15 18 19 20 21 22 23 24 25 27 28 30 31 36 38 40 41 42 43
 45 46 48 49 51 63 66 70 74])
Bicluster(rows=[5, 49], cols=[ 1  5  7 12 13 14 17 19 20 21 22 23 24 25 27 31 34 35 36 38 40 41 43 44
 45 46 63 66])
Bicluster(rows=[5, 50], cols=[ 0  3  6  7 11 14 18 21 22 24 25 27 31 34 35 36 38 40 41 43 44 45 46 50
 51 54 57 60 61 62 65 70 72 74])
Bicluster(rows=[5, 51], cols=[ 3  4  6  9 11 12 13 14 17 18 22 23 24 25 26 27 31 34 36 38 39 40 41 42
 43 45 46 68])
Bicluster(rows=[5, 52], cols=[ 1  2  4  5  7 10 11 12 14 21 22 24 25 27 31 34 35 36 38 41 43 44 45 46
 53 61 63 73])
Bicluster(rows=[5, 53], cols=[ 0  4  5  6  9 10 11 12 13 14 18 22 24 25 27 28 30 31 34 36 38 40 41 42
 43 45 46 48 51 54 55 59 61 63 64 68 70 72])
Bicluster(rows=[5, 54], cols=[ 1  2  4  5 11 12 14 16 17 18 19 20 22 24 25 26 27 29 31 34 36 38 39 40
 41 42 43 45 46 61 66 69])
Bicluster(rows=[5, 55], cols=[ 0  2  8 13 16 18 23 25 27 28 31 36 38 41 43 46 48 49 51 52 53 54 61 66
 67 69 71 73])
Bicluster(rows=[5, 56], cols=[ 2  4  7  9 10 11 12 13 16 18 20 23 24 25 26 27 29 31 34 35 36 38 39 40
 41 42 43 45 46 48 58 59])
Bicluster(rows=[5, 57], cols=[ 4  6 10 11 15 17 19 21 22 23 24 26 30 32 35 44 52 54 56 61 63 68 69])
Bicluster(rows=[5, 58], cols=[ 3  6  8 16 26 27 30 35 36 41 42 48 49 50 51 53 56 57 58 60 62 70 73])
Bicluster(rows=[5, 59], cols=[ 1  3  7  9 11 16 21 22 24 25 26 27 30 35 36 38 41 42 43 45 46 48 49 50
 52 53 58 59 60 61 69])
Bicluster(rows=[5, 60], cols=[ 0  5  6  9 11 15 16 19 25 26 27 31 33 34 35 36 37 38 40 41 42 43 45 46
 47 48 52 54 60 61 64 65 67 68 70 71 73])
Bicluster(rows=[5, 61], cols=[ 0  2  6  7 11 15 19 23 24 25 26 27 29 31 34 36 38 39 40 41 42 43 45 46
 50 55 59 60 61 63 68 70 71])
Bicluster(rows=[5, 62], cols=[ 0  1  3  5  6 10 12 13 15 18 19 20 21 22 23 25 27 28 30 31 34 36 38 40
 41 42 43 45 46 48 52 54 61 67 70])
Bicluster(rows=[5, 63], cols=[ 0  6  8 15 16 27 30 35 36 38 41 42 46 48 49 50 51 52 53 55 56 58 59 60
 62 67 70 73])
Bicluster(rows=[5, 64], cols=[ 0  6  8 16 23 25 27 30 36 38 41 42 43 46 48 49 51 52 55 58 62 66 67 69
 72 73])
Bicluster(rows=[5, 65], cols=[ 2  3  4  5  6  7 10 11 13 16 19 20 22 25 27 32 34 35 41 43 44 45 46 51
 54 55 56 58 68 69 70 71 73])
Bicluster(rows=[5, 66], cols=[ 0  5  6 15 16 19 20 21 22 23 31 37 39 43 45 47 49 50 53 54 55 56 57 58
 60 62 67 70 71 72 73])
Bicluster(rows=[5, 67], cols=[13 17 26 32 35 36 41 42 44 46 47 49 50 52 53 54 56 57 58 59 60 62 67 69
 70 72 73 74])
Bicluster(rows=[5, 68], cols=[ 6 10 14 16 17 18 21 23 24 25 26 27 29 31 33 36 37 41 43 45 46 49 58 68
 69 70 73 74])
Bicluster(rows=[5, 69], cols=[ 4  7  8  9 10 23 27 28 32 35 38 44 46 48 50 53 54 55 56 57 58 62 65 67
 70 71 73])
Bicluster(rows=[5, 70], cols=[ 0  1  3  4  6  8 14 16 18 19 20 29 30 32 33 42 44 45 46 47 49 50 52 54
 56 57 59 62 64 67 70 72 73 74])
Bicluster(rows=[5, 71], cols=[ 0  4  6 11 13 14 15 16 18 19 20 22 23 32 35 36 38 46 48 49 54 56 57 58
 61 62 65 67 69 70 71 72])
Bicluster(rows=[5, 72], cols=[ 0  6  7  9 13 16 18 19 20 23 24 30 33 36 38 41 42 45 47 50 51 52 53 54
 56 57 58 60 62 64 67 70 71 72 73 74])
Bicluster(rows=[5, 73], cols=[ 2  3  6  8 13 18 25 27 33 37 38 39 41 42 45 47 50 53 54 55 56 57 58 60
 62 67 70 71 72 73])
Bicluster(rows=[5, 74], cols=[ 2  4  8 12 14 15 16 17 20 23 24 26 35 40 44 50 52 53 56 58 59 60 62 67
 69 70 72 73 74])
Bicluster(rows=[5, 75], cols=[ 0  3  6 11 14 16 20 23 25 27 28 35 43 46 47 50 52 54 56 57 58 59 62 67
 70 72 73 74])
Bicluster(rows=[5, 76], cols=[ 0  6  8 10 15 16 18 23 25 26 27 31 32 33 34 35 36 39 41 43 45 46 47 54
 56 57 58 61 62 65 67 69 70])
Bicluster(rows=[5, 77], cols=[ 1  3 10 13 16 18 20 24 26 32 33 34 35 36 39 40 41 42 43 44 48 49 52 59
 61 66 68 69 72])
Bicluster(rows=[5, 78], cols=[ 1  2  4  5  6  7  9 11 12 14 17 18 19 20 24 29 36 41 44 48 49 50 54 56
 57 58 61 62 65 67 69 70 71 72])
Bicluster(rows=[5, 79], cols=[ 0  1  4  5  6  8 10 11 12 13 15 16 17 22 23 25 29 31 32 35 36 41 43 44
 45 50 53 54 55 56 57 58 60 62 65 67 71 73])
Bicluster(rows=[5, 80], cols=[ 0  2  3  4  5  6 10 11 18 20 23 24 25 26 28 29 32 36 37 43 46 48 54 56
 57 58 61 62 65 67 69 70])
Bicluster(rows=[5, 81], cols=[ 0  1  4 13 15 16 21 23 24 25 26 29 31 32 33 38 39 40 43 44 46 47 48 50
 52 54 56 57 59 62 64 67 70 72 73 74])
Bicluster(rows=[5, 82], cols=[ 1  4  5  7 10 12 16 17 18 19 22 29 31 33 35 39 40 42 43 44 45 48 52 53
 58 59 60 69 70 72 73 74])
Bicluster(rows=[5, 83], cols=[ 2  4  8  9 11 12 13 14 17 18 19 21 25 28 29 30 32 34 35 37 39 44 45 46
 47 53 58 61 63 66 68 73 74])
Bicluster(rows=[5, 84], cols=[ 1  5  6 14 18 19 21 22 28 32 33 34 39 45 46 49 51 52 53 54 56 58 59 60
 62 67 69 70 72 73])
Bicluster(rows=[5, 85], cols=[ 0  2  4  5 10 11 13 17 18 19 21 22 23 25 27 29 31 34 35 36 40 41 44 47
 53 58 60 61 68 69 73 74])
Bicluster(rows=[5, 86], cols=[ 0  2  4  6  7 10 11 14 15 17 18 20 22 23 24 27 32 35 36 39 41 45 47 49
 54 61 62 65 66 69 70 71 72])
Bicluster(rows=[5, 87], cols=[ 6  8 10 12 14 15 16 22 27 29 33 35 39 42 45 50 51 53 54 56 57 60 62 67
 70 72 73 74])
Bicluster(rows=[5, 88], cols=[ 1  2 10 12 15 16 18 19 22 23 24 26 29 30 31 39 40 41 42 43 44 46 47 48
 53 58 60 61 66 68 69])
Bicluster(rows=[5, 89], cols=[ 0  4  5  7  8 11 16 24 31 40 46 50 53 54 55 56 57 58 62 67 70 71 72])
Bicluster(rows=[5, 90], cols=[ 1  2  4  6 12 18 20 21 23 24 26 32 33 35 38 39 41 42 44 47 48 49 54 56
 57 58 61 62 65 67 69 70 71 72])
Bicluster(rows=[5, 91], cols=[ 0  2  4 10 14 17 18 21 22 24 25 27 32 36 37 41 42 44 47 48 50 51 52 53
 54 56 57 58 59 60 62 67 69 70 72 73])
Bicluster(rows=[5, 92], cols=[ 0  2  3  4  5 10 11 12 16 19 20 22 23 25 27 31 32 34 35 36 37 38 39 40
 41 44 46 47 48 50 51 52 53 54 56 57 58 60 62 67 70 71 72 73 74])
Bicluster(rows=[5, 93], cols=[ 0  4  8 11 14 15 17 18 19 20 21 23 27 31 33 34 35 38 39 40 43 44 50 56
 62 64 69 70 72 73 74])
Bicluster(rows=[5, 94], cols=[ 0  2  5  7 12 13 14 17 18 21 23 29 30 37 38 42 44 46 50 51 52 53 54 55
 56 57 58 60 62 67 69 70 71 72 73 74])
Bicluster(rows=[5, 95], cols=[ 2  5  7 11 12 14 16 17 18 20 21 22 23 24 25 31 35 36 39 43 44 46 48 49
 54 56 57 58 61 62 65 67 69 70 71 72])
Bicluster(rows=[5, 96], cols=[ 4  6  9 11 12 14 19 20 30 32 33 37 40 42 47 49 54 56 57 58 61 62 65 67
 69 70 71 72])
Bicluster(rows=[5, 97], cols=[ 4  5 14 16 17 18 22 23 25 26 27 28 31 34 35 36 43 45 47 50 53 54 55 56
 57 58 60 62 67 70 71 72 73])
Bicluster(rows=[5, 98], cols=[ 5  6 10 13 14 16 17 18 20 21 22 23 26 29 32 35 36 38 39 43 44 49 54 57
 61 62 65 69 70 71 72])
Bicluster(rows=[5, 99], cols=[ 3  4  8 10 11 15 16 19 20 26 30 31 33 34 35 38 40 41 42 44 45 46 49 58
 62 64 65 67 68 70 71 72])
Bicluster(rows=[6, 7], cols=[ 0  1  2  3  4  5  6  7  8  9 10 11 12 13 14 15 16 17 18 19 20 21 22 23
 24 27 29 32 35 36 39 41 42 44 45 46 48 51 52 56 59 60 61 65 66 67 70])
Bicluster(rows=[6, 8], cols=[ 0  1  2  3  4  5  6  7  8  9 10 11 12 13 14 15 16 17 18 19 20 21 22 23
 24 25 26 28 29 30 31 32 34 35 37 38 40 41 44 46 47 48 49 54 55 56 57 59
 61 62 65 66 67 70 71 74])
Bicluster(rows=[6, 9], cols=[ 0  1  2  3  4  5  6  7  8  9 10 11 12 13 14 15 16 17 18 19 20 21 22 23
 24 29 31 32 33 34 35 36 38 39 40 41 44 45 49 54 58 59 60 63 66 67 68 70])
Bicluster(rows=[6, 10], cols=[ 0  1  2  3  4  5  6  7  8  9 10 11 12 13 14 15 16 17 18 19 20 21 22 23
 24 27 28 32 35 36 37 46 49 54 55 56 66 67 70 71 73])
Bicluster(rows=[6, 11], cols=[ 0  1  2  3  4  5  6  7  8  9 10 11 12 13 14 15 16 17 18 19 20 21 22 23
 24 34 37 39 42 43 44 48 49 52 57 60 63 69])
Bicluster(rows=[6, 12], cols=[ 0  1  2  3  4  5  6  7  8  9 10 11 12 13 14 15 16 17 18 19 20 21 22 23
 24 25 28 32 35 37 38 40 43 44 48 49 52 54 56 57 67 69 70 73])
Bicluster(rows=[6, 13], cols=[ 0  2  4  5  6 10 18 22 23 26 27 29 31 33 34 40 41 42 43 45 49 53 55 58
 59 60 62 63 66 67 74])
Bicluster(rows=[6, 14], cols=[ 0  1  2  3  4  5  6  7  8  9 10 11 12 13 14 15 16 17 18 19 20 21 22 23
 24 26 27 29 32 33 34 36 39 41 42 49 50 53 54 56 58 59 60 63 66 67 68 71
 73 74])
Bicluster(rows=[6, 15], cols=[ 0  1  2  3  4  5  6  7  8  9 10 11 12 13 14 15 16 17 18 19 20 21 22 23
 24 27 30 34 37 38 43 44 47 48 49 50 51 55 56 57 60 61 62 67 68])
Bicluster(rows=[6, 16], cols=[ 3  8 15 16 25 27 29 31 32 33 34 39 42 43 44 45 47 49 50 52 54 56 59 62
 63 65 66 67 68 70 71 73 74])
Bicluster(rows=[6, 17], cols=[ 0  1  2  3  4  5  6  7  8 10 11 12 13 14 15 16 17 18 19 20 21 22 23 24
 29 35 39 41 42 56 58 72])
Bicluster(rows=[6, 18], cols=[ 1  2  4  5  7  9 10 11 12 13 14 17 18 19 20 21 22 23 24 25 27 28 30 32
 35 37 38 43 44 47 48 50 52 55 56 57 61 67 69 70 71])
Bicluster(rows=[6, 19], cols=[ 0  1  2  3  4  5  6  7  8  9 10 11 12 13 14 15 16 17 18 19 20 21 22 23
 24 28 29 30 35 37 40 42 43 44 46 47 48 49 51 52 55 56 62 68 70 71 73])
Bicluster(rows=[6, 20], cols=[ 0  1  2  3  4  5  6  7  8  9 10 11 12 13 14 15 16 17 18 19 20 21 22 23
 24 26 29 31 32 33 34 35 36 38 39 41 42 45 46 49 50 53 58 59 63 64 66 67
 70 72 73 74])
Bicluster(rows=[6, 21], cols=[ 0  1  2  3  4  5  6  7  8  9 10 11 12 13 14 15 16 17 18 19 20 21 22 23
 24 26 27 32 34 39 40 41 42 47 49 50 52 53 55 56 59 60 62 63 66 67 70 71
 73])
Bicluster(rows=[6, 22], cols=[ 0  1  2  3  4  5  6  7  8  9 10 11 12 13 14 15 16 17 18 19 20 21 22 23
 24 27 28 37 38 47 48 49 51 53 55 56 57 62 63 65 66 68 69 70 73])
Bicluster(rows=[6, 23], cols=[ 0  1  2  3  4  5  6  7  8  9 10 11 12 13 14 15 16 17 18 19 20 21 22 23
 24 28 29 31 33 36 40 42 58 59 60 66 68 72 73 74])
Bicluster(rows=[6, 24], cols=[ 0  1  2  3  4  5  6  7  8  9 10 11 12 13 14 15 16 17 18 19 20 21 22 23
 24 25 27 28 29 32 33 34 38 39 42 43 44 46 50 52 53 54 58 59 63 67 68 70
 71 72 73])
Bicluster(rows=[6, 25], cols=[ 0  1  2  3  4  5  6  7  8  9 10 11 12 13 14 15 16 17 18 19 20 21 22 23
 24 27 29 32 34 35 37 39 41 47 49 50 53 56 59 60 62 63 66 67 68 70 71 73
 74])
Bicluster(rows=[6, 26], cols=[ 0  1  2  3  4  5  6  7  8  9 10 11 12 13 14 15 16 17 18 19 20 21 22 23
 24 27 29 31 32 33 34 35 39 42 43 48 49 50 53 55 56 60 61 63 70 71 74])
Bicluster(rows=[6, 27], cols=[ 0  1  2  3  4  5  6  7  8  9 10 11 12 13 14 15 16 17 18 19 20 21 22 23
 24 25 26 27 29 33 37 39 40 41 42 47 48 49 50 52 54 55 56 58 59 60 62 65
 67 72])
Bicluster(rows=[6, 28], cols=[ 0  1  2  3  4  5  6  7  8  9 10 11 12 13 14 15 16 17 18 19 20 21 22 23
 24 25 28 34 35 37 38 40 44 45 48 49 51 52 54 55 56 59 60 62 65 68 71])
Bicluster(rows=[6, 29], cols=[ 0  1  2  3  4  5  6  7  8  9 10 11 12 13 14 15 16 17 18 19 20 21 22 23
 24 28 29 32 37 38 42 44 45 49 50 52 54 55 56 62 63 66 68 70 71 74])
Bicluster(rows=[6, 30], cols=[ 0  1  2  3  4  5  6  7  8  9 10 11 12 13 14 15 16 17 18 19 20 21 22 23
 24 27 29 31 33 34 35 36 38 40 42 44 46 49 50 52 54 55 56 62 63 66 67 71
 73])
Bicluster(rows=[6, 31], cols=[ 0  1  2  3  4  5  6  7  8  9 10 11 12 13 14 15 16 17 18 19 20 21 22 23
 24 26 27 29 31 32 33 34 35 36 38 39 42 44 45 46 49 50 58 59 60 62 63 66
 67 70 71 73 74])
Bicluster(rows=[6, 32], cols=[ 0  1  2  3  4  5  6  7  8  9 10 11 12 13 14 15 16 17 18 19 20 21 22 23
 24 26 27 31 32 33 34 35 36 39 41 42 45 46 50 53 55 58 59 60 62 63 66 67
 68 71 73 74])
Bicluster(rows=[6, 33], cols=[ 0  2  3  6  7 11 13 16 18 20 22 23 26 27 29 31 32 33 34 36 39 41 42 45
 46 52 53 63 65 69])
Bicluster(rows=[6, 34], cols=[ 1  6  8  9 15 19 22 35 38 39 40 42 43 44 48 50 51 52 53 55 57 58 61 63
 65 66 68 69 71 73 74])
Bicluster(rows=[6, 35], cols=[ 0  5  6 15 17 18 21 23 24 26 27 29 31 32 33 34 36 39 41 42 45 46 52 55
 56 61 63 65 66 69 70 71 73])
Bicluster(rows=[6, 36], cols=[ 0  1  2  6  7  8  9 14 15 16 17 18 20 21 23 28 30 35 37 38 40 43 44 47
 48 50 51 56 57 63 65 67 68 69 71 73 74])
Bicluster(rows=[6, 37], cols=[ 2  3  4  5  7  9 12 13 14 16 17 19 20 21 22 23 24 28 30 35 37 38 40 43
 44 48 50 51 53 57 61 62 63 66 67 68 69 70 72 73])
Bicluster(rows=[6, 38], cols=[ 5  8  9 11 13 14 15 17 18 19 22 23 27 30 31 32 33 34 36 37 41 42 45 46
 52 55 56 63 69 73 74])
Bicluster(rows=[6, 39], cols=[ 5  6  7  8 10 14 15 17 19 20 21 22 24 27 28 31 32 34 35 38 41 44 45 46
 47 50 52 57 58 63 67 68 72 73 74])
Bicluster(rows=[6, 40], cols=[ 2  4  7 11 13 17 20 22 23 27 30 31 32 34 36 37 41 42 45 46 59 62 66 71
 73 74])
Bicluster(rows=[6, 41], cols=[ 2  3 14 17 18 22 23 27 28 31 32 34 35 36 41 42 44 45 46 47 51 52 55 57
 58 61 62 63 65 72 73])
Bicluster(rows=[6, 42], cols=[ 0  1  2  4  5 10 11 12 19 21 22 23 28 33 35 38 44 47 49 50 52 55 56 66
 67 70 71 74])
Bicluster(rows=[6, 43], cols=[ 2  4  5  7 10 11 12 13 14 17 19 20 21 24 28 29 35 38 40 43 44 48 50 52
 59 60 62 63 66 67 70 71 73 74])
Bicluster(rows=[6, 44], cols=[ 0  1  4  5  7  9 14 17 20 21 22 24 27 28 32 34 45 47 50 63 71 72 73 74])
Bicluster(rows=[6, 45], cols=[ 3  4  5  6 13 16 23 24 27 30 31 32 34 36 37 41 42 45 46 50 52 54 55 57
 62 69 70])
Bicluster(rows=[6, 46], cols=[ 2  3  4  5  7  8  9 14 19 22 24 26 27 31 32 34 36 39 41 45 46 49 50 53
 54 60 61 62 65 66 70])
Bicluster(rows=[6, 47], cols=[ 0  1  5  6 11 14 15 16 18 20 22 24 26 27 30 31 32 34 36 37 41 42 45 46
 51 52 54 55 59 66 67 68])
Bicluster(rows=[6, 48], cols=[ 3  4  5  7  8 11 15 17 18 19 20 21 22 23 24 28 33 35 38 40 43 44 47 48
 49 50 53 56 59 60 63 64 66 70 73])
Bicluster(rows=[6, 49], cols=[ 0  2  5  6 10 11 14 17 18 20 21 22 23 24 27 30 31 32 34 36 37 41 42 45
 46 50 52 54 62 68 70 71 73])
Bicluster(rows=[6, 50], cols=[ 0  2  4  5  6  9 12 13 15 17 18 19 27 28 31 32 34 41 42 45 46 47 52 53
 55 56 58 60 62 63 67 73 74])
Bicluster(rows=[6, 51], cols=[ 0  1  4  7 10 11 20 21 22 23 24 27 30 31 32 34 36 37 41 42 45 46 50 52
 54 55 56 57 62 67 69 70 71 74])
Bicluster(rows=[6, 52], cols=[ 0  2  3  8 16 17 27 28 31 32 34 36 41 42 45 46 47 50 51 52 53 54 57 69
 70 74])
Bicluster(rows=[6, 53], cols=[ 3  6  7 10 16 17 18 20 26 27 31 34 36 41 45 46 50 56 57 59 60 62 64 65
 68 70 71 72 74])
Bicluster(rows=[6, 54], cols=[ 1  2  7  9 12 14 16 17 21 25 28 29 38 40 43 44 48 50 53 58 60 66 71 73])
Bicluster(rows=[6, 55], cols=[ 1  5  6  7 11 12 14 15 17 19 20 21 22 27 28 31 32 34 41 45 46 47 50 54
 58 60 63 66 67 68 71 73 74])
Bicluster(rows=[6, 56], cols=[ 0  2  4  6 11 12 14 19 20 24 26 27 29 31 32 33 34 36 39 41 42 45 46 50
 52 54 58 59 62 67 68 70 73])
Bicluster(rows=[6, 57], cols=[ 1  2  5 11 12 14 18 19 21 24 27 30 31 32 34 36 37 41 42 45 46 50 53 54
 56 59 63 71 74])
Bicluster(rows=[6, 58], cols=[ 0  4  5  9 12 13 14 18 19 23 27 30 31 32 34 36 37 41 42 45 46 52 54 55
 56 62 67 68 70 73])
Bicluster(rows=[6, 59], cols=[ 4  5  6 10 11 12 13 18 19 21 24 26 27 31 32 34 36 39 41 45 53 55 56 59
 60 68 70 71 73])
Bicluster(rows=[6, 60], cols=[ 1  4  7 13 17 18 23 24 26 27 29 31 32 34 36 39 41 42 45 46 51 58 63 65
 67 73 74])
Bicluster(rows=[6, 61], cols=[ 0  4  5  6 10 12 16 20 27 28 30 31 32 33 34 36 37 41 42 45 46 51 54 57
 58 59 60 61 66 70 72 74])
Bicluster(rows=[6, 62], cols=[ 0  3  5  6 10 12 13 15 18 19 20 21 22 23 38 40 43 44 47 48 50 52 58 59
 71])
Bicluster(rows=[6, 63], cols=[ 1  2  4  5 11 12 14 17 20 21 24 27 30 31 32 34 36 37 41 42 45 46 50 56
 59 62 63 67 71])
Bicluster(rows=[6, 64], cols=[ 1  3  5  7 11 13 14 17 18 19 22 24 25 26 35 38 42 43 51 52 54 55 56 57
 63 67 68 69 73 74])
Bicluster(rows=[6, 65], cols=[ 0  1  2  4  5 11 23 30 31 32 34 36 37 41 42 45 46 50 58 60 62 72 74])
Bicluster(rows=[6, 66], cols=[ 0  5  6  7 10 15 16 18 19 22 23 25 27 33 36 37 42 43 49 51 52 55 57 61
 65 69])
Bicluster(rows=[6, 67], cols=[ 1  2  4  5 10 11 12 14 15 18 20 21 22 24 25 27 30 33 35 37 38 42 44 49
 50 53 59 60 63 66 71 73 74])
Bicluster(rows=[6, 68], cols=[ 1  7 10 11 12 13 18 22 23 24 27 29 30 31 32 33 36 38 39 41 42 45 46 48
 49 50 51 52 54 58 62 63 65 66 67 68 70])
Bicluster(rows=[6, 69], cols=[ 0  4  5  6 10 11 12 15 17 18 20 24 25 31 35 41 43 44 45 49 50 55 59 62
 63 67 68 70 71])
Bicluster(rows=[6, 70], cols=[ 2  5  7  9 17 18 23 24 25 26 27 28 31 34 37 38 44 50 51 52 53 54 56 60
 62 63 65 66 67 68 70 73 74])
Bicluster(rows=[6, 71], cols=[ 4  6  7 11 13 14 15 16 18 19 20 22 23 27 28 29 31 32 38 41 42 44 45 49
 51 52 54 56 57 62 65 68 73])
Bicluster(rows=[6, 72], cols=[ 0  1  2  3  6 12 15 18 21 23 27 28 29 32 40 42 43 48 49 50 53 59 60 63
 66 71 73 74])
Bicluster(rows=[6, 73], cols=[ 0  3  4  5  8 11 14 17 18 19 20 21 22 27 30 31 34 35 37 38 39 41 42 43
 47 51 52 55 56 57 61 65 69])
Bicluster(rows=[6, 74], cols=[ 3  7  9 21 22 25 28 29 30 33 35 40 41 43 44 45 47 50 51 52 53 54 56 60
 62 63 65 66 67 68 70 73 74])
Bicluster(rows=[6, 75], cols=[ 6 10 12 13 17 22 24 26 29 30 31 34 35 36 37 41 43 45 50 51 52 53 54 56
 60 62 63 65 66 67 68 70 73 74])
Bicluster(rows=[6, 76], cols=[ 1  2  4  5 11 12 13 14 17 19 20 21 22 24 27 33 39 41 42 49 50 51 52 53
 54 56 60 62 63 65 66 67 68 70 73 74])
Bicluster(rows=[6, 77], cols=[ 0  1  3  4 10 13 14 16 18 20 21 27 30 32 35 40 43 45 48 49 50 51 52 53
 54 56 60 62 63 65 66 67 68 70 73 74])
Bicluster(rows=[6, 78], cols=[ 1  2  6  7  9 11 12 13 14 17 19 21 22 23 26 27 29 31 32 33 34 41 42 45
 46 49 50 51 52 53 54 56 60 62 63 65 67 68 70 73 74])
Bicluster(rows=[6, 79], cols=[ 0  1  4  5  6  7 10 11 12 13 15 22 23 24 26 27 28 30 32 33 34 35 39 43
 44 48 49 51 55 57 61 65 69])
Bicluster(rows=[6, 80], cols=[ 1  5  6  7 11 13 14 21 24 27 28 29 31 32 33 34 37 41 42 43 44 45 49 50
 51 52 53 54 56 60 62 63 65 67 68 70 73 74])
Bicluster(rows=[6, 81], cols=[ 3  5  6  8 10 12 18 20 22 25 38 40 44 48 49 50 51 52 53 54 56 60 62 63
 65 66 67 68 70 73 74])
Bicluster(rows=[6, 82], cols=[ 2  9 10 11 14 18 20 30 31 38 42 44 46 47 48 49 50 51 52 53 54 56 60 62
 63 65 66 67 68 70 73 74])
Bicluster(rows=[6, 83], cols=[ 1  4  5  7 15 18 21 22 23 24 26 27 29 32 34 35 40 44 45 48 49 50 51 52
 53 54 56 60 62 63 65 67 68 70 73 74])
Bicluster(rows=[6, 84], cols=[ 4  6  7 11 12 15 16 18 25 30 33 34 35 37 38 41 43 45 46 47 50 53 59 60
 63 66 70 71 73 74])
Bicluster(rows=[6, 85], cols=[ 0  1  2  6 10 12 14 15 18 20 22 23 24 27 28 30 31 32 33 34 35 37 38 43
 48 49 50 51 52 53 54 56 60 62 63 65 66 67 68 70 73 74])
Bicluster(rows=[6, 86], cols=[ 2  4  5  6  7 10 11 12 14 17 18 20 21 22 23 24 27 28 29 31 32 33 35 42
 44 49 50 51 52 53 54 56 60 62 63 65 67 68 70 73 74])
Bicluster(rows=[6, 87], cols=[ 1  4  5  6  7 10 11 19 20 26 28 34 35 36 38 41 42 43 48 49 50 53 59 60
 63 66 71 73 74])
Bicluster(rows=[6, 88], cols=[ 3  8 10 11 13 14 18 21 25 26 29 31 32 37 41 44 48 49 50 51 52 53 54 56
 60 62 63 65 67 68 70 73 74])
Bicluster(rows=[6, 89], cols=[ 0  1  2 13 15 21 25 26 29 30 31 32 33 35 36 37 40 41 47 48 49 50 55 59
 62 63 66 67 70 71 73])
Bicluster(rows=[6, 90], cols=[ 1  5  7  9 11 13 14 17 19 22 23 26 29 31 32 33 34 36 41 42 45 46 50 51
 52 53 54 56 60 62 63 65 66 67 68 70 73 74])
Bicluster(rows=[6, 91], cols=[ 2  4  6 11 12 13 16 19 20 22 27 29 34 35 38 40 41 42 43 53 58 59 60 66
 74])
Bicluster(rows=[6, 92], cols=[ 0  1  3  6  9 13 18 21 26 27 33 35 36 37 41 43 46 52 54 56 57 61 68 69])
Bicluster(rows=[6, 93], cols=[ 0  1  2  5  7 10 13 18 22 23 24 28 29 30 34 35 38 41 44 45 50 51 52 53
 54 60 62 63 65 66 67 68 70 73 74])
Bicluster(rows=[6, 94], cols=[ 0  2  5  7 12 13 14 15 17 18 21 23 29 30 38 39 44 47 48 52 54 55 56 57
 61 69])
Bicluster(rows=[6, 95], cols=[ 2  5  7 11 12 14 16 17 20 21 22 23 24 27 28 33 35 41 42 43 44 45 48 49
 51 56 57 61 65 69])
Bicluster(rows=[6, 96], cols=[ 4  5  6  9 11 12 13 14 18 20 23 30 31 32 34 35 39 41 44 45 48 50 51 52
 53 54 56 60 62 63 65 67 68 70 73 74])
Bicluster(rows=[6, 97], cols=[ 1  2  3  8 12 18 19 20 21 24 29 30 34 35 37 39 40 46 49 50 59 63 66 67
 70 71 73 74])
Bicluster(rows=[6, 98], cols=[ 1  2  5  6  7 12 13 14 17 20 21 23 24 27 29 31 32 33 35 38 41 42 43 45
 46 50 51 52 53 54 56 60 62 63 65 67 68 70 73 74])
Bicluster(rows=[6, 99], cols=[ 0  1  2  7 12 13 17 21 22 23 24 25 26 30 32 33 41 42 43 45 46 50 52 55
 57 58 63 65 66 67 70 73 74])
Bicluster(rows=[7, 8], cols=[ 0  1  2  3  4  5  6  7  8  9 10 11 12 13 14 15 16 17 18 19 20 21 22 23
 24 26 29 30 32 33 35 36 43 44 46 48 49 50 51 54 56 58 59 60 61 65 67 70
 71 72 73])
Bicluster(rows=[7, 9], cols=[ 0  1  2  3  4  5  6  7  8  9 10 11 12 13 14 15 16 17 18 19 20 21 22 23
 24 25 28 29 30 31 32 33 35 37 39 41 43 44 45 47 49 53 55 59 60 63 64 66
 67 70 73 74])
Bicluster(rows=[7, 10], cols=[ 0  1  2  3  4  5  6  7  8  9 10 11 12 13 14 15 16 17 18 19 20 21 22 23
 24 25 26 27 28 29 30 32 33 34 35 37 38 39 43 44 46 47 49 50 52 54 56 60
 62 63 65 66 67 69 70 72 74])
Bicluster(rows=[7, 11], cols=[ 1  2  4  5  7 11 12 13 14 17 19 20 21 22 23 24 25 29 33 39 42 44 48 50
 52 53 56 58 60 61 62 71 72 73 74])
Bicluster(rows=[7, 12], cols=[ 0  1  2  3  4  5  6  7  8  9 10 11 12 13 14 15 16 17 18 19 20 21 22 23
 24 26 32 34 35 39 40 46 47 48 49 50 52 53 56 62 63 65 67 70 71 72 73 74])
Bicluster(rows=[7, 13], cols=[ 0  1  2  3  4  5  6  7  8 10 11 12 13 14 15 16 17 18 19 20 21 22 23 24
 31 32 36 37 38 62 68])
Bicluster(rows=[7, 14], cols=[ 0  1  2  3  4  5  6  7  8  9 10 11 12 13 14 15 16 17 18 19 20 21 22 23
 24 25 27 28 29 30 32 34 35 37 39 40 41 42 43 44 46 47 48 49 52 55 56 57
 59 63 64 66 67 70 72])
Bicluster(rows=[7, 15], cols=[ 0  1  2  3  4  5  6  7  8  9 10 11 12 13 14 15 16 17 18 19 20 21 22 23
 24 25 27 49 50 53 56 60 61 62 65 67 71 72 73 74])
Bicluster(rows=[7, 16], cols=[ 0  2  4  5  6 10 11 12 17 18 20 21 22 23 24 26 31 36 38 43 45 47 52 54
 55 56 57 60 65 66 69 70])
Bicluster(rows=[7, 17], cols=[ 0  1  2  3  4  5  6  7  8 10 11 12 13 14 15 16 17 18 19 20 21 22 23 24
 28 33 35 41 42 53 54 55 56 59 66 68 71])
Bicluster(rows=[7, 18], cols=[ 0  6 10 18 26 28 30 34 35 37 38 39 40 41 42 43 45 50 51 52 54 56 57 60
 64 66 67 69 70 71])
Bicluster(rows=[7, 19], cols=[ 0  1  2  3  4  5  6  7  8  9 10 11 12 13 14 15 16 17 18 19 20 21 22 23
 24 25 28 29 30 33 35 36 37 39 40 42 44 46 48 49 50 51 53 56 58 62 63 65
 70 71 72 74])
Bicluster(rows=[7, 20], cols=[ 0  1  2  3  4  5  6  7  8  9 10 11 12 13 14 15 16 17 18 19 20 21 22 23
 24 29 31 32 33 35 39 40 41 42 43 46 47 51 52 54 56 57 59 60 63 66 67 69
 70])
Bicluster(rows=[7, 21], cols=[ 0  1  2  3  4  5  6  7  8  9 10 11 12 13 14 15 16 17 18 19 20 21 22 23
 24 26 27 28 30 32 33 35 37 38 39 40 41 42 43 45 52 54 56 59 60 63 64 66
 67 70 74])
Bicluster(rows=[7, 22], cols=[ 0  1  2  3  4  5  6  7  8  9 10 11 12 13 14 15 16 17 18 19 20 21 22 23
 24 25 26 27 28 34 40 44 48 49 50 51 54 58 60 63 64 65 66 70 71 73 74])
Bicluster(rows=[7, 23], cols=[ 0  1  2  3  4  5  6  7  8 10 11 12 13 14 15 16 17 18 19 20 21 22 23 24
 25 29 38 40 42 43 47 54 60 61 62 66])
Bicluster(rows=[7, 24], cols=[ 0  1  2  3  4  5  6  7  8  9 10 11 12 13 14 15 16 17 18 19 20 21 22 23
 24 26 27 29 30 32 37 39 40 42 44 46 47 49 52 56 59 60 62 63 67 70 73 74])
Bicluster(rows=[7, 25], cols=[ 0  1  2  3  4  5  6  7  8  9 10 11 12 13 14 15 16 17 18 19 20 21 22 23
 24 25 26 27 28 29 30 32 33 35 37 38 39 40 41 43 44 50 54 56 59 60 64 66
 67 70])
Bicluster(rows=[7, 26], cols=[ 0  1  2  3  4  5  6  7  8  9 10 11 12 13 14 15 16 17 18 19 20 21 22 23
 24 25 27 29 31 32 33 35 37 39 40 42 45 47 48 51 54 56 58 60 61 71 72])
Bicluster(rows=[7, 27], cols=[ 0  1  2  3  4  5  6  7  8  9 10 11 12 13 14 15 16 17 18 19 20 21 22 23
 24 27 28 29 30 33 34 35 37 39 41 43 44 46 48 49 52 53 56 59 60 62 65 67
 70 73 74])
Bicluster(rows=[7, 28], cols=[ 0  1  2  3  4  5  6  7  8  9 10 11 12 13 14 15 16 17 18 19 20 21 22 23
 24 26 35 40 43 45 47 49 50 51 52 56 58 59 60 61 64 65 71 72 73 74])
Bicluster(rows=[7, 29], cols=[ 0  1  2  3  4  5  6  7  8  9 10 11 12 13 14 15 16 17 18 19 20 21 22 23
 24 25 26 27 29 30 32 33 34 35 40 42 43 44 45 46 47 48 49 50 51 52 53 56
 60 63 65 72 73])
Bicluster(rows=[7, 30], cols=[ 0  1  2  3  4  5  6  7  8  9 10 11 12 13 14 15 16 17 18 19 20 21 22 23
 24 25 27 28 29 30 33 35 36 37 40 42 44 46 47 48 52 53 56 60 63 67 72 73
 74])
Bicluster(rows=[7, 31], cols=[ 0  1  2  3  4  5  6  7  8  9 10 11 12 13 14 15 16 17 18 19 20 21 22 23
 24 25 26 27 28 29 30 32 33 35 36 37 39 43 44 45 46 47 52 53 54 59 60 63
 64 67 70 72])
Bicluster(rows=[7, 32], cols=[ 0  1  2  3  4  5  6  7  8  9 10 11 12 13 14 15 16 17 18 19 20 21 22 23
 24 25 26 27 28 29 30 32 33 35 36 37 38 39 40 41 42 43 45 46 47 52 54 59
 60 64 66 67 70])
Bicluster(rows=[7, 33], cols=[ 0  2  3  6  7 11 13 16 18 20 22 23 25 26 27 28 29 30 32 33 35 36 37 39
 40 41 42 43 44 45 46 47 50 51 52 54 56 61 64 66 70 71 73 74])
Bicluster(rows=[7, 34], cols=[ 0  1  2  5  9 10 17 18 19 22 23 24 25 26 27 28 32 35 36 40 42 44 48 49
 52 56 60 65 66 72])
Bicluster(rows=[7, 35], cols=[ 0  3  6  8 15 21 23 24 28 29 30 31 32 37 38 39 41 42 43 45 47 50 51 53
 54 62 63 71])
Bicluster(rows=[7, 36], cols=[ 1  5  9 10 12 13 14 21 24 25 26 27 30 33 35 36 40 44 47 48 53 55 60 65
 66 72])
Bicluster(rows=[7, 37], cols=[ 0  1  6  9 10 12 14 17 19 25 26 27 28 29 32 33 35 36 37 39 40 42 43 44
 46 47 48 51 54 55 58 59 60 61 66 67 70])
Bicluster(rows=[7, 38], cols=[ 1 10 11 12 17 25 26 27 28 32 33 35 36 37 39 40 42 43 44 46 48 49 50 51
 55 60 62 64 66 67 68 69 71 72])
Bicluster(rows=[7, 39], cols=[ 0  1  2  5 16 17 18 20 22 24 27 28 32 34 35 36 42 48 49 50 51 57 59 60
 61 63 66 67 73 74])
Bicluster(rows=[7, 40], cols=[ 2 10 11 12 14 17 18 20 22 26 34 35 37 39 44 48 49 50 63 65 67])
Bicluster(rows=[7, 41], cols=[ 1  5  6  8 11 15 16 18 20 21 24 29 37 47 50 53 54 60 61 62 63 64 66 70
 71 74])
Bicluster(rows=[7, 42], cols=[ 0  2  4  5  7  9 10 14 16 17 20 23 24 25 27 32 38 41 43 46 48 49 51 59
 61 62 65 67 71 72])
Bicluster(rows=[7, 43], cols=[ 0  1  2  3  4  5  6 16 17 18 20 26 28 29 30 31 32 38 39 41 42 43 45 47
 50 51 53 56 63 65 67 70 72 73 74])
Bicluster(rows=[7, 44], cols=[ 3  4  5  6 10 12 13 16 18 20 21 22 23 24 28 32 34 35 36 42 44 48 49 50
 60 61 62 63 64 74])
Bicluster(rows=[7, 45], cols=[ 0  4  5 10 13 23 24 26 27 28 32 35 36 41 42 43 45 46 52 53 58 63 71 72
 73 74])
Bicluster(rows=[7, 46], cols=[ 0  3  6  8 10 12 14 16 22 24 25 27 28 32 35 36 40 41 42 43 46 48 49 50
 52 55 60 62 64 69 70 71 73 74])
Bicluster(rows=[7, 47], cols=[ 0  1  5  6 10 11 14 15 18 20 21 24 26 28 29 30 31 38 39 41 42 45 47 51
 53 58 59 60 62 67 71 74])
Bicluster(rows=[7, 48], cols=[ 3  4  5  7  8 11 15 17 18 19 20 21 22 23 24 25 33 34 40 48 49 51 54 55
 56 59 63 65 66 68 69 70 71 72 74])
Bicluster(rows=[7, 49], cols=[ 0  5 10 11 17 18 22 23 24 26 28 31 38 41 42 50 53 56 61 62 63 72 73])
Bicluster(rows=[7, 50], cols=[ 1  2 12 13 16 17 25 27 32 35 36 40 41 42 43 46 48 49 50 53 54 55 58 60
 64 68 70 72 74])
Bicluster(rows=[7, 51], cols=[ 3  4  6  9 11 13 14 17 18 21 22 24 29 34 37 39 47 49 53 54 57 59 64 65
 66 67 69 70 74])
Bicluster(rows=[7, 52], cols=[ 1  9 10 12 13 17 19 21 26 28 32 34 35 36 42 44 48 49 50 53 54 55 56 57
 59 61 66 67 68 69 70 73 74])
Bicluster(rows=[7, 53], cols=[ 0  2  3  6 10 15 16 18 21 23 25 26 28 32 34 35 36 39 42 44 48 49 50 51
 52 58 61 62 64 71 74])
Bicluster(rows=[7, 54], cols=[ 0  2  5  6  8 10 13 18 20 21 22 28 31 38 39 41 42 47 50 53 56 62 65 67
 72])
Bicluster(rows=[7, 55], cols=[ 0  3  5  9 11 17 18 19 20 21 23 28 32 34 35 36 42 48 49 52 54 56 58 59
 62 63 64 67 74])
Bicluster(rows=[7, 56], cols=[ 5  7  9 11 12 13 14 16 22 23 24 26 29 30 34 37 44 47 48 49 50 57 58 60
 64 70 73])
Bicluster(rows=[7, 57], cols=[ 1  4  7 11 12 13 14 21 22 24 27 28 32 34 35 36 42 48 49 53 57 60 63 64
 66 67 72 73 74])
Bicluster(rows=[7, 58], cols=[ 0  3  5  8  9 10 18 19 26 28 31 32 36 38 41 42 43 44 50 58 61 62 64 65
 67 73 74])
Bicluster(rows=[7, 59], cols=[ 1  3  7  8  9 11 12 21 22 24 25 27 35 36 40 44 46 48 50 52 53 54 55 61
 63 65 67 73])
Bicluster(rows=[7, 60], cols=[ 2  4  9 17 18 19 20 21 23 25 26 27 28 29 30 32 35 36 39 40 43 44 46 47
 51 53 63 65 66 67 70 72])
Bicluster(rows=[7, 61], cols=[ 0  4  5  6 12 16 20 25 26 27 28 32 35 36 41 42 43 44 45 46 51 53 59 60
 61 62 63 65 66 69 70 73])
Bicluster(rows=[7, 62], cols=[ 0  6  8 10 14 16 18 23 25 26 27 28 32 35 36 40 41 42 43 44 46 48 49 50
 51 52 53 54 61 62 65 68 70 71 73 74])
Bicluster(rows=[7, 63], cols=[ 8 10 12 15 17 22 32 35 36 41 43 44 45 50 51 53 54 58 59 62 64 70 71 74])
Bicluster(rows=[7, 64], cols=[ 0  1  2  5  6  7 11 13 14 15 17 19 20 21 22 24 28 32 34 35 36 42 48 49
 50 52 53 56 59 64])
Bicluster(rows=[7, 65], cols=[ 2  3  4  5  6  7 10 11 13 16 18 19 20 22 28 32 34 35 36 42 44 49 51 52
 57 58 61 63 65 66 67 71 73])
Bicluster(rows=[7, 66], cols=[ 1  5  9 12 17 22 23 27 30 33 34 37 38 39 42 43 45 48 54 57 66])
Bicluster(rows=[7, 67], cols=[ 1  2 10 11 12 14 15 18 19 22 24 26 28 36 40 42 44 46 49 54 55 59 64 70])
Bicluster(rows=[7, 68], cols=[ 1  2  4  7 10 11 12 13 22 23 24 25 26 27 28 29 30 32 33 35 36 37 39 40
 42 43 46 47 48 51 52 55 64 65 67 70 71 72])
Bicluster(rows=[7, 69], cols=[ 1  4  5 10 11 12 15 17 18 23 24 28 29 30 31 33 34 35 37 39 44 45 46 48
 54 59 60 64 67 70])
Bicluster(rows=[7, 70], cols=[ 0  4  6  9 11 13 17 21 22 31 32 33 39 42 44 47 49 51 52 54 55 59 65 66
 70])
Bicluster(rows=[7, 71], cols=[ 0  4  6 11 13 14 15 16 18 19 20 22 23 25 26 27 30 32 33 35 37 40 41 42
 45 48 49 50 53 60 61 62 63 73])
Bicluster(rows=[7, 72], cols=[ 0  1  3  6 12 14 15 18 20 23 24 25 26 28 32 36 38 40 41 42 45 47 48 54
 55 57 59 66 69])
Bicluster(rows=[7, 73], cols=[ 0  3  4  8 14 17 19 21 24 25 30 31 35 37 41 42 47 50 51 53 56 61 62 63
 71 73 74])
Bicluster(rows=[7, 74], cols=[ 1  2  9 12 13 14 17 19 20 23 24 25 27 28 36 37 38 39 41 42 43 46 47 48
 49 54 55 57 59 66 69])
Bicluster(rows=[7, 75], cols=[ 0  2  5  6 10 12 13 17 21 24 25 27 28 29 30 31 35 38 39 41 47 49 51 52
 55 64 65 67 70 71 72])
Bicluster(rows=[7, 76], cols=[ 1  2 11 12 13 14 17 19 20 21 24 25 26 27 28 29 36 37 39 41 42 43 45 46
 47 51 52 55 56 64 65 67 70 71 72])
Bicluster(rows=[7, 77], cols=[ 0  1  3  4  5 13 14 21 22 23 25 28 30 33 35 36 38 39 40 45 47 48 51 52
 55 64 65 67 70 71 72])
Bicluster(rows=[7, 78], cols=[ 1  2  7  9 11 12 13 14 17 19 22 23 25 26 27 36 42 43 45 46 47 51 55 56
 60 63 64 65 67 71 72])
Bicluster(rows=[7, 79], cols=[ 1  4  5 11 12 13 18 20 22 23 24 25 27 30 32 35 36 37 39 44 46 48 50 51
 53 61 62 63 65 71 73 74])
Bicluster(rows=[7, 80], cols=[ 1  5  7 11 13 14 21 24 25 26 29 31 32 36 37 41 42 44 45 46 51 52 55 56
 64 65 67 70 71 72])
Bicluster(rows=[7, 81], cols=[ 0  2  3  8  9 12 17 22 25 27 33 34 40 43 44 46 47 48 51 52 54 57 59 65
 66 69 70 71])
Bicluster(rows=[7, 82], cols=[ 2  4  5  6  9 13 14 17 21 22 24 29 30 31 32 35 39 43 44 45 47 48 51 52
 54 55 59 65 66 70])
Bicluster(rows=[7, 83], cols=[ 0  4  5  6 10 11 12 13 14 17 19 21 23 29 32 34 35 38 39 41 42 44 49 53
 54 56 59 63 67 70 73 74])
Bicluster(rows=[7, 84], cols=[ 0  1  4  5  6 10 14 19 21 22 23 26 30 32 33 34 35 37 39 43 47 48 50 53
 56 61 63 65 72 73 74])
Bicluster(rows=[7, 85], cols=[ 1  2  4  5  6 10 12 14 20 22 23 24 25 26 27 28 29 30 32 35 36 44 46 48
 51 52 55 64 65 67 70 71 72])
Bicluster(rows=[7, 86], cols=[ 2  4  5  7 11 12 14 17 20 21 23 24 25 26 27 30 32 35 36 37 39 42 43 44
 46 47 51 52 55 56 64 65 67 70 71 72])
Bicluster(rows=[7, 87], cols=[ 0  3  4  5  8 12 13 14 18 27 28 30 33 35 38 43 47 49 50 58 61 62 65 71
 72 73 74])
Bicluster(rows=[7, 88], cols=[ 0  3  6 11 13 14 21 23 28 29 31 32 34 41 42 44 48 51 52 55 56 60 63 64
 65 67 70 71 72])
Bicluster(rows=[7, 89], cols=[ 2  3  6 10 13 16 17 18 29 32 33 36 38 43 49 50 52 53 56 61 63 67 72 73
 74])
Bicluster(rows=[7, 90], cols=[ 1  5 11 13 14 17 19 22 25 26 28 29 32 33 37 40 43 45 46 47 51 55 56 63
 64 65 67 71 72])
Bicluster(rows=[7, 91], cols=[ 1  2  4  7 12 13 16 19 21 22 24 33 35 39 40 41 42 46 55 57 59 66 69])
Bicluster(rows=[7, 92], cols=[ 0  2  3  4  6 10 11 12 16 18 19 20 22 26 27 28 30 32 33 40 42 44 48 50
 51 58 61 62 65 71])
Bicluster(rows=[7, 93], cols=[ 1  2  6  7 12 13 20 22 23 25 27 29 30 32 33 35 39 40 41 44 45 47 49 51
 52 55 64 65 67 70 71 72])
Bicluster(rows=[7, 94], cols=[ 0  2  5  7 12 13 14 15 17 19 21 23 26 28 29 32 39 40 43 44 50 51 53 61
 62 63 65 71 72 73 74])
Bicluster(rows=[7, 95], cols=[ 4  7 11 12 14 17 21 22 24 25 30 35 37 38 40 41 42 44 45 47 48 51 56 60
 63 65 67 71 72])
Bicluster(rows=[7, 96], cols=[ 0  5  9 11 12 13 15 18 19 20 23 25 32 33 35 37 38 40 41 44 45 47 48 51
 52 55 56 60 64 65 67 70 71 72])
Bicluster(rows=[7, 97], cols=[ 1  3  8  9 20 24 25 30 36 38 43 47 49 54 57 59 60 64 66 69])
Bicluster(rows=[7, 98], cols=[ 2  4  5 11 12 13 14 17 20 21 24 26 27 28 29 30 32 35 36 37 39 41 42 45
 46 47 51 52 55 56 64 65 67 70 71 72])
Bicluster(rows=[7, 99], cols=[ 0  2  5  7 11 12 13 22 23 24 28 33 34 37 40 41 46 48 53 63 65 67 69 71])
Bicluster(rows=[8, 9], cols=[ 0  1  2  3  4  5  6  7  8  9 10 11 12 13 14 15 16 17 18 19 20 21 22 23
 24 29 32 35 38 41 42 44 49 53 57 59 62 67 69 70 73 74])
Bicluster(rows=[8, 10], cols=[ 0  1  2  3  4  5  6  7  8  9 10 11 12 13 14 15 16 17 18 19 20 21 22 23
 24 29 30 31 33 34 35 37 38 41 42 43 45 46 49 50 51 53 54 55 56 60 63 64
 65 66 67 68 70 71 72])
Bicluster(rows=[8, 11], cols=[ 0  1  2  3  4  5  6  7  8  9 10 11 12 13 14 15 16 17 18 19 20 21 22 23
 24 34 37 45 48 49 51 52 57 60 64 65 68 69])
Bicluster(rows=[8, 12], cols=[ 0  1  2  3  4  5  6  7  8  9 10 11 12 13 14 15 16 17 18 19 20 21 22 23
 24 25 27 28 32 35 39 40 45 48 49 50 51 56 57 58 60 63 64 65 67 69 70 71
 73])
Bicluster(rows=[8, 13], cols=[ 1  7 11 12 13 14 17 19 21 24 29 31 33 35 38 41 42 44 45 47 48 51 54 57
 58 64 69 71 72 73 74])
Bicluster(rows=[8, 14], cols=[ 0  1  2  3  4  5  6  7  8  9 10 11 12 13 14 15 16 17 18 19 20 21 22 23
 24 29 30 31 34 35 38 41 43 44 45 49 51 53 54 56 59 64 66 67 68 70 72])
Bicluster(rows=[8, 15], cols=[ 0  1  2  3  4  5  6  7  8  9 10 11 12 13 14 15 16 17 18 19 20 21 22 23
 24 29 33 34 39 47 48 49 50 56 61 63 64 65 67 69 71 73])
Bicluster(rows=[8, 16], cols=[ 3  8 15 16 25 29 30 33 34 35 37 38 39 40 42 45 47 48 50 52 55 57 58 59
 62 64 66 69 71 73 74])
Bicluster(rows=[8, 17], cols=[ 1  7 11 12 13 14 17 19 21 24 27 29 30 31 37 39 41 44 47 48 49 54 55 60
 63 64 65 67])
Bicluster(rows=[8, 18], cols=[ 1  2  4  5  7 11 12 13 14 17 19 20 21 22 23 24 25 28 30 31 32 34 35 37
 39 42 45 47 48 51 56 60 61 63 64 65 67 69 71])
Bicluster(rows=[8, 19], cols=[ 0  1  2  3  4  5  6  7  8  9 10 11 12 13 14 15 16 17 18 19 20 21 22 23
 24 25 29 30 33 34 35 36 37 38 39 40 41 44 45 46 47 48 49 50 52 56 57 58
 60 63 64 67 69 70 71])
Bicluster(rows=[8, 20], cols=[ 0  1  2  3  4  5  6  7  8  9 10 11 12 13 14 15 16 17 18 19 20 21 22 23
 24 26 31 33 34 35 38 41 43 46 49 51 55 56 59 60 66 68 70 74])
Bicluster(rows=[8, 21], cols=[ 0  1  2  3  4  5  6  7  8  9 10 11 12 13 14 15 16 17 18 19 20 21 22 23
 24 25 26 30 31 32 33 34 35 40 42 43 45 47 49 50 53 54 55 56 57 62 64 66
 67 68 69 70 71 72 74])
Bicluster(rows=[8, 22], cols=[ 0  1  2  3  4  5  6  7  8  9 10 11 12 13 14 15 16 17 18 19 20 21 22 23
 24 26 33 42 44 47 48 49 50 54 60 64 65 69 70 71 73 74])
Bicluster(rows=[8, 23], cols=[ 0  1  2  3  4  5  6  7  8  9 10 11 12 13 14 15 16 17 18 19 20 21 22 23
 24 27 28 31 32 39 40 42 43 51 59 61 69 74])
Bicluster(rows=[8, 24], cols=[ 0  1  2  3  4  5  6  7  8  9 10 11 12 13 14 15 16 17 18 19 20 21 22 23
 24 25 28 29 30 32 34 40 41 44 45 50 51 52 53 55 56 57 59 60 63 64 67 71
 73])
Bicluster(rows=[8, 25], cols=[ 0  1  2  3  4  5  6  7  8  9 10 11 12 13 14 15 16 17 18 19 20 21 22 23
 24 29 30 31 32 33 34 35 37 38 40 41 42 43 44 45 47 49 50 53 54 55 57 59
 60 62 66 67 69 70 71 72 73 74])
Bicluster(rows=[8, 26], cols=[ 0  1  2  3  4  5  6  7  8  9 10 11 12 13 14 15 16 17 18 19 20 21 22 23
 24 29 32 33 34 35 37 38 41 45 48 49 50 51 53 54 56 57 58 60 61 66 69 71
 74])
Bicluster(rows=[8, 27], cols=[ 0  1  2  3  4  5  6  7  8  9 10 11 12 13 14 15 16 17 18 19 20 21 22 23
 24 25 32 33 35 37 40 41 42 43 44 45 47 48 49 50 53 56 57 59 60 62 63 65
 67 69 70 73 74])
Bicluster(rows=[8, 28], cols=[ 0  1  2  3  4  5  6  7  8  9 10 11 12 13 14 15 16 17 18 19 20 21 22 23
 24 25 26 27 28 29 32 34 35 37 38 39 40 42 43 45 48 49 50 56 57 58 59 60
 62 63 65 67 69 71 73])
Bicluster(rows=[8, 29], cols=[ 0  1  2  3  4  5  6  7  8  9 10 11 12 13 14 15 16 17 18 19 20 21 22 23
 24 28 29 30 31 32 33 35 37 38 39 41 42 43 44 45 48 49 50 51 54 55 56 60
 62 64 65 66 67 69 71 73 74])
Bicluster(rows=[8, 30], cols=[ 0  1  2  3  4  5  6  7  8  9 10 11 12 13 14 15 16 17 18 19 20 21 22 23
 24 29 30 31 32 33 34 35 36 38 39 40 41 42 43 44 45 46 49 50 51 53 54 55
 56 57 59 60 62 64 66 67 68 69 71 73 74])
Bicluster(rows=[8, 31], cols=[ 0  1  2  3  4  5  6  7  8  9 10 11 12 13 14 15 16 17 18 19 20 21 22 23
 24 26 29 30 31 32 34 35 36 37 38 41 42 43 44 45 46 49 50 51 53 54 55 59
 60 62 66 68 70 71 73 74])
Bicluster(rows=[8, 32], cols=[ 0  1  2  3  4  5  6  7  8  9 10 11 12 13 14 15 16 17 18 19 20 21 22 23
 24 26 29 30 31 32 34 35 36 37 38 41 43 45 46 50 53 54 55 59 60 62 64 66
 67 70 71 72 74])
Bicluster(rows=[8, 33], cols=[ 2  3  6  7 11 13 16 20 23 29 31 32 34 35 36 38 41 43 44 49 50 51 53 54
 55 56 62 65 69 70 73])
Bicluster(rows=[8, 34], cols=[ 2  4  5  6 13 14 16 20 21 23 28 32 35 36 42 47 49 54 56 58 59 60 62 70
 71 72])
Bicluster(rows=[8, 35], cols=[ 0  3  6  8 15 26 29 30 31 32 34 35 36 37 38 41 43 44 46 52 54 57 64 66])
Bicluster(rows=[8, 36], cols=[ 0  1  2  6  7  8  9 14 15 16 17 20 21 25 28 33 40 45 47 48 50 56 60 64
 67 74])
Bicluster(rows=[8, 37], cols=[ 0  2  5  7 11 13 20 21 22 23 24 29 32 33 35 36 38 42 44 45 49 54 56 57
 58 60 61 62 64 66 67 69 71 74])
Bicluster(rows=[8, 38], cols=[ 0  6  8 11 13 14 15 17 18 19 28 31 32 34 35 36 37 38 39 41 42 43 44 49
 52 54 58 61 64 72 73 74])
Bicluster(rows=[8, 39], cols=[ 2  5  6  8 10 11 14 15 17 19 21 22 28 31 32 34 35 36 38 41 42 43 44 47
 52 55 60 62 65 67 74])
Bicluster(rows=[8, 40], cols=[ 0  1  2 11 12 14 17 20 22 25 26 35 38 44 48 51 53 55 56 60 65 66 67 69
 71 72 73])
Bicluster(rows=[8, 41], cols=[ 5  6  8 11 15 16 18 20 21 24 25 27 28 39 51 52 57 59 63 66 69 70 71])
Bicluster(rows=[8, 42], cols=[ 1  2  4  5 11 12 19 20 22 24 28 31 32 34 35 36 38 39 41 42 44 47 55 56
 59 60 68 70 72])
Bicluster(rows=[8, 43], cols=[ 2  4  5 10 11 12 13 14 17 19 20 21 24 25 28 29 37 39 40 42 48 53 55 56
 66 67 68 71 72])
Bicluster(rows=[8, 44], cols=[ 0  4  5  9 14 17 22 24 28 31 32 34 35 36 38 41 42 43 44 47 53 55 58 60
 64 65 68 71 73])
Bicluster(rows=[8, 45], cols=[ 1  4  5  6  7 12 14 18 19 21 22 23 25 27 28 39 42 48 50 51 55 59 62 68
 70 72 74])
Bicluster(rows=[8, 46], cols=[ 0  3  6  8 10 11 12 14 16 23 26 31 32 34 35 36 38 40 41 43 44 45 49 50
 51 53 56 60 64 68 72])
Bicluster(rows=[8, 47], cols=[ 0  6 15 18 22 30 31 32 34 35 36 37 38 39 41 43 44 50 56 57 58 60 63 64
 66 67 69 70 73])
Bicluster(rows=[8, 48], cols=[ 3  5  7  8 11 15 18 19 20 21 22 23 24 28 40 45 47 48 49 51 56 59 66 72
 73])
Bicluster(rows=[8, 49], cols=[ 1  3  5  7 12 16 20 21 22 23 25 27 28 42 50 51 54 55 56 58 59 60 65 66
 69 71 72 73 74])
Bicluster(rows=[8, 50], cols=[ 1  2  4  5  7 10 14 16 21 24 26 32 35 36 38 40 41 44 45 48 49 51 54 57
 58 59 60 62 65 67 68 69 73])
Bicluster(rows=[8, 51], cols=[ 3  4  6  9 11 13 14 17 18 22 24 25 27 28 39 42 50 51 55 59 62 66 67 70
 72])
Bicluster(rows=[8, 52], cols=[ 1  2  7 11 12 14 21 22 24 32 35 36 38 40 41 44 45 48 50 54 56 59 66 67
 68 70 72 73])
Bicluster(rows=[8, 53], cols=[ 1  9 11 14 17 19 20 23 28 31 32 34 35 36 38 39 41 42 44 47 49 50 54 55
 59 60 64 68 69 70 74])
Bicluster(rows=[8, 54], cols=[ 1  2  5 11 12 14 15 16 17 19 20 22 24 25 27 28 29 39 50 51 53 54 55 56
 60 61 63 64 67 68 69 70 71 72 73])
Bicluster(rows=[8, 55], cols=[ 1  5  6  7 10 11 12 13 14 15 20 28 31 32 34 35 36 38 41 42 43 44 47 50
 56 64 66 67 71 73])
Bicluster(rows=[8, 56], cols=[ 4  5  7  9 11 12 13 14 16 18 23 24 25 28 29 37 39 40 42 45 48 50 53 55
 56 58 59 60 68 70 72 73 74])
Bicluster(rows=[8, 57], cols=[ 4  6 11 17 19 21 23 24 28 31 32 34 35 36 38 41 42 43 44 47 50 51 55 57
 59 60 61 62 64 69 71 72])
Bicluster(rows=[8, 58], cols=[ 0  3  8  9 10 18 31 32 34 35 36 38 39 41 42 43 44 46 47 52 57 58 61 63
 64 65 67 73])
Bicluster(rows=[8, 59], cols=[ 1  3  7  8  9 11 21 22 24 28 31 32 35 36 38 41 42 44 45 47 49 61 62 64
 65 68 71 72 73])
Bicluster(rows=[8, 60], cols=[ 2  5  9 11 18 19 20 21 23 29 30 31 32 34 35 36 37 38 41 43 44 49 60 64
 65 67 68 69 71 73 74])
Bicluster(rows=[8, 61], cols=[ 1  4  5  7 11 14 19 24 32 33 35 36 38 41 44 45 49 50 53 54 55 56 60 68
 70 71])
Bicluster(rows=[8, 62], cols=[ 0  3  5  6 10 13 15 18 19 20 21 22 23 25 28 33 40 47 48 50 51 55 56 57
 59 60 62 63 64 71 72 73])
Bicluster(rows=[8, 63], cols=[ 0  2  6  7 10 11 13 20 21 24 25 27 42 51 52 53 57 64 66 71 72 74])
Bicluster(rows=[8, 64], cols=[ 0  1  2  5  6  7 11 13 14 15 17 19 20 21 22 24 26 32 35 36 38 40 41 45
 48 50 51 53 54 55 56 57 59 69 70 71 72 74])
Bicluster(rows=[8, 65], cols=[ 2  3  4  5  6  7 10 11 13 16 18 19 20 22 25 26 32 35 36 38 41 44 48 53
 55 58 60 61 63 64 65 69 74])
Bicluster(rows=[8, 66], cols=[ 3  4  8  9 13 14 18 27 29 35 37 46 47 50 53 54 56 59 60 62 64 66 67 70
 71 72 73 74])
Bicluster(rows=[8, 67], cols=[ 1  2 10 11 12 14 15 18 19 22 24 25 26 31 32 34 35 37 38 39 41 43 44 45
 46 49 51 59 66 68 70 72])
Bicluster(rows=[8, 68], cols=[ 2  4  6  7 11 12 13 15 18 29 32 33 35 36 40 41 42 43 45 47 50 52 56 57
 66 67 69])
Bicluster(rows=[8, 69], cols=[ 5 10 11 12 15 17 18 20 24 25 29 30 33 38 44 53 54 56 59 60 62 66 72 73
 74])
Bicluster(rows=[8, 70], cols=[ 0  2  5  7 18 23 24 25 26 28 31 33 34 37 42 43 45 53 54 56 62 65 66 67
 74])
Bicluster(rows=[8, 71], cols=[ 0  2  3  6  8 12 17 18 21 23 25 33 38 40 44 47 48 50 54 56 59 62 64 66
 67 68 70 72 73])
Bicluster(rows=[8, 72], cols=[ 0  2  3 11 15 17 18 22 25 28 29 33 38 40 42 45 48 49 50 51 53 54 55 56
 60 62 64 67 71 73 74])
Bicluster(rows=[8, 73], cols=[ 3  4  5  8 11 14 19 20 21 22 30 31 33 34 35 37 38 41 42 52 58 61 63])
Bicluster(rows=[8, 74], cols=[ 3  5  6  7 11 25 27 28 29 32 38 40 41 47 50 53 55 56 57 60 64 65 67 69
 73 74])
Bicluster(rows=[8, 75], cols=[ 7 12 17 18 19 21 22 24 32 36 38 40 41 42 43 44 45 46 53 60 66 68 70 72
 74])
Bicluster(rows=[8, 76], cols=[ 0  6  8 15 16 18 23 25 27 28 30 32 33 35 39 40 42 47 53 58 61 63 64 73
 74])
Bicluster(rows=[8, 77], cols=[ 5 10 11 12 17 18 19 22 25 26 27 28 36 39 43 46 50 54 56 57 58 59 61 62
 67 69 72])
Bicluster(rows=[8, 78], cols=[ 1  2  7  9 11 12 14 17 19 22 23 26 31 32 34 36 39 41 43 46 49 50 52 53
 56 57 65 67 69])
Bicluster(rows=[8, 79], cols=[ 1  4  5  7 11 13 18 22 23 24 26 28 29 30 34 35 36 38 44 48 49 52 55 58
 60 61 63 64 73])
Bicluster(rows=[8, 80], cols=[ 0  2  3  4  6 10 18 20 23 25 31 33 34 35 38 40 41 42 45 48 52 53 58 61
 63 64 73 74])
Bicluster(rows=[8, 81], cols=[ 0 13 15 16 23 25 27 28 29 30 32 35 36 37 39 40 41 45 47 48 51 52 63 65])
Bicluster(rows=[8, 82], cols=[ 1  2  4  5 10 12 16 17 18 19 22 25 26 29 30 32 33 35 36 38 40 41 44 45
 49 50 57 58 61 67 69 71])
Bicluster(rows=[8, 83], cols=[ 0  4  9 11 12 13 14 18 19 25 27 28 29 31 32 35 37 44 47 50 56 61 62 66
 68 70 72])
Bicluster(rows=[8, 84], cols=[ 0  1  4  5  6 10 14 19 21 22 26 31 33 35 38 40 43 45 48 50 51 57 61 64
 67 69 71 73])
Bicluster(rows=[8, 85], cols=[ 0  2  5 11 13 17 18 19 21 22 23 25 27 28 29 35 42 43 45 47 54 57 58 59
 61 62 63 67 69 72])
Bicluster(rows=[8, 86], cols=[ 2  4  6  7 10 11 14 15 17 18 20 23 24 26 28 30 31 32 34 35 38 39 41 43
 45 49 50 52 57 67 69])
Bicluster(rows=[8, 87], cols=[ 0  2 18 21 23 27 34 36 37 39 41 44 46 47 50 53 55 57 60 64 65 67 69 73
 74])
Bicluster(rows=[8, 88], cols=[ 3  7  8 10 17 18 20 21 25 26 27 29 31 32 37 39 41 43 48 49 50 52 53 55
 57 60 61 64 65 67 69 73 74])
Bicluster(rows=[8, 89], cols=[ 0  2 13 14 15 17 20 25 26 27 30 31 32 35 36 37 39 40 41 42 43 44 45 47
 48 49 50 53 54 55 56 59 60 62 64 66 67 70 71 72 73 74])
Bicluster(rows=[8, 90], cols=[ 1  2  4  6 12 18 21 23 24 31 32 33 34 35 36 39 42 43 44 52 53 57 64 69
 73 74])
Bicluster(rows=[8, 91], cols=[ 0  2  4 10 14 17 18 20 21 22 24 25 26 30 32 38 42 43 44 51 57 58 61 63
 65 69])
Bicluster(rows=[8, 92], cols=[ 0  2  3  4 10 12 13 16 19 20 22 26 30 32 36 38 39 41 44 52 58 61 63 65])
Bicluster(rows=[8, 93], cols=[ 0  4  8 10 11 14 16 17 18 19 20 21 23 25 26 28 30 32 33 35 36 39 40 44
 46 47 54 57 58 59 61 63 67 69])
Bicluster(rows=[8, 94], cols=[ 2  5  7 12 13 14 17 19 21 30 31 33 34 37 38 42 43 44 48 50 51 57 60 64
 67 69 71 73])
Bicluster(rows=[8, 95], cols=[ 2  5  7 11 16 18 20 22 23 25 28 30 35 37 39 40 41 42 45 48 52 55 58 60
 61 63 73])
Bicluster(rows=[8, 96], cols=[ 0  4  6 14 15 18 19 20 23 28 31 32 33 34 35 41 42 50 53 56 57 62 65 67
 69 74])
Bicluster(rows=[8, 97], cols=[ 2  3  8 12 16 18 19 21 27 29 34 38 44 50 51 53 54 55 56 59 60 62 64 66
 67 71 72 73 74])
Bicluster(rows=[8, 98], cols=[ 0  5 11 12 18 19 20 23 24 26 29 32 33 34 35 37 40 42 44 45 49 64 66 68
 70 73])
Bicluster(rows=[8, 99], cols=[ 0  2  5 11 19 20 23 24 25 26 29 30 32 38 41 42 50 51 54 57 62 64 65 67
 68 72 74])
Bicluster(rows=[9, 10], cols=[ 0  1  2  3  4  5  6  7  8  9 10 11 12 13 14 15 16 17 18 19 20 21 22 23
 24 25 27 29 30 35 36 37 39 42 43 44 47 48 49 52 53 60 63 66 70 74])
Bicluster(rows=[9, 11], cols=[ 2  4  5 11 12 17 20 21 22 23 24 25 27 28 36 37 38 39 42 44 45 49 50 51
 52 55 56 61 63 64 67 68 71])
Bicluster(rows=[9, 12], cols=[ 0  1  2  3  4  5  6  7  8  9 10 11 12 13 14 15 16 17 18 19 20 21 22 23
 24 27 32 35 38 39 42 47 49 53 54 57 63 67 70 74])
Bicluster(rows=[9, 13], cols=[ 0  2  4  5  6 10 11 12 15 16 17 18 20 21 22 23 24 32 33 34 37 40 41 45
 48 49 50 51 52 56 58 61 64 65 66 71])
Bicluster(rows=[9, 14], cols=[ 0  1  2  3  4  5  6  7  8  9 10 11 12 13 14 15 16 17 18 19 20 21 22 23
 24 25 28 29 33 36 37 39 41 43 44 45 47 49 50 51 52 55 58 59 62 63 65 66
 68 69 70 71])
Bicluster(rows=[9, 15], cols=[ 0  1  2  3  4  5  6  7  8  9 10 11 12 13 14 15 16 17 18 19 20 21 22 23
 24 25 27 29 38 49 52 54 60 67 73])
Bicluster(rows=[9, 16], cols=[ 0  3  5  6  8 10 15 16 18 23 26 30 31 34 44 45 47 48 51 53 60 62 64 66
 67 68 70])
Bicluster(rows=[9, 17], cols=[ 0  2  3  4  5  6  8 10 11 12 14 15 16 17 18 20 21 22 23 24 25 29 30 34
 35 36 39 42 45 46 48 50 51 52 53 55 59 60 62 64 65 66])
Bicluster(rows=[9, 18], cols=[25 29 30 31 33 34 37 41 44 45 46 47 48 49 50 52 53 56 57 58 60 63 64 65
 69 71 74])
Bicluster(rows=[9, 19], cols=[ 0  1  2  3  4  5  6  7  8  9 10 11 12 13 14 15 16 17 18 19 20 21 22 23
 24 26 27 29 32 37 39 47 49 54 57 63 67 68 69 70 74])
Bicluster(rows=[9, 20], cols=[ 0  1  2  3  4  5  6  7  8  9 10 11 12 13 14 15 16 17 18 19 20 21 22 23
 24 25 28 29 30 33 34 35 36 38 39 41 45 49 52 55 58 59 61 63 64 66 67 70
 71])
Bicluster(rows=[9, 21], cols=[ 0  1  2  3  4  5  6  7  8  9 10 11 12 13 14 15 16 17 18 19 20 21 22 23
 24 27 28 32 35 37 39 41 42 44 49 51 53 57 59 60 62 63 65 66 67 68 69 70
 74])
Bicluster(rows=[9, 22], cols=[ 0  6 10 18 23 26 31 33 34 37 40 41 45 49 51 54 55 56 59 63 65 68 69 74])
Bicluster(rows=[9, 23], cols=[ 0  1  2  3  4  5  6  7  8  9 10 11 12 13 14 15 16 17 18 19 20 21 22 23
 24 25 32 33 36 39 47 48 55 58 59 60 66 67 68 69 71 74])
Bicluster(rows=[9, 24], cols=[ 0  1  2  3  4  5  6  7  8  9 10 11 12 13 14 15 16 17 18 19 20 21 22 23
 24 27 29 30 32 33 37 39 44 47 51 53 54 57 59 63 67 68 69 74])
Bicluster(rows=[9, 25], cols=[ 0  1  2  3  4  5  6  7  8  9 10 11 12 13 14 15 16 17 18 19 20 21 22 23
 24 25 26 27 29 32 33 35 37 39 41 42 43 44 49 51 52 53 55 57 59 60 64 65
 66 67 68 69 70 74])
Bicluster(rows=[9, 26], cols=[ 0  1  2  3  4  5  6  7  8  9 10 11 12 13 14 15 16 17 18 19 20 21 22 23
 24 25 26 29 30 31 32 33 34 35 37 38 39 44 47 49 52 53 57 60 62 65 67 69
 73])
Bicluster(rows=[9, 27], cols=[ 0  1  2  3  4  5  6  7  8  9 10 11 12 13 14 15 16 17 18 19 20 21 22 23
 24 28 30 32 33 37 40 41 42 43 44 47 49 53 54 57 59 60 61 67 69 70 71 73
 74])
Bicluster(rows=[9, 28], cols=[ 0  1  2  3  4  5  6  7  8  9 10 11 12 13 14 15 16 17 18 19 20 21 22 23
 24 27 30 32 37 38 42 45 49 54 57 59 60 64 67 68 69 73])
Bicluster(rows=[9, 29], cols=[ 0  1  2  3  4  5  6  7  8  9 10 11 12 13 14 15 16 17 18 19 20 21 22 23
 24 27 29 30 32 33 35 37 38 45 47 49 54 57 63 67 68 73 74])
Bicluster(rows=[9, 30], cols=[ 0  1  2  3  4  5  6  7  8  9 10 11 12 13 14 15 16 17 18 19 20 21 22 23
 24 25 26 29 32 33 35 37 38 44 47 49 53 54 57 59 63 65 67 69 74])
Bicluster(rows=[9, 31], cols=[ 0  1  2  3  4  5  6  7  8  9 10 11 12 13 14 15 16 17 18 19 20 21 22 23
 24 25 29 32 33 35 37 38 39 42 43 44 45 47 51 52 53 55 56 59 60 61 63 64
 65 69 70 74])
Bicluster(rows=[9, 32], cols=[ 0  1  2  3  4  5  6  7  8  9 10 11 12 13 14 15 16 17 18 19 20 21 22 23
 24 25 28 29 30 32 33 36 37 39 41 43 45 48 51 52 53 56 58 59 60 61 64 65
 66 68 69])
Bicluster(rows=[9, 33], cols=[ 2  3  4  5  9 14 16 17 21 22 24 28 30 31 34 36 41 43 45 48 52 55 56 62
 64 67 68 69 74])
Bicluster(rows=[9, 34], cols=[ 0  2  4  5 10 11 12 15 17 18 23 24 25 28 41 49 50 52 54 55 57 58 60 69])
Bicluster(rows=[9, 35], cols=[ 0  3  6  8  9 15 16 17 21 23 24 28 29 30 31 34 36 37 39 41 43 46 48 57
 59 63 66 68 72 74])
Bicluster(rows=[9, 36], cols=[ 0  1  2  6  7  8  9 10 14 15 16 17 20 21 26 27 35 38 42 47 49 52 55 62
 66 67 68])
Bicluster(rows=[9, 37], cols=[ 1  2  5  8 12 14 15 17 18 22 23 25 28 29 30 34 36 37 39 41 43 45 48 54
 59 60 61 64 68 70 72 73 74])
Bicluster(rows=[9, 38], cols=[ 5  8  9 11 13 14 15 17 18 19 22 23 25 29 32 39 41 44 45 47 50 63 71])
Bicluster(rows=[9, 39], cols=[ 5  6  7  8 10 14 15 17 19 20 21 22 24 25 26 32 34 35 38 42 44 45 48 51
 56 58 61 62 63 64 67 68 69])
Bicluster(rows=[9, 40], cols=[ 0  3  6  8  9 15 16 21 24 25 26 32 34 35 38 41 42 43 45 48 50 57 63 65
 67 68 69 72 73 74])
Bicluster(rows=[9, 41], cols=[ 1  5  6  7  8 12 15 16 18 19 20 21 23 30 37 39 40 42 53 56 57 59 60 63
 64 65 66 68 70 72 73 74])
Bicluster(rows=[9, 42], cols=[ 0  2  4  5  6  7  9 10 14 16 17 20 22 23 24 28 41 49 52 55 59 60 67 69])
Bicluster(rows=[9, 43], cols=[ 0  2  3  4  5  6  7 11 12 16 17 19 20 28 29 30 31 34 36 37 39 43 46 48
 52 53 54 62 63 68 70 71 73 74])
Bicluster(rows=[9, 44], cols=[ 1  3  5  6  7 10 14 16 17 18 21 23 24 25 28 36 41 49 51 53 54 57 58 60
 63 64 65 67 68 69 72 74])
Bicluster(rows=[9, 45], cols=[ 0  2  7 10 12 14 21 22 28 29 31 36 37 39 43 46 48 51 52 53 55 59 61 62
 63 65 67 68 69 70 74])
Bicluster(rows=[9, 46], cols=[ 2  3  4  5  7  8  9 17 19 22 24 25 28 31 34 36 41 43 45 48 51 52 54 56
 60 64 70 73 74])
Bicluster(rows=[9, 47], cols=[ 0  1  2  3  5  6  8 11 14 15 16 17 18 20 21 24 28 29 31 34 36 37 39 41
 43 46 47 48 54 56 57 59 60 65 66 67 68 69 72 73 74])
Bicluster(rows=[9, 48], cols=[ 3  4  5  7  8 11 15 18 19 20 21 22 23 24 26 27 33 35 38 42 49 57 59 60
 62 63 64])
Bicluster(rows=[9, 49], cols=[ 0  2  5  6 10 11 14 17 18 19 20 21 22 23 24 28 31 34 36 39 43 47 48 51
 53 57 63 65 68 69 70])
Bicluster(rows=[9, 50], cols=[ 4  5  7 10 14 16 18 21 24 27 30 32 35 38 39 44 54 59 63 67])
Bicluster(rows=[9, 51], cols=[ 0  1  5 10 11 14 17 19 23 24 28 29 31 34 36 37 39 43 48 51 55 59 63 65
 70 73])
Bicluster(rows=[9, 52], cols=[ 0  2  4  5  6 12 13 14 18 19 20 21 22 23 24 28 31 34 36 43 47 48 50 56
 57 59 61 69 70])
Bicluster(rows=[9, 53], cols=[ 1  4  5  7 11 12 19 22 28 33 34 36 43 45 51 53 55 57 60 62 63 66 67 68
 70 73])
Bicluster(rows=[9, 54], cols=[ 0  2  5  6  7  8 10 12 17 18 20 21 22 28 29 31 34 36 37 39 43 46 48 51
 53 55 57 67 68 70])
Bicluster(rows=[9, 55], cols=[ 1  5  7 10 11 12 14 15 17 20 25 26 32 34 35 38 41 42 44 45 48 51 52 54
 55 56 58 66 67 73])
Bicluster(rows=[9, 56], cols=[ 0  2  4  6 11 12 14 20 24 28 29 30 31 34 36 37 39 41 43 48 50 51 53 54
 55 57 58 59 60 65 67 68 69 70 74])
Bicluster(rows=[9, 57], cols=[ 1  2  6  9 11 12 15 21 23 24 26 31 34 41 42 43 44 48 51 54 55 57 62 65
 69])
Bicluster(rows=[9, 58], cols=[ 1  2  4  9 11 12 13 14 17 19 20 21 23 24 28 29 31 34 36 39 43 47 48 51
 53 54 59 63 64 69 70 71 74])
Bicluster(rows=[9, 59], cols=[ 1  4  5 10 11 12 13 18 21 24 25 28 33 41 45 50 52 60 62 64 65 66 68 70
 74])
Bicluster(rows=[9, 60], cols=[ 2  5  6  9 18 19 20 21 23 29 32 33 35 38 44 47 49 52 54 63 66 67 73 74])
Bicluster(rows=[9, 61], cols=[ 1  2  4 11 12 14 16 18 23 24 28 29 31 34 36 37 39 41 43 48 50 53 55 56
 57 58 63 65 66 67 68 70 71 73])
Bicluster(rows=[9, 62], cols=[ 1  3  5  6 10 11 12 15 18 19 20 23 26 27 33 35 38 42 49 53 54 55 57 58
 59 60 62 67 74])
Bicluster(rows=[9, 63], cols=[ 1  8 10 12 14 15 17 22 26 31 34 36 41 42 43 44 48 52 53 55 59 64 68 70
 72 74])
Bicluster(rows=[9, 64], cols=[ 5 10 11 21 22 24 26 32 34 38 41 42 43 44 48 50 51 52 56 59 63 66 67 68
 71 73 74])
Bicluster(rows=[9, 65], cols=[ 1  2  4  5 11 15 20 22 26 32 34 38 41 42 43 44 48 53 55 56 58 60 61 64
 67 71 74])
Bicluster(rows=[9, 66], cols=[ 0  1  2  7 10 12 15 17 18 26 28 30 33 35 36 39 40 47 48 54 57 63 67 73
 74])
Bicluster(rows=[9, 67], cols=[ 1  7 10 15 18 19 22 28 32 34 35 36 38 41 44 48 49 50 51 52 56 58 61 62
 65 66])
Bicluster(rows=[9, 68], cols=[ 1  6  9 10 11 15 18 22 25 28 29 31 33 36 38 41 43 45 47 49 54 57 58 61
 66 67 68 69 70])
Bicluster(rows=[9, 69], cols=[ 0  1  3  5  6 10 11 12 17 24 26 27 29 31 35 37 38 51 52 53 59 63 65 68
 69 70 74])
Bicluster(rows=[9, 70], cols=[ 4  6  9 10 11 12 13 14 20 29 31 32 33 34 37 43 44 45 48 49 52 58 59 61
 62 64 66])
Bicluster(rows=[9, 71], cols=[ 1  3  4  8 10 11 20 22 27 28 32 33 35 42 47 49 50 53 56 58 61 64 66 71
 74])
Bicluster(rows=[9, 72], cols=[ 0  1  3  6 12 14 15 18 23 26 32 33 47 51 52 55 56 58 59 60 61 62 64 65
 66])
Bicluster(rows=[9, 73], cols=[ 4  5  6  7  9 14 16 17 18 20 21 22 24 25 27 30 33 36 37 43 45 48 51 52
 60 62 64 65])
Bicluster(rows=[9, 74], cols=[ 0  6  8 13 19 21 22 28 29 30 31 34 36 43 46 51 52 57 59 63 65 67 68 69
 70 73 74])
Bicluster(rows=[9, 75], cols=[ 7 12 13 15 17 18 19 22 24 25 29 30 38 39 40 41 42 43 44 52 53 62 65 69
 70 71 74])
Bicluster(rows=[9, 76], cols=[ 0  4  5  6 12 14 17 18 19 20 21 22 23 24 25 31 33 34 35 36 37 38 41 42
 43 44 45 48 50 56 66 73])
Bicluster(rows=[9, 77], cols=[ 4  7  9 10 11 14 18 21 27 30 35 39 43 46 47 49 52 57 63 67 68 69 70 71
 73])
Bicluster(rows=[9, 78], cols=[ 0  2  4  5 11 12 13 17 18 19 20 25 27 29 35 36 37 38 41 48 49 50 53 56
 58 61 64 66 74])
Bicluster(rows=[9, 79], cols=[ 0  4  5  6  9 10 14 19 20 21 22 23 24 25 26 27 28 29 30 35 38 40 41 43
 44 45 48 49 50 55 56 58 60 61 62 64 66 71])
Bicluster(rows=[9, 80], cols=[ 1  2  4  5 10 18 21 23 24 25 27 28 29 32 35 37 38 39 44 47 52 62 70 71
 74])
Bicluster(rows=[9, 81], cols=[ 4  7  9 11 14 19 21 23 24 25 29 32 33 35 37 39 42 43 44 50 52 56 58 59
 61 62 65 66])
Bicluster(rows=[9, 82], cols=[ 2  4  5 16 17 18 19 21 24 28 29 32 33 34 36 39 41 42 44 49 51 57 59 63
 65 67 68 69 73])
Bicluster(rows=[9, 83], cols=[ 0  4  5  6  9 10 11 12 13 14 18 19 21 23 24 26 27 29 32 35 36 37 39 41
 44 47 48 49 52 62 63 69 70 71 73 74])
Bicluster(rows=[9, 84], cols=[ 4  5 12 15 16 17 18 22 26 33 34 38 45 47 48 49 50 51 52 56 58 61 62 64
 65 66])
Bicluster(rows=[9, 85], cols=[ 0  2  5 11 17 18 19 21 22 23 27 29 37 38 39 49 51 57 59 63 65 67 68 73])
Bicluster(rows=[9, 86], cols=[ 0  1  3  4  6 10 12 13 19 21 23 26 27 28 30 35 36 38 39 40 42 44 45 47
 49 62 63 69 70])
Bicluster(rows=[9, 87], cols=[ 0  1  2  3  4  5 11 13 18 20 26 28 30 31 33 39 40 43 45 48 49 51 57 59
 63 67 68 69 70 73 74])
Bicluster(rows=[9, 88], cols=[ 0  2  3  6 11 13 14 22 23 27 28 31 37 39 41 43 44 55 59 60 64 68 69 70])
Bicluster(rows=[9, 89], cols=[ 0  5 12 15 19 21 24 31 36 41 42 43 44 52 56 60 62 64 65 66 71])
Bicluster(rows=[9, 90], cols=[ 0  2  4  8 10 11 13 14 17 19 25 27 32 33 35 37 41 44 49 50 53 56 58 61
 64 66 74])
Bicluster(rows=[9, 91], cols=[ 1  2  4  6  7 12 13 16 17 19 20 21 22 24 26 30 32 35 36 38 39 41 44 50
 51 52 56 58 61 62 64 65 66])
Bicluster(rows=[9, 92], cols=[ 1  2  4  5 12 13 20 22 23 25 30 32 33 34 39 41 43 44 49 50 51 52 56 58
 61 62 64 65 66])
Bicluster(rows=[9, 93], cols=[ 2  5 10 11 14 17 19 20 21 22 32 37 38 42 44 47 51 57 59 63 65 67 68 69
 73])
Bicluster(rows=[9, 94], cols=[ 0  1  3  8 11 16 20 22 24 26 30 36 38 40 48 50 51 52 55 56 58 59 60 61
 62 64 65 66 69 70])
Bicluster(rows=[9, 95], cols=[ 0  2  5  6 10 12 14 17 18 20 21 22 23 24 27 28 30 31 34 36 37 42 43 48
 49 50 53 56 58 61 64 66 74])
Bicluster(rows=[9, 96], cols=[ 1  4  5  7 10 16 20 25 28 30 32 33 36 37 38 43 44 47 49 51 52 53 59 63
 65 69 70 74])
Bicluster(rows=[9, 97], cols=[ 3  8  9 11 25 27 28 32 35 36 40 43 45 46 48 49 50 52 55 56 58 60 61 62
 64 65 66 71])
Bicluster(rows=[9, 98], cols=[ 0  1  5  7 10 11 12 18 19 20 23 24 27 29 30 32 35 36 39 40 42 43 47 49
 62 69 70 71 73])
Bicluster(rows=[9, 99], cols=[ 1  4  5  6  9 10 11 12 17 20 24 30 33 35 36 37 43 44 45 47 49 51 52 55
 64 65 68 70])
Bicluster(rows=[10, 11], cols=[ 0  1  2  3  4  5  6  7  8  9 10 11 12 13 14 15 16 17 18 19 20 21 22 23
 24 25 29 33 34 38 39 45 49 51 60 64 65 68 74])
Bicluster(rows=[10, 12], cols=[ 0  1  2  3  4  5  6  7  8  9 10 11 12 13 14 15 16 17 18 19 20 21 22 23
 24 26 28 29 31 32 34 35 39 41 45 47 49 50 51 52 58 61 62 63 64 65 67 70
 71 72 74])
Bicluster(rows=[10, 13], cols=[ 0  3  6  8 10 15 16 18 27 28 31 35 37 44 49 51 52 53 54 57 61 62 65 66
 68 72 73])
Bicluster(rows=[10, 14], cols=[ 0  1  2  3  4  5  6  7  8  9 10 11 12 13 14 15 16 17 18 19 20 21 22 23
 24 25 28 29 30 31 32 34 35 36 38 39 40 43 44 45 46 47 48 49 51 52 53 54
 56 59 61 63 64 66 67 68 69 70 72 73])
Bicluster(rows=[10, 15], cols=[ 0  1  2  3  4  5  6  7  8  9 10 11 12 13 14 15 16 17 18 19 20 21 22 23
 24 25 26 27 29 33 34 40 49 50 52 56 58 60 62 63 64 65 74])
Bicluster(rows=[10, 16], cols=[ 0  3  6  8 10 15 16 18 26 32 38 40 41 44 46 47 48 51 53 54 58 60 65 67
 69 70 72 73])
Bicluster(rows=[10, 17], cols=[ 0  3  6  8 10 15 16 18 23 25 28 29 31 32 33 34 36 39 41 42 44 48 52 54
 55 58 60 61 66 67 68 69 72 73])
Bicluster(rows=[10, 18], cols=[ 1  2  4  5  7 11 12 13 14 17 19 20 21 22 24 26 27 30 31 33 34 35 41 42
 45 46 51 56 58 62 63 64 65 71 74])
Bicluster(rows=[10, 19], cols=[ 0  1  2  3  4  5  6  7  8  9 10 11 12 13 14 15 16 17 18 19 20 21 22 23
 24 25 26 27 28 29 31 33 34 35 37 38 39 41 45 46 49 50 56 57 59 61 62 63
 64 65 70 71 73 74])
Bicluster(rows=[10, 20], cols=[ 0  1  2  3  4  5  6  7  8  9 10 11 12 13 14 15 16 17 18 19 20 21 22 23
 24 25 32 33 35 36 38 39 40 44 46 47 48 49 51 52 53 55 56 57 60 66 67 68
 69 70 73])
Bicluster(rows=[10, 21], cols=[ 0  1  2  3  4  5  6  7  8  9 10 11 12 13 14 15 16 17 18 19 20 21 22 23
 24 26 27 30 31 33 34 35 37 38 39 42 43 44 45 48 49 51 52 53 55 56 57 58
 61 64 66 67 68 70 71 72 73 74])
Bicluster(rows=[10, 22], cols=[ 0  1  2  3  4  5  6  7  8  9 10 11 12 13 14 15 16 17 18 19 20 21 22 23
 24 25 26 28 33 40 41 42 44 49 50 52 54 58 59 60 61 64 66 70 74])
Bicluster(rows=[10, 23], cols=[ 0  1  2  3  4  5  6  7  8  9 10 11 12 13 14 15 16 17 18 19 20 21 22 23
 24 25 28 31 36 39 43 47 48 51 59 61 62 66 73])
Bicluster(rows=[10, 24], cols=[ 0  1  2  3  4  5  6  7  8  9 10 11 12 13 14 15 16 17 18 19 20 21 22 23
 24 26 27 30 31 32 34 37 39 41 45 46 47 48 51 53 54 55 56 57 58 59 60 61
 62 63 64 65 67 71 74])
Bicluster(rows=[10, 25], cols=[ 0  1  2  3  4  5  6  7  8  9 10 11 12 13 14 15 16 17 18 19 20 21 22 23
 24 25 26 27 28 29 30 31 34 35 37 38 39 42 43 44 45 48 49 50 51 52 53 55
 58 59 60 61 66 67 70 71 72 73])
Bicluster(rows=[10, 26], cols=[ 0  1  2  3  4  5  6  7  8  9 10 11 12 13 14 15 16 17 18 19 20 21 22 23
 24 25 27 29 32 34 35 37 38 39 40 41 44 45 47 49 51 52 53 54 56 57 59 60
 64 65 71])
Bicluster(rows=[10, 27], cols=[ 0  1  2  3  4  5  6  7  8  9 10 11 12 13 14 15 16 17 18 19 20 21 22 23
 24 28 30 31 35 37 42 43 44 45 46 49 52 53 55 56 57 58 60 61 62 63 65 70
 74])
Bicluster(rows=[10, 28], cols=[ 0  1  2  3  4  5  6  7  8  9 10 11 12 13 14 15 16 17 18 19 20 21 22 23
 24 26 29 33 34 35 37 41 42 47 49 50 52 56 57 59 60 61 63 65 71 74])
Bicluster(rows=[10, 29], cols=[ 0  1  2  3  4  5  6  7  8  9 10 11 12 13 14 15 16 17 18 19 20 21 22 23
 24 25 26 27 28 29 30 31 33 34 35 37 41 46 47 49 51 52 54 55 56 57 58 59
 60 61 62 64 65 71 72])
Bicluster(rows=[10, 30], cols=[ 0  1  2  3  4  5  6  7  8  9 10 11 12 13 14 15 16 17 18 19 20 21 22 23
 24 25 26 27 28 29 30 31 34 35 37 41 42 45 46 47 49 51 52 54 55 56 57 58
 59 60 61 62 63 64 65 68 71 74])
Bicluster(rows=[10, 31], cols=[ 0  1  2  3  4  5  6  7  8  9 10 11 12 13 14 15 16 17 18 19 20 21 22 23
 24 25 27 28 30 31 34 35 37 39 40 41 42 43 45 46 47 48 49 51 52 54 55 57
 58 60 61 67 68 70 71 72])
Bicluster(rows=[10, 32], cols=[ 0  1  2  3  4  5  6  7  8  9 10 11 12 13 14 15 16 17 18 19 20 21 22 23
 24 25 26 28 29 30 31 34 35 37 38 39 43 44 45 46 47 48 51 52 53 54 55 56
 57 58 60 61 64 66 67 70 71 72 73])
Bicluster(rows=[10, 33], cols=[ 0  2  3  6  7 11 13 16 18 20 22 23 25 27 28 30 34 35 37 39 44 46 47 50
 53 54 55 56 59 66 70 74])
Bicluster(rows=[10, 34], cols=[ 0  1  2  4  5  9 10 11 17 18 19 22 23 24 25 27 31 33 34 35 44 49 51 52
 53 55 56 59 60 64 65 66 68 71 73])
Bicluster(rows=[10, 35], cols=[ 0  3  6  8 15 16 21 23 25 28 29 30 32 35 36 37 38 39 40 43 44 46 47 48
 50 58 59 63 64 66 68 73 74])
Bicluster(rows=[10, 36], cols=[ 1  5  9 10 12 13 24 25 26 27 28 29 30 31 34 35 37 39 47 49 51 56 59 60
 65 67 68 72 73])
Bicluster(rows=[10, 37], cols=[ 2  3  5  9 12 14 16 17 19 23 26 27 28 29 30 31 33 37 39 41 42 45 47 49
 52 60 64 66 67 68 71 73])
Bicluster(rows=[10, 38], cols=[ 5  9 11 13 14 16 22 23 29 30 32 36 37 38 39 40 43 44 46 47 48 56 60 61
 73])
Bicluster(rows=[10, 39], cols=[ 0  1  2  5 16 17 18 20 22 24 27 31 34 35 44 45 49 55 60 64 66 67 68 74])
Bicluster(rows=[10, 40], cols=[ 1 10 11 12 14 17 18 19 20 27 28 31 35 45 49 50 51 53 54 55 56 57 58 60
 61 65 67 71])
Bicluster(rows=[10, 41], cols=[ 1  5  6  7  8 11 15 16 18 20 21 39 47 50 51 60 62 63 65 66 70 74])
Bicluster(rows=[10, 42], cols=[ 2  4  5  6  7 13 14 17 18 20 22 23 24 25 33 34 38 44 46 49 50 51 52 53
 62 64 65 67 71 72 74])
Bicluster(rows=[10, 43], cols=[ 0  1  2  3  4  5  6 16 17 18 20 29 30 32 36 37 38 39 40 43 44 46 47 48
 50 52 55 56 57 58 59 61 64 65 67 70 72 74])
Bicluster(rows=[10, 44], cols=[ 1  3  5  6  7 10 16 17 18 23 24 25 27 32 34 36 38 43 44 45 46 49 51 53
 54 55 57 61 62 71 73 74])
Bicluster(rows=[10, 45], cols=[ 3  4  5  6 13 16 23 28 29 32 36 38 39 40 43 44 46 47 48 51 55 59 61 63
 64 65 72 74])
Bicluster(rows=[10, 46], cols=[ 3  5  6  7  8 10 14 22 24 25 27 32 33 34 35 36 38 43 44 46 49 50 51 52
 53 58 60 62 68 69 70 74])
Bicluster(rows=[10, 47], cols=[ 0  1  5  6 10 11 14 15 18 20 21 24 29 32 36 37 38 39 40 43 44 46 47 48
 60 61 62 63 64 66 67 74])
Bicluster(rows=[10, 48], cols=[ 3  4  5  7  8 11 15 19 20 21 22 24 27 31 34 41 42 45 49 56 57 61 65 66
 69 70 71 74])
Bicluster(rows=[10, 49], cols=[ 2  5  6 10 11 14 17 18 20 21 22 24 29 32 36 38 39 40 43 44 47 48 53 54
 55 56 59 60 70 72])
Bicluster(rows=[10, 50], cols=[ 1  2  4  5  7 10 12 14 16 21 24 27 28 31 33 34 35 45 49 50 51 52 54 61
 67 68 74])
Bicluster(rows=[10, 51], cols=[ 0  1  4  7 10 11 21 22 23 24 29 32 36 37 38 39 40 43 44 46 47 48 51 52
 53 54 55 58 59 63 64 67 68 70 71 72])
Bicluster(rows=[10, 52], cols=[ 2  4  5 12 17 18 21 22 23 24 29 38 40 43 44 46 47 48 51 52 53 54 55 57
 58 61 64 70 71 73])
Bicluster(rows=[10, 53], cols=[ 3  6 10 15 16 18 20 25 27 32 33 34 36 38 43 44 46 49 55 59 60 62 63 66
 69 71])
Bicluster(rows=[10, 54], cols=[ 0  2  5  6 10 13 18 20 21 22 29 30 32 36 37 38 39 40 43 44 46 47 48 51
 54 55 58 59 61 65 71 72])
Bicluster(rows=[10, 55], cols=[ 1  5  6  7 10 11 12 14 15 20 22 25 26 35 40 42 46 48 52 59 61 65 66 67
 71])
Bicluster(rows=[10, 56], cols=[ 2  4 11 13 20 23 26 29 30 33 37 41 42 45 47 51 55 56 57 61 65 66 67 68
 70 72])
Bicluster(rows=[10, 57], cols=[ 1  5 11 12 14 19 20 21 28 29 38 40 43 44 46 47 48 52 54 56 57 60 61 68
 73])
Bicluster(rows=[10, 58], cols=[ 1  2  9 11 12 13 14 17 19 20 21 22 24 29 30 32 36 37 38 39 40 43 44 53
 54 55 56 57 60 61 68 70 72])
Bicluster(rows=[10, 59], cols=[ 1  3  7  8  9 11 21 22 24 25 26 27 31 34 35 41 42 50 57 58 59 63 64 65
 67 68 71 72])
Bicluster(rows=[10, 60], cols=[ 2  5  9 11 18 19 20 21 23 25 26 27 28 29 30 31 34 35 37 39 47 52 57 58
 59 64 65 66])
Bicluster(rows=[10, 61], cols=[ 0  4  5  6 12 13 16 20 25 26 28 29 35 38 40 46 47 48 55 56 60 62 63 64
 65 66 69 70])
Bicluster(rows=[10, 62], cols=[ 1  3  5  6 10 12 15 18 19 20 23 41 45 49 51 60 61 64 65 69 72 74])
Bicluster(rows=[10, 63], cols=[ 8 10 12 17 18 22 26 28 35 38 40 42 43 46 48 50 51 57 62 63 70 71 74])
Bicluster(rows=[10, 64], cols=[ 0  1  2  5  6  7 11 13 14 15 17 19 20 21 24 27 31 34 35 38 44 45 49 51
 54 56 61 71 73])
Bicluster(rows=[10, 65], cols=[ 2  3  4  5  6  7 10 11 13 16 18 19 20 22 28 31 35 41 52 53 63 64 66 67])
Bicluster(rows=[10, 66], cols=[ 0  2  4  6 10 14 25 31 32 33 35 37 38 40 42 45 46 47 49 52 53 54 55 56
 57 58 60 61 67 70 71 72])
Bicluster(rows=[10, 67], cols=[ 2  4  5 10 11 12 14 15 18 21 22 24 28 31 34 45 46 49 51 52 53 54 56 57
 61 65 66 67 70 71 72])
Bicluster(rows=[10, 68], cols=[ 2  4  6 10 12 13 15 18 26 27 28 29 33 35 41 42 44 45 49 56 61 62 73])
Bicluster(rows=[10, 69], cols=[ 1  7  9 11 12 13 14 17 19 20 22 24 28 31 32 36 37 38 39 41 43 44 45 46
 47 48 51 52 53 54 56 57 58 60 61 65 67 70 71 72])
Bicluster(rows=[10, 70], cols=[ 0  4  6  7 10 11 17 21 22 28 29 37 39 40 41 43 47 48 49 51 52 53 54 56
 57 61 65 67 70 71 72])
Bicluster(rows=[10, 71], cols=[ 0  2  3  6  8 18 21 22 23 24 26 28 33 38 44 46 49 54 56 57 58 61 64 67
 68 70 72 74])
Bicluster(rows=[10, 72], cols=[ 2  7  9 10 12 14 19 21 27 29 30 37 40 43 48 51 52 54 55 56 57 58 67 70
 71 72])
Bicluster(rows=[10, 73], cols=[ 4  6  7 16 18 22 24 25 27 30 31 32 35 36 37 40 41 42 43 46 47 53 55 57
 60 61 66 67 68 70])
Bicluster(rows=[10, 74], cols=[ 4  8 12 14 15 16 17 24 25 28 30 34 35 37 39 46 47 48 50 51 59 62 63 65
 71])
Bicluster(rows=[10, 75], cols=[ 0  2  5 12 13 17 21 23 24 27 30 32 33 35 36 37 38 39 44 47 48 49 52 53
 54 56 57 61 65 66 67 70 71 72 73])
Bicluster(rows=[10, 76], cols=[ 1  2  4  5  8 10 13 15 17 20 22 24 25 26 28 37 38 39 40 45 47 49 50 58
 63 73])
Bicluster(rows=[10, 77], cols=[ 0  1  3  4  5 13 14 21 22 23 25 26 29 32 33 35 38 39 42 44 47 53 54 56
 57 59 61 65 67 70 72 73])
Bicluster(rows=[10, 78], cols=[ 1  2  4  5  6  7  9 14 17 20 24 26 31 34 35 37 38 41 42 44 46 47 49 50
 53 60 62 63 64])
Bicluster(rows=[10, 79], cols=[ 1  4  5  7 11 13 18 20 21 22 23 24 29 30 31 32 35 37 38 40 41 45 46 49
 50 55 62 63 64 74])
Bicluster(rows=[10, 80], cols=[ 1  5  9 10 13 18 21 23 24 25 26 33 41 42 43 44 45 48 61 66 69 74])
Bicluster(rows=[10, 81], cols=[ 0  3  8 12 20 22 27 31 33 41 45 47 52 54 56 57 59 61 65 66 67 68 70 71
 72 73])
Bicluster(rows=[10, 82], cols=[ 2  4  5 16 17 18 19 21 24 29 30 33 35 36 39 44 45 48 49 50 52 62 63 71
 72])
Bicluster(rows=[10, 83], cols=[ 0  4  5  6  9 10 11 12 13 14 19 21 23 24 29 35 36 37 39 40 44 45 49 56
 57 58 61 64 67 68 70 74])
Bicluster(rows=[10, 84], cols=[ 0  4  5  6 10 13 14 17 19 21 22 30 32 33 36 37 38 39 42 43 44 45 50 51
 59 62 63 64 65 74])
Bicluster(rows=[10, 85], cols=[ 1  2  6 10 12 14 20 22 23 24 25 26 28 29 30 40 42 45 54 56 57 59 61 67
 70 72 73])
Bicluster(rows=[10, 86], cols=[ 2  4  6  7 10 11 14 15 17 18 20 23 27 34 37 41 45 47 48 49 58 61 62 73])
Bicluster(rows=[10, 87], cols=[ 4  5 10 11 17 19 20 27 28 29 30 31 32 35 36 39 40 44 47 51 52 53 57 60
 61 67 70 71])
Bicluster(rows=[10, 88], cols=[ 0  3  6 11 13 14 23 32 37 39 40 44 45 46 52 54 56 57 59 61 65 66 67 70
 71 72 73])
Bicluster(rows=[10, 89], cols=[ 0  2 13 15 17 35 38 42 43 45 49 52 54 56 57 58 67 70 71 72])
Bicluster(rows=[10, 90], cols=[ 9 11 13 14 17 18 19 22 23 25 26 28 29 32 33 36 41 42 43 44 47 48 50 53
 58 62 63 73])
Bicluster(rows=[10, 91], cols=[ 0  3  8 10 11 15 18 25 27 29 30 42 47 51 52 53 54 56 57 58 60 61 65 66
 67 68 70 71 72 73])
Bicluster(rows=[10, 92], cols=[ 1  3  6  9 14 18 21 24 25 29 31 32 35 36 37 38 39 40 46 47 48 50 51 59
 62 63 64 65 71 74])
Bicluster(rows=[10, 93], cols=[ 2  5 11 14 17 19 20 21 22 27 28 29 30 31 34 35 39 41 45 46 47 52 54 56
 58 64 72 74])
Bicluster(rows=[10, 94], cols=[ 2  5  7 12 13 14 15 17 19 21 23 25 26 28 31 32 33 34 39 42 43 50 59 62
 63 64 65 74])
Bicluster(rows=[10, 95], cols=[ 0  1  2  6 10 13 17 18 19 22 23 24 26 28 30 32 33 35 36 37 39 41 42 43
 44 45 46 47 48 53 61 66 68 69])
Bicluster(rows=[10, 96], cols=[ 1  5 10 16 20 25 31 35 36 37 41 44 45 46 47 49 52 54 56 57 58 64 67 70
 72 74])
Bicluster(rows=[10, 97], cols=[ 1  2  3  8 12 18 19 20 21 24 28 31 38 44 45 46 47 49 51 52 53 54 55 56
 57 58 60 61 67 68 70 71 72])
Bicluster(rows=[10, 98], cols=[ 2  4 12 13 14 17 21 24 30 34 35 39 40 44 46 53 54 56 57 59 61 65 67 70
 72])
Bicluster(rows=[10, 99], cols=[ 2  7 12 13 17 18 21 22 23 24 27 29 30 31 34 44 46 51 64 65 67 68 69 70
 71])
Bicluster(rows=[11, 12], cols=[ 0  1  2  3  4  5  6  7  8  9 10 11 12 13 14 15 16 17 18 19 20 21 22 23
 24 29 30 31 36 37 39 43 44 45 48 49 51 54 57 59 62 64 65 69 74])
Bicluster(rows=[11, 13], cols=[ 0  1  2  4  5  6  7 10 11 12 13 14 17 18 19 20 21 22 23 24 26 29 30 31
 33 37 39 45 46 49 50 51 52 53 56 59 61 64 65 69 70 71 73 74])
Bicluster(rows=[11, 14], cols=[ 2  4  5 20 22 23 26 28 31 34 36 44 45 48 49 50 51 52 53 55 62 63 64 69
 71 73])
Bicluster(rows=[11, 15], cols=[ 0  1  2  4  5  6  7  9 10 11 12 13 14 15 17 18 19 20 21 22 23 24 25 29
 30 33 34 35 36 41 46 47 49 53 54 55 60 61 62 64 65 66 69 70 71 72 73])
Bicluster(rows=[11, 16], cols=[ 0  1  2  4  5  6  7 10 11 12 13 14 17 18 19 20 21 22 23 24 25 30 31 32
 35 40 43 44 46 50 51 55 59 62 65 66 68 71 73])
Bicluster(rows=[11, 17], cols=[ 1  2  4  5  6  7 10 11 12 13 14 17 18 19 20 21 22 23 24 25 26 29 30 36
 37 38 42 43 44 47 50 52 62 64 70 73 74])
Bicluster(rows=[11, 18], cols=[ 0  1  2  3  4  5  6  7  8  9 10 11 12 13 14 15 16 17 18 19 20 21 22 23
 24 28 31 32 34 36 37 41 43 45 47 48 51 52 53 54 55 56 59 61 62 64 66 72
 73])
Bicluster(rows=[11, 19], cols=[ 1  2  4  5  7 10 11 12 13 14 17 19 20 21 22 23 24 26 29 30 32 33 34 36
 37 38 40 42 43 44 45 47 50 53 54 55 57 58 59 62 64 65 66 69 71 72])
Bicluster(rows=[11, 20], cols=[ 2  4  5 11 12 14 17 20 21 22 23 24 26 28 29 30 31 32 36 38 39 48 49 53
 54 60 61 62 63 71 72 74])
Bicluster(rows=[11, 21], cols=[ 0  1  2  3  4  5  6  7  8  9 10 11 12 13 14 15 16 17 18 19 20 21 22 23
 24 25 34 38 39 49 57 63 68 74])
Bicluster(rows=[11, 22], cols=[ 0  1  2  3  4  5  6  7  8  9 10 11 12 13 14 15 16 17 18 19 20 21 22 23
 24 25 31 33 36 37 45 46 47 48 49 51 56 60 63 68 69 72 74])
Bicluster(rows=[11, 23], cols=[ 0  1  2  4  5  6 10 11 12 14 17 18 20 21 22 23 24 25 26 27 29 31 33 36
 39 41 43 48 51 52 54 67 68 70 71 72 74])
Bicluster(rows=[11, 24], cols=[ 0  1  2  3  4  5  6  7  8  9 10 11 12 13 14 15 16 17 18 19 20 21 22 23
 24 28 31 34 36 39 42 43 44 45 52 57 60 62 64 65 74])
Bicluster(rows=[11, 25], cols=[ 0  1  2  3  4  5  6  7  8  9 10 11 12 13 14 15 16 17 18 19 20 21 22 23
 24 25 31 34 36 38 39 45 49 57 60 63])
Bicluster(rows=[11, 26], cols=[ 0  1  2  3  4  5  6  7  8  9 10 11 12 13 14 15 16 17 18 19 20 21 22 23
 24 25 26 28 29 34 36 38 39 42 43 45 46 48 49 51 59 60 63 64 65 73])
Bicluster(rows=[11, 27], cols=[ 0  6 10 18 25 26 28 30 31 32 33 34 37 38 41 45 46 48 50 52 57 59 61 63
 65 68 69 71 72 74])
Bicluster(rows=[11, 28], cols=[ 1  2  4  5  7  9 11 12 13 14 17 19 20 21 22 23 24 28 32 34 37 40 41 43
 45 46 50 52 53 54 55 56 57 60 66 69 70 71 72 73])
Bicluster(rows=[11, 29], cols=[ 1  2  4  5  7 11 12 13 14 17 19 20 21 22 24 26 28 29 31 32 33 36 37 43
 45 48 52 53 54 56 57 59 62 72 73 74])
Bicluster(rows=[11, 30], cols=[ 1  2  4  7 11 12 13 14 17 19 20 21 22 24 25 26 29 31 34 40 43 47 48 49
 51 52 54 56 57 62 64 65 68 69 70 72 74])
Bicluster(rows=[11, 31], cols=[ 0  1  2  3  4  5  6  7  8  9 10 11 12 13 14 15 16 17 18 19 20 21 22 23
 24 25 34 39 49 51 60 63 68])
Bicluster(rows=[11, 32], cols=[ 0  1  2  3  4  5  6  7  8  9 10 11 12 13 14 15 16 17 18 19 20 21 22 23
 24 25 29 34 38 39 42 49 60 63 68])
Bicluster(rows=[11, 33], cols=[ 0  4  5  6 14 15 17 19 21 22 23 24 26 28 30 33 36 40 41 46 47 51 52 53
 54 56 57 60 62 66 67 68 70])
Bicluster(rows=[11, 34], cols=[ 2  3  4  5  7 10 11 12 13 18 20 21 23 25 26 28 31 32 34 36 43 44 45 47
 48 49 50 51 52 53 57 65 66 67 69 73])
Bicluster(rows=[11, 35], cols=[ 0  1  2  4  5 10 11 12 14 15 16 18 19 20 22 26 28 29 36 37 40 41 46 47
 54 57 59 60 64 65 73 74])
Bicluster(rows=[11, 36], cols=[ 0  1  2  6  7  9 14 15 16 17 18 20 21 23 28 29 31 32 33 36 37 40 43 44
 45 46 47 48 53 59 63 64 68 69 70])
Bicluster(rows=[11, 37], cols=[ 2  4  7  9 13 18 19 20 21 22 24 26 28 29 31 32 36 37 40 41 46 47 52 58
 59 63 65 71 74])
Bicluster(rows=[11, 38], cols=[ 0  3  6  9 10 11 13 14 17 19 25 28 30 31 32 34 37 43 44 45 47 48 49 55
 56 58 61 64 66 67 70 74])
Bicluster(rows=[11, 39], cols=[ 0  2  3  4 11 12 18 23 25 28 30 31 32 34 43 44 45 47 48 49 51 52 53 59
 64 69 71])
Bicluster(rows=[11, 40], cols=[ 3  5  8 10 15 16 18 21 25 26 28 31 32 34 43 44 45 48 49 53 56 57 61 62
 65 69 70 72 74])
Bicluster(rows=[11, 41], cols=[ 1  5  6  7  8 11 12 15 18 19 20 21 28 32 36 39 41 44 46 51 52 57 58 60
 65 68 69 72 73 74])
Bicluster(rows=[11, 42], cols=[ 0  1  2  4  6 10 11 12 15 19 21 22 23 25 28 30 31 32 34 43 44 45 47 48
 49 51 52 65 68 69])
Bicluster(rows=[11, 43], cols=[ 2  4  5  6  8  9 11 12 13 14 18 19 20 21 24 26 28 29 35 36 37 41 46 52
 57 62 63 65 68 71])
Bicluster(rows=[11, 44], cols=[ 2  5  6  9 10 11 15 18 19 23 25 28 30 31 32 34 43 44 45 47 48 49 51 57
 64])
Bicluster(rows=[11, 45], cols=[ 4  5  6  8 13 16 23 27 29 30 37 38 39 42 51 52 53 54 56 57 64 65 66 69
 71 73 74])
Bicluster(rows=[11, 46], cols=[ 0  1  2  4  5  6 10 13 15 17 20 21 22 26 28 30 31 32 36 43 44 45 47 48
 49 51 52 55 56 64 67 72])
Bicluster(rows=[11, 47], cols=[ 0  2  3  4  6  8 10 12 13 16 18 23 26 28 29 35 37 41 47 57 59 61 63 64
 69 70 74])
Bicluster(rows=[11, 48], cols=[ 0  3  5  6  7  8 11 14 18 19 21 22 23 24 28 30 31 32 36 43 44 45 47 48
 51 57 58 65 67 74])
Bicluster(rows=[11, 49], cols=[ 1  2  3  5  7 12 13 14 16 17 19 20 21 22 23 24 31 32 39 40 43 44 46 51
 60 63 65 68])
Bicluster(rows=[11, 50], cols=[ 0  1  4  5  6  7  8 11 14 18 21 24 31 32 36 39 40 43 44 46 50 53 54 58
 64 66 68 72])
Bicluster(rows=[11, 51], cols=[ 1  4  6  8 15 16 21 22 24 27 30 37 38 39 42 51 52 54 59 61 62 65 66 68
 71 72 73])
Bicluster(rows=[11, 52], cols=[ 0  1  2  4  5  6  7 11 14 15 16 20 22 23 32 36 39 41 44 46 50 51 53 56
 57 60 61 65 69 73])
Bicluster(rows=[11, 53], cols=[ 1  4  5  6  8  9 10 11 12 13 14 15 18 22 24 26 28 30 31 32 36 43 45 47
 48 51 52 54 63 67 68 72 74])
Bicluster(rows=[11, 54], cols=[ 1  2  3  4  5  7  9 10 11 12 14 15 16 17 18 19 20 22 24 28 31 32 36 40
 44 46 51 60 65 68 69 74])
Bicluster(rows=[11, 55], cols=[ 5  9 10 11 16 17 19 20 21 22 31 32 38 40 42 43 46 51 52 55 56 62 64 65
 68 69 70])
Bicluster(rows=[11, 56], cols=[ 2  3  4  7  8  9 10 11 13 15 20 26 28 29 35 37 41 47 50 51 53 58 59 64
 67 68 69 72 73 74])
Bicluster(rows=[11, 57], cols=[ 0  4 10 11 15 16 17 19 21 22 30 34 44 47 51 52 54 56 57 63 64 65 68 69])
Bicluster(rows=[11, 58], cols=[ 0  1  3  4  5  8 10 12 13 14 18 19 27 30 37 38 39 42 54 56 57 59 65 67
 68 69 72 74])
Bicluster(rows=[11, 59], cols=[ 0  1  4  5  6  7  9 11 15 16 21 22 24 25 28 30 31 32 36 43 44 45 47 48
 49 50 52 57 59 61 64 66 68 69])
Bicluster(rows=[11, 60], cols=[ 0  5  6  9 11 14 15 16 19 22 25 29 31 32 37 43 44 45 48 49 53 54 55 56
 57 59 69 72 74])
Bicluster(rows=[11, 61], cols=[ 0  2  3  6  7  8 11 14 19 23 24 28 29 36 40 41 46 50 51 55 56 58 59 63
 64 65 66 68 71])
Bicluster(rows=[11, 62], cols=[ 2  4  8 10 14 15 16 24 25 31 32 33 34 39 43 44 45 48 49 52 55 56 57 58
 59 61 62 63 64 68 71 72 74])
Bicluster(rows=[11, 63], cols=[ 2  3  5  7 10 11 13 15 16 18 20 21 24 31 32 36 39 40 44 46 51 52 54 57
 59 60 63 64 65 67])
Bicluster(rows=[11, 64], cols=[ 0  3  4  6 23 25 26 31 32 34 36 43 45 48 49 51 52 54 55 56 57 59 60 61
 62 69 70 72 73])
Bicluster(rows=[11, 65], cols=[ 2  4  5  6  7 10 11 13 20 22 31 32 40 42 43 46 54 56 59 60 61 64 67 69
 71 72 73])
Bicluster(rows=[11, 66], cols=[ 0  1  3  5  6  7  8 10 16 22 23 26 27 31 35 39 42 43 45 49 50 53 54 56
 59 61 62 71 72 73])
Bicluster(rows=[11, 67], cols=[ 3  8 10 13 16 17 18 25 28 31 32 36 37 39 40 43 44 45 46 47 49 50 51 52
 53 54 55 56 59 61 62 71 72 73])
Bicluster(rows=[11, 68], cols=[ 0  3  6  8 10 14 16 17 18 21 22 23 24 25 31 34 37 43 44 45 49 53 55 57
 64])
Bicluster(rows=[11, 69], cols=[ 3  8  9 10 18 23 28 33 34 40 41 42 43 44 46 47 48 50 54 56 59 61 62 71
 72 74])
Bicluster(rows=[11, 70], cols=[ 0  1  3  4  6  8 10 16 19 20 25 26 29 30 32 33 35 37 44 45 49 50 51 52
 53 54 55 56 59 61 62 65 72 73])
Bicluster(rows=[11, 71], cols=[ 0  4  6 10 11 13 14 19 20 25 28 34 42 43 46 48 49 50 54 56 59 60 61 62
 64 71 72 74])
Bicluster(rows=[11, 72], cols=[ 0  6  7  9 13 16 18 19 20 23 24 25 28 30 31 32 33 36 39 43 45 47 50 53
 54 55 56 59 61 62 66 70 71 72 73])
Bicluster(rows=[11, 73], cols=[ 3  4  5  8 11 14 17 18 19 20 21 22 25 29 32 34 36 39 40 43 45 52 57 59
 64 69 74])
Bicluster(rows=[11, 74], cols=[ 2  3  4 12 14 17 18 23 24 25 26 27 28 39 40 41 43 44 50 51 52 54 58 59
 62 65 66 70 72])
Bicluster(rows=[11, 75], cols=[ 0  6  8 10 11 14 16 20 23 26 28 36 37 43 51 52 53 55 56 57 61 65 69 73])
Bicluster(rows=[11, 76], cols=[ 1  2  4  5  6  8 10 12 13 15 17 20 21 22 23 24 25 29 31 38 39 42 43 45
 48 49 54 57 59 69 71 72])
Bicluster(rows=[11, 77], cols=[ 0  2  5 12 16 17 19 22 23 29 33 35 36 41 42 43 47 48 50 52 54 56 58 59
 62 65 66 70 72])
Bicluster(rows=[11, 78], cols=[ 0  1  2  4  5  6  7  9 11 12 14 17 18 19 20 24 25 31 32 34 37 38 48 49
 54 56 59 60 62 64 69 71 72])
Bicluster(rows=[11, 79], cols=[ 0  3  4  5  6  7  8 10 11 13 15 16 21 22 23 24 25 28 29 31 34 38 39 43
 44 49 50 54 56 59 61 62 71 72 73 74])
Bicluster(rows=[11, 80], cols=[ 0  1  5  6  9 10 15 16 18 19 21 25 29 30 31 33 39 45 47 49 55 63 64 68
 74])
Bicluster(rows=[11, 81], cols=[ 0  1  2  4  7 11 14 19 21 24 25 31 33 34 39 40 42 44 45 46 47 48 50 52
 54 58 59 62 65 66 70 72])
Bicluster(rows=[11, 82], cols=[ 1  3  4  6  7  8 10 12 15 17 19 22 27 29 32 33 34 40 43 44 45 46 48 49
 51 52 53 55 56 57 61 65 69 73])
Bicluster(rows=[11, 83], cols=[ 2  3  4  8  9 11 12 13 14 16 17 18 19 21 26 28 29 30 32 37 38 39 42 44
 47 53 55 57 64 68 69 73])
Bicluster(rows=[11, 84], cols=[ 3  4  5  6  8 13 17 18 19 21 22 33 38 39 41 46 49 50 51 52 53 54 55 56
 59 61 62 69 71 72 73])
Bicluster(rows=[11, 85], cols=[ 0  2  3  4  5  6  8 10 11 13 16 17 18 19 21 22 23 31 32 33 39 40 44 45
 47 53 55 57 69 73])
Bicluster(rows=[11, 86], cols=[ 2  4  6  7 10 11 12 14 15 17 18 20 21 23 24 25 34 36 39 42 44 45 49 52
 57 59 63 69 71])
Bicluster(rows=[11, 87], cols=[ 5  6 10 12 13 14 15 16 22 26 38 39 41 45 50 51 52 53 54 55 56 59 61 62
 65 72 73])
Bicluster(rows=[11, 88], cols=[ 0  2  4  6 12 19 22 23 24 25 26 28 32 34 37 40 41 44 45 47 48 51 52 53
 55 56 57 61 64 65 69 73])
Bicluster(rows=[11, 89], cols=[ 0  3  4  7 11 16 24 25 26 27 36 37 39 40 41 44 45 46 48 50 53 54 56 59
 61 62 71 72 73 74])
Bicluster(rows=[11, 90], cols=[ 0  1  2  3 10 12 15 16 20 21 24 28 32 33 37 40 43 44 45 48 49 50 54 56
 60 61 62 64 70 72 74])
Bicluster(rows=[11, 91], cols=[ 2  4  6 14 15 17 20 21 22 24 29 31 36 38 39 41 44 45 47 48 50 52 53 54
 55 56 59 61 62 66 70 71 72 73])
Bicluster(rows=[11, 92], cols=[ 1  2  4  5  8 10 11 12 13 15 19 20 22 23 25 29 31 37 42 47 48 50 52 53
 54 55 56 59 61 62 71 72 73])
Bicluster(rows=[11, 93], cols=[ 0  3  4  6  8 11 14 15 17 18 19 20 21 23 31 32 33 41 43 44 47 49 53 56
 57 61 69 73])
Bicluster(rows=[11, 94], cols=[ 0  2  3  5  6  7  8 10 12 13 14 16 17 18 21 23 25 27 29 30 31 34 35 36
 39 41 44 45 46 47 49 50 52 53 54 55 56 59 61 62 70 71 72 73])
Bicluster(rows=[11, 95], cols=[ 0  2  3  5  6  7 10 11 12 15 16 17 18 20 21 22 23 24 31 32 36 38 43 44
 48 49 54 56 59 60 62 64 69 71 72])
Bicluster(rows=[11, 96], cols=[ 3  4  6  9 10 12 14 19 26 30 31 33 34 37 38 39 46 49 52 54 56 57 59 60
 64 69 71 72])
Bicluster(rows=[11, 97], cols=[ 4  5  6  7 10 13 14 16 17 22 23 28 31 32 36 37 43 45 46 47 50 53 54 55
 56 59 61 62 71 72 73])
Bicluster(rows=[11, 98], cols=[ 0  8 13 14 15 18 22 25 26 29 30 31 32 44 45 47 48 49 50 56 61 62 64 70])
Bicluster(rows=[11, 99], cols=[ 0  3  8 14 15 16 18 26 29 31 32 35 39 40 41 43 46 47 48 51 52 54 57 62
 64 65 72 73])
Bicluster(rows=[12, 13], cols=[ 1  2  4  5  7 11 12 13 14 17 19 20 21 22 23 24 27 28 29 30 31 32 35 38
 39 41 42 44 45 46 49 51 53 57 59 63 64 65 66 67 68 69 72 74])
Bicluster(rows=[12, 14], cols=[ 0  1  2  3  4  5  6  7  8  9 10 11 12 13 14 15 16 17 18 19 20 21 22 23
 24 31 32 39 45 46 47 49 51 52 56 61 63 67])
Bicluster(rows=[12, 15], cols=[ 0  1  2  3  4  5  6  7  8  9 10 11 12 13 14 15 16 17 18 19 20 21 22 23
 24 26 29 31 36 37 38 41 42 43 44 46 48 49 50 52 53 54 55 57 58 62 63 64
 65 66 67 68 69 71 72 74])
Bicluster(rows=[12, 16], cols=[ 1  2  4  5  7 11 12 13 14 17 19 20 21 22 24 29 31 37 38 42 46 47 48 49
 50 51 52 55 57 58 59 60 62 63 64 67 69 70 71 74])
Bicluster(rows=[12, 17], cols=[ 1  2  4  7 11 12 13 14 17 19 20 21 22 24 26 27 34 36 39 45 48 49 50 57
 58 60 61 63 65 67 69 72])
Bicluster(rows=[12, 18], cols=[ 0  1  2  4  5  6  7  9 10 11 12 13 14 17 18 19 20 21 22 23 24 25 26 31
 32 33 34 35 37 38 39 40 41 42 43 44 46 48 51 54 55 56 57 58 60 62 64 65
 67 68])
Bicluster(rows=[12, 19], cols=[ 0  1  2  3  4  5  6  7  8  9 10 11 12 13 14 15 16 17 18 19 20 21 22 23
 24 25 27 28 31 34 35 36 39 40 43 45 48 50 53 54 55 56 59 60 61 62 63 64
 65 66 69 70 71 72 73 74])
Bicluster(rows=[12, 20], cols=[ 2  4  5 11 12 17 20 21 22 24 25 29 30 31 34 36 37 39 40 44 46 47 48 49
 50 52 53 54 57 62 66 67 68 70 71])
Bicluster(rows=[12, 21], cols=[ 0  1  2  3  4  5  6  7  8  9 10 11 12 13 14 15 16 17 18 19 20 21 22 23
 24 25 31 32 36 39 40 45 49 51 52 56 58 61 67 70 71])
Bicluster(rows=[12, 22], cols=[ 0  1  2  3  4  5  6  7  8  9 10 11 12 13 14 15 16 17 18 19 20 21 22 23
 24 26 28 33 34 37 38 41 42 48 49 50 52 55 56 58 59 60 61 63 64 69 70 71
 73 74])
Bicluster(rows=[12, 23], cols=[ 2  4  5 11 12 14 17 20 21 22 23 24 29 30 32 36 37 38 39 41 47 48 54 58
 60 61 63 66 71 72 73])
Bicluster(rows=[12, 24], cols=[ 0  1  2  3  4  5  6  7  8  9 10 11 12 13 14 15 16 17 18 19 20 21 22 23
 24 25 26 27 31 32 34 36 38 39 40 41 43 45 46 47 51 54 57 60 61 62 63 64
 65 66 67 68 70 73 74])
Bicluster(rows=[12, 25], cols=[ 0  1  2  3  4  5  6  7  8  9 10 11 12 13 14 15 16 17 18 19 20 21 22 23
 24 26 28 31 34 35 36 39 40 45 46 49 51 52 56 58 61 67 69 70 73])
Bicluster(rows=[12, 26], cols=[ 0  1  2  3  4  5  6  7  8  9 10 11 12 13 14 15 16 17 18 19 20 21 22 23
 24 32 35 36 39 41 43 45 47 48 49 51 52 55 58 59 64 66 68 69 71 72])
Bicluster(rows=[12, 27], cols=[ 0  1  2  3  4  5  6  7  8  9 10 11 12 13 14 15 16 17 18 19 20 21 22 23
 24 25 31 34 36 38 40 45 46 47 48 49 52 53 54 56 61 63 64 65 66 67 68 69
 70 73])
Bicluster(rows=[12, 28], cols=[ 0  1  2  3  4  5  6  7  8  9 10 11 12 13 14 15 16 17 18 19 20 21 22 23
 24 25 26 27 28 29 31 33 35 36 38 40 41 42 43 44 45 47 48 49 50 52 54 56
 58 61 63 65 66 69 71 72 74])
Bicluster(rows=[12, 29], cols=[ 0  1  2  3  4  5  6  7  8  9 10 11 12 13 14 15 16 17 18 19 20 21 22 23
 24 26 27 28 31 34 35 36 38 40 45 46 47 48 49 53 56 58 60 61 63 64 65 66
 69 70 71 72 73])
Bicluster(rows=[12, 30], cols=[ 0  1  2  3  4  5  6  7  8  9 10 11 12 13 14 15 16 17 18 19 20 21 22 23
 24 26 28 35 38 39 40 43 45 47 49 51 52 53 56 60 61 63 64 66 67 69 72 73])
Bicluster(rows=[12, 31], cols=[ 0  1  2  3  4  5  6  7  8  9 10 11 12 13 14 15 16 17 18 19 20 21 22 23
 24 32 35 45 47 49 51 52 53 66 67 70 72 73])
Bicluster(rows=[12, 32], cols=[ 0  1  2  3  4  5  6  7  8  9 10 11 12 13 14 15 16 17 18 19 20 21 22 23
 24 35 40 45 47 49 51 52 61 67 73])
Bicluster(rows=[12, 33], cols=[ 0  2  4  6  8 14 17 18 19 21 22 23 24 25 27 29 31 34 36 37 38 41 42 43
 44 48 51 52 53 54 56 61 62 63 64 73])
Bicluster(rows=[12, 34], cols=[ 2  3  4 10 13 14 16 18 20 21 23 27 30 31 34 35 36 38 40 41 42 43 44 45
 46 48 49 51 60 63 65 68 69 70 71 74])
Bicluster(rows=[12, 35], cols=[ 0  1  2  4  5  6 11 12 14 19 20 22 23 25 27 29 33 36 38 41 42 43 44 51
 52 54 57 58 63 64 66 70 71])
Bicluster(rows=[12, 36], cols=[ 0  1  2  6  7  8  9 14 15 16 17 20 21 23 25 27 28 29 31 34 35 36 37 38
 40 41 42 43 48 56 57 58 59 60 61 64 67 69 72 73])
Bicluster(rows=[12, 37], cols=[ 2  3  5  7  9 13 16 17 19 20 21 22 23 24 25 26 27 28 31 34 35 36 38 39
 40 41 43 45 46 47 48 52 57 60 64 67 71])
Bicluster(rows=[12, 38], cols=[ 0  6  7  8 10 15 18 19 20 26 28 29 31 34 35 37 40 45 46 48 49 55 56 60
 63 64 67 68 72 73])
Bicluster(rows=[12, 39], cols=[ 0  4  8 12 15 18 23 27 30 31 34 36 38 40 41 42 43 44 45 46 48 49 51 58
 59 60 61 63 64 69 72])
Bicluster(rows=[12, 40], cols=[ 0  1  2  4  6 11 12 14 17 20 22 23 25 27 31 33 34 35 43 48 50 51 58 60
 61 63 67 69 73])
Bicluster(rows=[12, 41], cols=[ 1  5  6  7 11 12 15 16 18 20 21 24 25 26 27 28 33 36 38 39 41 43 47 50
 51 53 61 63 69 71 74])
Bicluster(rows=[12, 42], cols=[ 0  2  4 10 11 15 19 21 22 23 30 31 34 36 38 40 41 42 43 45 46 49 51 53
 56 58 60 63 65 67 69 70 72])
Bicluster(rows=[12, 43], cols=[ 2  4  5  7  9 10 11 12 13 14 17 18 19 20 21 24 25 26 27 28 31 33 34 35
 36 38 39 41 42 43 47 48 61 67 70 71])
Bicluster(rows=[12, 44], cols=[ 2  6 10 11 18 19 23 27 30 31 34 35 36 38 40 41 42 43 45 46 48 49 52 53
 60 64 67 69 70 71])
Bicluster(rows=[12, 45], cols=[ 1  2  4  5  6  7 12 14 17 18 19 21 22 23 25 26 27 28 31 33 34 35 36 38
 39 41 43 47 48 51 52 61 65 70 72])
Bicluster(rows=[12, 46], cols=[ 0  1  2  4  5  6 10 13 15 17 20 21 22 27 30 31 34 35 36 37 38 40 41 42
 43 44 45 46 48 49 51 52 53 55 56 58 60 63 64 68 70 72 73])
Bicluster(rows=[12, 47], cols=[ 2  5  7 11 17 19 20 21 24 25 26 27 28 31 33 34 35 36 38 39 41 43 47 48
 56 60 61 65 66 67 73])
Bicluster(rows=[12, 48], cols=[ 3  4  5  7  8 11 15 18 19 20 21 22 23 24 27 28 30 31 34 35 36 37 38 40
 41 42 43 44 45 46 48 49 56 61 65 70 71 73 74])
Bicluster(rows=[12, 49], cols=[ 2  4  5  7 12 16 20 23 25 26 27 28 33 36 38 39 41 43 47 51 53 56 58 60
 61 65 66 69 70 71 73])
Bicluster(rows=[12, 50], cols=[ 0  3  6  7 11 14 18 21 24 25 26 27 28 31 33 34 35 36 38 39 41 43 48 52
 54 57 61 63 64 67 73 74])
Bicluster(rows=[12, 51], cols=[ 3  4  6  9 11 12 13 14 17 18 21 22 23 24 25 26 27 28 31 33 34 35 36 38
 39 41 43 47 48 51 52 53 61 65 67 70])
Bicluster(rows=[12, 52], cols=[ 1  2  4  5  7 10 11 14 20 22 23 24 25 26 27 28 31 33 34 35 36 38 39 41
 43 48 50 51 52 53 56 58 65 70 72 74])
Bicluster(rows=[12, 53], cols=[ 0  4  5  6  9 10 11 12 13 14 18 22 24 27 30 31 34 36 37 38 40 41 42 43
 44 45 46 48 49 50 51 54 58 60 61 69 70 71])
Bicluster(rows=[12, 54], cols=[ 1  2  4  5 11 12 14 16 17 19 20 21 22 24 25 26 27 28 31 33 36 38 39 41
 42 43 44 47 51 52 61 63 67 69 70 73 74])
Bicluster(rows=[12, 55], cols=[ 0 16 18 27 30 31 34 36 38 40 41 42 43 44 45 48 50 54 56 58 59 60 63 64
 66 68 69 70 71])
Bicluster(rows=[12, 56], cols=[ 2  4  7  9 10 11 12 13 16 18 20 23 24 25 26 27 28 31 33 36 38 39 41 42
 43 44 47 48 50 51 60 65 70 72])
Bicluster(rows=[12, 57], cols=[ 0 10 15 22 28 30 31 34 35 37 40 45 46 49 54 56 57 58 60 64 65 66 67 69
 70 71 72 73])
Bicluster(rows=[12, 58], cols=[ 2  4  5  7 10 11 15 17 18 20 21 22 23 24 25 26 27 28 31 33 34 35 36 38
 39 41 43 47 48 61 64 65 67 70 71 73])
Bicluster(rows=[12, 59], cols=[ 1  3  7  9 11 16 21 22 24 27 30 31 34 35 36 38 40 41 42 43 44 45 46 48
 49 53 58 59 63 64 65 67 69 72])
Bicluster(rows=[12, 60], cols=[ 2  5  6  9 11 18 19 20 21 23 26 28 32 35 39 40 45 46 47 49 52 54 55 59
 60 63 64 67 69 70 71])
Bicluster(rows=[12, 61], cols=[ 0  2  4  6  7 10 11 15 19 23 24 25 26 27 28 31 33 34 35 36 38 39 41 43
 47 48 50 51 56 61 65 67 70 71 73 74])
Bicluster(rows=[12, 62], cols=[ 0  1  3  5  6 10 12 13 15 18 19 20 21 22 23 27 30 31 34 36 37 38 40 41
 42 43 44 45 46 48 51 52 53 54 61 63 64 65 66 68 73])
Bicluster(rows=[12, 63], cols=[ 2  4  5 10 13 18 20 25 26 27 28 33 36 38 39 41 43 47 53 54 57 58 59 64
 65 69 71 72 73])
Bicluster(rows=[12, 64], cols=[ 0  6 16 23 27 30 31 34 36 38 40 41 42 43 44 45 48 50 53 54 56 57 60 62
 66 69 71 74])
Bicluster(rows=[12, 65], cols=[ 2  3  4  5  6  7 10 11 13 16 18 19 20 21 22 27 31 33 34 35 43 46 48 52
 54 56 58 59 60 63 69 70 71])
Bicluster(rows=[12, 66], cols=[ 3  4  8  9 13 14 16 18 26 30 33 35 42 43 51 52 53 58 60 61 64 65 66 67
 70 72 73])
Bicluster(rows=[12, 67], cols=[13 17 26 27 28 32 34 36 40 42 48 49 50 51 54 55 56 57 62 63 64 65 66 69
 71 72 74])
Bicluster(rows=[12, 68], cols=[ 6 10 14 16 17 18 21 26 28 34 36 37 40 43 44 45 47 49 50 52 56 63 66 67
 69])
Bicluster(rows=[12, 69], cols=[ 0  2  6 15 20 21 22 25 27 28 35 36 40 42 43 46 47 48 49 51 52 53 58 60
 65 66 67 70 72])
Bicluster(rows=[12, 70], cols=[ 1  4 11 12 14 15 19 22 23 26 31 32 34 39 43 47 48 52 53 55 56 58 64 66
 67 69 70 72 74])
Bicluster(rows=[12, 71], cols=[ 0  2  3  5  6  8 12 17 18 21 25 26 27 28 29 34 37 41 42 43 46 48 52 53
 55 58 60 61 64 66 67 70 74])
Bicluster(rows=[12, 72], cols=[ 7  9 13 18 19 20 23 24 27 28 29 37 38 45 47 49 50 53 54 55 56 57 58 59
 62 63 64 65 66 68 69 71 72 74])
Bicluster(rows=[12, 73], cols=[ 0  2  5 11 13 18 20 22 26 29 35 36 39 43 44 45 50 53 54 56 57 58 60 63
 64 66 69 71 72])
Bicluster(rows=[12, 74], cols=[ 2  4  8 12 14 15 16 17 20 23 24 26 28 29 33 34 35 38 39 40 41 47 50 51
 54 55 56 57 63 64 65 66 69 72 74])
Bicluster(rows=[12, 75], cols=[ 5  6 10 11 14 15 20 23 28 29 31 35 36 38 39 42 46 47 48 49 51 52 53 55
 56 58 63 64 66 67 69 72 74])
Bicluster(rows=[12, 76], cols=[ 1  2  4  5 10 13 15 17 20 22 24 26 27 29 31 34 43 45 46 47 48 49 50 56
 57 58 61 62 63 66 68 69])
Bicluster(rows=[12, 77], cols=[ 1 10 13 15 16 18 20 24 30 31 32 33 35 36 41 49 50 54 56 57 58 59 61 62
 63 66 67 69 73])
Bicluster(rows=[12, 78], cols=[ 1  2  4  5  6  7  9 11 12 14 17 19 20 24 31 36 40 47 48 49 50 54 56 57
 58 59 62 63 64 66 68 69 73])
Bicluster(rows=[12, 79], cols=[ 0  1  4  5  6 10 11 12 13 17 22 23 28 31 32 35 39 42 43 46 48 49 50 53
 54 56 57 58 59 60 62 63 64 66 68 69])
Bicluster(rows=[12, 80], cols=[ 0  6 10 12 15 18 19 22 26 27 29 30 31 38 39 40 41 46 48 49 52 53 55 58
 64 66 67 70 74])
Bicluster(rows=[12, 81], cols=[ 1  2  4  6 10 13 18 21 24 31 32 39 40 43 45 46 47 50 51 53 55 56 58 63
 64 65 66 69 72 74])
Bicluster(rows=[12, 82], cols=[ 1  2  4  5 10 12 16 17 18 19 21 22 24 25 31 32 39 40 42 45 49 50 52 53
 55 56 58 63 64 66 67 69 70 72 74])
Bicluster(rows=[12, 83], cols=[ 0  4  5  6  9 10 11 12 13 14 17 19 21 23 24 26 27 28 32 34 39 43 45 47
 49 53 55 60 61 73])
Bicluster(rows=[12, 84], cols=[ 1  4  5  6 10 14 18 19 21 22 27 32 34 35 39 41 47 48 49 50 53 54 55 56
 57 58 60 63 64 65 66 69 71 72 74])
Bicluster(rows=[12, 85], cols=[ 0  2  4  5 10 11 13 17 18 19 21 23 25 26 27 28 33 36 39 45 46 50 52 56
 63 66 67 69])
Bicluster(rows=[12, 86], cols=[ 1  2  4 12 13 19 20 21 26 29 39 40 46 48 49 53 61 64 74])
Bicluster(rows=[12, 87], cols=[ 0  3  4  5 12 13 14 18 25 35 36 39 41 44 45 49 50 51 53 55 56 57 58 63
 64 65 66 69 71 72 74])
Bicluster(rows=[12, 88], cols=[ 3  5  7  8 10 17 18 20 21 25 26 33 40 47 48 49 50 54 56 57 58 59 62 63
 64 66 69 72 73])
Bicluster(rows=[12, 89], cols=[ 3  6 10 14 16 17 20 23 30 31 41 44 50 51 53 55 56 57 63 64 65 66 69 71
 72 74])
Bicluster(rows=[12, 90], cols=[ 1  2  4  6 12 18 20 21 23 24 26 28 29 32 35 40 41 45 46 47 49 50 54 56
 57 58 59 62 63 64 66 68 69 73])
Bicluster(rows=[12, 91], cols=[ 0  2  4 10 14 17 18 21 22 24 25 27 29 31 32 34 36 37 39 41 42 45 46 48
 50 54 55 56 57 59 62 63 65 71 74])
Bicluster(rows=[12, 92], cols=[ 0  2  3  4  5  6 10 11 12 18 19 20 22 29 31 32 34 35 39 43 46 50 53 54
 55 56 57 63 64 65 66 69 71 72 74])
Bicluster(rows=[12, 93], cols=[ 0  4 10 11 14 16 17 18 19 20 21 23 25 28 29 31 34 39 40 41 42 48 52 55
 56 58 63 64 66 67 69 70 72 74])
Bicluster(rows=[12, 94], cols=[ 0  2  5 12 14 15 17 18 19 21 23 26 32 33 36 37 38 39 40 42 45 49 50 54
 55 56 57 59 62 63 64 71 74])
Bicluster(rows=[12, 95], cols=[ 2  5  7 11 12 16 17 20 21 22 23 24 25 28 31 34 35 36 40 43 46 47 48 49
 50 54 56 57 58 59 62 63 64 66 68 69 73])
Bicluster(rows=[12, 96], cols=[ 4  6  9 11 12 13 14 19 20 25 30 32 35 40 42 44 47 48 50 54 56 57 58 59
 61 62 63 66 69 73])
Bicluster(rows=[12, 97], cols=[ 4  5 14 15 17 18 22 23 26 29 31 35 38 42 43 45 48 49 50 53 54 56 57 58
 60 62 63 64 66 69 71 74])
Bicluster(rows=[12, 98], cols=[ 1  5  7  9 10 11 12 18 19 20 23 24 25 27 28 31 32 33 37 41 42 44 45 47
 48 61 64 74])
Bicluster(rows=[12, 99], cols=[ 0  4  5 10 11 19 20 25 27 29 31 34 36 40 43 45 46 47 48 49 53 57 58 61
 63 64 66 67 71 72 73])
Bicluster(rows=[13, 14], cols=[ 0  3  6  8 10 15 16 18 26 31 33 35 38 41 42 44 45 46 49 50 51 52 53 54
 57 58 60 61 64 66 67 68 69 70 71 72 73])
Bicluster(rows=[13, 15], cols=[ 1  2  4  5  7 11 12 13 14 17 19 20 21 22 23 24 25 27 29 31 33 35 38 40
 41 42 44 45 46 49 53 57 59 61 63 64 65 66 67 68 70 72 74])
Bicluster(rows=[13, 16], cols=[ 0  1  2  3  4  5  6  7  8  9 10 11 12 13 14 15 16 17 18 19 20 21 22 23
 24 25 29 30 31 33 34 35 36 42 44 45 46 49 50 51 53 54 57 59 63 64 67 69
 71 72 73])
Bicluster(rows=[13, 17], cols=[ 0  1  2  3  4  5  6  7  8  9 10 11 12 13 14 15 16 17 18 19 20 21 22 23
 24 26 28 29 30 31 34 35 41 44 45 47 48 50 52 54 58 59 60 61 64 66 67 68
 69 72 73 74])
Bicluster(rows=[13, 18], cols=[ 0  1  2  4  5  6  7 10 11 12 13 14 17 18 19 20 21 22 23 24 28 29 32 33
 37 38 41 42 44 45 53 54 57 61 63 65 66 67 69 72 74])
Bicluster(rows=[13, 19], cols=[ 1  7 11 12 13 14 17 19 20 21 22 24 26 28 30 33 37 38 41 44 45 47 48 50
 52 57 59 60 61 64 65 68 69 71])
Bicluster(rows=[13, 20], cols=[ 0  2  4  5  6 10 11 12 15 16 17 18 20 21 22 23 24 26 29 30 31 38 41 42
 44 46 49 53 57 58 64 66 67 68 69 71 74])
Bicluster(rows=[13, 21], cols=[ 2  4  5  6 10 11 12 17 18 20 21 22 23 24 25 29 32 37 38 40 41 44 49 51
 53 54 59 66 72])
Bicluster(rows=[13, 22], cols=[ 1  2  4  5  7 11 12 13 14 17 19 20 21 22 23 24 25 28 34 40 41 42 47 48
 49 50 56 58 59 62 68 69 71 74])
Bicluster(rows=[13, 23], cols=[ 0  1  2  3  4  5  6  7  8  9 10 11 12 13 14 15 16 17 18 19 20 21 22 23
 24 29 30 31 32 33 38 39 41 45 52 54 57 62 63 65 66 70 71 72])
Bicluster(rows=[13, 24], cols=[ 3  8 15 16 27 28 30 31 34 36 38 41 44 45 47 48 49 50 52 54 56 57 58 59
 60 62 63 64 66 68 71 73 74])
Bicluster(rows=[13, 25], cols=[ 3  8 15 16 27 29 31 33 35 36 37 41 44 45 46 52 53 61 63 64 66 69 71 73
 74])
Bicluster(rows=[13, 26], cols=[ 1  2  4  5  7 11 12 13 14 17 19 20 21 22 24 26 32 35 37 39 41 46 49 51
 61 62 64 68 72 73])
Bicluster(rows=[13, 27], cols=[ 0  3  6  8 10 15 16 18 25 26 27 29 32 33 35 37 41 44 46 49 55 59 61 62
 67 70 71])
Bicluster(rows=[13, 28], cols=[ 1  2  4  5  7 11 12 13 14 17 19 20 21 22 23 24 27 28 31 33 37 38 41 44
 46 49 53 54 63 65 66 67 72 74])
Bicluster(rows=[13, 29], cols=[ 1  7 11 12 13 14 17 19 21 24 26 29 31 33 34 35 41 45 46 50 52 56 58 59
 61 63 66 68 70 71 73 74])
Bicluster(rows=[13, 30], cols=[ 3  8 15 16 29 30 32 34 35 38 41 42 44 45 50 52 53 54 56 57 58 59 60 63
 64 66 67 69 71 72 73 74])
Bicluster(rows=[13, 31], cols=[ 0  3  6  8 15 16 26 29 33 35 38 41 44 45 51 52 53 56 57 58 59 63 64 66
 68 69 71 72 74])
Bicluster(rows=[13, 32], cols=[ 0  3  6  8 10 15 16 18 31 33 35 41 42 44 45 48 52 53 56 57 58 59 63 64
 66 67 68 69 70 73 74])
Bicluster(rows=[13, 33], cols=[ 3  4  5 14 16 17 19 21 24 27 29 31 33 35 41 42 44 45 46 51 53 56 61 63
 64 70])
Bicluster(rows=[13, 34], cols=[ 0  2  4  7  8 10 11 12 13 15 18 20 21 23 26 27 30 31 35 38 41 42 44 46
 47 49 50 53 58 63 65 68 73 74])
Bicluster(rows=[13, 35], cols=[ 0  1  2  3  4  5  7  8 10 11 13 14 15 18 19 20 22 26 29 34 37 41 42 44
 48 62 63 66 68 73 74])
Bicluster(rows=[13, 36], cols=[ 1  2  3  7  9 13 14 17 18 20 21 22 23 27 28 29 31 33 35 38 41 42 44 45
 46 51 53 55 57 59 62 64 67 69 70 72])
Bicluster(rows=[13, 37], cols=[ 4  7  8  9 13 14 15 18 19 20 21 22 24 27 28 29 31 33 35 37 38 41 42 44
 45 46 54 55 57 58 64 67 69 74])
Bicluster(rows=[13, 38], cols=[ 1  2  5  8 12 15 18 22 23 27 28 31 33 35 37 38 39 41 45 46 50 54 55 57
 59 67 71 72 74])
Bicluster(rows=[13, 39], cols=[ 0  2  7  9 11 14 16 17 18 19 21 23 26 31 35 38 40 42 44 47 52 57 59 62
 65 66 67 68 71])
Bicluster(rows=[13, 40], cols=[ 5  9 10 18 21 26 31 35 38 40 41 42 44 47 51 53 54 56 57 63 64 65 66 67
 69 71 74])
Bicluster(rows=[13, 41], cols=[ 2  8  9 10 15 16 17 22 23 25 28 29 30 32 36 40 43 51 53 56 57 59 60 61
 62 64 65 66 68 70])
Bicluster(rows=[13, 42], cols=[ 1  6 11 12 16 18 19 21 26 27 31 35 41 42 44 45 46 47 49 51 52 53 56 58
 60 61 62 63 65 67 69 72])
Bicluster(rows=[13, 43], cols=[ 0  2  3  4  5  6  7 11 12 13 14 15 16 17 18 19 20 21 22 24 27 28 31 35
 37 38 41 45 46 67])
Bicluster(rows=[13, 44], cols=[ 2  3  5  6  8 10 14 16 18 23 26 27 31 35 38 41 42 44 46 47 49 51 53 55
 58 62 64 65])
Bicluster(rows=[13, 45], cols=[ 4  5  6  9 13 15 18 25 29 30 36 37 39 40 43 51 53 55 56 58 60 62 63 65
 66 67 68 69 71 72 73 74])
Bicluster(rows=[13, 46], cols=[ 1  2  3  4  5  8 13 17 18 20 21 26 27 30 31 35 38 41 42 44 45 46 47 49
 51 53 54 56 62 63 64 68 69 72])
Bicluster(rows=[13, 47], cols=[ 0  2  3  4  5  6  7  8  9 10 11 15 16 17 18 19 20 21 23 24 34 35 37 41
 42 44 48 55 56 62 65 66 67 70])
Bicluster(rows=[13, 48], cols=[ 0  5  6  7 10 11 16 19 21 23 24 27 29 30 31 35 38 41 42 44 45 46 49 51
 58 62 65 74])
Bicluster(rows=[13, 49], cols=[ 3 16 25 28 32 36 40 43 47 50 51 53 56 57 59 60 64 65 66 67 68 69 70 71
 73 74])
Bicluster(rows=[13, 50], cols=[ 9 16 19 20 23 26 27 30 31 35 38 41 42 44 46 47 49 51 52 54 56 59 61 63
 64 67 68 71 72])
Bicluster(rows=[13, 51], cols=[ 1  3  4  6 11 18 19 20 21 22 24 25 29 36 37 39 40 43 51 54 56 57 60 61
 63 64 66 67 69 72 73])
Bicluster(rows=[13, 52], cols=[ 0  1  2  3  4  5  6  8  9 11 12 14 19 20 21 22 23 24 28 34 35 38 39 41
 44 48 50 53 54 55 56 61 62 65 72 73 74])
Bicluster(rows=[13, 53], cols=[ 1  3  4  5 11 12 14 16 19 22 24 26 27 30 31 35 38 41 42 44 45 46 47 49
 51 52 54 64 66 69 72 74])
Bicluster(rows=[13, 54], cols=[ 0  1  2  4  5  6  7  8  9 10 11 12 14 17 18 20 21 22 23 24 27 28 31 35
 38 41 44 45 46 51 62 63 74])
Bicluster(rows=[13, 55], cols=[ 0  1  2  3  5  7 11 12 14 18 20 23 25 26 32 35 38 40 42 44 47 51 53 55
 59 62 64 65 67 68])
Bicluster(rows=[13, 56], cols=[ 2  3  4  7  8 10 11 12 13 15 20 24 26 29 34 37 41 42 44 48 50 51 53 58
 62 65 72 73])
Bicluster(rows=[13, 57], cols=[ 0  1  4  8  9 10 11 12 19 21 22 24 25 26 28 32 36 38 40 42 47 51 52 56
 57 61 62 64 66 69 71])
Bicluster(rows=[13, 58], cols=[ 6 10 13 14 15 19 25 28 29 30 32 36 40 43 52 53 56 57 59 60 61 63 65 66
 67 69 74])
Bicluster(rows=[13, 59], cols=[ 1  4  5  6  7  9 10 18 24 26 27 30 31 35 41 42 44 45 46 47 49 50 51 52
 53 54 55 58 59 60 61 63 64 67 69 72])
Bicluster(rows=[13, 60], cols=[ 5  8 10 11 19 22 27 28 29 31 35 37 38 46 49 56 59 61 62 63 64 67 69 71
 74])
Bicluster(rows=[13, 61], cols=[ 1  2  9 11 14 16 18 19 23 24 27 28 31 35 37 38 41 44 45 46 50 52 54 58
 62 65 66 67 71 74])
Bicluster(rows=[13, 62], cols=[ 0  1  5  6  7  8  9 11 12 16 18 20 23 26 27 30 31 35 38 41 42 44 45 46
 47 49 55 62 63])
Bicluster(rows=[13, 63], cols=[ 0  1  3  6 10 12 14 17 22 23 25 28 32 36 40 43 47 51 55 56 60 63 65 66
 69 72 73 74])
Bicluster(rows=[13, 64], cols=[ 0  4  6 15 23 26 27 31 35 38 41 42 44 46 47 49 51 53 54 58 59 61 63 64
 68 70 72 73 74])
Bicluster(rows=[13, 65], cols=[ 1  3  6  9 10 16 18 20 22 24 25 26 28 32 35 36 38 40 42 47 53 55 57 66
 67 74])
Bicluster(rows=[13, 66], cols=[24 29 30 32 35 38 46 48 52 53 56 57 59 61 63 64 66 68 69 71])
Bicluster(rows=[13, 67], cols=[ 9 10 13 15 17 18 25 28 31 32 35 37 38 39 41 42 46 49 50 51 52 56 57 58
 59 60 61 63 64 65 66 68 69 70 71 73])
Bicluster(rows=[13, 68], cols=[ 0  2  4  5  7  8  9 12 13 16 20 27 28 29 30 33 34 39 41 42 45 46 47 48
 57 68 69])
Bicluster(rows=[13, 69], cols=[ 3  4  7 10 13 14 18 19 23 29 36 38 43 46 47 50 52 53 55 56 57 58 59 61
 63 64 66 68 69 70 71 74])
Bicluster(rows=[13, 70], cols=[ 0  4  6 10 12 14 19 20 25 26 27 28 30 32 33 34 36 37 38 45 46 48 50 54
 56 57 58 60 63 64 65 66 68 69 70 72 73])
Bicluster(rows=[13, 71], cols=[ 0  3  4  6  7  8  9 10 11 19 20 22 23 25 28 32 44 46 49 52 55 56 57 59
 61 63 66 68 69 70 71])
Bicluster(rows=[13, 72], cols=[ 0  6  7  8 14 15 18 19 20 23 24 25 28 29 30 33 40 49 50 51 52 53 56 57
 58 59 60 63 64 65 66 68 69 70 71 73])
Bicluster(rows=[13, 73], cols=[ 2  5  6 11 14 15 16 17 18 19 20 21 22 29 33 35 37 38 39 45 46 48 50 52
 53 56 57 58 59 61 63 64 66 68 69 70 71 73 74])
Bicluster(rows=[13, 74], cols=[ 1  2  3  4 12 14 17 18 23 24 28 29 35 36 39 41 50 54 56 57 58 60 61 63
 64 65 66 68 69 72 73])
Bicluster(rows=[13, 75], cols=[ 2  5  6  7  8  9 10 16 19 21 24 25 26 29 34 39 41 44 48 53 54 60 61 62
 63 64 66 67 73])
Bicluster(rows=[13, 76], cols=[ 0  1  2  3  4  5  6  9 10 11 12 13 14 16 17 18 19 20 21 22 23 24 31 37
 39 49 52 54 59 67 68 71 72])
Bicluster(rows=[13, 77], cols=[ 0  2  3  5  7  9 11 12 16 17 19 22 23 27 31 35 41 44 53 54 60 61 63 64
 66 67 69 72 73])
Bicluster(rows=[13, 78], cols=[ 0  1  2  3  4  5  7  8 11 12 13 15 16 17 18 19 20 24 31 37 49 52 56 57
 59 61 63 66 68 69 70])
Bicluster(rows=[13, 79], cols=[ 0  4  5  6  7  9 10 11 13 21 22 23 24 28 29 31 36 37 39 40 41 42 45 49
 50 52 53 56 57 58 59 61 63 64 66 68 69 70 71 74])
Bicluster(rows=[13, 80], cols=[ 0  1  3  5  6  7 13 14 16 21 24 25 27 31 32 33 34 36 38 41 43 45 46 47
 53 60 62 74])
Bicluster(rows=[13, 81], cols=[ 0  1  2  3  4  7  8 11 14 19 21 23 24 27 28 31 33 36 38 39 46 50 54 56
 57 58 60 61 63 64 65 66 68 69 70 72 73])
Bicluster(rows=[13, 82], cols=[ 0  9 11 16 23 25 26 29 30 33 45 47 48 52 55 57 59 61 63 66 67 68 69 71])
Bicluster(rows=[13, 83], cols=[ 0  1  4  5  6  7  8 10 20 21 22 23 24 31 32 35 37 41 42 43 48 49 52 54
 59 67 68 71 72])
Bicluster(rows=[13, 84], cols=[ 5 13 14 15 16 19 21 22 25 32 33 34 35 36 37 38 39 45 49 50 51 52 53 56
 57 58 59 60 61 63 64 66 68 69 70 71 73])
Bicluster(rows=[13, 85], cols=[ 2  4  5  6  7  9 10 11 13 15 17 19 21 22 23 27 28 31 33 38 39 49 53 54
 60 61 63 64 66 67 73])
Bicluster(rows=[13, 86], cols=[ 0  1  2  3  4  6  8 10 12 13 16 17 18 19 20 21 23 28 32 39 40 45 52 54
 59 67 71 72])
Bicluster(rows=[13, 87], cols=[ 3 17 23 25 30 32 36 37 40 41 42 47 52 53 54 55 57 59 61 63 64 66 67 68
 69 71 72 74])
Bicluster(rows=[13, 88], cols=[ 0  1  2  3  4  6  8 12 19 22 23 24 26 29 44 46 47 54 56 57 58 60 61 63
 64 65 66 67 68 69 72 73])
Bicluster(rows=[13, 89], cols=[ 0  4  5  7  9 11 15 24 25 26 35 37 39 41 44 46 50 52 53 56 57 58 59 61
 63 64 66 68 69 70 71 74])
Bicluster(rows=[13, 90], cols=[ 0  1  2  4  8  9 10 12 13 14 19 20 21 24 28 29 32 33 35 36 37 38 41 49
 52 55 56 57 59 61 63 64 66 68 69 70 71])
Bicluster(rows=[13, 91], cols=[ 1  2  3  4  6  7  8  9 12 15 19 20 21 22 24 27 29 31 39 40 41 42 43 50
 51 52 53 56 57 58 59 60 61 63 64 65 66 68 69 70 71 72 73])
Bicluster(rows=[13, 92], cols=[ 1  2  4  5  9 11 12 13 19 20 22 23 29 31 32 34 35 38 41 46 50 51 52 53
 56 57 58 59 60 61 63 64 65 66 68 69 70 71 73])
Bicluster(rows=[13, 93], cols=[ 0  4  6 11 14 17 20 21 23 27 28 29 31 32 36 38 41 42 45 53 54 60 61 63
 64 66 67 72 73])
Bicluster(rows=[13, 94], cols=[ 0  2  3  5  6  7  8  9 10 12 13 14 17 18 21 23 25 30 31 38 39 42 43 46
 47 48 50 51 52 53 56 57 58 59 60 61 63 64 66 68 69 70 71 72 73 74])
Bicluster(rows=[13, 95], cols=[ 0  2  5  6  9 10 11 12 14 17 18 20 21 22 23 24 28 31 35 37 44 46 49 50
 52 55 56 57 59 61 63 64 66 68 69 70 71])
Bicluster(rows=[13, 96], cols=[ 0  2 15 17 21 22 27 33 34 35 36 42 43 44 46 50 51 54 56 57 58 60 61 63
 64 65 66 68 69 70 72 73])
Bicluster(rows=[13, 97], cols=[ 3  4  5  6  7  8 10 11 13 14 17 22 23 27 29 31 32 34 35 37 44 45 49 50
 52 53 56 57 58 59 61 63 64 66 68 69 70 71 73 74])
Bicluster(rows=[13, 98], cols=[ 0  1  5  7 10 12 13 14 15 17 18 20 21 23 25 32 38 40 49 52 59 67 68 69
 71 72])
Bicluster(rows=[13, 99], cols=[ 0  9 14 18 25 26 31 33 36 38 39 41 44 45 46 51 54 55 56 60 63 66 67 68
 69 72 74])
Bicluster(rows=[14, 15], cols=[ 0  1  2  3  4  5  6  7  8  9 10 11 12 13 14 15 16 17 18 19 20 21 22 23
 24 25 29 34 46 49 52 56 60 67])
Bicluster(rows=[14, 16], cols=[ 0  3  6  8 10 15 16 18 27 33 35 37 38 39 40 42 44 45 46 47 48 49 51 54
 55 56 62 66 69 73 74])
Bicluster(rows=[14, 17], cols=[ 0  2  3  5  6  8 10 15 16 18 23 25 26 27 29 31 32 36 37 39 40 43 44 50
 52 54 57 59 61 62 64 65 66 67 72 73])
Bicluster(rows=[14, 18], cols=[ 0  5  6 10 18 23 25 28 30 31 33 34 36 38 39 41 42 44 45 48 52 56 59 61
 62 64 66 67 68 69 72 73 74])
Bicluster(rows=[14, 19], cols=[ 0  1  2  3  4  5  6  7  8  9 10 11 12 13 14 15 16 17 18 19 20 21 22 23
 24 28 29 30 34 35 38 39 40 41 42 45 46 49 56 61 63 64 69 70 73])
Bicluster(rows=[14, 20], cols=[ 0  1  2  3  4  5  6  7  8  9 10 11 12 13 14 15 16 17 18 19 20 21 22 23
 24 25 26 27 28 31 32 34 36 37 38 39 40 41 42 44 46 47 48 49 50 52 53 56
 58 59 62 63 66 67 69 71 73])
Bicluster(rows=[14, 21], cols=[ 0  1  2  3  4  5  6  7  8  9 10 11 12 13 14 15 16 17 18 19 20 21 22 23
 24 28 30 31 32 34 35 37 38 39 42 43 44 45 48 49 50 51 52 53 56 60 61 62
 63 64 65 66 67 68 69 70 72 73])
Bicluster(rows=[14, 22], cols=[ 0  1  2  3  4  5  6  7  8  9 10 11 12 13 14 15 16 17 18 19 20 21 22 23
 24 25 27 28 35 40 44 49 52 54 61 62 63 64 66 68 70])
Bicluster(rows=[14, 23], cols=[ 0  1  2  3  4  5  6  7  8  9 10 11 12 13 14 15 16 17 18 19 20 21 22 23
 24 25 26 31 33 36 39 40 42 43 47 48 51 55 58 59 60 61 66 73])
Bicluster(rows=[14, 24], cols=[ 0  1  2  3  4  5  6  7  8  9 10 11 12 13 14 15 16 17 18 19 20 21 22 23
 24 30 32 33 34 37 39 40 41 42 44 45 46 47 48 50 51 53 54 56 58 59 61 63
 65 67 69 71])
Bicluster(rows=[14, 25], cols=[ 0  1  2  3  4  5  6  7  8  9 10 11 12 13 14 15 16 17 18 19 20 21 22 23
 24 25 28 29 30 31 34 38 39 40 41 43 44 45 48 49 51 52 53 56 59 61 65 66
 67 68 69 70 71 72 73])
Bicluster(rows=[14, 26], cols=[ 0  1  2  3  4  5  6  7  8  9 10 11 12 13 14 15 16 17 18 19 20 21 22 23
 24 25 27 29 32 33 34 37 38 39 40 42 44 45 47 49 50 51 52 53 54 56 62 65
 69 74])
Bicluster(rows=[14, 27], cols=[ 0  1  2  3  4  5  6  7  8  9 10 11 12 13 14 15 16 17 18 19 20 21 22 23
 24 26 27 28 31 35 37 41 42 43 44 45 46 47 48 49 50 52 53 54 56 58 61 63
 67 70 71])
Bicluster(rows=[14, 28], cols=[ 0  1  2  3  4  5  6  7  8  9 10 11 12 13 14 15 16 17 18 19 20 21 22 23
 24 29 34 35 40 45 47 49 54 56 59 61 64 69])
Bicluster(rows=[14, 29], cols=[ 0  1  2  3  4  5  6  7  8  9 10 11 12 13 14 15 16 17 18 19 20 21 22 23
 24 29 30 31 34 35 40 41 42 43 45 46 47 48 49 54 56 59 61 63 64 66])
Bicluster(rows=[14, 30], cols=[ 0  1  2  3  4  5  6  7  8  9 10 11 12 13 14 15 16 17 18 19 20 21 22 23
 24 25 27 28 29 30 31 34 37 41 42 45 47 48 51 52 54 56 58 59 61 63 64 65
 66 67 68 71])
Bicluster(rows=[14, 31], cols=[ 0  1  2  3  4  5  6  7  8  9 10 11 12 13 14 15 16 17 18 19 20 21 22 23
 24 25 26 27 28 30 32 33 34 35 36 37 38 39 41 42 43 44 45 47 48 51 52 58
 59 64 65 66 67 68 69 70 71 73])
Bicluster(rows=[14, 32], cols=[ 0  1  2  3  4  5  6  7  8  9 10 11 12 13 14 15 16 17 18 19 20 21 22 23
 24 25 27 28 29 30 31 33 34 35 36 37 38 39 40 41 42 43 44 45 46 47 48 50
 51 52 53 54 58 59 61 64 65 66 67 68 69 70 72 73 74])
Bicluster(rows=[14, 33], cols=[ 0  2  3  6  7 11 13 16 20 22 23 25 27 28 32 33 34 35 37 38 39 40 41 42
 43 44 45 46 48 53 62 64 70])
Bicluster(rows=[14, 34], cols=[ 0  2  4  5  9 10 11 12 17 18 19 20 23 24 28 31 34 35 38 41 42 44 45 46
 48 49 50 52 53 54 56 58 61 73 74])
Bicluster(rows=[14, 35], cols=[ 0  3  6  8 15 16 21 25 27 28 29 30 32 33 35 36 38 39 40 41 42 43 44 46
 47 48 63 66 68 73])
Bicluster(rows=[14, 36], cols=[ 4  5  9 10 12 13 24 25 29 30 31 34 38 39 40 41 44 45 46 47 48 50 55 58
 64 67 71 72 73 74])
Bicluster(rows=[14, 37], cols=[ 0  1  5  6  9 10 12 14 17 19 31 34 38 39 40 41 42 44 45 46 47 48 49 50
 52 55 59 62 64 65 66 67 68 73])
Bicluster(rows=[14, 38], cols=[ 5 11 13 14 16 17 18 19 22 23 25 29 30 31 33 34 35 38 39 40 41 42 44 45
 46 47 48 50 56 57 63 64 67 72])
Bicluster(rows=[14, 39], cols=[ 1  2  7 14 16 17 18 21 26 31 32 34 35 36 38 41 45 46 49 57 64 65 67 69])
Bicluster(rows=[14, 40], cols=[ 1  7 11 12 13 14 17 19 27 28 29 30 32 35 36 39 42 43 47 50 52 53 61 65
 66 69 71 72 73])
Bicluster(rows=[14, 41], cols=[ 0  5 12 13 20 21 24 27 28 29 30 32 35 36 38 39 42 43 47 51 52 53 54 56
 58 59 61 62 64 68 69 73])
Bicluster(rows=[14, 42], cols=[ 0  2  4  5  6  7  9 10 14 16 17 20 23 24 26 31 32 34 35 36 38 41 45 46
 49 52 53 58 59 60 69])
Bicluster(rows=[14, 43], cols=[ 0  1  2  3  4  5  6 16 17 18 20 25 27 28 29 30 32 33 35 36 38 39 41 42
 43 44 47 52 56 62 63 67 71])
Bicluster(rows=[14, 44], cols=[ 1  3  5  6  7 10 14 16 17 18 23 24 25 26 31 32 34 35 36 38 41 43 45 46
 48 49 51 53 54 58 60 61 63 65 68 69 71 73])
Bicluster(rows=[14, 45], cols=[ 0  4  5 10 13 22 23 25 27 28 29 30 32 35 36 38 39 42 43 44 47 51 54 56
 59 61 63 64 72])
Bicluster(rows=[14, 46], cols=[ 0  3  6  8 10 14 16 22 24 25 26 28 31 32 34 35 36 38 40 41 42 43 44 45
 46 48 49 51 53 55 64 72])
Bicluster(rows=[14, 47], cols=[ 1  2  4  5 10 11 14 20 21 23 24 25 27 28 29 30 32 33 35 36 38 39 42 43
 54 59 61 64 66 67 68 69 70])
Bicluster(rows=[14, 48], cols=[ 3  4  5  7  8 11 15 19 20 21 22 23 24 49 50 53 55 56 59 60 61 62 63 66
 67 69 72])
Bicluster(rows=[14, 49], cols=[ 0  2  5  6 10 11 14 17 18 20 21 22 24 27 28 32 35 36 38 42 43 44 47 51
 54 56 63 64 68])
Bicluster(rows=[14, 50], cols=[ 1  9 12 13 19 21 22 24 25 27 28 29 30 32 35 38 39 42 43 44 47 50 52 56
 58 59 61 62 65 68 70 73 74])
Bicluster(rows=[14, 51], cols=[ 1  5  7 10 11 21 22 23 24 27 28 29 30 32 35 36 38 39 42 43 47 51 53 54
 56 59 63 67 72])
Bicluster(rows=[14, 52], cols=[ 4  5 12 13 18 19 20 21 22 23 24 27 28 29 32 35 36 38 42 43 44 47 50 53
 59 64 72 73 74])
Bicluster(rows=[14, 53], cols=[ 1  2  7  9 19 21 25 29 30 33 35 38 40 41 44 46 47 48 52 57 58 62 64 70
 71 72])
Bicluster(rows=[14, 54], cols=[ 0  2  5  6 10 13 18 20 21 22 25 27 28 29 30 32 35 36 38 39 42 43 44 47
 51 54 56 61 64 69])
Bicluster(rows=[14, 55], cols=[ 4 19 21 24 27 28 29 32 35 36 38 39 42 43 44 47 50 53 55 57 58 59 60 65
 68 71 72 73 74])
Bicluster(rows=[14, 56], cols=[ 3  5  8 10 15 18 19 22 23 25 27 28 29 32 33 35 36 38 39 41 42 43 44 46
 47 48 50 58])
Bicluster(rows=[14, 57], cols=[ 1  7 13 14 19 20 27 28 29 30 32 35 38 39 42 43 47 52 61 62 65 66 69 73
 74])
Bicluster(rows=[14, 58], cols=[ 1  2  9 11 12 13 14 17 19 20 21 22 24 27 28 29 30 32 35 36 39 42 43 47
 54 56 59 61 63 66 67 71])
Bicluster(rows=[14, 59], cols=[ 1  7  8  9 11 12 21 25 31 33 34 40 41 45 46 48 55 59 63 64 67 69 70 71
 72])
Bicluster(rows=[14, 60], cols=[ 2 17 18 20 21 23 25 28 29 30 33 35 38 39 40 41 42 43 44 47 48 57 58 61
 63])
Bicluster(rows=[14, 61], cols=[ 4  5  6 12 16 18 23 25 27 28 29 30 32 35 36 38 39 41 42 43 44 47 50 54
 58 59 60 63 64 71 74])
Bicluster(rows=[14, 62], cols=[ 2  4  7 24 25 29 30 33 40 41 44 46 47 48 50 52 53 54 55 62 63 65 66 67
 71 73])
Bicluster(rows=[14, 63], cols=[ 1  4 11 14 19 20 21 24 27 28 29 30 32 35 36 38 39 42 43 47 53 56 61 69
 70 72])
Bicluster(rows=[14, 64], cols=[ 0  1  2  5  6  7 11 13 14 15 19 20 21 24 26 28 31 35 38 41 42 44 49 56
 59 61 62 65 68 70 72 73])
Bicluster(rows=[14, 65], cols=[ 1  3  7 10 11 13 16 18 20 22 26 28 31 35 38 41 42 44 50 52 53 57 63 64
 67 68])
Bicluster(rows=[14, 66], cols=[ 5  9 11 12 13 17 22 23 25 30 31 35 37 45 47 49 50 52 53 61 62 65 66 69
 70 71 73])
Bicluster(rows=[14, 67], cols=[ 1  2 10 11 12 14 15 18 19 22 24 27 28 31 33 34 40 41 42 48 49 50 51 52
 53 55 58 59 60 61 62 66 67 69 70 72 73 74])
Bicluster(rows=[14, 68], cols=[ 2  4 11 12 13 22 23 24 29 30 34 35 37 39 41 44 45 46 47 49 53 54 55 56
 60 61 66 67 68 73 74])
Bicluster(rows=[14, 69], cols=[ 1  2  7  9 11 12 13 14 17 19 20 22 24 27 31 32 33 35 36 38 39 40 43 45
 51 52 53 59 61 66 67 68 69 72])
Bicluster(rows=[14, 70], cols=[ 0  4  6  9 10 11 12 13 17 21 22 26 27 29 42 44 45 46 49 50 52 55 58 59
 60 62 66 67 68 69 70 72 73 74])
Bicluster(rows=[14, 71], cols=[ 0  2  3  6  8 18 21 22 23 24 38 44 46 49 52 56 61 62 63 64 65 67 68 69
 70 71 72])
Bicluster(rows=[14, 72], cols=[ 0  1  3  6 12 14 15 18 21 23 27 28 31 38 41 42 45 47 50 51 52 53 55 58
 59 60 61 62 65 66 67 69 70 71 72 73 74])
Bicluster(rows=[14, 73], cols=[ 4  5  6  7  9 16 17 18 20 21 22 24 25 31 32 35 38 43 50 53 58 61 62 65
 66 69 70 71 73])
Bicluster(rows=[14, 74], cols=[ 1  2  9 12 13 17 19 20 23 24 25 28 31 34 35 39 40 42 44 46 49 50 51 52
 55 58 60 62 66 69 70 72 73 74])
Bicluster(rows=[14, 75], cols=[ 0  2  5  6 10 12 13 17 21 23 24 28 30 32 36 39 41 44 47 49 53 54 55 59
 60 61 66 67 68 69 72 73 74])
Bicluster(rows=[14, 76], cols=[ 1  2  5 11 12 13 17 20 21 22 24 25 29 31 32 34 35 38 39 40 41 42 44 45
 46 47 48 53 54 55 56 60 61 73 74])
Bicluster(rows=[14, 77], cols=[ 0  1  2  3  4  5 11 14 21 22 23 25 27 28 29 30 31 32 35 39 41 47 48 53
 54 55 59 60 61 66 67 68 69 72 73 74])
Bicluster(rows=[14, 78], cols=[ 4  5 10 11 12 13 17 20 24 25 29 30 32 34 36 37 40 42 45 46 50 57 58 66])
Bicluster(rows=[14, 79], cols=[ 0  4  6 10 14 20 23 28 29 30 31 41 42 48 49 50 53 61 62 65 66 69 70 71])
Bicluster(rows=[14, 80], cols=[ 2  4 11 19 20 21 24 25 28 31 34 40 43 44 45 46 47 48 61 62 64 65 66 69
 70 71])
Bicluster(rows=[14, 81], cols=[ 4 11 14 17 21 23 24 25 27 29 30 34 38 39 40 41 43 44 45 46 48 50 51 52
 55 58 59 60 62 66 69 70 72 73 74])
Bicluster(rows=[14, 82], cols=[ 0  1  2  4  5  7 12 17 19 21 23 24 27 28 29 30 37 39 41 44 45 48 51 54
 56 59 63 68])
Bicluster(rows=[14, 83], cols=[ 1  2 11 12 14 17 21 25 26 27 28 31 35 37 39 40 44 55 59 60 61 66 67 68
 69 72 73 74])
Bicluster(rows=[14, 84], cols=[ 4  5  7 12 15 16 17 18 22 30 33 35 47 49 50 51 52 53 55 58 59 60 61 62
 66 67 69 70 71 72 73 74])
Bicluster(rows=[14, 85], cols=[ 1  2  4  5 12 14 21 22 23 24 25 29 30 33 38 41 44 45 46 48 53 54 55 60
 61 66 67 68 69 72 73 74])
Bicluster(rows=[14, 86], cols=[ 2  4  6 10 11 14 17 18 20 22 23 24 30 31 34 40 46 47 48 49 53 55 56 60
 63 64 73 74])
Bicluster(rows=[14, 87], cols=[ 1  4  5  6  7 10 11 19 20 26 30 37 39 45 47 50 51 52 53 55 58 59 60 62
 66 69 70 72 73 74])
Bicluster(rows=[14, 88], cols=[ 0  2  3  6 11 13 14 22 23 26 32 37 39 44 45 46 48 54 55 58 59 60 61 62
 66 67 68 69 70 72 73 74])
Bicluster(rows=[14, 89], cols=[ 0  1  5 12 15 21 26 30 32 33 35 36 40 41 43 44 46 50 52 53 61 62 64 65
 66 67 69 70 71 72 73])
Bicluster(rows=[14, 90], cols=[ 0  2  4  7  8 10 11 13 14 17 19 25 28 30 31 33 34 35 38 40 42 44 45 46
 48 49 50 57 58])
Bicluster(rows=[14, 91], cols=[ 2  4  6 12 13 16 20 22 25 27 31 34 37 42 44 45 46 48 50 51 52 53 55 58
 60 62 65 66 69 70 71 73 74])
Bicluster(rows=[14, 92], cols=[ 2  4  5 14 20 21 22 23 25 30 35 37 38 39 40 41 43 46 48 49 50 51 55 58
 60 62 65 66 69 70 71 73 74])
Bicluster(rows=[14, 93], cols=[ 1  4  6  7 12 13 17 20 21 25 28 30 38 39 40 44 46 49 52 55 58 59 60 66
 67 68 69 70 72 73 74])
Bicluster(rows=[14, 94], cols=[ 1  2  5  6 10 11 18 23 24 29 31 33 34 36 37 38 42 44 45 49 50 52 53 58
 61 62 65 66 69 70 71 73 74])
Bicluster(rows=[14, 95], cols=[ 0  1  2  6 10 13 18 19 22 23 24 25 28 30 32 36 39 40 43 44 46 47 48 50
 61 62 64 66 69 70])
Bicluster(rows=[14, 96], cols=[ 1  4  7 10 11 16 20 25 26 27 31 35 40 42 44 47 48 49 52 61 62 64 65 66
 67 68 69 71 72])
Bicluster(rows=[14, 97], cols=[ 1  3  8 18 19 20 24 28 31 38 44 47 48 49 50 51 52 53 58 59 61 62 64 65
 66 67 68 69 70 71 72 73])
Bicluster(rows=[14, 98], cols=[ 5  6 12 13 14 17 20 21 24 25 28 30 33 34 37 41 42 44 47 48 53 54 55 56
 60 63 64 73 74])
Bicluster(rows=[14, 99], cols=[ 1  4  5  6  9 12 17 20 21 24 27 32 36 38 40 41 42 43 44 45 46 47 49 53
 56 65 66 67 68 70 71 72])
Bicluster(rows=[15, 16], cols=[ 1  2  4  5  7 11 12 13 14 17 19 20 21 22 23 24 25 29 30 31 33 35 37 38
 39 44 45 46 48 49 50 52 55 56 57 58 62 63 64 66 67 69 71 73 74])
Bicluster(rows=[15, 17], cols=[ 1  2  4  5  7 11 12 13 14 17 19 20 21 22 23 24 29 30 36 37 44 45 47 48
 49 57 58 62 63 64 65 67 68 70 72 73])
Bicluster(rows=[15, 18], cols=[ 0  1  2  4  5  6  7  9 10 11 12 13 14 15 17 18 19 20 21 22 23 24 26 27
 30 33 34 36 37 38 39 41 43 44 45 46 47 48 54 55 56 57 58 61 62 63 64 65
 66 67 68 69 72 73 74])
Bicluster(rows=[15, 19], cols=[ 0  1  2  3  4  5  6  7  8  9 10 11 12 13 14 15 16 17 18 19 20 21 22 23
 24 26 27 30 31 33 34 44 47 48 49 50 53 54 55 56 62 63 64 65 66 68 69 71
 72 74])
Bicluster(rows=[15, 20], cols=[ 2  4  5 11 12 14 17 20 21 22 24 29 30 36 37 44 45 46 49 50 53 56 60 61
 67 68 69 71 72])
Bicluster(rows=[15, 21], cols=[ 2  4  5 20 22 23 25 26 27 28 37 38 39 40 43 48 49 50 52 53 54 56 59 61
 62 64 66 67 68 69 72 73])
Bicluster(rows=[15, 22], cols=[ 0  1  2  3  4  5  6  7  8  9 10 11 12 13 14 15 16 17 18 19 20 21 22 23
 24 25 26 31 32 33 36 37 38 39 40 41 43 45 46 47 48 49 50 52 55 57 58 64
 65 68 69 71 72 73 74])
Bicluster(rows=[15, 23], cols=[ 1  2  4  5  7 11 12 13 14 17 19 20 21 22 24 25 26 30 37 38 40 41 45 57
 58 65 70 71])
Bicluster(rows=[15, 24], cols=[ 0  1  2  3  4  5  6  7  8  9 10 11 12 13 14 15 16 17 18 19 20 21 22 23
 24 26 27 31 34 35 36 38 43 45 46 50 56 62 64 65 67 68 74])
Bicluster(rows=[15, 25], cols=[ 0  1  2  3  4  5  6  7  8  9 10 11 12 13 14 15 16 17 18 19 20 21 22 23
 24 25 26 27 34 36 46 47 49 50 52 56 58 60 67 68 69])
Bicluster(rows=[15, 26], cols=[ 0  1  2  3  4  5  6  7  8  9 10 11 12 13 14 15 16 17 18 19 20 21 22 23
 24 25 29 34 36 40 46 48 49 52 55 56 58 60 61 64 68 69 70 71 72 73])
Bicluster(rows=[15, 27], cols=[ 0  1  2  3  4  5  6  7  8  9 10 11 12 13 14 15 16 17 18 19 20 21 22 23
 24 36 38 46 49 52 54 55 56 60 62 63 64 65 67 68 69 73])
Bicluster(rows=[15, 28], cols=[ 0  1  2  3  4  5  6  7  8  9 10 11 12 13 14 15 16 17 18 19 20 21 22 23
 24 26 29 31 33 34 36 38 39 41 44 46 48 49 50 53 54 55 56 58 60 61 62 63
 65 66 67 68 69 70 71 72 73 74])
Bicluster(rows=[15, 29], cols=[ 0  1  2  3  4  5  6  7  8  9 10 11 12 13 14 15 16 17 18 19 20 21 22 23
 24 26 27 29 39 44 46 49 50 53 56 58 62 64 65 68 69 72 73])
Bicluster(rows=[15, 30], cols=[ 0  1  2  3  4  5  6  7  8  9 10 11 12 13 14 15 16 17 18 19 20 21 22 23
 24 25 26 29 34 44 49 50 56 62 67 69 70 72])
Bicluster(rows=[15, 31], cols=[ 0  1  2  3  4  5  6  7  8  9 10 11 12 13 14 15 16 17 18 19 20 21 22 23
 24 25 34 40 49 50 52 60 67 72])
Bicluster(rows=[15, 32], cols=[ 0  1  2  3  4  5  6  7  8  9 10 11 12 13 14 15 16 17 18 19 20 21 22 23
 24 25 29 34 50 52 56 60 67])
Bicluster(rows=[15, 33], cols=[ 0  4  5  6 14 15 17 18 19 21 22 23 24 29 30 31 33 35 36 37 38 39 41 43
 44 45 47 48 53 54 55 58 60 62 63 64 70])
Bicluster(rows=[15, 34], cols=[ 2  3  4  5  6 10 13 14 16 18 20 21 23 26 27 37 39 44 46 47 49 53 56 65
 66 68 69 71 73 74])
Bicluster(rows=[15, 35], cols=[ 0  1  2  4  5  6 11 12 14 16 18 19 20 22 23 29 30 31 32 35 36 37 38 39
 41 43 44 45 47 48 50 52 54 56 58 64 66 68 71 73])
Bicluster(rows=[15, 36], cols=[ 0  1  2  6  7  8  9 14 15 16 17 18 20 21 23 26 29 30 31 33 35 36 37 38
 39 41 43 44 45 46 47 48 50 52 56 57 58 59 64 67 69 72])
Bicluster(rows=[15, 37], cols=[ 2  4  7  9 13 19 20 21 22 24 26 29 30 31 32 33 35 36 37 38 39 41 43 44
 45 47 48 51 56 57 67 68 70 71 74])
Bicluster(rows=[15, 38], cols=[ 0  1  5  6 12 18 22 26 31 35 36 38 39 41 43 44 45 48 51 52 54 56 59 60
 61 64 72 73 74])
Bicluster(rows=[15, 39], cols=[ 0  2  4  6  8 10 12 15 18 23 26 27 37 39 46 47 49 50 53 56 57 65 67 71])
Bicluster(rows=[15, 40], cols=[ 0  5  6 21 24 25 26 27 34 39 40 47 53 58 61 62 64 67 69 70 71 72])
Bicluster(rows=[15, 41], cols=[ 1  5  6  7  8 11 12 15 16 18 19 20 21 24 26 31 35 36 38 41 43 44 45 50
 53 60 62 65 69 71 73 74])
Bicluster(rows=[15, 42], cols=[ 0  1  2  4 10 11 12 15 22 23 28 31 32 35 36 38 41 42 43 46 49 55 63 65
 67 69 71 72 73])
Bicluster(rows=[15, 43], cols=[ 2  4  5  7  8  9 11 12 13 14 17 18 19 20 21 24 26 29 31 32 35 36 38 39
 41 43 44 45 48 56 60 62 67 70 71])
Bicluster(rows=[15, 44], cols=[ 5  6  9 10 14 15 18 23 27 28 31 34 35 36 38 40 41 42 46 49 50 52 53 64
 69 71 73])
Bicluster(rows=[15, 45], cols=[ 1  2  6 12 15 17 19 21 22 23 26 31 32 35 36 38 41 43 44 45 50 55 60 61
 62 65 67 72])
Bicluster(rows=[15, 46], cols=[ 0  1  2  4  5  6 10 13 15 17 20 21 22 26 27 37 38 39 44 46 47 49 50 55
 58 64 68 69 72])
Bicluster(rows=[15, 47], cols=[ 0  2  4  6 12 13 17 18 20 23 26 29 31 35 36 38 39 41 43 44 45 48 50 52
 61 65 66 67 69 70])
Bicluster(rows=[15, 48], cols=[ 0  2  3  6  8 10 12 14 15 18 23 30 31 37 38 39 41 44 45 46 47 48 50 52
 60 65 67 71 74])
Bicluster(rows=[15, 49], cols=[ 1  2  3  5  7 12 13 16 19 20 21 22 23 24 26 31 35 36 38 41 43 44 45 48
 50 52 56 58 65 69])
Bicluster(rows=[15, 50], cols=[ 0  2  4  5  9 10 12 13 15 17 18 19 25 26 27 34 37 39 40 47 55 60 61 64
 67 68 71])
Bicluster(rows=[15, 51], cols=[ 3  4  6  9 11 12 13 14 17 22 23 24 26 31 35 36 38 41 43 44 45 48 50 52
 53 58 60 65 67 68 74])
Bicluster(rows=[15, 52], cols=[ 0  1  2  4  5  6  7 11 14 15 20 22 23 24 26 31 35 36 38 41 43 44 45 52
 53 58 60 61 65 72 74])
Bicluster(rows=[15, 53], cols=[ 4  5  6  8  9 10 11 12 13 14 15 18 22 24 28 31 32 35 36 38 41 42 43 44
 45 48 54 55 56 58 62 71 74])
Bicluster(rows=[15, 54], cols=[ 0  1  2  3  4  5 10 11 12 14 15 16 17 18 19 20 22 24 31 32 35 36 38 39
 41 43 44 50 52 56 61 63 65 67 69 74])
Bicluster(rows=[15, 55], cols=[ 0  1  2  8 13 16 18 23 27 28 31 34 35 36 38 40 41 42 46 49 50 54 56 59
 60 61 64 69 71])
Bicluster(rows=[15, 56], cols=[ 0  1  6 15 17 29 30 31 32 35 36 37 38 39 41 43 45 47 53 55 64 67 69 72
 73])
Bicluster(rows=[15, 57], cols=[ 0  4  6 10 11 15 16 17 19 22 23 25 26 34 40 47 50 54 58 61 66 69 71])
Bicluster(rows=[15, 58], cols=[ 0  2  4  7 10 11 15 17 18 20 21 23 24 26 31 35 36 38 41 43 44 45 48 50
 52 56 58 60 64 65 67 71])
Bicluster(rows=[15, 59], cols=[ 0  1  9 11 16 21 22 24 28 31 32 35 36 38 41 42 43 45 46 48 49 59 62 63
 64 67 69 71 72 73])
Bicluster(rows=[15, 60], cols=[ 0  3  9 10 11 14 16 22 30 31 33 35 36 37 38 39 41 43 44 45 47 48 50 51
 54 58 59 61 63 68 70 74])
Bicluster(rows=[15, 61], cols=[ 0  2  3  6  7  8 11 15 19 23 24 26 31 35 36 38 39 41 43 44 45 48 55 65
 66 67 74])
Bicluster(rows=[15, 62], cols=[ 0  5  6 13 15 18 19 20 21 22 31 32 35 36 38 41 42 43 45 48 50 53 54 56
 63 64 65 66 70 74])
Bicluster(rows=[15, 63], cols=[ 2  3  5 11 13 15 16 18 20 21 24 26 32 35 36 38 41 43 44 50 53 54 55 57
 58 60 61 64 65 68 69 70 71])
Bicluster(rows=[15, 64], cols=[ 2  4  6  8 16 18 20 25 27 28 34 35 38 40 41 42 44 46 50 52 55 56 60 61
 63 64 68 72 74])
Bicluster(rows=[15, 65], cols=[ 6  8 10 14 18 24 25 27 28 34 35 38 40 41 42 44 46 55 56 58 64 68 69 74])
Bicluster(rows=[15, 66], cols=[ 0  5  6 15 16 19 20 21 22 23 27 32 34 35 37 38 49 53 55 57 61 62 63 64
 66 68 70 71 72 73 74])
Bicluster(rows=[15, 67], cols=[ 2  4  5  7  9 12 19 22 24 27 33 34 40 46 50 53 56 58 61 62 64 67 69 73
 74])
Bicluster(rows=[15, 68], cols=[ 0  2  4  5  6  7 10 11 12 13 15 18 20 26 27 29 30 38 48 49 50 51 56 62
 67 68 72])
Bicluster(rows=[15, 69], cols=[ 7  8  9 10 18 23 27 28 30 34 38 39 44 48 51 53 54 55 57 59 61 63 64 66
 70 73 74])
Bicluster(rows=[15, 70], cols=[ 3  5  7  8  9 16 24 26 27 28 32 33 34 39 40 42 47 50 51 54 57 58 59 60
 61 62 64 66 68 69 70 72])
Bicluster(rows=[15, 71], cols=[ 0  4  6  7 11 13 16 18 19 20 22 23 25 34 38 40 44 46 49 50 51 54 57 58
 59 60 61 62 63 64 66 68 69 70 72])
Bicluster(rows=[15, 72], cols=[ 7  9 13 16 18 19 20 23 24 25 29 30 37 38 40 49 50 53 55 57 58 61 62 63
 64 65 66 68 69 70 71 72 73 74])
Bicluster(rows=[15, 73], cols=[ 3  5  8 11 18 19 20 21 22 26 27 29 30 32 34 38 43 45 47 53 54 55 57 61
 62 63 64 66 68 70 72 73 74])
Bicluster(rows=[15, 74], cols=[ 1  2  4  8 12 14 15 16 17 24 25 26 29 32 34 38 41 45 50 53 58 61 62 64
 66 67 68 69 72 73 74])
Bicluster(rows=[15, 75], cols=[ 0  3  5  6 10 11 14 16 20 23 27 29 31 32 36 39 41 42 44 46 48 49 53 61
 62 64 65 66 68 69 72 73 74])
Bicluster(rows=[15, 76], cols=[ 1  2  4  5  6  8 10 13 15 17 18 20 22 23 24 26 27 29 46 49 50 51 54 57
 58 59 60 62 68 69 70 72])
Bicluster(rows=[15, 77], cols=[ 1  8 13 15 18 20 24 27 31 35 36 39 41 42 43 47 48 49 50 51 54 57 58 59
 60 61 62 64 66 68 69 70 72])
Bicluster(rows=[15, 78], cols=[ 0  1  2  4  5  6  7  9 11 12 13 14 17 18 19 20 24 25 34 39 48 49 50 51
 54 57 58 59 60 61 62 63 64 66 68 69 70 72])
Bicluster(rows=[15, 79], cols=[ 0  1  3  4  5  6  7  8 10 11 12 13 15 16 17 22 23 24 27 29 30 31 34 40
 41 42 43 44 45 46 48 49 51 53 54 55 57 59 61 63 64 66 70 73 74])
Bicluster(rows=[15, 80], cols=[ 0  2  3  4  5 10 11 16 18 20 23 24 26 27 28 29 34 37 39 43 44 46 48 51
 54 57 58 59 60 61 62 63 64 66 68 69 70])
Bicluster(rows=[15, 81], cols=[ 3  5  6  8 10 15 16 18 20 27 30 32 33 35 36 37 38 39 41 42 44 45 46 48
 49 50 56 58 60 67 71])
Bicluster(rows=[15, 82], cols=[ 3  8  9 11 15 18 20 25 28 29 30 33 35 36 38 39 43 45 47 50 51 54 56 58
 60 62 67 68 69 72])
Bicluster(rows=[15, 83], cols=[ 0  1  5  6  7 10 15 16 18 20 22 23 24 25 27 29 31 34 36 39 42 44 46 49
 50 51 54 57 58 59 60 61 62 66 68 69 70 72])
Bicluster(rows=[15, 84], cols=[ 1  4  5  6  8 13 14 18 19 21 22 25 28 33 41 45 46 48 49 53 55 57 58 61
 62 63 64 65 66 68 69 70 71 72 73 74])
Bicluster(rows=[15, 85], cols=[ 0  1  3 12 14 15 16 18 20 24 25 26 27 29 30 34 35 39 40 43 44 45 46 48
 49 50 51 54 56 59 62 67 68 69 72])
Bicluster(rows=[15, 86], cols=[ 0  2  6  7 10 11 14 15 16 17 18 20 22 24 27 30 36 39 44 45 46 49 50 51
 54 57 58 59 60 62 68 69 70 72])
Bicluster(rows=[15, 87], cols=[ 0  2 15 16 17 18 21 23 25 26 30 33 34 35 39 40 43 45 47 50 56 58 62 64
 65 67 68 69 71 72])
Bicluster(rows=[15, 88], cols=[ 0  1  2 12 15 19 22 23 24 25 29 31 34 41 42 43 44 46 47 50 53 58 61 62
 64 66 67 69 72 73 74])
Bicluster(rows=[15, 89], cols=[ 0  4  5  7  8 11 16 24 25 28 31 32 33 35 36 41 43 44 53 54 55 57 58 61
 62 63 64 66 68 69 70 71 72 73 74])
Bicluster(rows=[15, 90], cols=[ 1  4  6  9 11 13 14 17 18 19 21 22 23 24 25 26 29 34 39 41 50 51 54 57
 58 59 60 61 62 66 68 69 70 72])
Bicluster(rows=[15, 91], cols=[ 0  1  2  4 10 12 14 17 18 20 21 22 24 27 29 37 40 41 53 55 57 61 62 63
 64 65 66 68 69 70 71 72 73 74])
Bicluster(rows=[15, 92], cols=[ 0  1  2  3  4  5 10 11 12 13 16 19 20 22 23 27 29 31 37 43 45 46 53 54
 55 57 61 62 63 64 65 66 68 69 70 71 72 73 74])
Bicluster(rows=[15, 93], cols=[ 0  4  8 10 11 14 16 17 18 19 20 21 23 27 29 41 42 45 47 48 50 52 53 58
 61 62 64 66 67 69 73 74])
Bicluster(rows=[15, 94], cols=[ 0  2  5  7 12 13 14 15 17 18 19 21 23 25 26 30 33 34 35 36 37 38 41 46
 47 48 53 55 57 58 61 62 63 64 65 66 68 69 70 71 72 73 74])
Bicluster(rows=[15, 95], cols=[ 0  2  3  5  6  7 10 11 12 14 15 16 17 18 20 21 22 23 24 27 31 32 36 39
 43 44 46 48 49 51 54 57 59 60 61 63 64 66 70 73])
Bicluster(rows=[15, 96], cols=[ 3  4  9 14 19 28 33 34 35 37 48 49 50 51 54 57 58 59 60 61 62 63 64 66
 68 69 70 72])
Bicluster(rows=[15, 97], cols=[ 4  5  7 13 14 16 17 18 22 23 26 27 38 39 42 44 48 49 53 54 55 57 61 62
 63 64 66 68 70 71 72 73 74])
Bicluster(rows=[15, 98], cols=[ 3  5 10 13 14 16 17 18 20 21 22 23 25 26 27 29 30 36 38 39 40 43 49 50
 51 54 57 58 59 60 61 62 63 66 68 69 70 72])
Bicluster(rows=[15, 99], cols=[ 4  8 10 11 15 16 19 20 26 30 31 36 38 43 46 48 49 50 53 55 56 57 58 60
 62 64 66 67 72])
Bicluster(rows=[16, 17], cols=[ 0  1  2  3  4  5  6  7  8  9 10 11 12 13 14 15 16 17 18 19 20 21 22 23
 24 27 28 30 32 34 37 41 43 44 45 48 49 50 51 54 56 58 60 62 63 64 67 69
 72 73])
Bicluster(rows=[16, 18], cols=[ 0  1  2  4  5  6  7  9 10 11 12 13 14 17 18 19 20 21 22 23 24 29 30 33
 37 38 42 44 45 48 51 55 56 57 58 60 62 64 66 67 69 70 73 74])
Bicluster(rows=[16, 19], cols=[ 1  2  4  5  7 11 12 13 14 17 19 20 21 22 24 30 31 32 41 44 48 49 50 55
 56 60 62 63 66 71])
Bicluster(rows=[16, 20], cols=[ 0  2  3  4  5  6  8 10 15 16 18 22 23 27 29 30 31 32 34 37 42 43 45 46
 48 49 50 51 57 60 62 64 67 69 70 71 73])
Bicluster(rows=[16, 21], cols=[ 0  3  6  8 15 16 25 30 32 34 35 36 37 38 39 45 47 48 49 50 58 59 62 63
 64 66 67 69 71 73])
Bicluster(rows=[16, 22], cols=[ 1  2  4  5  7 11 12 13 14 17 19 20 21 22 24 25 26 31 33 34 37 38 39 42
 45 46 48 49 50 52 58 60 68 69 70 71])
Bicluster(rows=[16, 23], cols=[ 0  1  2  3  4  5  6  7  8  9 10 11 12 13 14 15 16 17 18 19 20 21 22 23
 24 25 28 30 36 43 45 47 54 57 58 60 63 70 71 72])
Bicluster(rows=[16, 24], cols=[ 3  8 15 16 25 26 28 29 30 32 33 34 36 37 39 40 42 43 44 46 48 50 52 54
 55 57 60 68 69 70 71 73])
Bicluster(rows=[16, 25], cols=[ 3  8 15 16 29 30 31 32 33 34 35 36 37 38 39 40 45 46 47 50 55 56 57 59
 62 66 68 69 71 73])
Bicluster(rows=[16, 26], cols=[ 3  8 15 16 27 28 29 33 34 36 37 38 39 40 42 43 45 50 51 57 58 60 63 67
 69 70 71 72 74])
Bicluster(rows=[16, 27], cols=[ 0  3  8 15 16 25 27 29 30 35 37 39 42 44 46 47 48 49 50 53 54 56 59 60
 65 67])
Bicluster(rows=[16, 28], cols=[ 1  2  4  5  7 11 12 13 14 17 19 20 21 22 23 24 26 27 29 31 32 33 38 39
 42 43 46 47 49 50 56 57 63 66 71 73 74])
Bicluster(rows=[16, 29], cols=[ 3  8 15 16 29 31 32 35 36 37 38 40 42 44 45 46 48 49 50 51 53 57 58 60
 62 63 66 67 68 70 71 72])
Bicluster(rows=[16, 30], cols=[ 3  8 15 16 27 29 30 31 32 33 34 35 37 42 44 45 48 50 57 59 62 63 64 66
 69 70 72 73])
Bicluster(rows=[16, 31], cols=[ 0  3  6  8 15 16 27 29 30 31 32 33 34 35 37 39 40 42 44 45 48 50 53 57
 59 60 61 62 63 64 69 71 72 73])
Bicluster(rows=[16, 32], cols=[ 0  3  6  8 10 15 16 18 27 30 31 32 33 34 35 37 38 39 40 42 45 50 57 59
 62 64 66 69 71 73])
Bicluster(rows=[16, 33], cols=[ 3  4  5 12 14 16 17 19 21 24 29 30 31 32 33 34 35 37 38 39 40 42 44 45
 46 48 49 51 57 58 62 63 64 65 66 67 68 72])
Bicluster(rows=[16, 34], cols=[ 0  2  4  5  7  8 10 11 12 15 18 20 23 24 29 36 37 39 41 43 44 50 53 56
 58 60 65 66 73])
Bicluster(rows=[16, 35], cols=[ 1  2  4  5  7  8 10 11 12 13 14 15 18 19 20 22 27 29 30 31 32 33 34 35
 38 39 40 42 45 46 48 52 53 56 57 58 63 65 70 71 72 73])
Bicluster(rows=[16, 36], cols=[ 0  4  5  8 10 12 15 16 19 24 25 26 28 36 41 43 47 50 55 56 58 60 62 63
 65 66 67 71 72 73])
Bicluster(rows=[16, 37], cols=[ 4  7  8  9 13 15 18 19 20 21 22 24 27 29 30 31 32 33 34 35 37 38 39 40
 42 44 45 46 48 49 52 54 56 60 61 64 65 67 68 69 71])
Bicluster(rows=[16, 38], cols=[ 0  1  5  6  8 11 12 13 15 18 22 23 26 36 41 43 47 50 51 52 54 57 62 67
 71 72])
Bicluster(rows=[16, 39], cols=[ 0  1  2  5  7  9 11 12 14 16 17 18 19 20 21 22 23 24 25 29 30 36 37 41
 53 57 67 68 71])
Bicluster(rows=[16, 40], cols=[ 1  2  4  6  7 11 12 13 14 17 19 20 22 23 26 33 36 40 43 45 46 48 49 50
 51 52 54 56 67 68 72])
Bicluster(rows=[16, 41], cols=[ 0  1  5  7  9 11 12 13 19 20 21 24 31 32 33 34 35 38 40 44 45 46 47 48
 50 51 53 62 63 65 68 73])
Bicluster(rows=[16, 42], cols=[ 0  2  3  4  5  6  7  8  9 10 12 14 16 17 20 22 23 24 25 29 30 36 37 39
 41 43 44 52 53 56 65])
Bicluster(rows=[16, 43], cols=[ 0  2  3  4  5  6  7  9 11 12 13 14 15 16 17 19 20 21 22 24 27 31 32 33
 34 35 38 40 42 44 45 46 47 48 53 56 62 65 67 70 71 72])
Bicluster(rows=[16, 44], cols=[ 1  2  3  4  5  6  7  8 10 14 15 16 17 18 21 22 23 24 25 29 30 36 37 41
 43 52 53 58])
Bicluster(rows=[16, 45], cols=[ 0  1  2  3  7  8  9 10 12 14 16 17 19 21 22 23 27 31 32 33 34 35 38 40
 42 44 45 46 47 48 50 51 54 56 67 70 72])
Bicluster(rows=[16, 46], cols=[ 1  2  3  4  5  8 13 17 18 20 21 29 31 32 35 37 38 39 42 43 44 46 48 49
 51 53 54 55 58 60 63 65 69 70])
Bicluster(rows=[16, 47], cols=[ 0  2  3  4  5  6  7  8  9 10 11 12 14 15 16 17 18 19 20 21 23 24 31 32
 33 34 35 38 40 42 44 45 46 47 48 49 52 60 67 68])
Bicluster(rows=[16, 48], cols=[ 0  5  6  7 11 16 19 21 23 24 31 32 34 35 38 39 40 42 45 46 48 49 54 63
 70 71 72 74])
Bicluster(rows=[16, 49], cols=[ 0  1  2  4  5  6  7  8  9 10 12 13 14 18 19 20 21 22 23 24 31 32 33 34
 40 44 45 46 47 48 49 51 52 53 54 56 58 67 68 70 72])
Bicluster(rows=[16, 50], cols=[ 1  6  7 11 14 15 21 22 24 31 32 33 34 40 44 45 46 47 48 52 56 57 62 63
 66 67 68 69 74])
Bicluster(rows=[16, 51], cols=[ 0  4  5  8 10 11 12 13 14 17 19 22 23 24 31 32 33 34 35 38 40 42 44 45
 46 47 48 51 52 53 67 68 70 72])
Bicluster(rows=[16, 52], cols=[ 0  1  2  3  4  5  6  8 11 12 13 14 16 19 20 21 22 23 24 26 31 32 33 34
 40 44 45 46 48 49 50 52 53 54 65 67 72 73])
Bicluster(rows=[16, 53], cols=[ 1  4  5  9 12 13 14 16 22 24 31 32 34 35 38 39 40 42 45 46 48 49 50 51
 53 56 58 60 62 64 65 66 67 68 69 70 71])
Bicluster(rows=[16, 54], cols=[ 0  1  2  4  5  6  7  8  9 10 11 12 14 17 18 19 20 21 22 23 24 27 31 32
 33 34 35 38 40 42 44 45 46 47 48 51 52 53 54 56 63 65 67 68 72])
Bicluster(rows=[16, 55], cols=[ 4  6  9 15 21 22 24 26 28 31 32 34 40 44 45 46 48 50 51 53 54 55 62 63
 66 67 68 69 71 72 74])
Bicluster(rows=[16, 56], cols=[ 0  2  3  4  6  7  8 11 12 13 15 20 24 27 31 32 33 34 35 38 40 42 44 45
 46 48 50 51 53 56 60 70 72 73])
Bicluster(rows=[16, 57], cols=[ 1  2  4  5  6  7  9 11 12 13 14 15 16 19 21 23 24 26 28 33 36 40 41 43
 48 49 52 53 67 68 70 72])
Bicluster(rows=[16, 58], cols=[ 0  1  2  3  4  5  7  8 11 12 13 14 17 18 20 21 22 23 24 31 32 33 34 40
 44 45 46 47 48 49 51 52 56 65 67 68 70 71])
Bicluster(rows=[16, 59], cols=[ 1  4  5  6  7  9 10 18 31 32 35 37 38 39 42 45 46 48 49 51 54 56 59 62
 63 64 66 67 68 70 71 73])
Bicluster(rows=[16, 60], cols=[ 8  9 10 11 14 19 22 29 30 31 32 35 37 38 39 40 42 44 45 46 48 49 55 58
 59 63 64 69 73])
Bicluster(rows=[16, 61], cols=[ 1  2  7 11 14 16 18 19 23 24 31 32 33 34 35 38 40 42 44 45 46 47 48 53
 54 59 66 67 68 70])
Bicluster(rows=[16, 62], cols=[ 0  1  5  6  7  8  9 11 12 16 18 20 23 29 32 37 39 42 43 44 46 49 52 53
 63 65 70])
Bicluster(rows=[16, 63], cols=[ 2  5  7  8  9 11 18 19 20 21 24 26 27 31 32 34 35 38 42 44 51 53 55 57
 58 59 64 65 68 70 71 72])
Bicluster(rows=[16, 64], cols=[ 0  1  2  3  4  5  6  7  9 11 12 14 15 17 18 19 20 21 22 23 24 25 29 30
 36 37 41 52 54 56 67 68 70 72])
Bicluster(rows=[16, 65], cols=[ 0  7 12 13 19 21 23 26 31 32 33 40 44 45 46 48 53 58 59 60 63 67 70 71
 73])
Bicluster(rows=[16, 66], cols=[ 1  5  6  7 12 17 22 23 28 29 35 38 43 47 50 57 58 59 60 62 63 64 69 71
 73])
Bicluster(rows=[16, 67], cols=[ 7  9 10 13 15 17 18 25 27 33 41 42 43 46 48 50 51 55 57 62 63 64 66 69
 70 71 73 74])
Bicluster(rows=[16, 68], cols=[ 6  9 10 14 15 17 18 19 22 23 24 31 32 37 39 41 43 47 50 52 54 56 58 63
 64 67 68 70 72 73 74])
Bicluster(rows=[16, 69], cols=[ 2 21 22 27 29 30 33 35 38 39 40 41 46 49 50 51 55 57 58 62 63 64 70 71
 73])
Bicluster(rows=[16, 70], cols=[ 0  4  6 11 12 13 14 18 19 21 22 25 28 30 31 34 35 36 47 48 50 52 54 55
 58 63 64 65 67 68 70 72 73])
Bicluster(rows=[16, 71], cols=[ 5 12 15 17 21 29 30 31 32 33 34 35 37 40 42 44 45 48 49 52 53 54 55 56
 58 60 65 67 68 70 72])
Bicluster(rows=[16, 72], cols=[ 0  6  7  8 14 15 18 19 20 23 24 25 26 27 29 30 32 36 37 38 41 43 47 49
 50 51 55 57 59 62 63 64 66 69 71 73 74])
Bicluster(rows=[16, 73], cols=[ 5  6 11 14 15 16 18 19 20 21 22 28 29 30 40 41 45 46 50 53 57 58 59 60
 62 63 64 69 71 73])
Bicluster(rows=[16, 74], cols=[ 1  2  3  4 12 14 17 18 19 23 24 25 29 33 36 38 44 45 47 50 54 55 57 58
 62 63 64 65 67 68 70 72 73])
Bicluster(rows=[16, 75], cols=[ 0  2  5  6  7  8  9 10 12 16 19 21 23 24 25 31 32 34 38 41 42 44 45 47
 48 52 53 54 55 56 58 60 65 67 68 70 72])
Bicluster(rows=[16, 76], cols=[ 7  8  9 11 12 14 15 19 26 30 35 36 38 39 40 42 43 44 46 47 49 56 58 64
 73 74])
Bicluster(rows=[16, 77], cols=[ 0  2  3  5  7  9 11 12 16 17 19 22 23 26 27 36 38 45 47 49 50 52 54 55
 58 63 64 65 67 68 70 72 73 74])
Bicluster(rows=[16, 78], cols=[ 0  1  2  3  4  5  8 11 12 13 15 16 17 18 19 20 24 25 26 32 36 39 41 47
 48 50 57 58 59 62 63 69 70])
Bicluster(rows=[16, 79], cols=[ 0  4  5  6  7 10 11 13 21 22 23 24 26 36 42 45 48 49 50 53 57 58 59 60
 62 63 64 69 73])
Bicluster(rows=[16, 80], cols=[ 9 12 19 22 27 28 29 31 32 33 34 35 38 40 42 43 44 45 46 48 49 50 52 54
 55 56 58 63 64 65 67 68 70 72 73 74])
Bicluster(rows=[16, 81], cols=[ 0  2  3  4  7  8 11 14 17 19 21 24 25 26 28 41 43 47 49 50 54 55 57 58
 62 63 64 65 67 68 70 72 73 74])
Bicluster(rows=[16, 82], cols=[ 1  4  5  6 12 13 17 19 21 22 24 26 28 31 36 40 41 42 43 46 47 49 50 54
 55 58 63 64 65 67 68 70 72 73])
Bicluster(rows=[16, 83], cols=[ 2  9 11 12 13 14 15 17 19 27 29 32 34 36 37 41 44 45 46 49 50 52 54 56
 58 63 64 67 68 70 72 73 74])
Bicluster(rows=[16, 84], cols=[ 1  5 13 14 15 16 19 21 25 26 27 33 34 35 36 42 43 45 46 47 48 50 55 57
 59 62 63 64 66 69 71 73 74])
Bicluster(rows=[16, 85], cols=[ 2  4  5  6  7  9 10 11 13 15 17 19 21 22 23 26 31 32 33 34 40 41 44 49
 50 52 54 56 58 63 64 67 68 70 72 73 74])
Bicluster(rows=[16, 86], cols=[ 1  4  5 12 13 15 18 19 21 23 28 29 31 32 33 40 41 42 43 46 47 48 49 56
 58 64 67 73 74])
Bicluster(rows=[16, 87], cols=[ 2  3  8 17 19 23 25 26 27 30 33 35 39 41 42 45 49 51 53 54 56 58 67 68
 70 71 72])
Bicluster(rows=[16, 88], cols=[ 0  1  2  3  6  8  9 12 19 22 23 24 25 29 31 32 40 42 44 48 49 50 52 54
 55 57 58 63 64 65 67 68 70 72 73])
Bicluster(rows=[16, 89], cols=[ 1  2  6 10 13 17 20 23 26 27 28 30 34 36 37 39 41 42 43 44 45 48 49 52
 53 54 56 58 60 65 67 68 70 72])
Bicluster(rows=[16, 90], cols=[ 0  1  2  4  8  9 10 12 13 20 21 24 29 36 38 39 42 43 44 48 50 53 57 58
 59 62 63 69])
Bicluster(rows=[16, 91], cols=[ 2  6 14 16 17 21 22 24 26 28 29 30 37 42 43 44 48 50 51 55 57 59 62 63
 64 66 69 71 73 74])
Bicluster(rows=[16, 92], cols=[ 1  2  4  5  9 11 12 13 19 20 22 23 26 28 29 30 31 34 35 36 37 45 48 50
 51 55 57 59 62 63 64 66 69 71 73 74])
Bicluster(rows=[16, 93], cols=[ 0  4  6 11 12 14 17 20 21 23 26 29 32 36 43 45 48 50 52 54 55 58 63 64
 65 67 68 70 72 73 74])
Bicluster(rows=[16, 94], cols=[ 2  3  5  6  7  8  9 10 12 13 14 17 18 21 23 25 26 28 30 33 35 37 38 42
 44 46 48 50 55 57 59 60 62 63 64 66 69 71 73])
Bicluster(rows=[16, 95], cols=[ 0  2  5  6  8  9 10 11 12 14 17 18 20 21 22 23 24 26 31 32 41 44 46 47
 48 49 50 53 57 58 59 62 63 69])
Bicluster(rows=[16, 96], cols=[ 0  2 15 17 21 22 26 28 31 33 34 35 36 37 39 40 42 44 46 48 50 51 55 57
 62 63 64 65 69 71 73 74])
Bicluster(rows=[16, 97], cols=[ 3  4  5  6  7  8 10 11 13 14 17 22 23 26 29 32 34 38 39 41 43 44 46 48
 49 50 57 58 59 60 62 63 64 69 71 73])
Bicluster(rows=[16, 98], cols=[ 2  4  9 11 19 24 31 32 33 36 37 40 42 44 45 46 47 48 49 52 54 55 56 58
 67 68 70 72 73])
Bicluster(rows=[16, 99], cols=[ 4  5  7 10 11 13 20 24 26 27 28 29 30 31 32 34 41 42 47 48 50 54 55 56
 57 58 59 63 64 67 70 71 72])
Bicluster(rows=[17, 18], cols=[ 0  1  2  4  5  6  7 10 11 12 13 14 17 18 19 20 21 22 23 24 30 31 35 36
 37 39 40 43 45 47 52 55 57 58 59 60 63 64 65 67 68 69 72 73])
Bicluster(rows=[17, 19], cols=[ 1  7 11 12 13 14 17 19 20 21 22 24 26 27 28 29 30 32 35 39 40 41 42 43
 44 47 48 49 50 52 60 61 62 63 64 68])
Bicluster(rows=[17, 20], cols=[ 0  1  2  3  4  5  6  7  8 10 11 12 13 14 15 16 17 18 19 20 21 22 23 24
 25 26 27 29 30 34 35 37 40 41 44 45 54 55 58 59 62 64 65 66 67 72 74])
Bicluster(rows=[17, 21], cols=[ 0  3  6  8 10 15 16 18 26 31 33 34 37 39 42 43 48 49 51 55 61 62 64 65
 67 72 73])
Bicluster(rows=[17, 22], cols=[ 1  2  4  5  7 11 12 13 14 17 19 20 21 22 24 25 28 34 35 36 37 45 46 47
 48 49 51 57 58 60 61 65 69 74])
Bicluster(rows=[17, 23], cols=[ 0  1  2  3  4  5  6  7  8  9 10 11 12 13 14 15 16 17 18 19 20 21 22 23
 24 25 26 28 29 31 37 42 43 45 52 53 54 55 57 58 59 60 61 63 65 66 70 72
 74])
Bicluster(rows=[17, 24], cols=[ 0  3  8 15 16 30 31 32 34 37 38 40 41 44 47 48 50 51 54 55 59 60 65 66
 67 69])
Bicluster(rows=[17, 25], cols=[ 0  3  6  8 10 15 16 18 25 28 29 31 35 39 40 42 44 49 51 52 55 56 58 59
 60 61 63 64 65 66 67 72 74])
Bicluster(rows=[17, 26], cols=[ 1  2  4  5  7 11 12 13 14 17 19 20 21 22 24 29 33 35 36 42 43 53 55 58
 59 61 64 68 72 73])
Bicluster(rows=[17, 27], cols=[ 0  1  2  3  4  5  6  7  8  9 10 11 12 13 14 15 16 17 18 19 20 21 22 23
 24 26 28 29 31 35 38 39 41 42 51 53 56 59 61 72])
Bicluster(rows=[17, 28], cols=[ 1  2  4  5  7 11 12 13 14 17 19 20 21 22 24 27 35 36 40 43 48 49 50 51
 52 55 58 59 61 62 63 65 68 73])
Bicluster(rows=[17, 29], cols=[ 1  7 11 12 13 14 17 19 21 24 26 27 29 32 34 35 36 37 40 43 49 50 51 52
 55 60 61 62 65 66 68 69 73 74])
Bicluster(rows=[17, 30], cols=[ 3  8 15 16 27 29 30 34 36 37 39 40 43 44 45 46 48 49 50 51 52 54 55 59
 60 62 64 65 66 67 68 73 74])
Bicluster(rows=[17, 31], cols=[ 0  3  6  8 15 16 18 26 27 30 32 34 37 41 44 45 46 48 49 51 52 60 62 63
 65 66 68 69 73 74])
Bicluster(rows=[17, 32], cols=[ 0  3  6  8 10 15 16 18 25 26 27 29 30 34 36 37 40 45 46 48 50 51 52 55
 60 62 63 64 67 69 70 73])
Bicluster(rows=[17, 33], cols=[ 3  4  5 14 16 17 19 21 24 26 27 30 32 34 36 37 39 43 44 45 47 48 49 52
 55 61 62 63 64 71])
Bicluster(rows=[17, 34], cols=[ 0  2  4  5  7  8 10 11 12 15 18 20 23 25 26 31 33 41 43 44 47 50 55 56
 58 60 61 73 74])
Bicluster(rows=[17, 35], cols=[ 0  2  3  5  7  8 10 11 13 14 15 18 19 20 22 26 27 29 30 32 36 37 39 45
 46 47 48 53 55 56 58 59 64 66 68 73 74])
Bicluster(rows=[17, 36], cols=[ 1  2  3 13 14 17 18 20 21 23 26 27 30 32 34 37 39 40 43 44 45 47 48 49
 51 57 58 60 61 64 65 67 69 70 71 72])
Bicluster(rows=[17, 37], cols=[ 4  8 13 15 18 19 20 21 24 26 27 29 30 32 34 36 37 39 44 45 47 48 49 54
 56 57 59 60 62 66 67 69 74])
Bicluster(rows=[17, 38], cols=[ 1  5  8 12 15 18 22 23 25 28 31 34 35 40 41 42 43 44 49 50 51 54 56 57
 59 61 67 72 74])
Bicluster(rows=[17, 39], cols=[ 0  1  2  5  7  9 11 12 14 16 17 18 19 21 22 23 28 30 31 33 35 37 39 41
 56 59 66])
Bicluster(rows=[17, 40], cols=[ 1  2  6  7  8 11 12 14 15 16 17 19 20 22 23 28 38 39 42 47 52 53 56 61
 62 70 71])
Bicluster(rows=[17, 41], cols=[ 0  1  5  7  9 11 12 13 19 20 21 24 27 32 36 39 44 45 48 52 55 56 59 61
 62 73 74])
Bicluster(rows=[17, 42], cols=[ 0  2  4  5  6  7  9 10 11 12 13 14 16 17 18 20 22 23 24 28 30 31 33 35
 37 39 41 71])
Bicluster(rows=[17, 43], cols=[ 0  2  3  4  5  6  7 11 12 13 14 15 16 17 19 20 21 22 24 26 27 29 32 34
 36 39 44 45 46 48 52 53 61 62 67])
Bicluster(rows=[17, 44], cols=[ 1  2  3  4  5  6  7 10 12 13 14 16 17 18 20 21 22 23 24 28 29 30 31 33
 35 37 39 41 42 53 56])
Bicluster(rows=[17, 45], cols=[ 0  1  2  3  7  9 10 12 14 16 17 19 21 26 27 29 32 36 39 46 48 50 51 52
 53 55 56 59 62 64 65 67 71 72 74])
Bicluster(rows=[17, 46], cols=[ 2  3  4  5  8 13 17 18 20 21 25 26 27 32 33 34 40 43 45 47 49 52 54 58
 60 63 64 66 68 69 71 72])
Bicluster(rows=[17, 47], cols=[ 0  2  3  4  5  6  7  8  9 10 11 15 16 17 18 19 20 21 23 26 27 29 32 36
 39 45 46 48 53 59 60 61 65 66 67 70 71])
Bicluster(rows=[17, 48], cols=[ 0  5  6  7 10 11 16 19 21 23 24 25 26 30 34 37 39 40 43 44 47 49 53 74])
Bicluster(rows=[17, 49], cols=[ 0  1  2  5  6  8  9 10 13 14 15 18 19 20 21 22 23 24 27 32 36 44 45 46
 48 53 58 65])
Bicluster(rows=[17, 50], cols=[ 1  6  7 15 21 24 28 34 43 44 45 48 49 50 51 54 56 60 61 62 64 67 69 71
 72])
Bicluster(rows=[17, 51], cols=[ 1  3  4  6 11 18 19 20 21 22 24 29 30 37 38 42 52 53 55 57 58 59 61 62
 63 64 66 67 69 72 73])
Bicluster(rows=[17, 52], cols=[ 0  1  2  3  4  5  6  8 12 13 14 16 19 21 22 23 24 27 28 34 42 43 44 45
 48 49 61 67 71 73 74])
Bicluster(rows=[17, 53], cols=[ 1  4  5 11 12 14 16 19 22 24 25 30 37 39 40 43 44 47 52 53 54 55 56 59
 61 64 66 72 74])
Bicluster(rows=[17, 54], cols=[ 0  1  2  4  5  6  7  8  9 10 11 12 14 17 18 20 22 23 24 26 27 29 32 36
 39 45 46 48 53 54 55 56 61 63 66 74])
Bicluster(rows=[17, 55], cols=[ 4  6  9 15 17 19 21 22 24 27 28 34 42 43 44 45 48 51 52 53 57 61 63 64
 65 67 69 70])
Bicluster(rows=[17, 56], cols=[ 0  2  4  6  7 11 12 13 20 26 27 29 32 36 37 39 45 46 47 48 50 55 59 60
 65 71 72 73 74])
Bicluster(rows=[17, 57], cols=[ 1  2  5  6  7 12 13 14 15 16 21 23 24 27 34 35 41 42 43 45 48 55 56 59
 62 65 67 70 71 72 73])
Bicluster(rows=[17, 58], cols=[ 0  1  2  3  4  5  8 11 12 13 14 17 18 21 23 24 27 32 36 44 45 46 48 51
 53 56 61 64 66 67])
Bicluster(rows=[17, 59], cols=[ 1  4  5  6  7  9 10 18 21 24 25 26 34 37 40 43 44 47 49 50 52 54 56 58
 59 60 62 63 64 65 67 72])
Bicluster(rows=[17, 60], cols=[ 8 10 11 19 22 25 29 30 37 39 40 43 44 51 60 61 63 65 69 73 74])
Bicluster(rows=[17, 61], cols=[ 0  1  2  4  6  9 11 12 14 16 18 23 24 25 28 34 40 43 44 49 52 53 55 58
 59 60 66 69 72 74])
Bicluster(rows=[17, 62], cols=[ 0  5  6  7  8  9 10 11 12 16 18 20 23 25 28 30 31 33 35 37 39 40 41 43
 44 47 53 54 56 67 68 71])
Bicluster(rows=[17, 63], cols=[ 1  2  5  7  8 11 12 14 18 19 20 21 24 27 28 34 42 43 44 45 48 49 52 53
 55 59 61 64])
Bicluster(rows=[17, 64], cols=[ 0  1  2  3  4  5  6  7 11 12 13 14 15 17 18 19 20 21 22 23 24 28 30 31
 35 37 39 41 42 53 56 71])
Bicluster(rows=[17, 65], cols=[ 1  2  3  4  5  6  7 10 11 13 16 18 20 22 24 28 30 31 35 37 39 41 42 47
 56 62 66 71])
Bicluster(rows=[17, 66], cols=[ 1  5  6 12 17 22 23 26 31 33 37 42 43 46 50 51 52 55 58 60 62 63 64 65
 66 68 69 72 73 74])
Bicluster(rows=[17, 67], cols=[ 9 10 13 15 17 18 26 27 34 35 36 40 43 44 46 47 48 49 50 51 52 57 63 65
 68 69 70 73])
Bicluster(rows=[17, 68], cols=[ 0  1  2  4  5  7  9 11 12 13 16 19 20 28 29 31 35 40 41 42 51 52 54 59
 65])
Bicluster(rows=[17, 69], cols=[ 3  4  7 10 13 14 15 18 19 23 29 33 35 37 39 40 45 47 49 51 52 54 58 59
 61 62 64 65 66 67 72 74])
Bicluster(rows=[17, 70], cols=[ 0  4  6 10 12 14 19 20 26 27 28 39 48 50 54 58 59 62 63 66 67 72 73])
Bicluster(rows=[17, 71], cols=[ 0  1  3  4  6  7  8  9 10 11 19 20 22 23 24 28 33 35 44 51 52 53 54 59
 61 62 65 66 67 72])
Bicluster(rows=[17, 72], cols=[ 0  3  6  7  8 14 15 18 19 20 23 24 28 30 31 37 41 49 52 54 58 59 60 62
 64 65 66 67 72 73 74])
Bicluster(rows=[17, 73], cols=[ 4  5  6 11 14 15 16 17 18 19 20 21 22 25 29 31 32 35 36 41 42 43 48 49
 51 52 54 55 58 59 60 61 62 64 65 66 67 72 74])
Bicluster(rows=[17, 74], cols=[ 0  5  7  9 10 11 27 29 30 33 34 36 37 40 41 44 46 47 48 51 52 53 54 58
 59 61 62 65 66 67 72])
Bicluster(rows=[17, 75], cols=[ 0  2  5  6  7  9 10 19 21 23 26 29 32 33 34 35 36 41 44 45 48 54 58 60
 61 64 66 67 71 74])
Bicluster(rows=[17, 76], cols=[ 0  1  3  4  6  9 13 17 18 20 22 23 24 25 26 27 28 34 35 36 37 41 42 44
 45 47 48 49 50 57 58 61 63 69 70])
Bicluster(rows=[17, 77], cols=[ 1  6 13 20 24 25 26 28 30 39 43 46 51 52 53 54 59 61 62 65 66 67 72])
Bicluster(rows=[17, 78], cols=[ 0  1  4  5  8 11 12 13 15 16 17 18 19 20 24 25 32 33 35 37 38 40 42 48
 49 50 53 57 58 63 64 68 69 70])
Bicluster(rows=[17, 79], cols=[ 0  4  5  6  7  9 10 19 21 22 23 24 25 29 33 35 38 41 43 45 48 49 50 55
 57 60 63 64 68 69 70 73 74])
Bicluster(rows=[17, 80], cols=[ 1  2  4  5  7  9 10 11 13 14 15 18 20 21 23 24 25 33 39 42 43 44 51 52
 53 54 59 61 62 65 67 72])
Bicluster(rows=[17, 81], cols=[ 1  3  4  7  8 11 14 19 21 23 24 25 27 28 40 41 42 43 44 50 52 59 62 63
 68 69 72 73])
Bicluster(rows=[17, 82], cols=[ 0  9 11 20 23 26 29 30 31 36 39 40 42 43 47 48 49 51 52 53 54 58 59 61
 62 65 66 67 72])
Bicluster(rows=[17, 83], cols=[ 2  9 11 12 13 14 17 19 25 26 27 29 30 31 33 34 37 38 39 42 44 45 47 49
 54 58 61 64 66 67 71 73])
Bicluster(rows=[17, 84], cols=[ 4  5  9 13 15 16 17 18 21 22 27 34 42 45 52 54 58 59 60 62 64 65 66 67
 72 73])
Bicluster(rows=[17, 85], cols=[ 4  5  6  7  9 10 11 13 17 19 21 23 27 28 34 35 42 44 47 49 54 58 64 66
 67 71 73])
Bicluster(rows=[17, 86], cols=[ 0  1  2  3  4  6 10 11 12 13 17 19 20 21 22 23 24 28 31 33 35 41 42 51
 52 54 59 65])
Bicluster(rows=[17, 87], cols=[ 1  4  5  6  9 10 11 12 13 20 22 26 32 33 34 35 36 37 38 42 46 54 55 58
 59 60 61 62 64 66 67 72 74])
Bicluster(rows=[17, 88], cols=[ 0  1  2  3  4  6  9 12 19 22 24 25 26 32 33 37 38 39 44 47 49 54 58 59
 60 61 62 64 66 67 72 73 74])
Bicluster(rows=[17, 89], cols=[ 1  2  6  9 10 18 19 21 23 30 31 33 35 37 38 39 40 41 45 47 48 53 55 56
 61 71])
Bicluster(rows=[17, 90], cols=[ 0  1  2  4  7  8 10 11 13 14 17 19 20 21 22 23 24 28 29 31 35 41 42 51
 52 53 54 59 61 62 65 66 67 72])
Bicluster(rows=[17, 91], cols=[ 1  2  4  6  7  9 12 14 16 17 19 20 21 22 24 29 31 33 37 49 52 54 58 59
 60 62 64 66 67 72 74])
Bicluster(rows=[17, 92], cols=[ 1  2  4  5  9 12 13 19 20 22 23 25 29 33 34 37 39 40 41 42 45 50 51 52
 58 59 62 63 65 68 69 72 73])
Bicluster(rows=[17, 93], cols=[ 1  9 13 24 25 26 29 30 37 39 40 41 42 43 44 51 52 53 54 61 62 65 66 67
 72])
Bicluster(rows=[17, 94], cols=[ 2  5  6  7  8  9 10 12 13 14 17 18 21 23 30 31 36 37 40 44 47 48 50 51
 52 58 60 62 63 64 65 68 69 72 73 74])
Bicluster(rows=[17, 95], cols=[ 0  2  5  6  9 10 11 12 14 17 18 20 21 22 23 24 28 32 33 34 35 36 38 39
 40 41 42 43 44 48 49 50 53 57 58 63 64 66 68 69 70 74])
Bicluster(rows=[17, 96], cols=[ 4  8 10 11 12 13 14 16 20 25 26 27 30 31 35 36 38 40 41 44 51 52 53 54
 59 61 62 65 66 67 72])
Bicluster(rows=[17, 97], cols=[ 4  5  6  7  8 10 13 14 17 22 23 30 32 33 35 36 40 41 43 45 46 47 48 49
 50 51 57 63 68 69 70 73])
Bicluster(rows=[17, 98], cols=[ 0  1  5  7  9 12 13 14 17 18 19 20 21 22 23 24 31 33 35 41 42 43 51 52
 53 54 59 61 65 67 72])
Bicluster(rows=[17, 99], cols=[ 4  6  7 10 11 13 20 27 28 32 34 35 36 40 41 48 51 54 56 57 62 63 66 67
 72 74])
Bicluster(rows=[18, 19], cols=[ 1  2  4  5  7 11 12 13 14 17 19 20 21 22 24 25 33 34 35 37 39 40 43 44
 45 46 47 48 49 53 55 56 60 62 63 64 65 66 68 70 72 74])
Bicluster(rows=[18, 20], cols=[ 0  2  4  5  6 10 18 20 22 23 25 28 35 36 39 41 42 44 48 51 52 54 56 57
 59 62 66 67 68 69 70 72 73])
Bicluster(rows=[18, 21], cols=[ 0  2  4  5  6 10 18 23 27 29 31 34 37 38 39 40 41 43 44 48 54 56 64 66
 68 70 71 73])
Bicluster(rows=[18, 22], cols=[ 0  1  2  3  4  5  6  7  8  9 10 11 12 13 14 15 16 17 18 19 20 21 22 23
 24 26 29 34 36 37 42 43 45 47 48 55 56 57 58 59 65 67 71 72])
Bicluster(rows=[18, 23], cols=[ 0  2  4  5  6 10 18 20 21 22 23 24 26 31 32 37 38 40 41 45 46 50 51 52
 57 58 60 65])
Bicluster(rows=[18, 24], cols=[ 1  2  4  5  7  9 11 12 13 14 17 19 20 21 22 23 24 25 26 27 28 32 34 36
 38 40 43 45 46 49 50 51 52 54 56 59 60 62 64 67 68 70 71 74])
Bicluster(rows=[18, 25], cols=[ 1  2  4  5  7 11 12 13 14 17 19 20 21 22 23 24 26 27 31 32 34 35 36 40
 42 47 56 59 68 71])
Bicluster(rows=[18, 26], cols=[ 0  1  2  4  5  6  7  9 10 11 12 13 14 17 18 19 20 21 22 23 24 27 28 32
 35 36 48 50 51 55 58 59 64 67 68 70 71 72 73])
Bicluster(rows=[18, 27], cols=[ 1  2  4  5  7  9 11 12 13 14 17 19 20 21 22 24 25 27 36 38 45 46 47 48
 50 52 54 55 56 63 65 67 73])
Bicluster(rows=[18, 28], cols=[ 1  2  4  5  6  7  9 10 11 12 13 14 17 18 19 20 21 22 23 24 25 26 28 29
 32 33 34 35 36 37 38 40 41 42 43 44 52 53 54 55 56 58 59 63 65 66 68 70
 72 73 74])
Bicluster(rows=[18, 29], cols=[ 1  2  4  5  7 11 12 13 14 17 19 20 21 22 24 28 31 35 36 37 38 40 44 48
 52 53 54 58 60 62 65 68 69 70 71 72 73])
Bicluster(rows=[18, 30], cols=[ 1  7 11 12 13 14 17 19 21 24 27 30 31 34 38 41 42 43 44 45 46 47 48 52
 54 55 56 59 60 62 64 67 69 71 72])
Bicluster(rows=[18, 31], cols=[ 2  4  5 20 22 28 29 32 33 34 35 36 37 45 48 49 50 51 54 55 57 59 60 69
 70 73])
Bicluster(rows=[18, 32], cols=[ 2  4  5 22 23 30 32 34 35 38 40 42 45 49 52 54 57 59 60 61 63 64 66 67
 71 72 73])
Bicluster(rows=[18, 33], cols=[ 0  4  5  6 14 15 17 19 21 22 24 25 28 29 33 36 37 38 41 42 43 44 45 47
 49 50 51 52 54 55 62 64 71])
Bicluster(rows=[18, 34], cols=[ 0  4  8 10 13 14 15 18 20 21 28 29 34 38 40 41 42 43 44 45 47 48 51 52
 53 55 56 59 60 66 68 70 73])
Bicluster(rows=[18, 35], cols=[ 0  1  2  3  4  5  6 10 11 12 13 14 15 16 18 19 20 22 23 25 28 30 33 36
 37 38 39 41 42 43 44 49 50 51 54 58 59 64 66 68 70 71 73])
Bicluster(rows=[18, 36], cols=[ 1  2  6  7  9 14 17 18 20 21 23 25 26 28 29 30 33 37 38 39 41 42 43 44
 45 47 48 50 53 56 57 58 60 64 67 69 71 72])
Bicluster(rows=[18, 37], cols=[ 2  4  7  9 13 18 19 20 21 22 24 25 26 28 30 33 37 38 39 41 42 43 44 45
 48 50 52 56 57 59 60 64 67 69 70])
Bicluster(rows=[18, 38], cols=[ 8 15 16 21 24 25 28 30 33 37 38 39 41 42 43 44 45 52 53 54 56 57 58 60
 61 62 64 70 72 73])
Bicluster(rows=[18, 39], cols=[ 0  2  3  5  7 11 12 14 17 18 19 21 22 26 27 28 29 31 32 35 42 46 47 50
 52 53 57 59 65])
Bicluster(rows=[18, 40], cols=[ 3  5  8 10 15 16 18 21 27 28 29 31 32 34 35 46 47 50 58 59 60 61 62 64
 67 72])
Bicluster(rows=[18, 41], cols=[ 1  3  5  6  7 11 12 13 15 18 19 20 21 24 25 26 28 38 41 42 43 44 49 51
 52 71 72 73])
Bicluster(rows=[18, 42], cols=[ 0  1  2  4  6  8 10 11 12 15 19 21 22 23 27 28 29 31 34 35 40 42 46 47
 50 51 52 56 58 59 60 71])
Bicluster(rows=[18, 43], cols=[ 0  2  4  5  6  7  8  9 11 12 13 14 15 17 18 19 20 21 22 24 25 26 28 33
 36 38 39 41 42 43 44 45 49 50 52 56 67 70])
Bicluster(rows=[18, 44], cols=[ 0  2  4  5  6  9 10 11 14 17 18 23 24 26 27 29 31 32 35 39 46 47 50 51
 58 71])
Bicluster(rows=[18, 45], cols=[ 0  1  2  8 10 11 12 15 16 17 19 21 25 28 36 38 39 41 42 43 44 49 52 59
 61 64 65 70 71])
Bicluster(rows=[18, 46], cols=[ 0  1  2  4  5 10 13 16 17 20 21 28 29 34 38 40 41 42 43 44 45 47 48 51
 55 58 60 64 68 69 70 72])
Bicluster(rows=[18, 47], cols=[ 0  2  3  4  6  8 10 12 13 16 17 18 19 23 25 28 33 36 38 39 41 42 43 44
 49 59 60 61 65 67 71])
Bicluster(rows=[18, 48], cols=[ 0  5  6  7 11 14 18 19 21 23 24 28 29 34 38 40 41 42 43 44 45 47 48 50
 56 65 70 74])
Bicluster(rows=[18, 49], cols=[ 0  1  2  3  5  7 10 12 13 15 18 19 20 21 22 23 25 26 38 41 43 49 50 51
 56 58 65 67 71])
Bicluster(rows=[18, 50], cols=[ 6  7 11 14 15 21 22 24 25 26 28 38 41 42 43 44 49 53 54 56 57 59 62 64
 66 67 69 71 72 73 74])
Bicluster(rows=[18, 51], cols=[ 0  5  9 10 11 12 13 14 15 16 17 22 23 25 26 28 36 38 39 41 42 43 44 49
 50 51 58 65 67 68 70 71])
Bicluster(rows=[18, 52], cols=[ 0  1  2  3  4  5  6  7  9 11 14 16 20 22 23 25 26 28 36 38 41 42 43 44
 49 51 53 58 59 61 70 71 72 73 74])
Bicluster(rows=[18, 53], cols=[ 3  4  5  6  8  9 10 11 12 13 14 15 16 18 22 24 28 29 38 40 41 42 43 44
 45 47 48 51 52 54 56 58 59 60 66 69 70 71 72])
Bicluster(rows=[18, 54], cols=[ 0  1  2  3  4  5  6  7  9 10 11 12 14 15 17 18 19 20 21 22 24 25 26 28
 33 38 39 41 42 43 44 45 49 50 51 71])
Bicluster(rows=[18, 55], cols=[ 0  1  2  7  8 12 13 16 18 23 27 28 29 31 32 34 35 42 46 47 51 54 59 67
 68 71 72])
Bicluster(rows=[18, 56], cols=[ 2  3  4  7  8  9 10 11 13 15 17 20 25 28 30 33 36 37 38 39 41 42 43 44
 49 51 56 59 60 65 73])
Bicluster(rows=[18, 57], cols=[ 2  3  5  6  7  8 12 13 14 16 23 24 25 32 35 41 43 49 51 53 59 65 68 71
 72 73 74])
Bicluster(rows=[18, 58], cols=[ 6  9 15 26 27 28 29 31 32 34 35 40 42 46 47 51 53 55 57 61 62 63 64 65
 66 67 68 71 73 74])
Bicluster(rows=[18, 59], cols=[ 0  1  4  5  6  7  9 15 24 28 29 38 40 41 42 43 44 45 47 48 51 52 58 60
 61 64 65 67 71])
Bicluster(rows=[18, 60], cols=[ 0  3  9 10 11 14 19 22 26 30 31 34 35 37 39 40 48 50 53 54 55 58 60 64
 65 67 69 70 72])
Bicluster(rows=[18, 61], cols=[ 0  2  3  6  7  8 11 18 19 23 24 26 33 38 39 41 43 45 48 51 55 56 59 60
 66 69 70 72])
Bicluster(rows=[18, 62], cols=[ 0  1  5  6 10 11 12 15 16 18 19 20 23 28 29 34 38 40 41 42 43 44 45 47
 48 50 51 54 64 67 70])
Bicluster(rows=[18, 63], cols=[ 2  3  5  7  9 10 11 13 15 16 18 19 20 21 24 25 26 38 41 43 45 49 50 51
 52 54 55 59 64 70 71])
Bicluster(rows=[18, 64], cols=[ 2  4  6  8 16 18 20 23 27 28 29 31 32 34 35 46 47 50 51 56 58 59 64 65
 67 70 71])
Bicluster(rows=[18, 65], cols=[ 8 10 14 16 17 18 24 27 28 31 34 35 40 42 46 47 51 52 57 60 62 64 66 67
 70 71])
Bicluster(rows=[18, 66], cols=[ 0  1  3  5  6  7  8 16 19 22 23 25 27 29 31 37 43 45 54 55 57 60 61 62
 64 66 68 69 72 73])
Bicluster(rows=[18, 67], cols=[ 3  8  9 10 13 16 17 26 28 31 32 33 34 35 40 42 47 48 51 52 53 54 57 59
 61 62 65 66 68 69 72 73 74])
Bicluster(rows=[18, 68], cols=[ 3  6  8 10 14 17 18 19 21 22 23 24 26 27 32 34 35 37 39 40 44 53 56 58
 61 64 70 73 74])
Bicluster(rows=[18, 69], cols=[ 2 21 22 28 29 31 36 37 38 52 53 54 57 59 61 62 65 66 68 69 72 73 74])
Bicluster(rows=[18, 70], cols=[ 0  1  4  6  8 14 19 20 32 42 45 46 51 52 53 54 57 59 61 62 63 66 68 69
 71 72 73 74])
Bicluster(rows=[18, 71], cols=[ 5 12 16 17 18 21 25 26 29 30 37 41 42 43 46 47 48 55 56 58 60 64])
Bicluster(rows=[18, 72], cols=[ 0  4  6  7  8  9 13 15 19 20 23 26 28 29 31 33 35 38 40 41 42 45 46 53
 54 57 61 62 63 65 66 68 69 72 73 74])
Bicluster(rows=[18, 73], cols=[ 2  5  6 11 15 18 19 20 21 22 27 30 31 34 36 37 38 43 45 49 54 55 57 60
 61 62 64 66 68 69 72 73])
Bicluster(rows=[18, 74], cols=[ 2  3  4 12 14 17 18 20 23 24 27 29 30 31 34 35 41 46 51 52 53 54 57 59
 61 62 65 66 67 68 69 71 72 73 74])
Bicluster(rows=[18, 75], cols=[ 0  8 14 16 20 23 28 29 30 35 36 39 41 43 44 46 51 52 53 59 61 66 67 68
 69 70 71 72 73 74])
Bicluster(rows=[18, 76], cols=[ 2  3  5  6  9 10 11 12 14 16 17 19 20 21 22 24 30 39 40 42 46 53 64 73
 74])
Bicluster(rows=[18, 77], cols=[ 0  2  5  8 12 16 17 19 22 23 25 26 39 40 41 48 49 52 53 56 59 61 66 67
 68 69 70 71 73 74])
Bicluster(rows=[18, 78], cols=[ 0  1  3  4  5  7  8  9 14 15 16 17 18 19 20 24 26 27 31 34 35 37 40 41
 46 48 54 57 58 61 62 64 66 68 69 72])
Bicluster(rows=[18, 79], cols=[ 0  1  3  4  5  6  7  8 10 11 12 13 15 16 22 23 24 27 28 30 31 34 35 42
 43 45 46 48 54 57 58 60 61 62 64 66 68 69 72 73])
Bicluster(rows=[18, 80], cols=[ 0  6  8 12 15 16 19 22 26 32 40 45 50 55 60])
Bicluster(rows=[18, 81], cols=[ 0  1  2  4  7 11 14 15 16 19 21 24 31 34 40 43 46 49 52 53 54 57 59 61
 62 66 67 68 69 70 71 72 73 74])
Bicluster(rows=[18, 82], cols=[ 1  4  6  8 12 17 19 22 26 30 33 35 39 43 45 48 51 52 53 54 57 59 61 62
 63 66 68 69 71 72 74])
Bicluster(rows=[18, 83], cols=[ 2  3  9 11 12 13 14 15 16 17 19 25 28 31 32 35 37 39 40 45 47 53 56 58
 61 64 67 70 73 74])
Bicluster(rows=[18, 84], cols=[ 1  3  5 14 15 18 19 21 26 30 31 32 33 52 53 54 57 61 62 65 66 68 69 72
 73 74])
Bicluster(rows=[18, 85], cols=[ 3  4  5  6 10 11 15 17 19 23 25 26 28 30 33 35 38 39 41 44 47 53 61 66
 67 68 69 70 71 74])
Bicluster(rows=[18, 86], cols=[ 0  1  3  4  5  6  8 10 12 13 16 18 19 21 23 26 27 29 31 32 33 34 35 37
 40 43 46 50 53 58 64 73 74])
Bicluster(rows=[18, 87], cols=[ 6 10 12 13 14 15 16 22 25 27 31 35 36 37 39 41 44 51 52 55 58 59 61 64
 65 67 68 69 70 72 73])
Bicluster(rows=[18, 88], cols=[ 0  2  4  6  8 12 19 22 24 27 29 34 37 39 44 47 48 49 51 52 53 54 57 59
 61 62 66 67 68 69 71 72 73 74])
Bicluster(rows=[18, 89], cols=[ 3 15 22 27 29 30 33 34 36 37 39 41 44 45 48 49 54 55 57 60 61 62 64 66
 68 69 72 73])
Bicluster(rows=[18, 90], cols=[ 0  1  2  3  4 10 12 15 16 20 21 24 26 27 28 29 30 31 32 33 34 35 38 40
 41 42 46 48 54 57 58 61 62 64 66 69])
Bicluster(rows=[18, 91], cols=[ 2  3  4  6  8 14 15 17 20 21 22 24 25 30 31 32 34 41 42 46 47 48 49 52
 53 54 57 59 61 62 63 65 66 68 69 72 73 74])
Bicluster(rows=[18, 92], cols=[ 1  2  4  5  8 10 11 12 13 15 19 20 22 23 27 32 35 37 39 40 43 46 52 53
 54 55 57 59 61 62 64 65 66 68 69 72 73 74])
Bicluster(rows=[18, 93], cols=[ 3  4  6 11 14 17 19 21 25 28 29 30 33 35 38 39 43 46 47 52 53 54 57 59
 62 63 66 68 69 71 72 74])
Bicluster(rows=[18, 94], cols=[ 0  2  3  5  6  7 10 12 13 14 16 17 18 21 23 26 31 33 34 36 38 40 42 47
 52 54 55 57 58 59 60 61 62 64 65 66 67 68 69 70 72 73])
Bicluster(rows=[18, 95], cols=[ 0  2  5  6  8 10 11 12 14 15 18 20 21 22 24 25 27 35 36 39 40 43 48 54
 57 58 61 62 64 66 68 69 72])
Bicluster(rows=[18, 96], cols=[ 3  4  8  9 10 14 19 25 29 31 32 36 37 40 42 44 48 52 54 56 58 67 68 70
 72])
Bicluster(rows=[18, 97], cols=[ 3  4  5  6  7 10 13 14 17 22 23 25 26 27 29 30 35 40 43 44 45 47 53 54
 55 57 61 62 63 66 68 69 72 73 74])
Bicluster(rows=[18, 98], cols=[ 1  5  6  7  8  9 10 11 12 15 19 20 24 25 28 31 32 33 34 35 41 42 44 45
 48 50 53 58 64 73 74])
Bicluster(rows=[18, 99], cols=[ 3  4  5  7  8 10 11 12 13 15 16 20 24 25 30 32 34 36 40 43 46 48 52 55
 57 59 64 65 67 70])
Bicluster(rows=[19, 20], cols=[ 0  1  2  3  4  5  6  7  8  9 10 11 12 13 14 15 16 17 18 19 20 21 22 23
 24 29 33 35 38 39 41 42 43 46 56 60 70 73])
Bicluster(rows=[19, 21], cols=[ 0  1  2  3  4  5  6  7  8  9 10 11 12 13 14 15 16 17 18 19 20 21 22 23
 24 25 27 30 33 34 35 36 38 39 40 45 47 52 56 57 61 64 69 70 71 73 74])
Bicluster(rows=[19, 22], cols=[ 0  1  2  3  4  5  6  7  8  9 10 11 12 13 14 15 16 17 18 19 20 21 22 23
 24 28 31 33 35 47 48 49 50 51 55 58 59 60 61 64 67 68 70 71 72 74])
Bicluster(rows=[19, 23], cols=[ 0  1  2  3  4  5  6  7  8  9 10 11 12 13 14 15 16 17 18 19 20 21 22 23
 24 28 32 39 40 42 53 59 61 62 67 68 69 73])
Bicluster(rows=[19, 24], cols=[ 0  1  2  3  4  5  6  7  8  9 10 11 12 13 14 15 16 17 18 19 20 21 22 23
 24 25 26 27 29 31 34 36 37 40 41 42 43 44 45 46 49 52 54 56 57 59 60 61
 62 63 64 65 68 69 74])
Bicluster(rows=[19, 25], cols=[ 0  1  2  3  4  5  6  7  8  9 10 11 12 13 14 15 16 17 18 19 20 21 22 23
 24 25 26 27 28 29 30 31 32 33 34 35 37 38 39 40 41 45 47 50 57 59 61 68
 69 70 71 73])
Bicluster(rows=[19, 26], cols=[ 0  1  2  3  4  5  6  7  8  9 10 11 12 13 14 15 16 17 18 19 20 21 22 23
 24 25 29 33 34 35 37 38 41 42 43 45 48 55 56 57 58 59 60 64 65 67 69 71
 72])
Bicluster(rows=[19, 27], cols=[ 0  1  2  3  4  5  6  7  8  9 10 11 12 13 14 15 16 17 18 19 20 21 22 23
 24 28 29 31 32 33 35 37 41 45 47 48 49 52 54 55 56 57 61 62 63 66 67 69
 70 74])
Bicluster(rows=[19, 28], cols=[ 0  1  2  3  4  5  6  7  8  9 10 11 12 13 14 15 16 17 18 19 20 21 22 23
 24 28 31 32 34 35 37 38 40 43 44 45 48 49 50 51 52 53 54 55 56 57 58 59
 61 62 63 65 66 67 68 69 71 72 74])
Bicluster(rows=[19, 29], cols=[ 0  1  2  3  4  5  6  7  8  9 10 11 12 13 14 15 16 17 18 19 20 21 22 23
 24 25 26 27 29 32 33 34 35 36 37 38 39 40 41 42 43 44 45 48 49 50 52 53
 56 57 59 60 61 62 63 64 67 68 69 71 72])
Bicluster(rows=[19, 30], cols=[ 0  1  2  3  4  5  6  7  8  9 10 11 12 13 14 15 16 17 18 19 20 21 22 23
 24 25 26 28 29 32 33 34 36 37 39 41 43 44 45 46 47 50 52 56 57 59 60 61
 62 63 64 65 67 69 72])
Bicluster(rows=[19, 31], cols=[ 0  1  2  3  4  5  6  7  8  9 10 11 12 13 14 15 16 17 18 19 20 21 22 23
 24 28 29 34 35 37 38 41 44 45 46 53 57 62 65 69 70 72 73])
Bicluster(rows=[19, 32], cols=[ 0  1  2  3  4  5  6  7  8  9 10 11 12 13 14 15 16 17 18 19 20 21 22 23
 24 28 29 32 34 35 37 38 40 41 42 45 46 56 57 61 69 70 71 73])
Bicluster(rows=[19, 33], cols=[ 0  1  2  3  6  7 10 11 13 16 18 20 23 28 29 34 35 37 38 39 40 41 42 45
 50 56 57 59 67 68 70 71 72 74])
Bicluster(rows=[19, 34], cols=[ 2  4  5  6 12 13 14 16 20 21 23 25 26 27 32 34 36 40 41 43 44 45 47 50
 53 56 57 58 60 61 63 65 66 68 69 70 71 74])
Bicluster(rows=[19, 35], cols=[ 1  2  5  6 11 12 14 19 20 22 23 26 30 31 32 44 47 54 56 57 59 64 65 66
 67 68 71])
Bicluster(rows=[19, 36], cols=[ 0  1  2  6  7  8  9 14 15 16 17 20 21 25 26 27 30 31 32 33 36 39 40 43
 44 45 47 48 49 51 56 60 61 64 72 73])
Bicluster(rows=[19, 37], cols=[ 2  3  5  7  9 13 14 16 17 19 20 21 22 23 24 25 27 29 31 32 33 36 37 39
 40 43 44 45 48 49 51 58 60 64 71 73])
Bicluster(rows=[19, 38], cols=[ 0  5  6  8  9 11 13 14 15 17 18 19 28 30 34 35 37 38 39 41 42 45 46 52
 55 58 60 61 63 64 66 73])
Bicluster(rows=[19, 39], cols=[ 0  4  8 15 18 23 25 26 27 31 32 36 40 43 45 48 50 55 56 61 63 64 66 67
 68 70])
Bicluster(rows=[19, 40], cols=[ 0  1  2  6 11 12 14 17 22 23 28 31 32 36 44 54 56 57 59 60 61 63 64 67
 68 71 74])
Bicluster(rows=[19, 41], cols=[ 1  5 10 11 12 18 20 21 23 24 25 27 29 31 32 36 39 43 44 48 49 57 58 61
 65 67 69 70 72])
Bicluster(rows=[19, 42], cols=[ 2  4  5  6  7 10 13 14 17 20 22 23 24 34 35 38 40 42 45 50 54 61 62 64
 65 66 68 73 74])
Bicluster(rows=[19, 43], cols=[ 0  1  3  4  6 16 18 28 29 30 35 37 38 39 42 46 50 51 53 54 55 56 57 61
 63 66 70 72 74])
Bicluster(rows=[19, 44], cols=[ 3  4  5  6 10 12 13 16 18 20 21 22 23 25 27 28 34 35 38 40 41 42 43 45
 48 49 50 52 55 57 62 63 65 66 67 68 69 71 74])
Bicluster(rows=[19, 45], cols=[ 3  4  5  6 13 16 23 24 28 30 35 38 39 42 46 52 53 54 58 59 61 62 63 64
 65 66 67 74])
Bicluster(rows=[19, 46], cols=[ 0  3  6  8 10 11 12 16 23 25 27 28 34 35 36 38 40 41 42 43 45 48 49 50
 52 54 56 60 62 64 66 74])
Bicluster(rows=[19, 47], cols=[ 0  5  6 15 18 22 28 30 35 37 38 39 41 42 46 50 51 52 53 54 55 56 57 58
 60 61 62 64 65 68 69 70 71 72])
Bicluster(rows=[19, 48], cols=[ 3  4  5  7  8 11 15 19 20 21 22 23 24 25 26 27 31 32 34 36 40 43 44 45
 47 48 49 56 61 65 70 71 73 74])
Bicluster(rows=[19, 49], cols=[ 1  7 12 13 17 19 21 22 24 25 27 28 31 32 36 43 44 48 49 56 61 65 69 70
 73])
Bicluster(rows=[19, 50], cols=[ 7 10 11 14 16 18 21 22 24 25 27 28 31 32 36 43 44 48 49 53 56 58 60 61
 62 63 64 66 72 74])
Bicluster(rows=[19, 51], cols=[ 3  4  6  9 11 12 13 14 17 18 22 24 27 31 32 36 39 43 44 48 49 61 65 68
 70 73])
Bicluster(rows=[19, 52], cols=[ 1  2  4  5  7 10 11 14 21 22 24 25 27 28 31 32 36 43 44 48 49 50 53 65
 67 69 70 74])
Bicluster(rows=[19, 53], cols=[ 0  4  5  6 10 12 13 14 18 22 24 25 26 27 31 32 36 40 43 44 45 47 48 49
 50 52 54 56 59 60 61 66 71 72 73])
Bicluster(rows=[19, 54], cols=[ 1  2  5 11 12 14 17 19 20 21 22 24 25 27 29 31 32 36 39 43 44 48 49 56
 61 63 65 69 70])
Bicluster(rows=[19, 55], cols=[ 0  3  5  9 11 17 18 19 20 21 25 27 35 38 41 42 43 45 48 49 55 58 61 62
 63 65 66 69 73 74])
Bicluster(rows=[19, 56], cols=[ 0  4  5 10 19 21 22 23 28 29 35 37 38 42 46 52 54 56 62 64 65 66 67 68
 69 73])
Bicluster(rows=[19, 57], cols=[ 0 10 15 17 22 26 32 34 36 43 44 45 50 52 54 59 64 65 66 68 70 73])
Bicluster(rows=[19, 58], cols=[ 0  4  5  9 12 13 14 18 19 23 28 39 42 47 50 52 53 54 57 59 60 61 63 65
 70 72 73])
Bicluster(rows=[19, 59], cols=[ 1  3  7  8  9 11 21 22 24 25 26 27 32 34 36 40 41 43 44 45 47 52 53 57
 59 60 62 63 64 69])
Bicluster(rows=[19, 60], cols=[ 0  5  6  9 11 15 19 25 27 30 32 33 34 36 39 40 41 43 44 45 47 48 49 51
 54 57 60 63 67 74])
Bicluster(rows=[19, 61], cols=[ 1  4  5  7 10 11 14 15 19 24 25 27 28 29 31 32 36 39 43 44 48 49 50 52
 55 56 58 59 60 61 65 66 70 71 72 73 74])
Bicluster(rows=[19, 62], cols=[ 3  5  6 10 13 18 19 20 21 22 23 25 26 27 31 32 33 36 40 43 44 45 47 48
 49 54 56 57 61 63 64 65 67])
Bicluster(rows=[19, 63], cols=[ 0  2  6  7 10 11 13 20 21 24 27 28 31 32 36 43 44 52 54 55 57 59 61 64
 69 73])
Bicluster(rows=[19, 64], cols=[ 1  2  5  6  7 11 13 14 15 17 18 19 20 21 22 24 25 27 35 38 41 42 43 45
 48 49 50 52 56 57 60 61 66 69 71 73])
Bicluster(rows=[19, 65], cols=[ 2  3  4  5  6  7 10 11 13 16 18 19 20 22 25 27 28 31 36 38 41 42 43 51
 54 58 60 63 64 68 69 71])
Bicluster(rows=[19, 66], cols=[ 0  5  6 10 15 18 19 22 23 26 28 39 43 45 50 51 52 53 54 55 58 59 62 63
 66 67 68 72 74])
Bicluster(rows=[19, 67], cols=[13 17 22 27 34 35 36 38 40 41 47 48 50 52 53 58 59 62 63 65 66 67 68 71
 72 74])
Bicluster(rows=[19, 68], cols=[ 2  4  5 14 17 21 22 24 28 29 34 37 38 39 41 53 55 56 60 64 69 70 74])
Bicluster(rows=[19, 69], cols=[ 0  6 10 16 18 23 27 30 33 34 36 42 44 47 48 49 50 51 52 53 60 62 63 66
 67 68 72 74])
Bicluster(rows=[19, 70], cols=[ 1  4 12 14 15 19 22 26 27 28 29 30 31 38 39 45 48 50 53 55 57 63 64 65
 69 74])
Bicluster(rows=[19, 71], cols=[ 0  4  6 13 14 15 16 18 20 23 29 33 34 35 36 37 40 41 42 43 44 50 51 52
 54 62 63 64 66 67 68 72])
Bicluster(rows=[19, 72], cols=[ 7  9 13 18 19 20 23 24 27 30 32 33 35 36 40 41 45 46 49 50 52 53 54 55
 58 59 62 63 64 66 67 68 71 72 74])
Bicluster(rows=[19, 73], cols=[ 2  3  5  8 11 13 18 20 22 25 26 28 30 33 34 41 47 50 51 52 53 54 55 58
 60 62 63 66 67 72 74])
Bicluster(rows=[19, 74], cols=[ 2  4  8 14 15 16 17 20 23 24 25 26 34 36 37 39 44 46 52 54 58 59 62 63
 65 66 67 68 71 72])
Bicluster(rows=[19, 75], cols=[ 0  6 10 11 14 15 20 23 25 26 27 31 37 43 49 50 53 58 59 62 63 65 66 67
 68 71 74])
Bicluster(rows=[19, 76], cols=[ 1  2  4  5 13 17 20 21 22 24 28 34 35 37 38 41 42 45 51 52 56 57 59 61
 68 69 73])
Bicluster(rows=[19, 77], cols=[ 2  4  5 10 11 12 17 18 19 22 25 27 29 32 39 41 42 44 46 49 50 53 55 56
 57 63 64 69 74])
Bicluster(rows=[19, 78], cols=[ 1  2  4  5  6  7  9 11 12 14 17 20 23 24 29 32 35 36 37 38 41 42 46 50
 52 54 62 63 67 68 72 73])
Bicluster(rows=[19, 79], cols=[ 1  4  5  7 10 11 12 13 18 22 23 24 25 34 35 38 41 43 46 48 49 50 51 52
 53 54 58 60 62 63 64 66 67 68 72 74])
Bicluster(rows=[19, 80], cols=[ 0  2  4  6 10 17 18 20 23 25 33 34 35 36 40 41 43 44 45 48 49 50 51 52
 59 62 63 64 67 68 72])
Bicluster(rows=[19, 81], cols=[ 4 10 13 18 21 24 25 27 28 29 33 34 35 37 39 40 41 42 43 45 49 50 53 58
 59 62 63 65 66 67 68 71 74])
Bicluster(rows=[19, 82], cols=[ 1  4  7 10 12 16 18 19 22 28 31 33 35 39 41 43 49 50 53 58 59 62 63 65
 66 67 68 74])
Bicluster(rows=[19, 83], cols=[ 0  4  5  6 10 11 12 13 14 17 19 21 23 25 26 27 29 30 35 37 42 45 53 55
 56 60 61 64 69 70 74])
Bicluster(rows=[19, 84], cols=[ 0  1  4  5  6 10 14 19 21 22 33 38 48 50 52 53 55 59 60 62 63 64 65 66
 67 68 71 72 74])
Bicluster(rows=[19, 85], cols=[ 2 11 13 17 19 20 21 22 24 28 29 33 34 35 38 40 41 42 53 55 56 60 61 64
 70 74])
Bicluster(rows=[19, 86], cols=[ 2  4  7 11 14 17 18 20 22 23 24 34 36 37 38 39 41 42 44 45 51 52 56 57
 59 61 68 69 73])
Bicluster(rows=[19, 87], cols=[ 0  3  5  6 12 14 18 22 26 28 29 33 38 39 45 49 50 52 53 55 58 59 62 63
 66 67 68 71 72 74])
Bicluster(rows=[19, 88], cols=[ 2  4 10 12 15 16 22 23 24 26 31 32 34 35 39 44 45 47 48 49 50 53 55 57
 63 64 65 68 74])
Bicluster(rows=[19, 89], cols=[ 3  6 10 14 16 18 20 23 28 29 31 32 33 36 38 43 49 50 52 53 55 58 59 62
 63 66 67 68 71 72 74])
Bicluster(rows=[19, 90], cols=[ 1  5  9 11 13 14 17 19 22 23 28 29 35 38 39 41 42 46 51 52 56 57 59 61
 62 68 69 72 73])
Bicluster(rows=[19, 91], cols=[ 0  2  4 10 14 17 18 20 21 22 24 25 27 30 34 35 36 38 45 46 47 49 50 52
 53 55 58 59 62 63 66 67 68 71 72 74])
Bicluster(rows=[19, 92], cols=[ 0  2  3  4  5  6 10 11 12 18 19 20 22 25 28 31 36 39 40 41 42 47 50 52
 53 54 55 58 59 62 63 66 67 68 71 72 74])
Bicluster(rows=[19, 93], cols=[ 0  4  8 10 11 14 16 17 18 19 20 21 23 27 31 32 33 35 36 39 40 43 44 46
 47 50 58 62 63 66 67 68])
Bicluster(rows=[19, 94], cols=[ 0  2  5  7 12 13 14 15 17 18 19 21 23 28 29 30 34 40 44 45 47 50 52 53
 54 55 58 59 60 62 63 64 66 67 68 71 72 74])
Bicluster(rows=[19, 95], cols=[ 2  5  7 11 20 21 22 23 24 25 31 32 36 37 38 39 40 41 42 43 44 45 48 50
 51 52 54 62 63 64 67 68 72])
Bicluster(rows=[19, 96], cols=[ 0  4  5 11 12 13 14 15 18 19 20 23 25 26 27 30 35 37 40 44 51 56 57 59
 61 69 70 71 73])
Bicluster(rows=[19, 97], cols=[ 4  5 14 15 17 18 22 23 25 27 31 32 36 37 40 41 43 45 47 48 49 50 51 52
 53 54 55 58 62 63 66 67 72 74])
Bicluster(rows=[19, 98], cols=[ 5  6 12 13 14 17 20 21 24 28 29 34 35 36 38 39 42 43 46 51 52 56 57 59
 61 62 68 69 72 73])
Bicluster(rows=[19, 99], cols=[ 0  4  5 11 19 20 27 28 30 31 32 33 35 37 40 41 43 45 48 50 52 53 55 56
 59 61 63 64 71])
Bicluster(rows=[20, 21], cols=[ 0  1  2  3  4  5  6  7  8  9 10 11 12 13 14 15 16 17 18 19 20 21 22 23
 24 26 28 32 33 34 37 39 43 44 48 49 50 52 53 54 55 56 63 65 66 67 68 69
 70 72 73 74])
Bicluster(rows=[20, 22], cols=[ 0  1  2  3  4  5  6  7  8  9 10 11 12 13 14 15 16 17 18 19 20 21 22 23
 24 25 27 30 40 44 49 52 54 60 62 63 66 70])
Bicluster(rows=[20, 23], cols=[ 0  1  2  3  4  5  6  7  8  9 10 11 12 13 14 15 16 17 18 19 20 21 22 23
 24 25 26 29 31 36 37 39 42 43 45 47 48 51 54 55 58 59 65 66 71 72 73 74])
Bicluster(rows=[20, 24], cols=[ 0  1  2  3  4  5  6  7  8  9 10 11 12 13 14 15 16 17 18 19 20 21 22 23
 24 29 32 34 39 40 42 46 47 48 50 51 53 55 56 60 67 69 72])
Bicluster(rows=[20, 25], cols=[ 0  1  2  3  4  5  6  7  8  9 10 11 12 13 14 15 16 17 18 19 20 21 22 23
 24 29 33 35 38 39 40 41 48 49 52 53 54 55 59 60 63 64 66 67 70 72 73 74])
Bicluster(rows=[20, 26], cols=[ 0  1  2  3  4  5  6  7  8  9 10 11 12 13 14 15 16 17 18 19 20 21 22 23
 24 25 30 31 32 33 34 35 38 39 40 42 43 44 47 49 50 51 52 53 56 60 62 63
 74])
Bicluster(rows=[20, 27], cols=[ 0  1  2  3  4  5  6  7  8  9 10 11 12 13 14 15 16 17 18 19 20 21 22 23
 24 26 27 28 29 30 33 41 43 44 49 50 52 59 60 61 70 71 72])
Bicluster(rows=[20, 28], cols=[ 0  1  2  3  4  5  6  7  8  9 10 11 12 13 14 15 16 17 18 19 20 21 22 23
 24 30 34 35 43 47 52 56 59 60])
Bicluster(rows=[20, 29], cols=[ 0  1  2  3  4  5  6  7  8  9 10 11 12 13 14 15 16 17 18 19 20 21 22 23
 24 33 35 38 39 40 43 47 51 55 60 63 74])
Bicluster(rows=[20, 30], cols=[ 0  1  2  3  4  5  6  7  8  9 10 11 12 13 14 15 16 17 18 19 20 21 22 23
 24 33 34 35 39 43 46 48 49 51 52 55 56 60 63 74])
Bicluster(rows=[20, 31], cols=[ 0  1  2  3  4  5  6  7  8  9 10 11 12 13 14 15 16 17 18 19 20 21 22 23
 24 25 26 27 29 31 32 33 35 38 40 46 47 48 49 51 52 55 57 58 59 60 61 63
 67 68 70 73 74])
Bicluster(rows=[20, 32], cols=[ 0  1  2  3  4  5  6  7  8  9 10 11 12 13 14 15 16 17 18 19 20 21 22 23
 24 27 28 31 33 35 36 40 41 42 44 46 47 48 49 50 52 53 54 55 56 57 58 59
 61 66 67 72 73 74])
Bicluster(rows=[20, 33], cols=[ 3  4  5  9 14 16 17 21 22 24 25 26 27 28 29 30 31 32 34 36 37 42 44 45
 46 51 52 53 54 55 62 64])
Bicluster(rows=[20, 34], cols=[ 0  2  4  5  9 10 11 12 17 18 19 20 22 23 24 30 35 37 38 41 42 43 49 50
 51 52 53 55 60 63 66 73 74])
Bicluster(rows=[20, 35], cols=[ 2  5  7  9 10 17 18 20 22 23 24 25 26 27 28 29 31 32 34 36 42 44 45 47
 51 54 55 59 60 63 66 68 70 73 74])
Bicluster(rows=[20, 36], cols=[ 2  3 13 18 20 21 23 25 26 27 28 30 31 32 34 36 37 40 41 42 44 45 46 48
 56 64 65 67 69 72])
Bicluster(rows=[20, 37], cols=[ 0  1  6  9 10 12 14 17 19 29 33 35 38 39 40 43 47 49 50 51 52 54 56 59
 60 66 67 70 72 73 74])
Bicluster(rows=[20, 38], cols=[ 5  8  9 11 12 13 14 15 16 17 18 19 22 23 35 38 39 40 41 43 46 48 49 50
 57 59 60 62 63 65 67 71 73 74])
Bicluster(rows=[20, 39], cols=[ 0  1  2  5 16 17 18 20 21 22 23 24 30 35 37 38 43 51 53 55 57 59 60 63
 66 67 71])
Bicluster(rows=[20, 40], cols=[ 5  7 10 13 18 21 24 26 28 32 38 41 42 43 44 53 55 57 59 61 62 63 64 66
 67 71 72 73 74])
Bicluster(rows=[20, 41], cols=[ 1  7 11 12 13 19 20 21 24 25 27 32 36 39 42 44 45 47 50 53 58 59 60 69
 70 71 72])
Bicluster(rows=[20, 42], cols=[ 2  4  5  6  7 10 12 13 14 17 18 20 22 23 24 30 37 38 41 42 43 51 52 55
 56 63 67])
Bicluster(rows=[20, 43], cols=[ 0  2  3  4  5  6  7 11 12 16 17 20 25 26 27 28 29 31 32 34 36 39 42 44
 45 47 51 55 56 63 67 70 71])
Bicluster(rows=[20, 44], cols=[ 1  3  5  6  7 10 14 16 17 18 23 24 26 28 31 32 36 41 42 43 44 46 49 51
 53 55 58 73])
Bicluster(rows=[20, 45], cols=[ 0  3  4  5 10 13 16 22 23 25 27 31 32 34 36 39 41 42 44 45 51 52 55 70])
Bicluster(rows=[20, 46], cols=[ 2  3  4  5  7  8  9 19 20 22 24 25 26 28 31 32 33 34 36 37 40 41 42 44
 46 48 49 51 52 53 56 68 69 70 72])
Bicluster(rows=[20, 47], cols=[ 0  1  3  5  6  8 11 14 15 16 18 20 21 24 25 27 28 31 32 34 36 39 41 42
 44 45 47 59 60 66])
Bicluster(rows=[20, 48], cols=[ 0  1  5  6  9 16 17 18 20 22 23 24 25 26 28 30 31 32 33 34 36 37 40 41
 42 44 46 48 49 56 63 70 71])
Bicluster(rows=[20, 49], cols=[ 0  2  5  6 10 11 14 17 18 19 20 21 22 24 25 27 31 32 34 36 39 42 44 45
 55 56 60 70 74])
Bicluster(rows=[20, 50], cols=[13 17 19 20 23 30 31 32 33 37 40 41 42 44 46 48 49 63 67 68 70 71 73 74])
Bicluster(rows=[20, 51], cols=[ 0  1  5 10 11 19 21 23 24 25 27 31 32 34 36 39 42 44 45 47 52 53 55 67
 70 74])
Bicluster(rows=[20, 52], cols=[ 2  4  5 12 13 18 19 20 21 22 23 24 25 27 31 32 34 36 39 41 42 45 50 51
 52 53 59 60 63 70])
Bicluster(rows=[20, 53], cols=[ 1  4  5  7 11 12 14 19 22 24 25 26 28 30 31 32 33 34 36 37 40 41 42 44
 46 48 49 50 54 55 56 59 63 64 66 69 70 72 74])
Bicluster(rows=[20, 54], cols=[ 0  2  5  6  8 10 13 17 18 20 21 22 25 27 28 31 32 34 36 39 41 42 44 45
 47 55 60 63 74])
Bicluster(rows=[20, 55], cols=[ 1  7  9 13 26 28 31 32 33 37 40 41 42 44 46 48 49 50 53 54 55 56 60 66
 68 70 71 72 73 74])
Bicluster(rows=[20, 56], cols=[ 0  2  4  6 11 12 14 20 24 25 26 27 28 29 31 32 34 36 41 42 44 45 47 50
 51 55 56 58 59 70 73 74])
Bicluster(rows=[20, 57], cols=[ 1 17 19 30 31 32 33 37 40 41 42 44 46 48 49 50 54 57 59 66 67 69 70 71
 74])
Bicluster(rows=[20, 58], cols=[ 1  2  9 11 12 13 14 17 20 21 22 24 25 27 31 32 34 36 39 42 44 45 47 55
 56 60 63 70 71 73 74])
Bicluster(rows=[20, 59], cols=[ 1  4  5  6 10 11 18 21 24 25 26 28 30 31 32 33 34 36 37 40 41 42 44 46
 48 49 51 53 58 61 67 69 70 73])
Bicluster(rows=[20, 60], cols=[ 0  1  2  5  7  8 13 17 20 21 29 33 35 38 39 40 41 43 46 47 48 49 54 64
 69 70 71 72 73 74])
Bicluster(rows=[20, 61], cols=[ 1  2 11 14 16 18 23 24 25 27 31 32 34 36 39 41 42 44 45 47 51 56 58 59
 63 67 70 71 72])
Bicluster(rows=[20, 62], cols=[ 0  6  7  8 11 16 18 23 25 26 28 31 32 34 36 40 41 42 44 46 48 49 51 52
 70 74])
Bicluster(rows=[20, 63], cols=[ 9 26 28 31 32 33 37 40 41 42 44 46 48 49 53 57 58 59 68 69 71 72])
Bicluster(rows=[20, 64], cols=[ 0  1  2  4  5  7 11 12 13 14 17 19 20 21 22 23 24 30 35 37 38 43 51 52
 55 59 60 63 67 70 73 74])
Bicluster(rows=[20, 65], cols=[ 1  2  3  4  5  6  7 10 11 13 16 18 20 22 26 28 35 38 42 50 52 53 57 60
 62 66 67 74])
Bicluster(rows=[20, 66], cols=[ 0  2  3  8 10 11 18 25 26 37 43 50 53 54 55 57 58 61 62 64 65 66 68 69
 71 72 73 74])
Bicluster(rows=[20, 67], cols=[ 1  7 10 15 18 19 26 27 31 34 35 36 38 40 41 42 43 46 48 49 50 54 57 58
 59 61 62 64 66 68 69 71 72])
Bicluster(rows=[20, 68], cols=[ 1  2  4  5  7 11 12 19 20 29 30 34 35 39 40 41 42 43 54 56 57 63 65 67
 68 70 72])
Bicluster(rows=[20, 69], cols=[ 1  4 10 13 14 15 18 19 23 28 29 33 35 37 39 40 45 46 50 53 54 55 56 57
 59 60 63 66 67 68 69 71 72 73 74])
Bicluster(rows=[20, 70], cols=[ 0  4  6  9 10 11 12 13 21 22 26 30 31 33 34 38 47 50 51 52 53 56 59 64
 66 67 70 73])
Bicluster(rows=[20, 71], cols=[ 1  3  4  7  8 10 11 20 22 24 28 33 35 43 44 46 48 49 50 54 57 58 60 61
 62 65 66 68 69 72 73 74])
Bicluster(rows=[20, 72], cols=[ 0  1  3  6 12 14 15 18 20 23 24 27 29 30 32 33 37 41 42 43 47 49 50 53
 54 56 57 58 59 61 62 64 66 68 69 71 72 73])
Bicluster(rows=[20, 73], cols=[ 4  5  6  9 14 16 17 18 20 21 22 24 25 29 33 38 46 47 50 53 54 55 57 58
 61 62 66 68 69 71 72 73 74])
Bicluster(rows=[20, 74], cols=[ 5 10 11 25 27 28 29 30 33 34 36 37 38 41 44 50 54 55 56 57 60 66 68 69
 71 73 74])
Bicluster(rows=[20, 75], cols=[ 0  2  5 13 19 21 23 24 26 29 31 32 35 36 39 41 43 44 45 47 48 49 51 52
 53 56 63 66 67 70 73])
Bicluster(rows=[20, 76], cols=[ 0  2  4  5  6  7 11 12 14 17 18 19 20 21 22 23 24 29 31 33 34 35 38 39
 43 47 48 49 50 54 56 57 63 65 66 67 68 69 70 72])
Bicluster(rows=[20, 77], cols=[ 0  2  3  5  7 11 12 17 22 23 25 27 28 31 33 39 41 43 45 47 48 50 52 56
 57 58 59 61 64 66 67 69 70])
Bicluster(rows=[20, 78], cols=[ 1  4  5 10 11 12 13 14 17 19 20 24 29 31 32 33 35 38 40 41 42 43 46 47
 48 49 50 54 57 60 62 65 66 68 69 72 73 74])
Bicluster(rows=[20, 79], cols=[ 0  4  5  6 10 14 19 20 21 22 23 24 28 29 31 35 41 45 48 49 50 53 54 55
 57 58 61 62 64 65 66 68 69 72 73 74])
Bicluster(rows=[20, 80], cols=[ 1  2  4  7  9 11 13 14 20 23 24 25 28 29 32 33 35 38 40 42 44 46 48 50
 54 57 60 62 65 66 68 69 72 73 74])
Bicluster(rows=[20, 81], cols=[ 0  2  3  4  8  9 11 14 17 24 27 31 33 38 40 46 47 50 51 52 54 57 58 59
 61 62 64 68 69 72])
Bicluster(rows=[20, 82], cols=[ 0 11 13 14 20 23 26 28 29 32 33 36 37 41 43 44 48 49 52 56 59 60 63 67
 70 71])
Bicluster(rows=[20, 83], cols=[ 0  4  5  6  9 10 21 22 23 24 29 31 32 36 39 49 50 54 56 57 63 65 66 67
 68 69 70 72])
Bicluster(rows=[20, 84], cols=[ 4  5 12 15 16 17 18 21 22 27 34 45 46 48 50 53 54 57 58 59 61 64 66 68
 69 71 72 73])
Bicluster(rows=[20, 85], cols=[ 4  5  7  9 11 13 17 19 21 27 28 29 32 36 39 42 43 44 46 48 50 52 57 58
 61 64 69])
Bicluster(rows=[20, 86], cols=[ 1  2 11 13 14 17 19 20 21 22 24 28 33 36 38 41 43 44 46 47 49 50 54 56
 57 63 65 66 68 69 72])
Bicluster(rows=[20, 87], cols=[ 1  4  5  6  7 11 20 26 33 35 37 39 49 50 51 52 54 57 58 59 61 64 66 68
 69])
Bicluster(rows=[20, 88], cols=[ 2  4 11 13 14 22 24 29 30 31 32 35 39 40 41 42 48 49 51 52 53 56 63 67
 70 73 74])
Bicluster(rows=[20, 89], cols=[ 0  4  5 12 15 19 24 36 40 44 46 50 53 54 55 57 58 61 62 64 66 68 69 71
 72 73 74])
Bicluster(rows=[20, 90], cols=[ 0  2  4  7  8 10 11 13 14 17 19 21 24 29 35 38 40 41 42 43 47 48 50 54
 57 60 62 65 66 68 69 72 73])
Bicluster(rows=[20, 91], cols=[ 1  2  4  6  7 12 13 16 17 19 21 22 24 25 29 31 34 35 37 38 39 42 43 48
 50 53 54 57 58 59 61 62 64 66 68 69 71 72])
Bicluster(rows=[20, 92], cols=[ 1  2  4  5 12 13 20 22 23 29 31 33 37 38 39 40 41 45 46 47 48 50 54 57
 58 61 62 64 66 68 69 71 72])
Bicluster(rows=[20, 93], cols=[ 4  6  9 12 20 21 23 25 31 32 34 35 40 43 45 50 52 56 58 61 64 66 67 69])
Bicluster(rows=[20, 94], cols=[ 0  1  3  8 11 18 20 24 30 36 37 38 42 46 50 52 53 54 56 57 58 59 61 63
 64 66 67 68 69 70 71 72 73 74])
Bicluster(rows=[20, 95], cols=[ 0  1  2  5  6 10 12 13 14 17 18 20 21 22 23 24 25 31 32 33 34 35 36 40
 44 46 47 48 49 50 54 57 58 60 61 62 65 66 68 69 72 73 74])
Bicluster(rows=[20, 96], cols=[ 1  4  7 10 11 12 16 20 25 26 28 30 33 36 40 42 44 46 47 48 56 59 60 63
 67 70 71])
Bicluster(rows=[20, 97], cols=[ 5  6  8  9 10 11 22 23 25 28 31 35 43 44 47 48 49 50 53 54 57 58 61 62
 64 66 68 69 71 72 73])
Bicluster(rows=[20, 98], cols=[ 1  7  9 13 14 17 21 22 26 29 30 31 32 33 34 36 41 47 48 49 50 54 57 60
 62 65 66 68 69 72])
Bicluster(rows=[20, 99], cols=[ 1  4  5  6  9 10 12 20 24 27 29 30 31 32 33 34 35 36 38 40 42 48 53 57
 59 63 64 66 67 70 71 74])
Bicluster(rows=[21, 22], cols=[ 0  1  2  3  4  5  6  7  8  9 10 11 12 13 14 15 16 17 18 19 20 21 22 23
 24 26 33 35 44 46 47 49 54 58 61 62 63 64 66 70 71 74])
Bicluster(rows=[21, 23], cols=[ 0  1  2  3  4  5  6  7  8  9 10 11 12 13 14 15 16 17 18 19 20 21 22 23
 24 29 31 38 39 40 42 43 46 48 54 60 61 65 66 69 72 73 74])
Bicluster(rows=[21, 24], cols=[ 0  1  2  3  4  5  6  7  8  9 10 11 12 13 14 15 16 17 18 19 20 21 22 23
 24 25 27 30 31 32 34 36 37 39 40 42 45 48 50 51 52 53 55 56 57 58 61 63
 67 69 71 74])
Bicluster(rows=[21, 25], cols=[ 0  1  2  3  4  5  6  7  8  9 10 11 12 13 14 15 16 17 18 19 20 21 22 23
 24 27 30 31 32 33 34 35 38 39 40 41 42 43 44 45 46 47 48 49 50 51 53 54
 55 56 57 58 61 62 65 66 67 69 70 71 72 73 74])
Bicluster(rows=[21, 26], cols=[ 0  1  2  3  4  5  6  7  8  9 10 11 12 13 14 15 16 17 18 19 20 21 22 23
 24 27 32 34 35 36 37 38 39 42 44 45 46 49 50 53 54 56 57 62 63 69 71])
Bicluster(rows=[21, 27], cols=[ 0  1  2  3  4  5  6  7  8  9 10 11 12 13 14 15 16 17 18 19 20 21 22 23
 24 25 28 29 31 35 37 40 41 42 43 44 45 47 49 50 52 53 55 56 57 59 60 61
 67 69 70 74])
Bicluster(rows=[21, 28], cols=[ 0  1  2  3  4  5  6  7  8  9 10 11 12 13 14 15 16 17 18 19 20 21 22 23
 24 26 34 35 36 40 42 45 46 52 56 57 58 61 62 64 69 71])
Bicluster(rows=[21, 29], cols=[ 0  1  2  3  4  5  6  7  8  9 10 11 12 13 14 15 16 17 18 19 20 21 22 23
 24 25 27 30 31 32 33 34 35 36 40 42 43 45 49 52 55 56 57 58 61 63 71 74])
Bicluster(rows=[21, 30], cols=[ 0  1  2  3  4  5  6  7  8  9 10 11 12 13 14 15 16 17 18 19 20 21 22 23
 24 27 30 31 33 34 37 40 42 45 48 49 50 51 52 55 56 57 58 61 63 64 67 68
 69 71 74])
Bicluster(rows=[21, 31], cols=[ 0  1  2  3  4  5  6  7  8  9 10 11 12 13 14 15 16 17 18 19 20 21 22 23
 24 26 30 31 32 34 35 37 39 42 43 45 48 49 50 51 54 55 57 62 63 64 65 67
 68 69 70 71 73 74])
Bicluster(rows=[21, 32], cols=[ 0  1  2  3  4  5  6  7  8  9 10 11 12 13 14 15 16 17 18 19 20 21 22 23
 24 26 28 30 31 32 34 35 37 38 39 40 42 43 44 45 48 49 50 51 52 53 54 55
 57 61 62 63 64 65 66 67 68 69 70 71 72 73])
Bicluster(rows=[21, 33], cols=[ 0  2  3  6  7 11 13 16 20 22 23 26 30 31 32 34 35 37 39 42 43 45 48 49
 52 54 55 56 57 58 62 63 64 66 70])
Bicluster(rows=[21, 34], cols=[ 0  1  2  4  5  9 10 11 17 18 19 22 23 24 26 27 29 31 32 33 34 35 40 45
 50 52 53 55 56 57 61 63 66 68 69 71 73])
Bicluster(rows=[21, 35], cols=[ 0  3  6  8 15 17 21 23 24 26 28 30 35 37 38 39 41 43 44 48 54 57 58 63
 66 68 71 73 74])
Bicluster(rows=[21, 36], cols=[ 0  1  2  6  7  8  9 14 15 16 17 20 21 23 25 33 36 40 46 47 50 54 56 58
 61 62 63 66 67 71])
Bicluster(rows=[21, 37], cols=[ 2  3  5  9 12 14 16 17 19 22 23 24 25 27 30 31 33 36 40 42 52 54 62 65
 66 67 68 71 73 74])
Bicluster(rows=[21, 38], cols=[ 5 11 13 14 16 17 19 22 23 26 30 32 34 35 39 42 43 45 48 49 50 51 52 53
 56 58 61 63 64 65 72])
Bicluster(rows=[21, 39], cols=[ 1  2 16 17 18 21 22 27 28 31 32 35 38 40 43 44 45 55 58 59 63 64 65 66
 67 68 69 74])
Bicluster(rows=[21, 40], cols=[ 1  2 10 11 12 14 17 18 20 22 25 26 27 29 31 40 42 55 56 57 58 61 62 63
 64 67 71 72 74])
Bicluster(rows=[21, 41], cols=[ 1  2  7 10 12 13 19 21 22 23 25 27 29 31 37 39 40 42 51 52 54 55 60 61
 62 63 66 68 69 74])
Bicluster(rows=[21, 42], cols=[ 2  4  7 12 13 14 17 18 20 22 24 26 29 32 33 34 35 43 44 45 49 53 57 61
 63 67 69 71 74])
Bicluster(rows=[21, 43], cols=[ 4  7  9 10 11 12 13 14 17 19 20 25 36 39 40 42 46 50 51 52 53 54 56 57
 59 60 61 66 67 68 71 72 73])
Bicluster(rows=[21, 44], cols=[ 1  3  5  6  7 10 14 16 17 18 23 24 27 28 32 34 35 38 40 41 43 44 45 50
 51 52 53 55 57 60 61 63 65 69 71 73])
Bicluster(rows=[21, 45], cols=[ 1  4  5  6  7 12 14 18 19 21 22 23 25 36 37 39 46 52 53 54 55 60 62 63
 64 66 68 69 70 73])
Bicluster(rows=[21, 46], cols=[ 0  3  6  8 10 14 16 22 24 26 27 28 29 31 32 33 34 35 38 40 43 44 45 49
 52 58 63 64 68 72])
Bicluster(rows=[21, 47], cols=[ 1  2  4 10 11 14 17 20 21 23 24 28 30 38 41 44 50 52 55 58 59 61 64 66
 71])
Bicluster(rows=[21, 48], cols=[ 3  4  5  7  8 11 15 19 20 21 22 23 24 25 27 31 36 40 45 46 47 50 53 54
 56 57 59 60 61 62 63 66 72])
Bicluster(rows=[21, 49], cols=[ 1 11 13 14 17 19 21 24 25 26 29 36 42 46 50 51 53 54 58 59 66 67 68 69
 70 71 72 73])
Bicluster(rows=[21, 50], cols=[ 1  2  4  5  7 10 12 16 23 26 27 29 31 32 40 45 57 59 61 62 63 64 67 68
 74])
Bicluster(rows=[21, 51], cols=[ 3  4  6  9 11 13 14 17 18 19 21 22 24 25 29 36 37 39 42 46 50 51 54 55
 58 59 60 61 62 66 67 70 72 73 74])
Bicluster(rows=[21, 52], cols=[ 1  2  4  5  7 10 11 14 21 22 24 25 29 36 39 42 46 51 57 58 60 62 63 64
 66 69 70 71])
Bicluster(rows=[21, 53], cols=[ 0  3  6 10 15 16 18 20 26 27 28 31 32 34 35 38 40 43 44 45 50 54 55 66
 71 72 74])
Bicluster(rows=[21, 54], cols=[ 1  2  5 11 12 14 17 19 20 21 25 36 37 39 42 46 50 55 59 61 62 64 68 70
 71 72 74])
Bicluster(rows=[21, 55], cols=[ 2 11 12 14 17 19 20 23 26 27 29 32 33 34 35 40 45 50 53 54 55 56 57 58
 61 63 64 68 69 72 73 74])
Bicluster(rows=[21, 56], cols=[ 2  4 11 12 13 16 18 20 23 24 25 30 36 40 46 54 55 56 61 62 64 66 68 69
 70 74])
Bicluster(rows=[21, 57], cols=[ 4  7 11 12 13 14 21 22 24 26 27 29 31 32 35 40 45 50 51 54 55 61 62 63
 64 66 67 69 74])
Bicluster(rows=[21, 58], cols=[ 1  6  7 12 13 14 25 26 27 29 31 40 42 50 53 54 59 60 64 66 67 68 70 71
 73])
Bicluster(rows=[21, 59], cols=[ 4  5  6 10 11 13 18 21 24 28 29 33 34 38 41 43 44 48 49 53 56 59 60 65
 69 72 73])
Bicluster(rows=[21, 60], cols=[ 0  2  4  6  8 12 17 20 23 24 25 27 30 31 33 36 40 42 51 53 54 59 63 64
 67 69 71 72 74])
Bicluster(rows=[21, 61], cols=[ 1  7 11 12 14 19 20 27 31 33 37 39 42 45 51 52 55 56 58 61 62 64 68 70
 71 73 74])
Bicluster(rows=[21, 62], cols=[ 0  6  8 10 14 16 18 23 26 27 28 29 32 33 34 35 38 40 43 44 45 49 52 54
 57 64 70 74])
Bicluster(rows=[21, 63], cols=[ 6  7 12 19 21 22 23 24 25 26 27 29 31 40 50 51 52 55 57 60 61 62 64 66
 68 69 72 73])
Bicluster(rows=[21, 64], cols=[ 0  1  2  4  5  7 11 12 13 14 17 19 20 21 22 23 24 26 27 29 31 32 35 40
 45 52 55 56 57 61 62 64 70 71 72 73])
Bicluster(rows=[21, 65], cols=[ 2  3  4  5  6  7 10 11 16 18 19 20 21 22 25 26 29 36 42 46 50 52 62 66
 67 74])
Bicluster(rows=[21, 66], cols=[ 5 11 12 13 14 17 22 23 26 27 30 31 33 35 36 37 38 41 42 45 50 51 53 54
 61 62 64 68 69 70 72 73])
Bicluster(rows=[21, 67], cols=[ 1  2  4  5 10 11 12 14 15 18 22 24 25 26 31 34 40 48 50 53 60 61 62 66
 68 69 70 71 72 73])
Bicluster(rows=[21, 68], cols=[ 0  2  4 16 19 22 24 27 34 36 38 42 45 49 54 56 57 59 62 67 68 69 70 72])
Bicluster(rows=[21, 69], cols=[ 1  4  5 10 11 12 15 17 18 23 24 27 30 33 36 37 39 41 49 50 51 55 56 58
 61 62 63 64 67 68 69 70 72 74])
Bicluster(rows=[21, 70], cols=[ 0  2  6  7 17 18 22 25 26 27 33 36 39 42 43 45 48 50 52 53 56 57 60 61
 62 63 64 67 69 70 71 73])
Bicluster(rows=[21, 71], cols=[ 0  1  2  3  6  8 18 21 22 23 24 25 33 36 38 40 44 47 50 54 56 57 58 59
 61 62 63 64 65 66 67 68 69 70 72 74])
Bicluster(rows=[21, 72], cols=[ 0  1  3  6 12 15 18 21 23 25 29 31 32 36 37 38 40 42 45 46 49 50 51 53
 54 60 61 62 63 64 66 68 69 70 71 72 73])
Bicluster(rows=[21, 73], cols=[ 4  5  6  7  9 16 17 18 22 24 26 27 30 31 35 42 43 50 53 54 55 59 61 65
 66 68 72 73])
Bicluster(rows=[21, 74], cols=[ 4  9 13 18 21 22 25 26 29 30 36 38 41 42 46 50 52 53 60 61 62 66 67 68
 69 70 71 72 73])
Bicluster(rows=[21, 75], cols=[ 0  2  5 12 13 17 21 23 24 26 27 30 33 38 39 44 48 50 52 53 56 60 61 62
 67 69 70 71 73])
Bicluster(rows=[21, 76], cols=[ 0  2  4  5  7 11 12 14 18 20 21 22 23 24 34 40 42 45 49 50 54 59 61 62
 63 65 68 69 70 72 74])
Bicluster(rows=[21, 77], cols=[ 0  1  3  4  5 11 14 21 22 23 28 30 31 33 35 38 39 40 44 46 49 50 52 53
 56 57 60 61 62 63 64 67 69 70 71 73])
Bicluster(rows=[21, 78], cols=[ 3  6  8 15 16 21 22 23 25 32 36 39 40 46 47 50 54 56 57 58 59 61 62 63
 65 67 68 69 70 72])
Bicluster(rows=[21, 79], cols=[ 0  4  5  6 14 19 20 21 22 23 24 27 30 33 40 43 47 48 49 50 53 54 55 59
 61 64 65 66 68 72 73])
Bicluster(rows=[21, 80], cols=[ 1  2  5 10 18 21 23 24 27 28 33 40 42 43 47 49 50 54 59 61 62 63 64 65
 68 69 70 72 74])
Bicluster(rows=[21, 81], cols=[ 0  3  5  8 10 12 18 20 22 25 27 31 33 36 40 46 49 50 52 53 56 57 60 61
 62 63 64 66 67 68 69 70 73])
Bicluster(rows=[21, 82], cols=[ 0 13 14 20 23 25 28 31 32 38 41 42 43 44 45 48 49 50 56 58 61 62 63 64
 65 67 68 69 70 72 74])
Bicluster(rows=[21, 83], cols=[ 0  4  5  6 10 11 12 13 14 19 21 22 23 24 27 32 35 38 39 41 48 50 54 58
 59 61 62 63 65 68 69 70 72 74])
Bicluster(rows=[21, 84], cols=[ 4  5  7 12 16 17 18 22 25 28 30 34 35 36 41 42 48 50 51 53 54 60 61 62
 64 66 68 69 70 72 73])
Bicluster(rows=[21, 85], cols=[ 7 13 19 20 21 24 26 27 31 32 33 35 37 40 43 48 49 50 56 58 59 61 62 63
 65 67 68 69 70 72 74])
Bicluster(rows=[21, 86], cols=[ 1  2 12 13 17 19 20 21 22 24 31 32 33 34 35 39 42 49 50 54 59 61 63 65
 68 69 70 72 74])
Bicluster(rows=[21, 87], cols=[ 1  2 11 13 20 23 25 28 29 35 36 38 39 46 49 51 56 57 58 61 62 63 64 67
 69 70 71 74])
Bicluster(rows=[21, 88], cols=[ 0  3  6 11 13 14 23 25 28 32 37 39 41 49 50 52 53 56 57 60 61 62 63 64
 66 67 68 69 70 71 73])
Bicluster(rows=[21, 89], cols=[ 0  1  4  5 12 15 19 21 25 28 29 30 35 42 45 47 49 50 51 53 54 55 59 61
 62 64 65 66 68 69 70 72 73])
Bicluster(rows=[21, 90], cols=[ 0  5  6  7  8 15 16 18 22 23 25 33 36 39 40 42 46 50 54 56 58 59 61 62
 63 65 67 68 69 70 72 74])
Bicluster(rows=[21, 91], cols=[ 0  3  8 10 11 15 18 27 30 36 37 42 46 49 50 52 53 56 57 60 61 62 63 64
 66 67 68 69 70 71 72 73])
Bicluster(rows=[21, 92], cols=[ 0  7  8 10 15 17 18 25 31 34 36 43 46 50 52 53 56 57 60 61 62 63 64 67
 68 69 70 71 72 73])
Bicluster(rows=[21, 93], cols=[ 8 10 11 14 16 17 18 19 20 21 23 25 26 27 30 31 33 35 37 40 47 52 57 65])
Bicluster(rows=[21, 94], cols=[ 1  2  6 10 11 18 20 23 24 25 31 35 37 40 41 48 50 51 53 54 61 62 64 66
 68 69 70 72 73])
Bicluster(rows=[21, 95], cols=[ 0  1  2  6 10 13 18 19 22 23 24 27 30 32 33 34 39 42 43 45 48 49 50 54
 59 61 64 65 66 68 70 72 74])
Bicluster(rows=[21, 96], cols=[ 1  4  7 10 11 12 16 20 28 29 31 35 37 44 48 50 54 56 58 59 61 62 63 64
 65 67 68 69 70 72 74])
Bicluster(rows=[21, 97], cols=[ 1  5  6  9 10 11 22 23 27 28 29 30 32 33 35 38 40 43 44 45 48 49 51 53
 54 59 60 65 66 68 72 73])
Bicluster(rows=[21, 98], cols=[ 0  5 11 12 18 19 20 23 24 25 26 27 30 31 32 33 34 35 39 40 42 43 45 50
 54 58 59 61 62 63 65 68 69 70 72 74])
Bicluster(rows=[21, 99], cols=[ 1  2  7 12 13 17 18 21 22 23 25 26 27 28 30 31 32 34 36 37 41 42 44 50
 52 54 55 57 60 62 63 64 70 71 72 73])
Bicluster(rows=[22, 23], cols=[ 1  2  4  5  7 11 12 13 14 17 19 20 21 22 24 25 28 37 38 40 41 45 53 57
 58 60 61 62 65 71 73])
Bicluster(rows=[22, 24], cols=[ 0  1  2  3  4  5  6  7  8  9 10 11 12 13 14 15 16 17 18 19 20 21 22 23
 24 26 30 38 40 41 44 60 61 63 68 70 73 74])
Bicluster(rows=[22, 25], cols=[ 0  1  2  3  4  5  6  7  8  9 10 11 12 13 14 15 16 17 18 19 20 21 22 23
 24 25 26 28 36 42 44 47 49 50 52 54 56 58 60 61 66 68 70 74])
Bicluster(rows=[22, 26], cols=[ 0  1  2  3  4  5  6  7  8  9 10 11 12 13 14 15 16 17 18 19 20 21 22 23
 24 25 27 30 36 40 41 44 46 48 49 50 52 54 55 58 59 60 61 62 63 67 69 71
 72])
Bicluster(rows=[22, 27], cols=[ 0  1  2  3  4  5  6  7  8  9 10 11 12 13 14 15 16 17 18 19 20 21 22 23
 24 27 28 30 34 35 36 38 44 47 48 49 55 60 61 65 69 70 73 74])
Bicluster(rows=[22, 28], cols=[ 0  1  2  3  4  5  6  7  8  9 10 11 12 13 14 15 16 17 18 19 20 21 22 23
 24 26 30 31 33 35 36 38 39 41 42 46 48 49 50 51 55 58 60 61 64 65 67 68
 69 71 72 73])
Bicluster(rows=[22, 29], cols=[ 0  1  2  3  4  5  6  7  8  9 10 11 12 13 14 15 16 17 18 19 20 21 22 23
 24 38 49 50 51 58 59 60 61 63 65 67 68 69 72 73 74])
Bicluster(rows=[22, 30], cols=[ 0  1  2  3  4  5  6  7  8  9 10 11 12 13 14 15 16 17 18 19 20 21 22 23
 24 25 27 28 38 49 50 60 61 63 64 69 72 73 74])
Bicluster(rows=[22, 31], cols=[ 0  1  2  3  4  5  6  7  8  9 10 11 12 13 14 15 16 17 18 19 20 21 22 23
 24 25 27 28 38 40 41 44 52 54 60 63 64 70 73])
Bicluster(rows=[22, 32], cols=[ 0  1  2  3  4  5  6  7  8  9 10 11 12 13 14 15 16 17 18 19 20 21 22 23
 24 25 26 27 28 40 44 52 54 61 62 64 66 68 70])
Bicluster(rows=[22, 33], cols=[ 0  2  3  6  7 11 13 16 18 20 22 23 25 26 27 28 35 40 44 50 54 58 59 60
 61 62 63 64 65 66 68 69 70 71 72 73 74])
Bicluster(rows=[22, 34], cols=[ 1  6  8  9 15 19 22 24 26 28 30 34 38 41 44 45 48 49 51 55 56 57 59 60
 63 65 66 67 69 71 72])
Bicluster(rows=[22, 35], cols=[ 0  1  2  5  6 11 12 13 14 16 19 20 22 23 31 32 36 37 39 43 45 46 47 50
 52 58 59 60 62 64 67 70 71 74])
Bicluster(rows=[22, 36], cols=[ 0  1  2  6  7  8  9 14 15 16 17 18 20 21 22 23 31 33 34 37 38 39 41 42
 45 46 47 48 50 51 52 54 56 57 58 60 61 62 63 65 66 68 69 72 73])
Bicluster(rows=[22, 37], cols=[ 2  3  5  7  9 13 14 16 17 19 20 21 22 23 24 31 33 34 38 41 42 45 46 48
 49 51 52 53 54 57 59 60 62 68 71 74])
Bicluster(rows=[22, 38], cols=[ 0  1  5  6 10 12 18 22 26 28 30 33 38 41 48 49 51 52 57 59 61 63 64 66
 73 74])
Bicluster(rows=[22, 39], cols=[ 0  2  5  6  8 10 11 12 14 15 18 19 21 22 25 29 38 39 40 41 42 47 49 54
 57 59 60 61 62 63 64 65 68 73])
Bicluster(rows=[22, 40], cols=[ 0  1  2  6 11 12 14 15 17 19 20 22 23 26 28 31 34 38 41 45 46 52 55 58
 59 60 61 62 64 65 68 69 71 73 74])
Bicluster(rows=[22, 41], cols=[ 1  5  6  7  8 11 12 15 16 18 19 20 21 24 26 30 31 34 38 41 42 45 46 48
 50 54 61 63 64 66 67 69 70 72 74])
Bicluster(rows=[22, 42], cols=[ 0  1  2  4  5 10 11 12 15 19 22 23 24 25 29 38 39 40 41 42 47 49 54 55
 56 58 59 60 61 62 63 64 66 69 70 73])
Bicluster(rows=[22, 43], cols=[ 2  4  5  7  8  9 11 12 13 14 17 18 19 20 21 24 31 32 34 36 41 42 43 45
 46 54 61 63 66 67 71])
Bicluster(rows=[22, 44], cols=[ 0  2  4  5  9 10 11 14 17 18 23 24 25 29 38 39 40 41 42 47 52 54 58 60
 61 62 63 64 65 66 68 70 73])
Bicluster(rows=[22, 45], cols=[ 1  4  5  6  7 12 14 15 17 18 19 21 22 23 30 31 32 34 38 41 42 43 45 46
 50 54 63 64 66 70])
Bicluster(rows=[22, 46], cols=[ 0  1  2  4  5  6 10 13 15 17 20 21 22 29 34 38 39 41 42 47 48 49 50 54
 56 58 60 62 64 69 70 72])
Bicluster(rows=[22, 47], cols=[ 0  2  4  6 12 13 17 18 20 23 31 32 36 42 43 45 46 50 52 54 56 59 62 64
 65 68 69 73 74])
Bicluster(rows=[22, 48], cols=[ 0  2  3  6  8 10 12 14 18 29 31 33 34 38 39 41 42 45 46 47 48 50 51 52
 56 60 64 65 71 73])
Bicluster(rows=[22, 49], cols=[ 1  2  3  5  7 12 13 16 20 21 22 23 30 31 34 38 41 42 43 45 46 50 52 58
 60 61 62 63 64 65 67 68 69 70 71 73 74])
Bicluster(rows=[22, 50], cols=[ 0  2  4  5  6  9 12 13 15 17 18 19 25 26 27 28 29 37 39 40 42 44 47 53
 54 55 56 59 61 62 63 64 66 70 71 73])
Bicluster(rows=[22, 51], cols=[ 3  4  6  9 11 12 13 14 17 18 19 21 22 23 24 26 30 31 34 38 41 42 45 46
 48 52 54 58 61 62 66 68 70 74])
Bicluster(rows=[22, 52], cols=[ 1  2  4  5  9 11 14 15 21 22 24 26 31 34 38 41 42 43 45 46 52 56 58 62
 63 66 67 70 72])
Bicluster(rows=[22, 53], cols=[ 0  4  5  6  9 10 11 12 13 14 18 22 24 29 31 34 38 39 41 42 45 47 48 49
 50 55 58 59 60 61 63 68 69 70 71 72 74])
Bicluster(rows=[22, 54], cols=[ 1  2  3  5  7  9 11 12 14 15 16 17 19 20 21 22 24 30 31 34 38 41 42 43
 45 46 52 54 61 62 64 69 70 73 74])
Bicluster(rows=[22, 55], cols=[ 1  5  6  7 10 11 12 14 15 17 19 20 22 25 27 29 39 40 42 44 47 52 59 61
 62 63 64 66 68 72 73])
Bicluster(rows=[22, 56], cols=[ 2  4  7  9 10 11 12 13 16 18 20 23 24 31 34 38 41 42 45 46 48 50 52 54
 59 60 61 62 64 66 70 73 74])
Bicluster(rows=[22, 57], cols=[ 0  4  6 10 11 15 16 17 19 21 22 23 24 25 27 29 39 40 42 47 50 56 58 60
 62 63 64 68 69 71])
Bicluster(rows=[22, 58], cols=[ 0  2  4  5  7 10 11 15 17 18 20 21 23 24 26 30 31 34 38 41 42 45 46 48
 51 52 54 58 61 63 68 70 71 73])
Bicluster(rows=[22, 59], cols=[ 0  1  3  7  9 11 16 21 22 24 29 34 38 39 41 42 47 48 49 54 58 59 65 69
 71 73])
Bicluster(rows=[22, 60], cols=[ 0  5  6  9 11 14 15 16 18 19 22 26 38 49 51 55 56 58 59 60 62 65 66 68
 69 71 72 73 74])
Bicluster(rows=[22, 61], cols=[ 0  4  6  7 10 11 14 15 19 23 24 30 31 34 38 41 42 45 46 48 55 56 59 61
 62 63 64 71])
Bicluster(rows=[22, 62], cols=[ 0  1  3  5  6 10 13 15 18 19 20 21 22 23 29 31 34 38 39 41 42 45 46 47
 48 49 50 60 61 62 67 73 74])
Bicluster(rows=[22, 63], cols=[ 2  3  5 11 13 15 16 18 20 30 31 42 43 46 50 57 58 60 63 69 71 73 74])
Bicluster(rows=[22, 64], cols=[ 1  2  5 10 11 12 17 20 21 22 24 25 26 27 28 29 35 39 44 47 52 54 61 63
 64 66 70 73])
Bicluster(rows=[22, 65], cols=[ 2  3  4  5  6  7 10 11 13 16 18 19 20 22 26 28 34 41 44 45 48 51 56 58
 59 60 62 64 65 66 68 69 71 72 74])
Bicluster(rows=[22, 66], cols=[ 0  1  5  6  7 10 15 16 18 19 22 23 27 28 32 37 46 50 51 55 56 58 59 60
 65 69 71 72 73 74])
Bicluster(rows=[22, 67], cols=[ 1  2  4  5 11 12 14 16 19 20 22 24 26 27 28 29 37 38 39 41 45 51 52 53
 54 61 62 66 70])
Bicluster(rows=[22, 68], cols=[ 1  2  4  6  7 10 11 12 13 18 22 25 26 28 44 48 49 51 53 59 61 65 68 70
 71])
Bicluster(rows=[22, 69], cols=[ 0  1  3  5  6 11 12 17 24 28 32 33 36 38 40 43 48 50 52 54 55 58 60 61
 62 63 64 68 70 73 74])
Bicluster(rows=[22, 70], cols=[ 2  3  5  7  8  9 16 23 24 26 29 30 32 33 35 36 42 45 46 47 50 56 58 59
 61 63 64 65 68 69 70 72 73])
Bicluster(rows=[22, 71], cols=[ 0  1  2  3  6  8 17 18 21 22 23 24 26 28 31 33 37 39 41 42 44 45 47 48
 49 52 54 55 58 60 61 62 63 64 70 73 74])
Bicluster(rows=[22, 72], cols=[ 5  8 10 11 16 17 22 31 33 38 39 42 43 45 47 50 51 56 58 59 60 65 68 69
 71 73 74])
Bicluster(rows=[22, 73], cols=[ 3  4  5  8 11 14 17 18 19 20 21 22 27 32 36 38 45 46 50 51 56 57 59 60
 65 67 69 72 74])
Bicluster(rows=[22, 74], cols=[ 0  3  5  6  7 11 15 16 34 36 39 41 43 47 50 56 58 59 60 64 65 69 72 73
 74])
Bicluster(rows=[22, 75], cols=[ 7 12 13 15 17 19 21 22 24 25 26 27 28 30 34 35 38 42 44 45 48 52 54 55
 60 61 62 63 64 70 73 74])
Bicluster(rows=[22, 76], cols=[ 1  2  4  5 10 11 12 13 14 17 19 20 21 22 24 25 26 28 30 35 40 44 51 59
 61 63 65 68 70 71])
Bicluster(rows=[22, 77], cols=[ 0  1  3  4  5 10 13 14 16 20 21 25 27 28 33 34 42 44 46 48 51 59 61 63
 64 65 68 70 71])
Bicluster(rows=[22, 78], cols=[ 1  2  4  5  6  7  9 11 12 13 14 17 19 20 22 23 24 25 26 27 30 35 40 44
 50 51 59 61 63 64 65 68 71])
Bicluster(rows=[22, 79], cols=[ 0  1  4  5  6  7 10 11 12 13 17 18 22 23 24 26 27 40 42 48 49 50 51 56
 58 59 60 65 69 71 72 73 74])
Bicluster(rows=[22, 80], cols=[ 0  2  4  5  6 10 11 18 20 23 24 26 27 30 35 49 50 51 58 59 63 64 65 68
 71])
Bicluster(rows=[22, 81], cols=[ 0  3  5  9 10 12 17 18 20 22 27 29 32 33 34 36 37 38 39 45 48 51 53 54
 59 61 62 65 66 70 71])
Bicluster(rows=[22, 82], cols=[ 1  3  6  7 10 12 15 16 19 22 26 27 28 31 33 38 42 46 49 50 56 59 68 69])
Bicluster(rows=[22, 83], cols=[ 1  4  5  7 15 18 20 21 22 23 24 25 27 28 30 33 38 41 42 48 49 50 51 59
 61 63 64 65 68 70 71])
Bicluster(rows=[22, 84], cols=[ 0  2  3  6 10 11 20 23 24 27 29 31 32 33 34 36 37 39 40 42 43 47 48 50
 51 58 59 60 61 63 64 65 68 69 70 71 73 74])
Bicluster(rows=[22, 85], cols=[ 0  1  3 12 14 15 16 18 20 24 25 27 38 39 40 41 42 43 45 48 49 50 53 61
 63 68 69 72])
Bicluster(rows=[22, 86], cols=[ 2  4  5  7 10 11 12 14 17 18 20 21 22 23 24 25 26 28 40 51 59 61 63 65
 68 70 71])
Bicluster(rows=[22, 87], cols=[ 0  2 15 16 18 21 23 25 26 29 31 33 40 41 42 43 44 45 47 50 51 56 58 59
 60 64 65 68 69 71 72 73 74])
Bicluster(rows=[22, 88], cols=[ 3  5  7  8 10 17 18 20 21 26 28 30 34 36 37 40 45 48 49 50 51 56 58 59
 60 63 64 65 68 69 71 72 73 74])
Bicluster(rows=[22, 89], cols=[ 8  9 12 18 19 21 29 30 31 32 36 40 41 43 44 49 50 51 56 58 59 60 61 63
 64 65 68 69 70 71 72 73 74])
Bicluster(rows=[22, 90], cols=[ 1  5  9 11 13 14 17 18 19 22 23 25 26 27 28 30 35 40 44 50 51 59 61 63
 64 65 68 70 71])
Bicluster(rows=[22, 91], cols=[ 0  3  8 15 23 31 32 34 39 42 43 45 46 48 49 50 51 58 59 60 61 63 64 68
 70 71 73 74])
Bicluster(rows=[22, 92], cols=[ 0  1  2  3  4  5 10 11 12 13 16 19 20 22 23 26 28 31 34 37 38 41 43 44
 45 51 56 57 59 65 67 69 71 72])
Bicluster(rows=[22, 93], cols=[ 2  5 10 11 12 14 17 19 20 21 22 28 41 42 44 55 58 63 64 70 73 74])
Bicluster(rows=[22, 94], cols=[ 0  2  5  7 12 13 14 15 17 18 19 21 23 25 26 27 28 33 37 38 42 46 47 48
 50 51 55 56 58 59 65 69 71 72 74])
Bicluster(rows=[22, 95], cols=[ 2  3 11 12 14 15 16 17 18 20 21 22 23 24 26 27 31 32 34 36 46 48 49 57
 67 73 74])
Bicluster(rows=[22, 96], cols=[ 4  5  6  9 11 12 13 14 18 19 20 23 29 36 40 42 43 48 50 51 58 59 61 63
 64 65 68 70 71])
Bicluster(rows=[22, 97], cols=[ 5  7 11 13 14 15 18 22 26 34 38 40 46 48 49 50 51 55 56 58 59 65 69 71
 72 74])
Bicluster(rows=[22, 98], cols=[ 5  6 10 12 13 14 17 20 21 23 25 26 27 28 40 44 50 51 59 61 63 64 65 68
 70 71])
Bicluster(rows=[22, 99], cols=[ 4  5  7  8 10 11 13 15 16 20 24 26 28 31 34 35 36 38 39 42 43 44 48 50
 51 57 58 59 61 73 74])
Bicluster(rows=[23, 24], cols=[ 0  1  2  3  4  5  6  7  8  9 10 11 12 13 14 15 16 17 18 19 20 21 22 23
 24 29 32 33 39 40 42 47 48 51 59 61 62 68 69 72])
Bicluster(rows=[23, 25], cols=[ 0  1  2  3  4  5  6  7  8  9 10 11 12 13 14 15 16 17 18 19 20 21 22 23
 24 25 28 32 40 46 48 59 61 66 68 69 72 73 74])
Bicluster(rows=[23, 26], cols=[ 0  1  2  3  4  5  6  7  8  9 10 11 12 13 14 15 16 17 18 19 20 21 22 23
 24 25 33 42 43 46 47 51 61 64 67 69])
Bicluster(rows=[23, 27], cols=[ 0  1  2  3  4  5  6  7  8  9 10 11 12 13 14 15 16 17 18 19 20 21 22 23
 24 26 29 32 34 40 42 43 46 59 62 64 67 69 72 74])
Bicluster(rows=[23, 28], cols=[ 0  1  2  3  4  5  6  7  8  9 10 11 12 13 14 15 16 17 18 19 20 21 22 23
 24 27 28 32 40 43 46 47 50 53 59 61 62 67 68 69])
Bicluster(rows=[23, 29], cols=[ 0  1  2  3  4  5  6  7  8  9 10 11 12 13 14 15 16 17 18 19 20 21 22 23
 24 25 28 32 39 40 42 43 47 51 53 59 61 67 68 69 74])
Bicluster(rows=[23, 30], cols=[ 0  1  2  3  4  5  6  7  8  9 10 11 12 13 14 15 16 17 18 19 20 21 22 23
 24 25 28 31 32 39 40 42 43 47 51 59 61 69 74])
Bicluster(rows=[23, 31], cols=[ 0  1  2  3  4  5  6  7  8  9 10 11 12 13 14 15 16 17 18 19 20 21 22 23
 24 25 29 31 32 42 47 48 51 59 69 74])
Bicluster(rows=[23, 32], cols=[ 0  1  2  3  4  5  6  7  8  9 10 11 12 13 14 15 16 17 18 19 20 21 22 23
 24 25 31 32 40 42 47 48 59 60 66 72 73 74])
Bicluster(rows=[23, 33], cols=[ 3  4  5  9 14 16 17 19 21 22 24 26 29 33 36 37 38 41 45 51 54 55 59 63
 68 69 70 74])
Bicluster(rows=[23, 34], cols=[ 0  2  4  5  8 10 11 12 15 17 18 20 23 24 25 26 30 31 36 37 40 42 43 48
 51 55 58 59 60 61 63 64 67 69])
Bicluster(rows=[23, 35], cols=[ 0  3  5  6  7  8  9 15 17 18 20 21 23 24 26 29 36 38 41 45 47 53 54 58
 59 62 66 73 74])
Bicluster(rows=[23, 36], cols=[ 1  2  6  7  9 14 16 17 18 20 21 23 27 34 44 49 52 54 55 61 63 64 66 67
 68 74])
Bicluster(rows=[23, 37], cols=[ 0  1  5  6  9 10 12 14 17 25 31 39 40 42 43 47 51 55 59 61 69 72 73 74])
Bicluster(rows=[23, 38], cols=[ 1  5  9 11 12 13 14 16 17 18 22 23 25 31 33 39 42 43 47 48 61 65 68 69
 74])
Bicluster(rows=[23, 39], cols=[ 0  1  3  5  6 10 17 18 20 22 24 26 30 32 34 42 43 46 49 50 52 56 57 59
 62 64 66 67 68 69 71])
Bicluster(rows=[23, 40], cols=[ 0  1  2  6  7 11 12 13 14 15 16 17 19 20 22 23 27 28 30 32 34 37 42 46
 49 50 51 52 59 61 67 68 69 70 72 74])
Bicluster(rows=[23, 41], cols=[ 1  5  6  7  8 12 13 15 18 19 21 27 28 29 30 34 35 37 39 44 47 49 50 51
 53 54 59 60 61 62 66 69 70])
Bicluster(rows=[23, 42], cols=[ 0  2  4  5  6  7  9 10 12 13 14 16 17 20 22 23 24 25 26 30 31 36 37 40
 42 43 50 51 55 59 60 61 62 64 68 69 73])
Bicluster(rows=[23, 43], cols=[ 2  4  5  7  8  9 11 12 13 14 17 18 19 20 21 27 34 35 39 44 49 54 55 58
 60 61 62 63 66 67 72 73])
Bicluster(rows=[23, 44], cols=[ 1  3  4  5  6  7  8 10 12 14 16 17 18 21 22 23 24 25 26 30 31 32 37 40
 42 43 46 51 58 60 61 62 67 68 69 73])
Bicluster(rows=[23, 45], cols=[ 4  5  6  7 12 14 15 18 19 21 22 23 27 28 29 34 39 44 47 49 51 54 58 59
 60 61 62 63 66 71 73 74])
Bicluster(rows=[23, 46], cols=[ 0  2  3  4  5  6  7  8  9 10 14 16 19 22 24 25 26 30 31 36 37 38 40 43
 48 51 55 60 62 63 67 72])
Bicluster(rows=[23, 47], cols=[ 0  5  6  7 11 14 17 19 20 21 24 27 29 34 35 39 44 47 49 52 54 55 56 58
 59 61 69 71 73 74])
Bicluster(rows=[23, 48], cols=[ 0  5  6  7 11 16 19 21 23 24 26 30 33 36 38 41 45 48 50 53 59 61 62 63
 64 65 67 71 72 73])
Bicluster(rows=[23, 49], cols=[ 1  3  5  9 11 13 14 16 17 19 21 22 23 24 27 28 30 34 37 39 47 49 51 52
 54 55 60 63 66 67 68 69 72 73 74])
Bicluster(rows=[23, 50], cols=[ 1  2  3  4  5 10 12 13 17 18 25 26 30 31 32 37 40 42 43 46 50 51 52 53
 55 69 71 73])
Bicluster(rows=[23, 51], cols=[ 1  3  4  6 11 18 19 21 22 24 27 28 29 30 34 37 39 46 47 49 51 52 53 54
 55 57 58 66 68 71 72 74])
Bicluster(rows=[23, 52], cols=[ 0  1  2  4  5  6  9 11 12 14 15 16 21 22 23 24 27 28 29 30 34 37 39 47
 49 50 51 53 55 59 60 66 67 69])
Bicluster(rows=[23, 53], cols=[ 0  3  6  7 10 11 15 16 17 18 19 20 25 26 30 31 36 37 38 40 43 48 51 52
 53 54 59 60 61 62 66 67 68 72 74])
Bicluster(rows=[23, 54], cols=[ 2  3  7 15 16 21 27 28 29 30 34 35 37 39 44 47 49 51 52 54 55 58 60 61
 65 66 69 70 71 73])
Bicluster(rows=[23, 55], cols=[ 0  3  5  9 10 11 12 14 17 18 19 20 21 22 23 25 26 30 31 32 37 40 42 43
 46 51 54 61 62 69 72 73])
Bicluster(rows=[23, 56], cols=[ 2  4  7  9 10 11 12 13 14 18 20 23 24 27 28 34 39 46 49 50 51 52 54 59
 63 69 71 74])
Bicluster(rows=[23, 57], cols=[ 0  1  2  4  5  6  7  8 10 11 12 13 14 21 23 24 27 30 32 34 37 42 46 49
 51 53 54 59 61 62 66 67 68 69])
Bicluster(rows=[23, 58], cols=[ 0  1  4  5  7 10 11 12 16 17 18 21 23 24 27 29 30 35 37 39 44 47 49 52
 54 55 59 60 61 63 64 67 68 72 74])
Bicluster(rows=[23, 59], cols=[ 0  6 11 12 15 21 22 24 25 26 30 31 36 37 38 40 43 48 52 56 58 60 63 65
 69 73])
Bicluster(rows=[23, 60], cols=[ 1  2  4  7 13 15 17 18 20 21 23 24 25 31 33 36 39 42 43 47 48 52 56 58
 61 64 67 69 74])
Bicluster(rows=[23, 61], cols=[ 3  4  5  8  9 10 12 15 27 28 29 30 32 34 37 42 46 47 49 50 54 57 59 63])
Bicluster(rows=[23, 62], cols=[ 0  6  7  8  9 10 11 12 16 18 20 23 25 26 30 31 36 37 38 40 43 48 50 51
 54 61 62 63 74])
Bicluster(rows=[23, 63], cols=[ 0  1  6  7  9 10 12 14 17 19 21 22 23 24 27 28 30 32 34 37 42 46 49 51
 58 59 60 61 65 66 68 69 72 73 74])
Bicluster(rows=[23, 64], cols=[ 0  1  2  3  4  5  6  7 11 12 13 14 15 17 18 19 20 21 22 24 26 30 32 37
 40 42 43 46 51 59 61 68 69 73 74])
Bicluster(rows=[23, 65], cols=[ 1  2  3  4  5  6  7 10 11 13 16 18 20 22 24 25 26 30 32 37 40 42 43 46
 51 61 66 68 69 74])
Bicluster(rows=[23, 66], cols=[ 0  1  2  5  6  9 10 11 12 17 22 23 26 28 29 31 34 38 39 41 42 43 44 47
 52 54 55 58 60 63 65 66 71 72 73])
Bicluster(rows=[23, 67], cols=[ 1  2  4  5  6  7  9 12 19 20 22 24 30 31 37 38 43 45 46 53 59 61 62 64
 67 68 69])
Bicluster(rows=[23, 68], cols=[ 0  2  4  6 11 14 16 19 22 24 25 28 32 42 43 46 47 48 52 53 61 64 65 69
 71 72])
Bicluster(rows=[23, 69], cols=[ 1  3  4  7 10 13 14 15 18 19 23 29 32 34 37 38 39 41 45 48 52 54 58 60
 63 65 66 71 72 73 74])
Bicluster(rows=[23, 70], cols=[ 2 11 13 15 16 17 21 22 23 29 33 34 35 36 37 38 39 41 42 47 53 59 61 64
 65 68 69])
Bicluster(rows=[23, 71], cols=[ 1  3  4  7  8  9 10 11 19 20 22 24 25 32 38 40 43 48 52 54 58 63 65 66
 71 72 73 74])
Bicluster(rows=[23, 72], cols=[ 0  1  3  6  8 12 14 15 18 19 20 23 24 25 29 31 33 37 38 40 42 43 44 46
 47 52 54 55 58 60 63 65 66 72 73])
Bicluster(rows=[23, 73], cols=[ 2  5  6 11 14 16 17 18 19 20 21 22 26 28 29 31 33 39 42 52 54 55 58 60
 63 65 66 71 72 73])
Bicluster(rows=[23, 74], cols=[ 1  2  4 12 13 14 17 18 19 23 24 25 26 38 39 41 42 43 45 46 47 49 51 52
 54 58 59 63 66 72])
Bicluster(rows=[23, 75], cols=[ 0  2  5  6  7  9 10 19 21 23 24 25 26 29 36 38 39 43 45 46 47 51 58 59
 60 66 73])
Bicluster(rows=[23, 76], cols=[ 0  1  2  4  5  6  7 10 11 12 14 17 18 19 20 21 22 23 24 25 28 29 31 32
 39 40 43 47 48 52 53 54 61 65 66 71 72])
Bicluster(rows=[23, 77], cols=[ 2  5  8 10 11 12 15 17 19 22 23 27 37 39 40 42 43 44 49 50 53 59 62 64
 67 68 69])
Bicluster(rows=[23, 78], cols=[ 0  2  3  6  8 11 15 16 18 21 22 27 34 40 44 46 47 48 52 53 54 65 66 71
 72])
Bicluster(rows=[23, 79], cols=[ 0  4  5  6  9 10 14 19 20 21 23 24 25 27 29 31 34 43 46 48 52 54 58 60
 63 65 66 71 72 73 74])
Bicluster(rows=[23, 80], cols=[ 0  1  5  6  8  9 10 13 14 15 16 18 21 25 27 32 34 35 40 43 46 48 52 53
 54 61 65 71 72])
Bicluster(rows=[23, 81], cols=[ 5  6 10 12 15 17 18 20 22 26 30 31 33 37 38 41 43 45 47 48 49 50 53 59
 62 64 65 67 68 69 71])
Bicluster(rows=[23, 82], cols=[ 2  4  5  6 13 14 17 21 22 24 27 28 29 33 34 39 43 47 51 58 59 60 63 66
 72 73])
Bicluster(rows=[23, 83], cols=[ 0  3  4  5  6  8  9 10 11 12 13 14 18 19 21 24 27 31 32 34 36 38 39 41
 46 52 53 54 61 64 65 69 71 72])
Bicluster(rows=[23, 84], cols=[ 4  5  6  8 10 13 17 18 19 21 22 27 29 31 34 36 39 43 46 47 50 51 53 62
 64 67 68])
Bicluster(rows=[23, 85], cols=[ 0  2  3  5  6  8 10 11 13 16 18 19 21 22 23 27 28 34 37 39 42 43 46 48
 50 59 62 64 65 67 68 71])
Bicluster(rows=[23, 86], cols=[ 0  1  2  3  4  5  6 10 12 13 18 19 20 21 23 25 32 36 39 40 46 47 52 53
 54 61 64 65 69 71 72])
Bicluster(rows=[23, 87], cols=[ 4  5  6  8 12 13 14 15 16 22 28 29 31 34 38 39 43 44 47 48 50 51 53 62
 64 67 68])
Bicluster(rows=[23, 88], cols=[ 0  1  2  3  6  8  9 11 22 23 25 26 27 29 30 34 35 39 41 48 58 59 60 63
 66 72 73])
Bicluster(rows=[23, 89], cols=[ 0  4  5  9 11 12 15 19 21 24 26 27 29 33 34 36 38 39 42 52 54 55 58 60
 63 65 66 71 72 73])
Bicluster(rows=[23, 90], cols=[ 3  5  6  7 11 15 16 17 18 22 23 27 28 29 32 34 39 40 42 46 47 49 52 53
 54 61 65 66 71 72])
Bicluster(rows=[23, 91], cols=[ 1  2  6  7  9 12 16 17 19 21 22 24 28 29 31 32 36 37 39 40 43 48 52 54
 58 63 65 66 72])
Bicluster(rows=[23, 92], cols=[ 1  2  4  5 12 13 20 22 23 25 28 29 32 37 40 45 48 49 52 54 58 63 65 70
 71 72])
Bicluster(rows=[23, 93], cols=[ 0  1  2  3  7  9 10 13 15 18 22 28 29 32 39 40 41 47 48 49 58 66 68 69])
Bicluster(rows=[23, 94], cols=[ 2  5  6  7  9 10 12 13 14 17 21 23 27 28 31 32 36 37 38 39 41 52 54 55
 58 60 63 65 66 71 72 73])
Bicluster(rows=[23, 95], cols=[ 0  1  2  5  6 10 11 12 14 17 18 20 21 22 23 24 31 36 40 42 47 48 52 54
 58 63 65 66 71 72 73 74])
Bicluster(rows=[23, 96], cols=[ 1  3  5  6  7  8 20 23 25 30 40 42 48 49 52 53 54 61 64 65 68 69 71 72])
Bicluster(rows=[23, 97], cols=[ 5  6  7  8  9 10 11 13 22 23 29 31 36 38 40 43 48 52 54 55 58 60 63 65
 66 71 72 73])
Bicluster(rows=[23, 98], cols=[ 5  8  9 10 11 12 15 19 24 27 32 36 39 43 44 49 52 53 54 61 64 69 71 72])
Bicluster(rows=[23, 99], cols=[ 1  2  3 17 21 22 23 29 30 31 32 35 40 42 44 46 48 49 52 56 57 62 63 65
 66 67 71])
Bicluster(rows=[24, 25], cols=[ 0  1  2  3  4  5  6  7  8  9 10 11 12 13 14 15 16 17 18 19 20 21 22 23
 24 26 27 29 30 31 32 34 36 37 39 40 44 45 48 50 51 53 55 57 58 59 60 61
 65 67 68 69 71 72 73])
Bicluster(rows=[24, 26], cols=[ 0  1  2  3  4  5  6  7  8  9 10 11 12 13 14 15 16 17 18 19 20 21 22 23
 24 28 30 32 33 34 36 37 39 40 41 42 43 45 47 50 51 53 56 57 59 60 64 65
 66 69 70 71])
Bicluster(rows=[24, 27], cols=[ 0  1  2  3  4  5  6  7  8  9 10 11 12 13 14 15 16 17 18 19 20 21 22 23
 24 25 29 30 31 33 36 37 38 39 40 42 45 46 48 50 53 54 56 57 58 60 61 63
 64 66 67 68 69 71 72 73])
Bicluster(rows=[24, 28], cols=[ 0  1  2  3  4  5  6  7  8  9 10 11 12 13 14 15 16 17 18 19 20 21 22 23
 24 25 26 28 30 31 34 36 38 40 44 45 47 52 54 56 57 59 60 63 66 68 70 73
 74])
Bicluster(rows=[24, 29], cols=[ 0  1  2  3  4  5  6  7  8  9 10 11 12 13 14 15 16 17 18 19 20 21 22 23
 24 26 27 30 31 32 34 36 37 40 41 42 44 46 47 48 50 52 54 55 56 57 59 60
 61 63 64 66 68 70 71 73])
Bicluster(rows=[24, 30], cols=[ 0  1  2  3  4  5  6  7  8  9 10 11 12 13 14 15 16 17 18 19 20 21 22 23
 24 26 30 33 34 37 38 40 41 42 44 45 47 48 50 51 52 53 54 55 56 57 58 59
 60 61 63 65 66 67 70 71 73])
Bicluster(rows=[24, 31], cols=[ 0  1  2  3  4  5  6  7  8  9 10 11 12 13 14 15 16 17 18 19 20 21 22 23
 24 29 30 32 33 34 37 39 41 44 46 47 48 50 51 53 55 56 57 58 59 60 61 65
 66 67 69 70 71 73])
Bicluster(rows=[24, 32], cols=[ 0  1  2  3  4  5  6  7  8  9 10 11 12 13 14 15 16 17 18 19 20 21 22 23
 24 30 32 33 34 37 39 40 41 42 46 47 48 50 51 53 55 56 58 59 60 61 65 67
 69 71 73])
Bicluster(rows=[24, 33], cols=[ 0  2  6  8 10 14 17 18 19 21 22 23 24 25 26 28 31 35 36 38 43 49 50 51
 52 57 58 62 63 64 67 69 71 72 73])
Bicluster(rows=[24, 34], cols=[ 0  1  2  5  9 10 17 18 19 22 23 24 27 32 34 39 40 41 42 45 46 53 54 55
 57 58 59 60 64 70 71])
Bicluster(rows=[24, 35], cols=[ 0  1  2  5  6 11 12 14 19 20 22 23 25 26 28 31 35 36 38 43 49 50 51 53
 54 55 56 57 59 60 61 63 65 66 68 69 70 74])
Bicluster(rows=[24, 36], cols=[ 0  1  2  6  7  8  9 14 15 16 17 20 21 23 25 26 28 31 35 36 38 43 45 49
 50 56 60 61 64 67 71 73])
Bicluster(rows=[24, 37], cols=[ 2  3  4  7  9 13 16 19 20 21 22 23 24 25 26 28 31 35 36 38 43 45 49 50
 56 59 60 64 65 68 70 72 73 74])
Bicluster(rows=[24, 38], cols=[ 0  6  7  8 15 16 18 20 26 27 34 40 41 44 46 50 51 52 53 63 67 68 71 73])
Bicluster(rows=[24, 39], cols=[ 0  6 10 13 16 25 26 29 31 36 37 38 39 43 44 47 49 53 59 60 62 63 64 66
 68 71 74])
Bicluster(rows=[24, 40], cols=[ 0  1  2  6 11 12 14 17 19 20 22 25 31 36 41 42 43 44 49 53 54 56 57 59
 60 61 63 66 68 71 73 74])
Bicluster(rows=[24, 41], cols=[ 1  5  6  7  8 11 12 15 16 18 20 21 24 25 26 28 29 35 36 37 38 43 47 49
 51 52 57 59 63 65 74])
Bicluster(rows=[24, 42], cols=[ 2  4  5  6  7 10 13 14 17 20 22 23 24 32 34 40 42 46 51 53 54 55 56 57
 58 65 66 67 68 69 70 71 74])
Bicluster(rows=[24, 43], cols=[ 2  4  5  7  9 10 11 12 13 14 17 18 19 20 21 25 26 28 30 31 35 36 37 38
 43 47 49 50 52 53 55 56 57 58 65 69 70])
Bicluster(rows=[24, 44], cols=[ 3  4  5  6 10 12 13 16 18 21 22 23 24 27 32 41 42 45 46 51 52 53 54 57
 58 62 63 65 68 70 71 73 74])
Bicluster(rows=[24, 45], cols=[ 1  5  6 12 14 17 18 19 21 22 23 25 26 28 29 30 31 35 36 37 38 43 47 49
 53 56 57 58 59 65 67 69 70 71])
Bicluster(rows=[24, 46], cols=[ 0  3  6  8 10 11 12 16 23 27 29 32 37 39 40 41 42 44 45 47 52 54 55 56
 60 62 63 64 66 69 70 74])
Bicluster(rows=[24, 47], cols=[ 2  5 11 17 19 20 21 24 25 26 28 29 30 31 35 36 37 38 43 44 47 49 50 53
 55 59 60 66 67 70 72 73])
Bicluster(rows=[24, 48], cols=[ 3  5  8 11 14 15 18 21 22 23 24 25 28 31 35 36 38 40 43 45 50 53 57 61
 63 67 69 70 73 74])
Bicluster(rows=[24, 49], cols=[ 1  5  7 12 13 16 19 20 21 22 23 24 25 26 31 35 36 38 39 43 44 49 50 51
 53 55 56 61 71 73])
Bicluster(rows=[24, 50], cols=[ 0  3  6  7 11 14 18 21 24 25 26 29 31 36 37 38 39 43 44 47 49 54 55 56
 59 63 64 71 73])
Bicluster(rows=[24, 51], cols=[ 3  4  6  9 11 12 13 14 17 18 19 21 22 24 25 26 28 29 31 35 36 37 38 39
 43 44 47 49 50 51 55 58 61 65 67 68 71 74])
Bicluster(rows=[24, 52], cols=[ 2  4  5  7 10 11 14 20 22 23 25 26 29 31 36 37 38 39 43 44 47 49 51 54
 55 57 59 63 65 70 74])
Bicluster(rows=[24, 53], cols=[ 0  1  6  9 10 11 14 18 19 20 25 27 28 31 33 35 36 38 40 43 45 51 52 53
 54 58 59 60 61 71 74])
Bicluster(rows=[24, 54], cols=[ 1  2  5  7 11 12 14 16 17 19 20 21 22 24 25 26 28 29 30 31 35 36 37 38
 43 47 49 50 51 53 55 56 58 60 63 65 66 67 71 73 74])
Bicluster(rows=[24, 55], cols=[ 0  3  5  9 11 17 18 19 20 21 25 27 31 32 41 42 45 49 50 51 52 62 63 65
 66 67 71 72 74])
Bicluster(rows=[24, 56], cols=[ 4  5  7  9 11 12 13 14 16 18 23 24 25 26 28 29 30 31 35 36 37 38 43 44
 47 49 51 53 55 56 59 60 65 69 73])
Bicluster(rows=[24, 57], cols=[ 0  5  6 10 20 23 25 29 31 37 39 43 44 47 49 56 57 60 63 64 66 68 74])
Bicluster(rows=[24, 58], cols=[ 2  4  5  7 10 11 15 17 18 21 23 24 25 26 29 31 35 36 37 38 39 43 47 49
 50 53 55 56 57 58 64 65 66 68 69 70 73])
Bicluster(rows=[24, 59], cols=[ 1  3  7  8  9 11 21 22 24 26 27 28 33 34 40 41 44 46 48 52 59 63 64 67
 69 71 73])
Bicluster(rows=[24, 60], cols=[ 0  4  6  8 12 23 24 26 27 31 40 41 44 45 47 51 52 53 55 60 62 65 67 68
 69 70 71 73])
Bicluster(rows=[24, 61], cols=[ 1  4  5  7 10 11 14 15 19 24 25 26 29 30 31 36 37 38 43 44 47 49 51 53
 61 65 67 70 74])
Bicluster(rows=[24, 62], cols=[ 0  3  5  6 10 13 15 18 19 20 21 22 23 25 28 31 35 36 38 43 45 50 51 52
 55 56 57 59 60 64 65 66 69 70 71 73 74])
Bicluster(rows=[24, 63], cols=[ 0  2  4  5 10 20 25 26 29 31 36 37 38 39 43 44 47 49 52 54 56 60 63 64
 65 67 68 70 73])
Bicluster(rows=[24, 64], cols=[ 0  1  2  5  6  7 11 13 14 15 17 19 20 21 22 24 27 32 41 42 45 49 52 55
 56 57 58 65 66])
Bicluster(rows=[24, 65], cols=[ 2  3  4  5  6  7 10 11 13 16 18 19 20 22 25 27 31 41 42 43 44 49 50 53
 60 63 67 68 70])
Bicluster(rows=[24, 66], cols=[ 0  5  6  7 10 15 18 19 22 23 25 30 31 33 35 45 48 52 62 64 68 74])
Bicluster(rows=[24, 67], cols=[ 2  4  5 10 11 12 14 15 18 20 21 22 24 25 33 34 40 41 42 44 45 46 47 48
 50 51 53 56 58 59 61 65 67 69 71])
Bicluster(rows=[24, 68], cols=[ 0  6 14 16 17 21 22 24 26 27 30 31 34 40 41 45 47 48 57 63 64 66 70])
Bicluster(rows=[24, 69], cols=[ 4  5 10 11 12 15 17 18 20 24 25 26 27 37 40 43 44 46 47 50 51 56 58 60
 65 67 69 71 73])
Bicluster(rows=[24, 70], cols=[ 0  2  5  7 17 18 23 24 25 28 36 38 39 45 48 49 50 52 53 56 57 58 59 61
 67 69])
Bicluster(rows=[24, 71], cols=[ 0  4  6 11 13 14 15 16 18 19 20 23 29 30 32 34 37 38 40 42 54 55 60 62
 63 66 68 70 73])
Bicluster(rows=[24, 72], cols=[ 0  2  3 12 15 18 21 25 26 29 30 31 32 35 36 37 41 43 45 47 50 51 53 55
 56 58 59 61 65 67 69 71 73])
Bicluster(rows=[24, 73], cols=[ 0  4 11 14 17 19 20 21 22 26 36 39 43 45 49 52 54 57 60 63 64 66 68 70
 73])
Bicluster(rows=[24, 74], cols=[ 7 11 25 26 31 32 33 36 40 41 43 49 52 53 54 55 57 59 63 66 68 70 73])
Bicluster(rows=[24, 75], cols=[ 2  5  6 10 14 15 27 28 30 31 33 36 37 38 41 46 47 51 54 57 59 63 64 65
 66 68 70 71 74])
Bicluster(rows=[24, 76], cols=[ 0  2  4  5  6  7 11 12 14 18 19 20 21 22 23 24 29 34 37 40 41 46 47 48
 58 61 69 72 74])
Bicluster(rows=[24, 77], cols=[ 2  5 10 12 17 18 19 22 25 28 29 30 31 38 40 41 42 49 54 57 59 63 64 65
 66 68 70 71 74])
Bicluster(rows=[24, 78], cols=[ 2  6 15 16 21 22 25 26 31 32 35 38 41 43 48 50 56 58 61 69 72 73 74])
Bicluster(rows=[24, 79], cols=[ 1  4  5 11 12 13 18 20 21 22 23 24 32 33 34 37 39 41 45 46 52 54 55 57
 60 63 66 68 70 73])
Bicluster(rows=[24, 80], cols=[ 1  2  5  7  9 10 13 14 18 21 23 24 27 29 31 32 35 37 40 41 45 46 48 58
 61 72 73 74])
Bicluster(rows=[24, 81], cols=[ 1  2  4  6 10 11 14 18 21 24 27 29 30 34 37 39 40 42 44 46 47 48 49 51
 54 57 59 63 64 65 66 68 70 71 74])
Bicluster(rows=[24, 82], cols=[ 1  2  4  5  7 10 12 16 17 18 19 22 25 31 37 45 47 48 51 54 57 59 63 64
 65 66 68 70 71 74])
Bicluster(rows=[24, 83], cols=[ 0  4  5  6 10 11 12 13 14 19 21 23 24 26 27 32 33 39 42 43 45 46 50 56
 67 69 73 74])
Bicluster(rows=[24, 84], cols=[ 4  6  7 11 12 15 16 18 23 24 25 26 31 34 36 38 43 46 48 49 50 51 53 55
 56 58 59 61 65 67 69 71])
Bicluster(rows=[24, 85], cols=[ 0  4  5  6  8 10 11 16 17 18 19 23 26 28 36 37 38 45 49 54 59 68 71])
Bicluster(rows=[24, 86], cols=[ 2  6  7 10 11 14 15 17 18 20 23 24 27 28 29 32 33 34 36 37 41 45 46 48
 54 63 66 68 70])
Bicluster(rows=[24, 87], cols=[ 0  3  4  5 12 13 14 18 20 25 26 29 30 33 36 39 41 47 51 54 57 59 63 64
 65 66 68 70 74])
Bicluster(rows=[24, 88], cols=[ 0  6  7 11 13 14 21 23 27 29 32 35 36 37 38 42 45 46 48 50 53 56 58 59
 61 67 69])
Bicluster(rows=[24, 89], cols=[ 2  4  5  6  7 10 11 12 18 24 28 30 31 36 37 38 39 40 41 42 43 44 48 52
 54 55 57 59 60 63 66 68 70 73])
Bicluster(rows=[24, 90], cols=[ 5  6  7  8 15 16 17 22 23 25 26 29 31 33 36 39 40 43 44 45 47 49 50 58
 61 69 72 73 74])
Bicluster(rows=[24, 91], cols=[ 4  6 11 16 20 27 28 30 34 35 37 42 43 44 45 47 50 51 53 55 56 58 61 65
 67 69 71])
Bicluster(rows=[24, 92], cols=[ 0  1  6 10 12 13 18 19 20 22 30 31 32 33 40 41 42 43 45 46 48 52 54 57
 59 63 64 66 68 70 74])
Bicluster(rows=[24, 93], cols=[ 1  2  3  5 10 13 15 22 27 28 29 31 34 35 36 38 43 47 48 50 54 56 57 58
 61 67 68 70])
Bicluster(rows=[24, 94], cols=[ 0  1  2  6 11 18 20 22 23 24 25 26 28 30 31 33 37 40 42 43 44 45 46 48
 49 50 51 53 55 56 58 61 65 67 69 71 73])
Bicluster(rows=[24, 95], cols=[ 2  5  7 11 20 22 23 25 29 31 36 40 43 44 55 60 62 63 64 66 68 73])
Bicluster(rows=[24, 96], cols=[ 0  4  5 11 12 13 14 15 18 19 20 23 26 27 28 32 34 36 37 39 40 43 44 47
 50 53 56 57 58 59 67 73])
Bicluster(rows=[24, 97], cols=[ 1  2  3  8 12 18 19 20 21 24 26 29 31 35 39 45 46 47 49 50 51 53 55 56
 58 59 60 61 65 67 69 71 73])
Bicluster(rows=[24, 98], cols=[ 5  6 10 13 14 16 17 20 21 23 26 33 36 38 42 43 46 47 48 53 62 63 66 68
 70])
Bicluster(rows=[24, 99], cols=[ 0  2  4  5 11 19 20 23 24 25 31 36 37 40 43 46 47 52 56 57 59 61 63 64
 66 67 69 70 73])
Bicluster(rows=[25, 26], cols=[ 0  1  2  3  4  5  6  7  8  9 10 11 12 13 14 15 16 17 18 19 20 21 22 23
 24 25 27 29 33 34 35 36 37 38 39 44 45 46 49 50 52 53 54 56 57 60 63 65
 69 71 74])
Bicluster(rows=[25, 27], cols=[ 0  1  2  3  4  5  6  7  8  9 10 11 12 13 14 15 16 17 18 19 20 21 22 23
 24 28 29 30 31 32 33 36 37 39 41 42 43 44 45 46 47 49 50 53 56 57 58 60
 61 62 69 70 71 72 74])
Bicluster(rows=[25, 28], cols=[ 0  1  2  3  4  5  6  7  8  9 10 11 12 13 14 15 16 17 18 19 20 21 22 23
 24 26 31 32 34 35 36 37 40 42 45 46 49 50 56 57 59 60 61 62 64 68 69 71])
Bicluster(rows=[25, 29], cols=[ 0  1  2  3  4  5  6  7  8  9 10 11 12 13 14 15 16 17 18 19 20 21 22 23
 24 25 26 27 28 29 30 31 32 33 34 35 37 40 45 46 48 49 50 56 58 59 60 61
 62 66 68 69 70 71 74])
Bicluster(rows=[25, 30], cols=[ 0  1  2  3  4  5  6  7  8  9 10 11 12 13 14 15 16 17 18 19 20 21 22 23
 24 25 26 28 29 30 31 32 33 34 35 40 42 45 48 49 50 51 53 55 56 57 58 59
 60 61 62 65 67 69 71 73 74])
Bicluster(rows=[25, 31], cols=[ 0  1  2  3  4  5  6  7  8  9 10 11 12 13 14 15 16 17 18 19 20 21 22 23
 24 25 28 29 30 32 33 34 35 37 39 42 43 44 45 48 49 50 51 52 53 54 55 57
 59 60 62 63 64 65 66 67 69 70 71 73 74])
Bicluster(rows=[25, 32], cols=[ 0  1  2  3  4  5  6  7  8  9 10 11 12 13 14 15 16 17 18 19 20 21 22 23
 24 25 28 29 30 31 32 33 34 35 37 38 39 40 41 43 44 45 48 49 50 51 52 53
 54 58 59 60 61 62 63 65 66 67 68 69 70 71 72 73 74])
Bicluster(rows=[25, 33], cols=[ 0  2  3  6  7 11 13 16 18 20 23 25 28 29 30 33 34 35 37 38 39 41 44 45
 48 49 53 54 57 62 70])
Bicluster(rows=[25, 34], cols=[ 2  4  5  6 13 14 16 20 21 23 25 26 27 31 32 34 35 40 42 45 46 47 49 54
 59 61 62 64 67 68 69 70 72])
Bicluster(rows=[25, 35], cols=[ 0  3  6  8 15 21 23 24 28 29 30 37 38 39 41 43 44 54 57 58 59 66 73 74])
Bicluster(rows=[25, 36], cols=[ 0  1  2  6  7  8  9 14 15 16 17 20 21 23 26 36 42 46 47 50 52 54 55 56
 58 61 63 68 71 73 74])
Bicluster(rows=[25, 37], cols=[ 0  5  6  7 10 12 13 14 17 19 21 24 25 27 28 29 30 33 34 35 37 40 44 45
 49 54 57 59 60 63 65 66 67 69 70 71 72 73 74])
Bicluster(rows=[25, 38], cols=[ 0  6  7  8 10 15 16 18 20 25 26 27 31 32 33 34 35 40 42 45 46 51 53 56
 59 71 74])
Bicluster(rows=[25, 39], cols=[ 2  5  6  8 10 11 12 15 21 22 25 26 27 31 32 34 35 42 45 47 48 49 50 51
 54 58 62 68 69 72 74])
Bicluster(rows=[25, 40], cols=[ 1  5 10 11 12 14 17 18 20 27 28 31 35 39 44 46 52 53 58 59 60 67 69 71
 72 74])
Bicluster(rows=[25, 41], cols=[ 1  5  6  7  8 12 15 16 18 19 21 26 36 39 42 51 54 57 59 61 64 65 66 71])
Bicluster(rows=[25, 42], cols=[ 1  2  4  5 11 12 19 20 22 23 24 25 26 27 31 32 34 35 42 45 47 48 49 51
 54 56 58 59 61 64 66 67 69 70 71])
Bicluster(rows=[25, 43], cols=[ 7 10 11 12 13 14 17 19 25 27 28 29 31 32 34 35 40 45 46 51 53 54 55 62
 63 64 65 66 67 70 71 72])
Bicluster(rows=[25, 44], cols=[ 0  4  5 11 19 22 23 24 25 26 27 31 32 34 35 42 45 47 48 49 50 61 66 67
 69 70 71 72])
Bicluster(rows=[25, 45], cols=[ 1  4  5 12 14 17 18 19 21 22 29 31 32 35 42 46 50 53 54 59 61 62 66 67
 70 73 74])
Bicluster(rows=[25, 46], cols=[ 0  3  6  8 10 14 16 22 24 25 27 34 38 40 41 44 45 48 49 50 53 58 60 63
 70 72])
Bicluster(rows=[25, 47], cols=[ 5 12 13 17 20 21 22 24 27 29 31 32 35 40 42 46 51 52 53 54 55 56 59 61
 63 67 69 72 73 74])
Bicluster(rows=[25, 48], cols=[ 3  4  5  7  8 11 15 19 20 21 22 24 25 26 27 31 32 33 34 35 40 42 45 46
 47 49 54 66 70 72 73])
Bicluster(rows=[25, 49], cols=[ 1  3  5 13 14 16 19 21 22 23 24 26 36 39 42 50 51 53 54 55 60 63 64 66
 69 70 71 72 73 74])
Bicluster(rows=[25, 50], cols=[ 0  2  4  5  6  9 12 13 15 17 18 19 26 38 41 42 43 44 47 51 54 56 61 62
 63 67 72 73])
Bicluster(rows=[25, 51], cols=[ 3  4  6  9 11 13 14 17 18 22 24 26 29 36 42 50 51 52 54 55 58 61 64 66
 67 68 70 71 72])
Bicluster(rows=[25, 52], cols=[ 1  7 12 14 21 24 25 27 28 31 32 35 39 40 44 45 46 50 51 52 55 61 64 66
 71])
Bicluster(rows=[25, 53], cols=[ 1  9 11 14 17 19 20 23 25 26 27 31 32 34 35 40 42 45 46 47 49 50 51 53
 59 60 61 62 63 69 70 71 74])
Bicluster(rows=[25, 54], cols=[ 1  2  5  7 12 14 16 17 20 21 26 29 36 42 52 53 60 61 65 67 69 71 72])
Bicluster(rows=[25, 55], cols=[ 1  5  6  7 11 12 14 15 17 20 22 26 28 35 38 41 42 43 44 47 51 52 59 63
 65 66 67 68 71])
Bicluster(rows=[25, 56], cols=[ 5  7  9 11 12 13 14 16 22 23 24 26 27 29 31 32 35 42 46 50 51 53 55 59
 60 64 72])
Bicluster(rows=[25, 57], cols=[ 1  2  5  6 11 12 18 19 21 23 24 26 28 38 41 42 43 44 47 51 55 56 57 58
 60 61 63 65 69 71 72])
Bicluster(rows=[25, 58], cols=[ 2  4  5  7 10 11 15 17 18 21 24 26 29 36 42 50 52 53 54 57 58 59 60 61
 62 63 68 70 72 74])
Bicluster(rows=[25, 59], cols=[ 1  3  7  8  9 11 21 22 24 25 26 27 31 32 34 35 40 42 45 46 47 48 49 51
 54 58 59 61 62 67 69 71 72])
Bicluster(rows=[25, 60], cols=[ 0  2  6  8 12 17 20 23 24 25 27 28 29 30 31 32 34 35 37 40 42 45 46 51
 54 60 61 63 64 65 67 68 70 71 72 73 74])
Bicluster(rows=[25, 61], cols=[ 1  7 11 12 14 19 20 22 25 28 33 34 39 44 45 49 50 51 53 58 60 63 69 71
 73 74])
Bicluster(rows=[25, 62], cols=[ 5  6 10 13 18 19 20 21 23 26 31 33 40 42 46 47 50 55 57 59 60 61 71])
Bicluster(rows=[25, 63], cols=[ 1  2  5 12 14 17 20 24 28 38 41 43 44 50 52 53 54 55 56 58 62 64 69 71
 74])
Bicluster(rows=[25, 64], cols=[ 0  1  2  5  6  7 11 13 14 15 17 19 20 21 22 24 27 31 44 46 50 55 57 61
 63 65 67 69 72 73 74])
Bicluster(rows=[25, 65], cols=[ 0  2  4  5 11 14 20 22 24 26 28 41 42 44 47 48 50 51 54 55 57 60 63 65
 70 72 73 74])
Bicluster(rows=[25, 66], cols=[ 0  2  6  9 10 13 14 18 29 31 36 37 42 51 52 53 54 58 60 61 63 65 66 67
 70 71 72 73 74])
Bicluster(rows=[25, 67], cols=[ 2  4  5 10 11 12 14 15 18 20 21 22 24 28 31 32 34 35 40 48 53 59 63 64
 66 67 70 71 73])
Bicluster(rows=[25, 68], cols=[ 0 14 16 22 24 25 27 29 32 33 34 38 42 45 46 49 50 52 54 56 62 67 69 70
 72])
Bicluster(rows=[25, 69], cols=[ 1  4 10 11 12 14 15 17 18 23 24 26 27 29 30 32 33 35 38 39 44 51 52 53
 54 60 63 65 66 67 72 73 74])
Bicluster(rows=[25, 70], cols=[ 0  2  9 17 18 22 32 33 36 39 42 45 46 59 62 63 64 66 67 70])
Bicluster(rows=[25, 71], cols=[ 0  2  3  6  8 17 18 21 22 23 24 26 28 32 38 44 47 50 52 54 58 61 62 65
 67 69 70 72])
Bicluster(rows=[25, 72], cols=[ 0  2  3  6 12 15 18 21 26 28 29 31 32 33 38 42 45 49 53 55 59 60 61 62
 63 64 66 67 70 71 72 73 74])
Bicluster(rows=[25, 73], cols=[ 4  7  9 16 18 24 25 27 29 30 31 33 35 37 42 43 51 52 53 54 55 60 63 64
 65 66 67 72 73 74])
Bicluster(rows=[25, 74], cols=[ 3  9 21 22 29 36 40 41 47 50 53 57 58 61 62 63 64 66 67 68 69 70 73])
Bicluster(rows=[25, 75], cols=[ 4  7 12 17 18 19 22 24 28 29 32 34 39 41 42 43 44 45 52 54 65 66 67 72
 73 74])
Bicluster(rows=[25, 76], cols=[ 0  2  4  5 18 22 23 25 28 29 33 34 35 37 40 42 44 45 48 49 52 54 58 61
 67 72])
Bicluster(rows=[25, 77], cols=[ 0  1  3  4 10 13 20 24 25 26 28 31 35 38 44 49 50 53 57 58 60 61 62 68
 69 73 74])
Bicluster(rows=[25, 78], cols=[ 2  4  5 10 21 22 25 27 30 34 35 39 40 45 48 49 52 54 58 61 65 67 72])
Bicluster(rows=[25, 79], cols=[ 4  5 14 20 21 22 23 24 25 26 27 29 30 32 34 35 37 41 43 44 46 47 48 49
 52 53 54 55 60 63 64 65 66 72 73])
Bicluster(rows=[25, 80], cols=[ 5 10 18 19 21 23 25 26 32 37 39 40 42 43 44 46 47 48 49 50 52 54 58 61
 67 69 70 72])
Bicluster(rows=[25, 81], cols=[ 0  3  5  8 10 12 18 20 22 27 31 36 46 49 50 53 57 58 61 62 63 64 66 67
 68 69 70 73])
Bicluster(rows=[25, 82], cols=[ 0  1  2  4  5  7 12 17 19 21 24 29 30 31 33 40 41 42 44 45 46 48 49 50
 51 58 59 61 62 69 70 71])
Bicluster(rows=[25, 83], cols=[ 4  5  6 10 11 12 13 14 19 21 23 24 25 26 27 29 34 37 39 44 45 49 52 54
 58 61 67 72])
Bicluster(rows=[25, 84], cols=[ 6  7 11 15 16 18 23 24 26 33 34 35 36 41 42 45 47 48 50 53 55 58 59 60
 61 62 63 64 66 67 69 70 71 73 74])
Bicluster(rows=[25, 85], cols=[ 0  8 11 13 16 18 19 21 23 26 29 30 35 36 39 42 43 45 46 48 52 56 57 68])
Bicluster(rows=[25, 86], cols=[ 2  6  7 10 11 14 15 17 18 20 23 24 25 27 32 34 35 36 37 48 49 50 56 58
 61 64])
Bicluster(rows=[25, 87], cols=[ 0  3  4  5 12 13 14 18 20 26 28 29 30 33 35 36 38 43 45 56 57 59 68])
Bicluster(rows=[25, 88], cols=[ 0  3  6  7 17 21 23 28 29 32 36 37 41 43 44 46 49 50 53 55 56 57 58 60
 61 62 68 69 70 73 74])
Bicluster(rows=[25, 89], cols=[ 0  1  2  5 13 15 21 30 40 41 42 43 44 45 47 49 51 52 53 54 58 60 61 63
 65 66 67 70 71 72 73 74])
Bicluster(rows=[25, 90], cols=[ 0  4  7  8 10 11 17 22 25 28 29 30 31 32 33 34 35 37 38 39 40 41 44 45
 46 54 63 66])
Bicluster(rows=[25, 91], cols=[ 2  4  6 11 12 13 16 20 22 26 29 32 34 35 40 41 44 45 46 48 51 52 53 54
 63 64 65 66 71 72 73])
Bicluster(rows=[25, 92], cols=[ 0  6  7  8 15 17 18 31 34 36 37 43 50 53 55 58 59 60 61 62 63 64 66 67
 69 70 71 73 74])
Bicluster(rows=[25, 93], cols=[ 2  5  6 22 23 24 25 26 27 29 31 32 33 34 40 41 45 46 48 50 53 58 61 62
 69 70 73])
Bicluster(rows=[25, 94], cols=[ 2  5  7 12 13 14 15 17 19 21 23 28 29 34 36 39 40 42 43 44 45 46 47 49
 56 57 68])
Bicluster(rows=[25, 95], cols=[ 0  1  2  6 10 13 18 19 22 23 26 27 28 30 35 37 39 40 42 43 44 45 48 49
 52 54 63 66 72 73 74])
Bicluster(rows=[25, 96], cols=[ 0  4  5  6 11 12 14 15 18 19 20 23 27 31 33 35 36 37 38 39 40 41 42 46
 49 50 53 55 56 57 58 60 61 62 68 69 70 73 74])
Bicluster(rows=[25, 97], cols=[ 1  2  3  8 18 19 20 21 24 25 26 29 31 32 38 39 44 48 51 52 53 54 55 58
 60 61 62 63 65 66 67 70 71 72 73 74])
Bicluster(rows=[25, 98], cols=[ 1  7 11 12 17 19 21 22 25 28 29 33 37 38 39 40 43 44 45 48 49 52 54 63
 66 72 74])
Bicluster(rows=[25, 99], cols=[ 1  5  6  9 10 12 17 21 24 26 33 35 37 38 43 45 48 51 52 56 58 62 63 64
 66 67 68 70 74])
Bicluster(rows=[26, 27], cols=[ 0  1  2  3  4  5  6  7  8  9 10 11 12 13 14 15 16 17 18 19 20 21 22 23
 24 27 30 33 36 37 39 42 44 45 47 48 49 50 52 53 55 56 57 60 64 66 67 68
 69 73])
Bicluster(rows=[26, 28], cols=[ 0  1  2  3  4  5  6  7  8  9 10 11 12 13 14 15 16 17 18 19 20 21 22 23
 24 28 29 30 34 35 36 37 41 43 45 46 47 48 55 56 57 58 60 61 66 67 68 69
 70 71 72 73])
Bicluster(rows=[26, 29], cols=[ 0  1  2  3  4  5  6  7  8  9 10 11 12 13 14 15 16 17 18 19 20 21 22 23
 24 29 30 35 36 37 40 41 42 43 45 47 51 55 57 58 59 60 64 66 67 70 71 72
 74])
Bicluster(rows=[26, 30], cols=[ 0  1  2  3  4  5  6  7  8  9 10 11 12 13 14 15 16 17 18 19 20 21 22 23
 24 25 27 29 33 34 35 37 41 42 43 45 47 49 50 51 53 54 55 56 57 60 65 66
 69 70 71 72 74])
Bicluster(rows=[26, 31], cols=[ 0  1  2  3  4  5  6  7  8  9 10 11 12 13 14 15 16 17 18 19 20 21 22 23
 24 25 27 31 32 33 34 35 37 38 39 40 41 45 47 49 50 51 52 53 54 57 60 63
 65 66 69 71 72 74])
Bicluster(rows=[26, 32], cols=[ 0  1  2  3  4  5  6  7  8  9 10 11 12 13 14 15 16 17 18 19 20 21 22 23
 24 25 27 29 33 34 35 37 38 39 40 41 42 44 45 47 49 50 51 52 53 54 55 56
 57 60 63 65 69 71 74])
Bicluster(rows=[26, 33], cols=[ 0  2  3  6  7 11 13 16 18 20 22 23 25 27 30 32 33 34 37 38 39 40 42 44
 45 49 51 53 54 56 57 58 59 61 62 63 67 71 72])
Bicluster(rows=[26, 34], cols=[ 0  1  2  5  9 10 15 17 18 19 22 23 24 25 30 35 38 39 42 43 45 50 51 53
 59 60 61 63 64 67 69 70 71 72 74])
Bicluster(rows=[26, 35], cols=[ 0  1  2  5  6 11 13 14 16 19 20 22 23 26 28 36 50 52 53 55 56 58 59 60
 62 64 65 68 70 71 73])
Bicluster(rows=[26, 36], cols=[ 0  1  2  6  7  8  9 14 15 16 17 20 21 23 28 36 41 43 46 48 50 52 54 56
 62 63 64 71 72 74])
Bicluster(rows=[26, 37], cols=[ 2  3  5  7  9 13 16 17 19 20 21 22 23 24 29 35 41 43 46 47 48 50 54 56
 63 64 65 70 71])
Bicluster(rows=[26, 38], cols=[ 5  8  9 11 13 14 15 17 18 19 22 25 27 29 32 34 35 38 40 42 44 47 49 54
 55 58 61 68 70 74])
Bicluster(rows=[26, 39], cols=[ 0  5  6 10 13 16 18 20 30 35 39 41 43 46 48 53 55 58 64 65 66 72])
Bicluster(rows=[26, 40], cols=[ 0  3  6  8  9 15 16 24 26 28 31 32 35 38 51 54 55 57 58 59 63 64 69 74])
Bicluster(rows=[26, 41], cols=[ 1  5  7 11 12 16 18 20 21 23 24 30 37 41 46 47 48 51 54 57 58 60 65 67
 69 71 72])
Bicluster(rows=[26, 42], cols=[ 0  2  4  5  6  7  9 10 13 14 16 17 20 22 23 24 25 27 32 38 44 45 51 52
 53 61 63 64 68 69 70 71])
Bicluster(rows=[26, 43], cols=[ 0  1  3  4  6 15 16 18 27 29 31 32 34 37 38 39 40 42 44 47 52 55 56 57
 58 59 61 62 64 68 72 73])
Bicluster(rows=[26, 44], cols=[ 3  4  5  6 10 12 13 16 18 20 21 22 23 24 35 38 39 42 43 44 45 51 53 55
 60 61 65 67 69 70 71])
Bicluster(rows=[26, 45], cols=[ 3  4  6  8 13 16 18 20 24 25 27 31 32 34 38 40 42 44 47 49 51 55 59 61
 64 67 68 70 72 73])
Bicluster(rows=[26, 46], cols=[ 3  4  5  8 12 14 22 24 25 27 30 32 38 39 42 44 45 49 51 53 56 59 60 63
 66 67])
Bicluster(rows=[26, 47], cols=[ 1  5  6 10 11 14 15 18 20 21 24 27 29 31 32 34 37 38 42 44 47 55 57 58
 60 65 69 71 72])
Bicluster(rows=[26, 48], cols=[ 3  5  7  8 11 15 18 19 21 22 23 24 28 33 36 41 46 48 50 53 54 57 62 66
 70])
Bicluster(rows=[26, 49], cols=[ 1  2  3  5  7 12 16 20 21 22 23 30 36 46 48 50 51 52 54 56 57 58 60 62
 63 66 67 69 71])
Bicluster(rows=[26, 50], cols=[ 0  2  4  5  6  9 13 15 17 18 19 25 27 34 35 40 43 45 49 54 55 59 60 61
 63 68 74])
Bicluster(rows=[26, 51], cols=[ 5  9 12 13 15 16 17 23 26 28 29 30 37 47 54 55 58 61 63 66 67 68 70 71
 72])
Bicluster(rows=[26, 52], cols=[ 0  2  4  5  6 12 13 17 19 21 22 23 24 31 32 38 42 44 51 54 55 57 63 64
 65 66 68 69 71])
Bicluster(rows=[26, 53], cols=[ 0  2  3  6 10 15 16 18 21 23 25 30 35 38 39 42 43 44 45 54 55 58 59 61
 67 69 70 71 73])
Bicluster(rows=[26, 54], cols=[ 0  2  5  8 10 13 18 21 27 29 31 32 34 38 42 44 47 51 55 58 59 63 64 66
 69 70 71 72 74])
Bicluster(rows=[26, 55], cols=[ 0  1  2  8 13 16 18 23 25 26 28 36 40 41 43 45 49 51 56 57 60 61 62 64
 66 67 68 69 71 73 74])
Bicluster(rows=[26, 56], cols=[ 4  5  7  9 11 12 13 14 16 18 23 24 29 35 37 41 43 46 47 48 53 56 58 60
 62 65 74])
Bicluster(rows=[26, 57], cols=[ 0  2  5  6 10 20 23 30 35 39 41 46 48 51 54 55 56 57 59 66 67 69 70 71
 72 73])
Bicluster(rows=[26, 58], cols=[ 0  2  4  7 16 17 18 21 23 24 28 30 36 37 47 52 53 54 56 57 60 61 63 64
 66 67 69 70])
Bicluster(rows=[26, 59], cols=[ 4  5 10 11 12 13 18 19 21 22 24 25 27 30 32 33 38 39 40 42 44 49 51 52
 53 54 55 56 57 62 63 65])
Bicluster(rows=[26, 60], cols=[ 2  4  9 17 18 19 20 21 23 25 27 29 32 33 37 38 40 47 49 52 55 59 60 69
 71 72])
Bicluster(rows=[26, 61], cols=[ 0  6 10 13 16 20 22 25 33 35 40 41 43 45 49 50 52 56 60 61 64 67 68 70
 71 73 74])
Bicluster(rows=[26, 62], cols=[ 0  1  3  5  6 10 12 15 18 19 20 23 28 33 36 41 46 48 50 51 56 57 60 62
 64 65 66 67 68 70])
Bicluster(rows=[26, 63], cols=[ 0  6  8 10 15 16 23 25 27 28 34 35 40 41 43 45 49 54 58 61 64 70 73])
Bicluster(rows=[26, 64], cols=[ 0  1  2  5  6  7 11 13 14 15 17 19 20 21 24 38 42 43 44 51 54 56 57 62
 63 65 66 69 71 74])
Bicluster(rows=[26, 65], cols=[ 2  3  4  5  6  7 10 11 13 16 18 19 20 22 35 41 42 43 46 48 50 53 55 58
 59 60 61 62 69 70 72 73])
Bicluster(rows=[26, 66], cols=[ 0  5  6 10 15 18 19 20 21 22 23 33 34 43 44 45 46 47 49 55 58 59 61 64
 67 70 72])
Bicluster(rows=[26, 67], cols=[ 2 13 17 22 30 35 37 38 39 41 43 45 46 48 49 51 58 59 61 64 67 70 71 72
 73])
Bicluster(rows=[26, 68], cols=[ 0  2  4 14 16 17 19 22 24 25 29 30 33 34 35 38 40 43 45 49 52 54 56 57
 58 61 64 66 69 73])
Bicluster(rows=[26, 69], cols=[ 0  1  3  5  6 11 12 17 24 26 29 31 36 38 40 48 49 50 52 53 54 55 56 57
 60 62 63 65 66 69])
Bicluster(rows=[26, 70], cols=[ 0  4  6  7 10 11 17 21 22 27 29 30 33 34 41 45 47 50 51 53 54 56 57 63
 71 74])
Bicluster(rows=[26, 71], cols=[ 0  4  6 11 13 15 16 18 19 20 23 25 27 28 30 31 32 33 37 40 42 43 46 58
 60 61 64 67 68 70 72])
Bicluster(rows=[26, 72], cols=[ 0  1  2  3  6 12 15 18 21 23 27 30 32 33 38 41 43 45 46 47 48 49 50 51
 52 53 54 56 57 60 62 63 65 74])
Bicluster(rows=[26, 73], cols=[ 0  3  4  8 14 17 19 20 21 22 24 27 29 31 33 34 35 36 37 39 42 46 47 58
 59 61 64 67 70 72])
Bicluster(rows=[26, 74], cols=[ 1  4  8 12 14 15 16 17 22 25 27 31 34 35 37 39 42 47 58 61 64 65 67 70
 71 72 73])
Bicluster(rows=[26, 75], cols=[ 2  3  7 19 21 24 25 26 27 28 29 30 36 39 41 47 48 49 52 54 56 57 58 61
 64 66 69 70 73])
Bicluster(rows=[26, 76], cols=[ 1  2  4  5  8 10 13 15 17 20 21 22 24 25 30 33 37 38 39 40 41 42 43 45
 47 48 61 66 67 68 70])
Bicluster(rows=[26, 77], cols=[ 0  1  3  4  5 10 13 14 21 25 27 29 32 35 38 43 44 46 47 49 50 53 56 57
 63 66 69 71 74])
Bicluster(rows=[26, 78], cols=[ 1  2  4  5  6  7  9 11 12 14 17 19 25 27 30 34 37 38 40 41 42 44 47 49
 53 58 61 67 68 70 72 74])
Bicluster(rows=[26, 79], cols=[ 1  4  5  7 10 11 12 13 18 22 23 24 27 29 32 33 34 35 37 38 39 40 41 48
 58 59 61 64 67 68 70 72])
Bicluster(rows=[26, 80], cols=[ 0  2  3  4  5  6 10 11 20 23 24 27 28 29 31 33 34 38 42 48 53 58 61 67
 68 70 72 74])
Bicluster(rows=[26, 81], cols=[ 2  5  6  7 10 11 14 17 18 19 20 22 25 30 33 34 38 39 40 43 44 47 57 58
 61 64 65 66 69 70 73])
Bicluster(rows=[26, 82], cols=[ 1  2  4  5  7 10 12 16 17 18 19 22 29 34 35 43 46 47 58 61 64 65 70 71
 72 73])
Bicluster(rows=[26, 83], cols=[ 0  4  8  9 11 12 13 14 18 19 21 26 28 29 31 32 35 40 46 50 52 54 56 57
 58 61 62 64 66 69 73])
Bicluster(rows=[26, 84], cols=[ 0  1  4  5  6 10 13 14 17 18 19 21 22 28 32 35 37 38 39 44 46 48 49 51
 55 58 59 61 64 70 71 72])
Bicluster(rows=[26, 85], cols=[ 0  1  6 10 12 14 15 18 20 25 27 33 40 41 48 53 56 59 66 69 72 74])
Bicluster(rows=[26, 86], cols=[ 4  6  7 10 15 17 18 20 21 23 25 27 28 31 32 34 35 36 37 38 40 41 42 47
 49 63 66 67 68 70])
Bicluster(rows=[26, 87], cols=[ 0  3  4  5  8 13 18 20 27 30 31 33 35 36 39 41 42 45 51 58 59 61 64 65
 67 70 71 72 73])
Bicluster(rows=[26, 88], cols=[ 0  3  6  7 11 13 14 21 23 31 32 36 37 40 42 49 50 53 56 57 59 63 66 69
 71 74])
Bicluster(rows=[26, 89], cols=[ 4  5  7 11 18 24 25 26 28 34 35 36 37 39 41 42 45 46 55 58 59 61 64 67
 70 72])
Bicluster(rows=[26, 90], cols=[ 5  9 11 13 14 17 18 19 22 23 25 29 30 31 32 33 34 40 41 42 44 47 53 61
 66 67 68 70 72 74])
Bicluster(rows=[26, 91], cols=[ 0  3  8 10 11 15 18 23 25 26 29 37 46 47 48 49 50 51 53 54 56 57 60 62
 63 65 66 69 71 74])
Bicluster(rows=[26, 92], cols=[ 0  1  3  6 10 12 13 16 18 19 25 27 29 32 33 35 40 41 42 44 47 51 58 59
 61 64 67 70 71 72 73])
Bicluster(rows=[26, 93], cols=[ 4 10 11 14 16 17 18 19 20 21 23 35 37 43 48 49 57 58 61 64 65 66 70 73])
Bicluster(rows=[26, 94], cols=[ 0  2  5  7 12 13 14 15 17 18 19 21 23 25 27 29 32 36 39 45 46 48 49 55
 58 59 61 64 67 70 71 72 73])
Bicluster(rows=[26, 95], cols=[ 2  5  7 11 16 20 21 22 23 24 27 33 35 36 37 38 42 45 46 47 48 58 60 61
 64 67 68 70])
Bicluster(rows=[26, 96], cols=[ 0  5  9 11 12 13 14 15 18 19 20 23 28 32 33 34 35 36 37 39 40 47 49 50
 53 56 57 59 63 66 69 71 74])
Bicluster(rows=[26, 97], cols=[ 1  2  3  8 12 18 19 20 21 24 34 38 39 43 44 47 50 52 53 54 56 57 60 63
 65 66 69 74])
Bicluster(rows=[26, 98], cols=[ 5  6 10 13 14 16 17 20 21 23 25 27 29 35 36 42 44 45 47 49 53 61 66 67
 68 70 72 74])
Bicluster(rows=[26, 99], cols=[ 2  9 17 21 22 23 26 27 28 29 30 34 42 46 51 52 53 58 63 66 67 68 72 73])
Bicluster(rows=[27, 28], cols=[ 0  1  2  3  4  5  6  7  8  9 10 11 12 13 14 15 16 17 18 19 20 21 22 23
 24 25 30 31 32 35 36 37 38 40 45 49 52 54 55 56 57 60 62 63 65 66 67 68
 69 73])
Bicluster(rows=[27, 29], cols=[ 0  1  2  3  4  5  6  7  8  9 10 11 12 13 14 15 16 17 18 19 20 21 22 23
 24 30 31 32 33 35 37 42 43 45 46 47 48 49 50 52 54 55 56 57 60 62 65 66
 69 73 74])
Bicluster(rows=[27, 30], cols=[ 0  1  2  3  4  5  6  7  8  9 10 11 12 13 14 15 16 17 18 19 20 21 22 23
 24 27 28 30 31 32 33 37 38 40 42 45 47 48 49 50 52 53 54 55 56 57 58 60
 61 62 63 66 67 69 71 73 74])
Bicluster(rows=[27, 31], cols=[ 0  1  2  3  4  5  6  7  8  9 10 11 12 13 14 15 16 17 18 19 20 21 22 23
 24 26 27 28 29 30 33 35 37 39 42 43 44 47 49 50 53 57 58 59 60 61 62 66
 70 71])
Bicluster(rows=[27, 32], cols=[ 0  1  2  3  4  5  6  7  8  9 10 11 12 13 14 15 16 17 18 19 20 21 22 23
 24 27 28 30 32 33 35 37 39 41 42 43 44 50 52 53 55 57 58 59 60 61 62 67
 69 70 72])
Bicluster(rows=[27, 33], cols=[ 0  2  8 10 14 17 18 19 20 21 22 23 24 25 31 32 34 38 40 45 47 48 50 52
 54 55 56 57 58 59 61 62 63 71 72])
Bicluster(rows=[27, 34], cols=[ 0  1  2  5  9 10 15 17 18 19 22 23 24 28 29 31 39 40 42 44 45 46 48 49
 50 52 54 57 58 60 62 64 65 69])
Bicluster(rows=[27, 35], cols=[ 1  5  6 11 13 14 19 20 22 23 24 25 31 32 34 38 40 47 50 53 54 57 60 61
 66 73 74])
Bicluster(rows=[27, 36], cols=[ 2  3 12 13 18 19 23 24 27 28 29 30 35 39 41 43 50 54 55 58 60 62 63 72
 73 74])
Bicluster(rows=[27, 37], cols=[ 2  3  4  5  7  9 13 16 19 20 21 22 23 24 25 31 32 34 38 40 45 47 50 52
 56 62 64 66 67 72 74])
Bicluster(rows=[27, 38], cols=[ 5  8  9 11 13 14 15 17 18 22 23 27 28 35 37 41 42 43 44 51 52 55 56 59
 66 68 72])
Bicluster(rows=[27, 39], cols=[ 0  1  5 13 16 18 20 22 24 28 29 31 39 40 42 44 45 46 48 54 55 60 62 67
 69 71 73 74])
Bicluster(rows=[27, 40], cols=[ 0  1  2  6 11 12 14 17 20 22 23 25 31 32 34 39 40 42 53 54 55 56 57 61
 65 66 67 69 70 73 74])
Bicluster(rows=[27, 41], cols=[ 1  5  7 10 11 12 19 20 21 23 25 29 30 31 32 34 40 42 52 53 57 62 69 70
 73 74])
Bicluster(rows=[27, 42], cols=[ 0  2  4  5  6  7 10 13 14 16 17 20 23 24 26 35 40 41 43 45 46 48 49 52
 58 60 64 65 67 68 69])
Bicluster(rows=[27, 43], cols=[ 2  4  5 10 11 12 13 14 17 19 20 21 25 30 31 32 34 37 38 40 50 53 56 57
 58 59 62 67])
Bicluster(rows=[27, 44], cols=[ 3  4  5  6 10 12 13 16 18 21 22 23 24 28 31 35 39 40 44 45 46 48 49 53
 54 55 57 58 60 62 63 69])
Bicluster(rows=[27, 45], cols=[ 1  6 12 15 17 19 21 22 23 25 30 34 36 37 38 47 52 53 55 57 58 60 62 65
 71 74])
Bicluster(rows=[27, 46], cols=[ 2  3  4  5  7  8 14 19 22 24 26 27 35 39 41 43 49 50 52 53 54 58 60 62
 65 66 70 72 73 74])
Bicluster(rows=[27, 47], cols=[ 5  7 11 17 19 20 21 24 25 30 32 34 36 37 38 40 47 50 51 57 65 66 67 69
 71 72 74])
Bicluster(rows=[27, 48], cols=[ 0  1  4  5  6 13 16 17 18 20 22 23 24 27 28 29 33 35 39 41 43 44 46 48
 49 54 56 57 62 64 66 67 68 71 73])
Bicluster(rows=[27, 49], cols=[ 1  7 13 14 17 19 21 22 23 24 25 29 31 32 34 39 40 42 50 53 56 59 60 61
 67 69 70])
Bicluster(rows=[27, 50], cols=[ 1  3  4  5  7 10 14 18 21 24 25 29 31 32 34 39 40 42 54 59 62 63 67 71
 73])
Bicluster(rows=[27, 51], cols=[ 3  4  6  9 11 13 14 17 18 19 21 22 24 25 29 30 31 32 34 37 38 40 42 50
 53 58 59 61 70 71 74])
Bicluster(rows=[27, 52], cols=[ 1  9 10 12 13 17 19 21 24 25 28 31 32 34 39 40 42 44 45 53 56 58 59 67
 70 71 73 74])
Bicluster(rows=[27, 53], cols=[ 0  2  3  6 10 15 16 18 21 23 28 29 31 39 40 42 44 45 46 48 49 50 52 55
 62 63 68 74])
Bicluster(rows=[27, 54], cols=[ 1  2  3  5 11 12 14 15 16 17 19 20 22 24 25 30 34 36 37 38 47 50 52 53
 55 57 58 59 60 63 66 67 69 70 73])
Bicluster(rows=[27, 55], cols=[ 0  5  9 11 12 14 17 18 19 20 23 26 35 40 41 43 45 46 48 49 50 52 55 56
 57 59 62 66 69 71 72 74])
Bicluster(rows=[27, 56], cols=[ 0  2  4  5  6 19 21 22 23 24 27 28 35 37 41 43 44 50 53 54 56 57 58 60
 62 63 67 69 74])
Bicluster(rows=[27, 57], cols=[ 1  4  7 10 11 12 13 14 21 24 26 28 31 40 44 45 46 50 58 60 61 67 71 73
 74])
Bicluster(rows=[27, 58], cols=[ 2  4  7 10 11 15 17 18 21 23 24 25 29 30 34 37 38 50 53 57 59 60 66 67
 73 74])
Bicluster(rows=[27, 59], cols=[ 4  6 10 11 12 13 18 19 21 22 24 27 28 29 33 35 39 41 43 44 55 56 57 58
 59 61 74])
Bicluster(rows=[27, 60], cols=[ 0  1  2  5  7  8 13 17 20 21 27 28 29 30 33 35 41 42 43 44 46 48 49 51
 52 57 61 70 71])
Bicluster(rows=[27, 61], cols=[ 0  6 10 13 16 20 21 22 31 32 33 45 46 47 48 49 50 52 54 55 56 58 60 63
 65 68 74])
Bicluster(rows=[27, 62], cols=[ 1  3  5  6 10 11 12 18 19 20 23 31 32 33 38 45 48 49 50 52 53 54 57 59
 60 61 63 66 68 71 72 74])
Bicluster(rows=[27, 63], cols=[ 0  2  6  7 10 11 13 20 21 22 23 24 25 29 31 32 34 39 40 42 50 53 54 55
 57 58 60])
Bicluster(rows=[27, 64], cols=[ 0  1  2  5  6  7 11 12 13 14 15 17 19 20 21 22 24 28 31 35 39 40 44 45
 46 48 52 53 56 57 58 66 69 70])
Bicluster(rows=[27, 65], cols=[ 2  3  4  5  6  7 10 11 13 16 18 19 20 21 22 25 28 31 32 34 39 40 42 44
 50 52 53 54 55 63 65 69 73 74])
Bicluster(rows=[27, 66], cols=[ 0  2  4  9 10 13 14 18 29 31 35 36 37 45 47 50 52 53 57 58 59 60 61 70
 71 74])
Bicluster(rows=[27, 67], cols=[ 2  4  5  6  7 13 22 23 24 28 29 35 39 41 42 43 44 46 48 52 55 56 57 62
 66 67 69 73 74])
Bicluster(rows=[27, 68], cols=[ 0  2  4 14 16 17 19 22 24 30 31 32 33 42 45 46 49 50 51 56 57 59 64 66
 69 71 73])
Bicluster(rows=[27, 69], cols=[ 1  4  5 10 11 12 14 15 17 18 19 23 24 28 30 32 34 44 48 50 53 58 59 60
 61 70 71])
Bicluster(rows=[27, 70], cols=[ 1  2  5 11 12 14 19 21 22 23 28 31 33 37 40 41 42 44 46 48 52 55 56 57
 66 67 69 73 74])
Bicluster(rows=[27, 71], cols=[ 0  1  2  3  6  8 10 21 22 23 24 25 28 32 40 44 46 47 48 49 50 51 53 55
 58 59 61 70 71 72 73 74])
Bicluster(rows=[27, 72], cols=[ 2  7  9 10 12 13 14 19 24 28 33 34 35 39 41 42 43 49 50 52 53 55 56 57
 62 66 67 69 73 74])
Bicluster(rows=[27, 73], cols=[ 0  4 10 11 14 17 19 20 21 22 24 27 28 32 33 36 37 39 40 41 42 45 46 53
 54 56 57 62 65 66 67 69 73 74])
Bicluster(rows=[27, 74], cols=[ 1  4  8 12 14 15 16 17 27 28 30 38 39 40 42 43 44 52 54 57 62 63 64 67
 69])
Bicluster(rows=[27, 75], cols=[ 7 12 15 17 18 19 22 24 27 30 31 32 34 35 38 39 41 44 48 50 51 53 55 58
 59 70 71 72 73 74])
Bicluster(rows=[27, 76], cols=[ 0  2  4  5  6  7 11 12 14 17 18 19 20 21 22 23 24 27 28 29 32 33 37 42
 43 44 46 49 50 51 58 70 72 73 74])
Bicluster(rows=[27, 77], cols=[ 4  6  7  9 14 20 21 26 29 32 35 39 41 45 49 50 51 53 55 58 59 70 71 72
 73 74])
Bicluster(rows=[27, 78], cols=[ 3  6  8 15 16 21 22 23 25 31 32 34 38 39 40 47 48 49 50 51 56 57 59 66
 67 69 70 71 72 73])
Bicluster(rows=[27, 79], cols=[ 4  7 13 18 20 21 24 26 27 31 35 39 44 45 48 49 53 54 56 57 60 62 63 65
 66 67 69 73 74])
Bicluster(rows=[27, 80], cols=[ 1  2  4  5 10 14 18 21 23 24 31 34 37 39 42 43 44 45 46 47 50 51 53 58
 59 61 70 72 73 74])
Bicluster(rows=[27, 81], cols=[ 1  2  6  7 10 11 14 17 18 19 22 24 28 29 30 31 33 39 41 44 46 52 56 57
 62 63 64 66 67 69])
Bicluster(rows=[27, 82], cols=[ 2  5 13 16 17 18 21 24 25 26 30 33 35 39 40 44 45 49 51 52 56 57 59 62
 63 64 66 67 69 71])
Bicluster(rows=[27, 83], cols=[ 0  4  5  6 10 11 12 13 14 17 18 19 21 23 34 41 44 45 46 47 49 50 51 56
 59 66 69 71 73])
Bicluster(rows=[27, 84], cols=[ 2  6 10 11 15 16 18 20 23 24 27 36 38 41 45 46 47 48 50 52 53 56 57 60
 62 66 67 69 74])
Bicluster(rows=[27, 85], cols=[ 0  2  5 11 13 17 18 19 21 22 23 25 30 32 34 40 42 43 45 46 47 48 49 51
 52 56 57 59 62 63 64 66 67 69 71])
Bicluster(rows=[27, 86], cols=[ 0  3  4  5  6 10 18 23 25 28 31 32 34 38 40 44 45 47 51 56 57 59 63 64
 66 67 69 71])
Bicluster(rows=[27, 87], cols=[ 0  3  4  5 11 12 13 14 18 20 25 27 28 29 30 33 34 35 42 43 49 52 55 56
 57 62 63 66 67 69 73 74])
Bicluster(rows=[27, 88], cols=[ 0  3  7 10 17 18 20 21 25 28 32 34 36 41 42 43 45 46 48 49 53 54 56 57
 60 62 65 66 67 69 74])
Bicluster(rows=[27, 89], cols=[ 0  1  2  5 12 13 15 21 25 26 29 34 35 41 42 43 44 45 46 47 48 49 50 53
 58 59 60 61 70 71])
Bicluster(rows=[27, 90], cols=[ 0  4  5  7  8 10 11 17 22 23 28 29 31 32 33 39 41 42 44 45 46 48 50 51
 53 58 61 70 72 73 74])
Bicluster(rows=[27, 91], cols=[ 0  2  4 10 14 17 18 20 21 22 24 25 26 31 35 43 44 46 47 48 54 62 63 65
 66 67 69 73])
Bicluster(rows=[27, 92], cols=[ 0  2  3  4  5  6 10 11 12 13 16 18 19 20 22 28 31 33 34 42 44 46 47 48
 54 62 63 64 65])
Bicluster(rows=[27, 93], cols=[ 8 10 12 14 16 17 18 20 21 22 23 25 26 28 30 31 32 33 34 35 43 44 45 47
 51 52 56 57 59 62 63 64 66 67 69 71])
Bicluster(rows=[27, 94], cols=[ 0  2  5  7 12 13 14 15 17 18 21 23 27 28 31 36 38 39 43 45 49 54 63 64
 65 68])
Bicluster(rows=[27, 95], cols=[ 2  3  5  7 11 15 16 18 20 22 23 25 27 29 33 34 36 37 40 41 42 45 47 49
 60 63 64 68 73 74])
Bicluster(rows=[27, 96], cols=[ 1  5  6 16 21 23 26 27 29 30 31 32 33 34 37 38 42 44 46 47 50 52 56 57
 59 66 67 69 71 73 74])
Bicluster(rows=[27, 97], cols=[ 5  7 14 15 17 18 22 31 32 33 34 37 38 41 45 47 48 49 54 55 62 63 65 66
 73])
Bicluster(rows=[27, 98], cols=[ 0  1  5  7 11 12 17 19 20 21 22 24 30 35 40 42 44 46 48 49 50 51 53 55
 58 61 70 72 74])
Bicluster(rows=[27, 99], cols=[ 0  2  5  7 11 12 13 23 24 25 28 31 32 33 35 36 41 42 44 48 50 55 58 61
 65 66 67])
Bicluster(rows=[28, 29], cols=[ 0  1  2  3  4  5  6  7  8  9 10 11 12 13 14 15 16 17 18 19 20 21 22 23
 24 26 28 30 32 35 36 37 38 39 40 43 44 45 47 49 50 52 53 54 55 56 57 58
 59 60 61 62 65 67 68 69 70 71 72 73])
Bicluster(rows=[28, 30], cols=[ 0  1  2  3  4  5  6  7  8  9 10 11 12 13 14 15 16 17 18 19 20 21 22 23
 24 26 29 32 34 35 38 40 43 44 45 47 52 54 55 56 57 59 60 61 62 64 69 70
 72])
Bicluster(rows=[28, 31], cols=[ 0  1  2  3  4  5  6  7  8  9 10 11 12 13 14 15 16 17 18 19 20 21 22 23
 24 32 34 35 37 38 42 45 47 57 59 60 62 64 69 72])
Bicluster(rows=[28, 32], cols=[ 0  1  2  3  4  5  6  7  8  9 10 11 12 13 14 15 16 17 18 19 20 21 22 23
 24 26 29 32 34 35 37 40 45 47 55 57 59 60 62 64 69 71])
Bicluster(rows=[28, 33], cols=[ 0  1  2  3  6  7 10 11 13 16 18 20 23 26 34 35 40 43 45 47 50 52 55 56
 57 58 61 62 64 67 68 71 72 73 74])
Bicluster(rows=[28, 34], cols=[ 2  4  6 13 14 16 18 20 21 23 28 32 38 39 40 42 43 44 45 49 50 52 53 55
 56 57 58 59 61 62 63 64 68 69 71 73 74])
Bicluster(rows=[28, 35], cols=[ 0  1  2  4  5  6 11 12 13 14 19 20 22 23 25 27 28 29 31 33 36 37 39 41
 42 44 46 48 54 56 57 58 59 60 66 67 68 71 73])
Bicluster(rows=[28, 36], cols=[ 0  1  2  6  7  8  9 14 15 16 17 18 20 21 23 27 28 29 31 33 36 38 39 41
 42 44 46 48 49 51 53 56 67 72])
Bicluster(rows=[28, 37], cols=[ 2  3  4  7  9 13 16 19 20 21 22 23 24 25 27 28 29 31 32 33 36 37 38 39
 41 42 44 46 48 51 52 56 59 62 67 70 71])
Bicluster(rows=[28, 38], cols=[ 0  1  5  6 12 22 26 28 30 31 32 33 38 42 43 46 47 48 49 51 54 60 61 67
 72 73])
Bicluster(rows=[28, 39], cols=[ 6 10 13 25 26 27 28 30 31 38 41 42 46 47 48 51 52 55 58 59 63 65 67 68
 73 74])
Bicluster(rows=[28, 40], cols=[ 4  6 15 23 25 26 27 28 30 31 36 41 42 44 46 47 48 54 55 56 58 61 62 63
 66 67 68 71 73 74])
Bicluster(rows=[28, 41], cols=[ 1  5  6  7 11 12 15 16 18 19 20 21 24 25 26 27 28 30 31 36 38 41 42 44
 46 47 48 50 52 55 57 59 60 61 64 69 71 73])
Bicluster(rows=[28, 42], cols=[ 0  2  4  5  6  7 10 13 14 17 20 22 23 24 33 34 35 40 45 49 50 54 57 59
 60 61 66 68 70 74])
Bicluster(rows=[28, 43], cols=[ 2  4  5  7  9 11 12 13 14 17 18 19 20 21 24 25 27 28 31 33 36 37 38 41
 42 44 46 48 52 56 57 61 62 64 67 70 71])
Bicluster(rows=[28, 44], cols=[ 3  4  5  6 10 12 13 16 18 20 21 22 23 24 33 34 35 40 43 45 49 52 54 55
 57 60 61 64 66 67 69 70 71 74])
Bicluster(rows=[28, 45], cols=[ 1  4  5  6  7 12 14 17 18 19 21 22 23 25 26 27 28 30 31 32 36 38 41 42
 44 46 47 48 52 55 59 60 61 62 64])
Bicluster(rows=[28, 46], cols=[ 0  3  6  8 10 11 12 16 23 26 30 32 33 34 35 38 40 43 47 49 50 52 54 56
 58 60 66 70 73 74])
Bicluster(rows=[28, 47], cols=[ 2  5  7 11 17 19 20 21 24 25 26 27 28 30 31 32 36 38 41 42 44 46 47 48
 59 61 64 65 66 69 70])
Bicluster(rows=[28, 48], cols=[ 0  2  3  6  8 12 14 15 18 23 27 31 36 39 41 42 44 46 48 49 51 57 59 60
 61 62 64 65 70 71 73 74])
Bicluster(rows=[28, 49], cols=[ 1  2  3  5  7 12 16 20 21 22 23 25 26 27 28 30 31 36 38 41 42 44 46 47
 48 55 56 58 59 60 61 64 65 67 69 71])
Bicluster(rows=[28, 50], cols=[ 0  3  6  7 11 14 18 21 22 24 25 26 27 28 30 31 32 38 41 42 44 46 47 48
 51 52 53 54 56 59 61 63 67 70 72 73 74])
Bicluster(rows=[28, 51], cols=[ 3  4  5  6  9 11 12 13 14 17 22 23 25 27 28 30 31 36 41 42 44 46 47 48
 55 59 61 62 64 65 68 74])
Bicluster(rows=[28, 52], cols=[ 0  2  4  5  6  7 11 14 15 20 22 23 25 26 27 28 30 31 36 41 42 44 46 47
 48 50 52 53 54 57 58 59 60 62 64 65 67 69 70 71 72 74])
Bicluster(rows=[28, 53], cols=[ 0  4  5  6 10 12 13 14 18 22 24 31 36 38 39 40 41 42 44 46 49 50 54 55
 56 59 61 62 66 71 72])
Bicluster(rows=[28, 54], cols=[ 1  2  5 11 12 14 15 16 17 19 20 22 24 25 27 28 30 31 36 37 41 42 44 46
 47 48 55 56 60 61 63 64 69 71 73 74])
Bicluster(rows=[28, 55], cols=[ 3  4  6 10 16 24 25 26 27 28 30 31 38 41 42 46 47 48 50 51 59 63 65 66
 67 71 73 74])
Bicluster(rows=[28, 56], cols=[ 2  4  7  9 10 11 12 13 16 18 20 23 24 25 27 28 31 32 33 36 37 38 41 42
 44 46 47 48 50 56 59 60 64 73])
Bicluster(rows=[28, 57], cols=[ 5  6 18 20 25 26 27 28 30 31 32 36 38 41 42 44 46 47 48 50 52 53 55 56
 57 58 61 63 65 67 68 69 71 72 74])
Bicluster(rows=[28, 58], cols=[ 0  2  4  7 10 11 15 17 18 20 21 22 23 24 25 27 28 30 31 36 41 42 44 46
 47 48 51 56 57 59 60 61 62 66 67 68 73])
Bicluster(rows=[28, 59], cols=[ 0  2 14 15 17 26 30 32 33 38 40 43 47 49 51 52 54 57 59 60 61 62 68 69
 70 71 74])
Bicluster(rows=[28, 60], cols=[ 0  5  6  9 11 14 15 19 22 28 29 32 37 38 40 42 43 49 51 52 53 54 57 63
 67 70 72 73])
Bicluster(rows=[28, 61], cols=[ 1  4  5  7 10 11 14 15 19 24 26 28 30 31 32 33 38 42 46 47 48 49 50 55
 58 64 66 71 72 74])
Bicluster(rows=[28, 62], cols=[ 0  3  5  6 10 13 15 17 18 20 21 22 23 31 36 39 41 42 44 46 49 52 56 57
 59 60 61 62 63 66 67 70 73])
Bicluster(rows=[28, 63], cols=[ 0  2  5 10 11 13 20 24 25 26 27 28 30 31 32 38 41 42 46 47 48 54 55 57
 60 61 62 69 70 71])
Bicluster(rows=[28, 64], cols=[ 1  5  6  7 11 13 14 15 17 18 19 21 22 24 31 32 35 43 46 48 50 52 56 57
 59 61 64 66 69 71])
Bicluster(rows=[28, 65], cols=[ 2  3  4  5  6 12 16 21 26 30 31 32 38 46 47 48 52 54 55 58 62 63 65 68
 70 71 72 73])
Bicluster(rows=[28, 66], cols=[ 1  2  7 10 18 29 30 37 43 45 47 50 52 54 55 57 58 65 66 67 68 69 70 71
 72 73])
Bicluster(rows=[28, 67], cols=[13 17 22 27 28 30 32 33 35 36 38 40 42 43 45 46 48 50 52 53 54 58 63 65
 66 67 68 70 71 72 73 74])
Bicluster(rows=[28, 68], cols=[ 0  6 10 14 16 17 18 21 22 24 26 28 30 31 32 34 39 40 43 44 45 47 50 53
 56 57 58 62 66 69 74])
Bicluster(rows=[28, 69], cols=[ 2  3 20 21 22 27 28 29 33 36 37 38 39 40 44 45 46 48 49 50 52 54 57 58
 59 66 68 69 70 71 73])
Bicluster(rows=[28, 70], cols=[ 2  5  7 18 23 24 25 26 28 29 30 32 34 35 36 38 41 42 44 46 51 52 54 56
 57 59 60 61 62 64 65 69 71])
Bicluster(rows=[28, 71], cols=[ 0  4  6 11 13 14 15 16 18 19 20 23 26 28 32 34 35 40 43 44 45 46 47 49
 50 51 54 58 60 63 66 67 68 70 72 73])
Bicluster(rows=[28, 72], cols=[ 5  8 10 11 16 17 22 25 29 33 34 36 37 38 41 42 50 52 54 55 57 58 65 66
 67 68 70 71 72 73])
Bicluster(rows=[28, 73], cols=[ 2  3  5  8 11 13 18 20 22 29 34 36 37 38 46 48 50 51 54 55 58 63 65 66
 67 68 70 72 73])
Bicluster(rows=[28, 74], cols=[ 3  6  7 11 25 26 27 28 31 36 39 40 42 44 45 51 52 54 56 57 60 61 62 64
 65 68 69 71])
Bicluster(rows=[28, 75], cols=[ 0  3  6 10 11 14 15 20 23 29 31 36 37 41 43 44 48 49 50 52 53 54 57 58
 59 63 66 67 68 70 71 72 74])
Bicluster(rows=[28, 76], cols=[ 1  2  4  5 13 17 20 21 22 24 26 30 34 35 43 45 47 51 54 56 57 62 64 68
 69 72])
Bicluster(rows=[28, 77], cols=[ 2  5 10 12 15 17 19 22 23 25 26 27 31 40 41 43 50 52 53 54 57 58 59 63
 66 67 68 70 74])
Bicluster(rows=[28, 78], cols=[ 1  2  4  5  6  7  9 11 12 14 17 20 24 26 30 32 34 35 37 39 40 45 47 50
 51 54 57 60 61 66 67 68 69 70 72])
Bicluster(rows=[28, 79], cols=[ 1  4  5  7 10 11 12 13 17 18 20 21 22 23 24 28 34 35 42 43 49 50 51 54
 58 65 66 67 68 70 72 73])
Bicluster(rows=[28, 80], cols=[ 0  2  3  4  6 10 17 18 20 23 26 29 30 32 34 35 37 38 39 40 44 45 47 49
 50 51 54 58 60 61 66 67 68 70 72])
Bicluster(rows=[28, 81], cols=[ 1  2  6  7 10 11 14 18 19 21 24 30 34 40 43 45 47 50 52 53 54 57 58 59
 62 63 66 67 68 69 70 73 74])
Bicluster(rows=[28, 82], cols=[ 1  2  4  5 10 12 16 17 18 19 22 25 29 31 32 35 38 43 46 47 49 50 52 53
 54 57 58 59 62 63 66 67 68 69 70 73 74])
Bicluster(rows=[28, 83], cols=[ 1  4  5  7 15 18 20 22 23 24 30 31 32 33 34 36 37 41 42 45 47 48 51 54
 56 57 61 62 64 68 69 70 72])
Bicluster(rows=[28, 84], cols=[ 1  4  5  6 10 14 18 19 21 22 26 27 33 37 41 42 43 46 47 48 50 52 53 54
 58 63 65 66 67 68 70 71 72 73 74])
Bicluster(rows=[28, 85], cols=[ 0  2  4  5 11 13 17 18 19 21 22 23 26 27 28 31 32 33 35 38 45 49 50 53
 56 57 58 62 66 69 70 74])
Bicluster(rows=[28, 86], cols=[ 0  2  6 10 11 14 15 17 18 20 22 24 26 28 32 36 37 38 40 43 44 49 50 61
 64 67 68 70 72])
Bicluster(rows=[28, 87], cols=[ 0  3  4  5  8 12 13 14 18 25 30 35 36 41 45 47 49 50 52 53 54 57 58 59
 63 66 67 68 70 71 72 73 74])
Bicluster(rows=[28, 88], cols=[ 3  5  7  8 10 17 18 20 25 26 27 29 30 32 37 39 40 43 44 46 47 48 49 50
 51 54 57 58 60 61 66 67 68 69 70 72 73])
Bicluster(rows=[28, 89], cols=[ 4  5  7 11 18 24 31 33 36 40 41 45 46 49 50 51 54 55 57 58 63 65 66 67
 68 70 71 72 73])
Bicluster(rows=[28, 90], cols=[ 1  2  4  6 12 18 20 21 23 24 26 29 34 35 38 40 43 45 50 51 54 57 60 61
 66 67 68 69 70 72])
Bicluster(rows=[28, 91], cols=[ 0  2  4 10 14 17 18 20 21 22 24 25 29 34 35 41 42 45 50 52 53 54 58 63
 65 66 67 68 70 71 72 73 74])
Bicluster(rows=[28, 92], cols=[ 0  2  3  4  5  6 10 11 12 13 16 18 19 20 22 26 29 31 38 40 50 52 53 54
 58 63 65 66 67 68 70 71 72 73 74])
Bicluster(rows=[28, 93], cols=[ 0  4  8 10 11 14 16 17 18 19 20 21 23 25 28 29 32 35 38 40 41 43 48 50
 52 53 57 58 59 62 63 66 67 68 69 70 74])
Bicluster(rows=[28, 94], cols=[ 0  2  5  7 12 13 14 15 17 18 19 21 23 26 33 34 36 38 40 41 42 45 46 48
 50 52 53 54 55 57 58 63 65 66 67 68 69 70 71 72 73 74])
Bicluster(rows=[28, 95], cols=[ 2  5  7 11 16 18 20 22 23 26 28 31 36 37 40 45 49 50 51 54 58 60 63 66
 67 68 70 72 73])
Bicluster(rows=[28, 96], cols=[ 4  6  9 11 12 13 14 18 20 27 37 40 42 44 46 47 51 54 56 57 61 62 64 68
 69 72])
Bicluster(rows=[28, 97], cols=[ 4  5 14 15 17 18 22 23 26 28 29 32 37 39 43 44 45 46 49 50 54 55 58 63
 65 66 67 68 70 71 72 73])
Bicluster(rows=[28, 98], cols=[ 1  5  7  9 10 11 12 18 19 20 23 24 25 28 29 30 31 32 33 35 41 42 44 46
 47 48 49 53 61 73 74])
Bicluster(rows=[28, 99], cols=[ 4 10 11 15 16 19 20 26 27 29 31 35 37 38 42 47 48 50 51 53 54 56 60 61
 62 63 66 67 70 72 73])
Bicluster(rows=[29, 30], cols=[ 0  1  2  3  4  5  6  7  8  9 10 11 12 13 14 15 16 17 18 19 20 21 22 23
 24 25 26 28 29 30 31 32 33 34 35 38 39 41 42 43 44 47 48 49 50 51 52 54
 55 56 57 59 60 61 62 63 64 66 67 69 70 71 72 73 74])
Bicluster(rows=[29, 31], cols=[ 0  1  2  3  4  5  6  7  8  9 10 11 12 13 14 15 16 17 18 19 20 21 22 23
 24 28 30 32 34 35 37 38 41 42 44 45 47 48 50 53 55 57 60 62 63 66 70 71
 72 73 74])
Bicluster(rows=[29, 32], cols=[ 0  1  2  3  4  5  6  7  8  9 10 11 12 13 14 15 16 17 18 19 20 21 22 23
 24 25 29 30 31 32 33 34 35 37 40 41 42 43 45 47 50 55 57 60 61 62 66 71
 74])
Bicluster(rows=[29, 33], cols=[ 0  1  3  6 10 16 18 23 25 29 31 32 33 34 35 37 38 40 41 42 43 45 46 47
 48 49 51 52 55 56 58 63 67 68 69])
Bicluster(rows=[29, 34], cols=[ 0  1  2  5  9 10 17 18 19 22 23 24 25 27 31 32 34 35 41 42 43 46 48 49
 51 54 55 56 59 60 61 62 64 65 67 70 71 72])
Bicluster(rows=[29, 35], cols=[ 1  5 11 12 14 19 20 22 23 26 27 28 29 36 37 38 39 44 47 54 57 58 63 67
 71 73 74])
Bicluster(rows=[29, 36], cols=[ 1  7  9 10 14 21 24 25 26 27 28 29 31 32 33 34 37 38 39 40 41 43 46 47
 48 49 51 53 59 60 65 69 72])
Bicluster(rows=[29, 37], cols=[ 2  3  5  7  9 13 16 17 19 21 22 23 24 25 26 27 28 29 31 32 34 36 37 38
 39 41 44 47 49 60 64 70 71 74])
Bicluster(rows=[29, 38], cols=[ 7 11 14 16 17 18 19 29 31 32 35 37 40 41 42 43 45 46 47 52 56 60 61 63
 68 69 74])
Bicluster(rows=[29, 39], cols=[ 0  5 13 16 18 20 22 24 25 27 31 32 34 35 41 42 50 51 55 58 60 62 63 72
 73])
Bicluster(rows=[29, 40], cols=[ 1  2 10 11 12 14 17 18 20 25 27 31 32 34 38 41 42 54 55 57 60 63 65 66
 74])
Bicluster(rows=[29, 41], cols=[ 5 10 11 20 21 23 24 25 27 30 31 32 34 38 41 48 49 50 55 57 58 61 63 71
 72 73 74])
Bicluster(rows=[29, 42], cols=[ 0  2  5  7  9 10 14 16 17 20 23 24 25 34 43 45 46 48 49 51 65 71 72])
Bicluster(rows=[29, 43], cols=[ 4 10 11 12 13 14 17 19 20 21 25 26 27 28 30 31 32 34 38 41 44 47 49 52
 57 61 71])
Bicluster(rows=[29, 44], cols=[ 3  4  6 10 12 13 16 18 20 21 22 23 25 27 31 32 34 35 41 42 43 46 48 49
 50 52 54 55 63 67 68 69 70 71])
Bicluster(rows=[29, 45], cols=[ 3  6 16 18 20 24 26 28 31 32 35 38 39 40 41 43 45 46 50 51 62 64 65 67
 72])
Bicluster(rows=[29, 46], cols=[ 0  3  6  8 10 11 12 16 23 25 27 31 32 34 35 38 41 42 43 46 48 49 51 52
 53 56 58 60 63 64 70 72])
Bicluster(rows=[29, 47], cols=[ 3  8 16 25 26 27 28 31 32 34 38 39 40 41 43 44 45 46 48 49 56 59 65 67
 69 70])
Bicluster(rows=[29, 48], cols=[ 3  4  5  7  8 11 15 19 20 21 22 24 25 27 31 34 36 38 40 44 46 48 49 51
 56 57 63 70 71])
Bicluster(rows=[29, 49], cols=[ 2  5  7 12 16 20 22 23 26 28 36 44 50 55 56 57 58 60 61 65 66 67 69 70
 71 74])
Bicluster(rows=[29, 50], cols=[ 2  4  5  7 10 11 14 16 21 24 25 27 31 32 34 35 38 41 42 43 46 48 49 51
 53 54 60 61 63 65 69 70 72])
Bicluster(rows=[29, 51], cols=[ 3  5  6 12 17 18 23 26 29 30 36 37 39 44 47 50 53 55 58 61 65 66 68 70
 71])
Bicluster(rows=[29, 52], cols=[ 1  2  4  5  7 10 11 14 21 22 24 25 27 31 32 34 38 41 42 49 50 56 57 73])
Bicluster(rows=[29, 53], cols=[ 1  9 11 12 14 17 19 20 23 25 26 27 28 31 32 34 38 40 41 43 44 45 46 48
 49 50 52 54 55 60 64 69 71 72 74])
Bicluster(rows=[29, 54], cols=[ 1  2  5 11 12 14 17 19 20 22 24 25 27 28 30 31 32 34 38 41 49 57 61 63
 66])
Bicluster(rows=[29, 55], cols=[ 2 10 13 15 28 31 32 38 40 41 43 44 45 46 50 53 57 59 61 63 66 68 71 72
 73 74])
Bicluster(rows=[29, 56], cols=[ 5  7  9 11 12 13 14 16 23 24 25 26 27 28 30 31 32 34 36 38 41 44 47 49
 50 60 73])
Bicluster(rows=[29, 57], cols=[ 2  5 20 23 25 27 31 32 34 38 41 42 49 50 55 57 60 61 63 66 70 71 73])
Bicluster(rows=[29, 58], cols=[ 0  4  5  9 12 13 14 19 23 39 47 50 53 55 56 57 58 59 61 62 66 69 72 74])
Bicluster(rows=[29, 59], cols=[ 1  3  7  8  9 11 21 22 24 25 26 27 28 31 32 34 36 38 40 41 43 44 45 46
 48 49 52 53 57 58 59 62 63 64 65 71 73])
Bicluster(rows=[29, 60], cols=[ 2  5  9 11 18 19 20 23 29 31 32 35 37 38 40 41 42 43 45 46 47 48 51 53
 54 57 59 60 61 63 64 65 69 71 72 73 74])
Bicluster(rows=[29, 61], cols=[ 4  5  7 11 14 19 20 24 25 27 30 31 32 33 34 35 38 40 41 42 43 46 48 49
 50 52 55 58 60 69 71 72])
Bicluster(rows=[29, 62], cols=[ 5 13 17 20 21 22 23 25 26 27 28 31 32 34 38 39 40 41 44 46 48 49 54 57
 61 66 68 70 74])
Bicluster(rows=[29, 63], cols=[ 2  6 11 13 20 21 23 24 25 27 31 32 34 38 41 42 49 52 54 55 61 71 74])
Bicluster(rows=[29, 64], cols=[ 1  2  5  6  7 11 13 14 15 17 19 20 21 22 24 25 27 31 34 35 41 43 46 49
 50 51 52 56 57 61 69 71])
Bicluster(rows=[29, 65], cols=[ 2  4  5 10 12 18 19 20 21 22 25 27 31 32 34 35 41 42 46 48 49 51 54 55
 56 58 59 60 63 65 70 72 73 74])
Bicluster(rows=[29, 66], cols=[ 3  8 16 25 26 29 50 51 52 53 54 56 58 59 62 63 64 65 68 69 70 71 72 73])
Bicluster(rows=[29, 67], cols=[ 2  6 13 17 22 26 27 28 31 34 35 40 41 43 45 48 50 52 53 54 56 58 59 62
 64 68 69 70 71 72 73])
Bicluster(rows=[29, 68], cols=[ 0 14 17 21 22 24 25 27 28 29 30 32 33 39 40 41 42 44 46 50 57 58 63 64])
Bicluster(rows=[29, 69], cols=[ 0  2  6 15 20 21 22 28 36 37 38 39 44 45 47 49 50 52 53 54 56 58 59 62
 63 64 68 69 70 71 72 73])
Bicluster(rows=[29, 70], cols=[ 0  2  5  6 18 23 24 28 30 33 35 36 38 43 44 50 51 52 54 59 61 63 65 66
 74])
Bicluster(rows=[29, 71], cols=[ 4  6 13 14 15 18 20 23 28 30 32 33 34 35 40 42 43 44 45 48 49 56 58 60
 62 67 68 69 70 72 73 74])
Bicluster(rows=[29, 72], cols=[ 3  8 11 15 17 22 27 28 29 30 36 37 38 49 50 51 52 54 55 56 58 59 60 61
 62 63 65 66 68 69 70 72 73 74])
Bicluster(rows=[29, 73], cols=[ 0  4  5 10 11 13 20 21 22 25 26 29 36 37 38 42 47 49 50 51 52 54 55 56
 58 59 60 62 63 65 68 69 70 72 73])
Bicluster(rows=[29, 74], cols=[ 1  4  8 12 14 15 16 17 26 28 30 34 35 42 43 47 52 54 59 62 67 68 69 70
 71 72])
Bicluster(rows=[29, 75], cols=[ 5  6 10 11 14 15 20 23 25 27 36 37 39 44 46 47 49 50 52 53 54 56 58 59
 62 64 68 69 70 71 72])
Bicluster(rows=[29, 76], cols=[ 2  4  5 13 17 20 22 24 27 30 31 34 45 46 47 48 50 56 61 62 63 66 68 69
 70 72])
Bicluster(rows=[29, 77], cols=[ 1  3 10 13 16 18 20 24 25 31 36 39 41 45 49 50 54 56 58 61 62 63 66 68
 69 70 72 74])
Bicluster(rows=[29, 78], cols=[ 1  2  7  9 11 12 14 17 22 23 24 30 32 37 39 40 41 42 43 47 48 50 54 56
 58 61 62 63 66 68 69 70 72])
Bicluster(rows=[29, 79], cols=[ 1  4  5 11 12 17 18 20 22 23 24 25 28 29 31 35 41 48 49 50 51 52 54 55
 56 58 59 60 62 63 65 68 69 70 72 73 74])
Bicluster(rows=[29, 80], cols=[ 2  4  6 17 20 23 25 28 29 30 32 33 35 37 39 40 45 46 48 49 50 52 54 56
 58 59 62 63 65 68 70 72 74])
Bicluster(rows=[29, 81], cols=[ 1  2  4  6 10 13 18 21 24 25 27 30 31 33 38 40 45 46 47 48 50 52 53 54
 56 58 59 62 64 68 69 70 71 72])
Bicluster(rows=[29, 82], cols=[ 1  4  5  7 10 12 16 18 19 22 29 32 33 35 38 47 48 49 52 53 54 56 62 64
 68 69 70 71 72])
Bicluster(rows=[29, 83], cols=[ 5 18 20 22 23 25 29 30 32 36 37 39 45 46 47 49 50 56 58 62 63 68 69 70
 72 74])
Bicluster(rows=[29, 84], cols=[ 0  1  4  5  6 10 14 19 21 22 30 33 34 42 43 48 50 52 53 54 56 58 59 62
 63 64 65 68 69 70 71 72 73])
Bicluster(rows=[29, 85], cols=[ 2 11 17 19 21 22 25 27 28 30 32 34 35 38 41 42 43 45 46 49 50 53 57 58
 63 64 66 73])
Bicluster(rows=[29, 86], cols=[ 2  6 10 11 14 15 17 18 20 22 24 25 32 34 36 37 39 40 41 42 43 44 46 49
 50 56 61 63 67 68 69 70])
Bicluster(rows=[29, 87], cols=[ 0  4  5 12 13 14 18 20 30 35 36 41 42 44 45 49 50 52 53 54 56 58 59 62
 63 64 68 69 70 71 72 73])
Bicluster(rows=[29, 88], cols=[ 0  5  6 10 20 29 30 31 32 36 39 40 41 42 43 47 48 49 50 51 52 54 55 56
 58 59 60 62 63 65 70 72 73])
Bicluster(rows=[29, 89], cols=[ 4  5  6  7 10 11 18 24 30 36 40 41 42 45 46 49 50 51 52 54 55 56 58 59
 60 62 63 65 66 68 69 70 72 73 74])
Bicluster(rows=[29, 90], cols=[ 2  4 12 20 21 23 24 29 33 35 38 40 41 42 43 45 47 50 52 54 56 58 59 62
 63 65 68 69 70 72 74])
Bicluster(rows=[29, 91], cols=[ 0  2  4 10 14 17 18 21 22 24 27 29 31 34 35 40 43 45 46 48 51 52 53 54
 56 58 59 62 64 65 68 69 70 72 73])
Bicluster(rows=[29, 92], cols=[ 0  2  4  5  6 10 11 12 18 19 20 22 25 38 39 40 41 42 46 48 51 52 53 54
 56 58 59 62 64 65 67 68 69 70 72])
Bicluster(rows=[29, 93], cols=[10 11 14 16 17 19 20 21 23 27 28 30 31 32 33 34 35 38 39 40 43 50 54 56
 62 64 69 70])
Bicluster(rows=[29, 94], cols=[ 2  5  7 12 13 14 15 17 19 21 23 29 31 36 38 40 45 50 51 52 53 54 56 58
 59 62 63 64 65 67 68 69 70 72 73])
Bicluster(rows=[29, 95], cols=[ 2  7 11 12 17 20 21 22 23 24 25 30 31 32 34 35 40 42 45 46 47 48 50 52
 54 56 58 59 62 63 65 68 69 70 72 74])
Bicluster(rows=[29, 96], cols=[ 0  4 12 14 15 18 19 20 23 25 27 31 33 36 37 40 44 45 46 47 48 50 51 52
 54 59 61 62 63 65 66 70 72 74])
Bicluster(rows=[29, 97], cols=[ 7 11 13 14 25 28 30 31 35 38 39 43 44 45 47 48 50 51 52 54 55 56 58 59
 60 62 63 64 65 68 69 70 72 73])
Bicluster(rows=[29, 98], cols=[ 5  6 13 14 17 20 21 23 26 29 32 34 35 36 38 39 45 47 50 56 61 62 63 66
 67 68 69 70 72])
Bicluster(rows=[29, 99], cols=[ 0  4  5 11 19 20 23 27 29 31 32 33 34 35 36 38 40 46 48 50 51 52 53 59
 63 64 65 66 70 74])
Bicluster(rows=[30, 31], cols=[ 0  1  2  3  4  5  6  7  8  9 10 11 12 13 14 15 16 17 18 19 20 21 22 23
 24 25 27 28 30 31 33 34 35 36 37 38 41 42 44 45 46 47 48 49 50 51 52 53
 54 55 57 58 59 60 62 63 64 65 66 67 68 69 71 72 73 74])
Bicluster(rows=[30, 32], cols=[ 0  1  2  3  4  5  6  7  8  9 10 11 12 13 14 15 16 17 18 19 20 21 22 23
 24 25 27 29 30 31 32 33 34 35 36 41 42 45 46 47 49 50 51 52 53 55 57 58
 59 60 61 62 64 65 67 68 71 73 74])
Bicluster(rows=[30, 33], cols=[ 0  2  3  6  7 11 13 16 18 20 23 25 27 28 29 30 31 33 34 36 37 41 42 48
 49 52 53 55 56 63 64 72])
Bicluster(rows=[30, 34], cols=[ 0  1  2  5  9 10 17 18 19 22 23 24 25 28 31 36 41 45 48 52 54 55 56 58
 60 62 68 69 70 71 72])
Bicluster(rows=[30, 35], cols=[ 3  6  8 15 16 25 27 28 29 31 34 35 36 39 41 42 46 47 48 49 59 66 70 73])
Bicluster(rows=[30, 36], cols=[ 0  1  7  8  9 14 17 21 26 32 35 38 39 40 43 44 45 47 50 56 58 60 61 64
 67 68 69 71 72])
Bicluster(rows=[30, 37], cols=[ 2  3  5  7  9 13 16 17 19 21 22 23 24 26 29 30 32 35 38 39 40 42 43 44
 45 47 59 60 67 68 70 74])
Bicluster(rows=[30, 38], cols=[ 5  8  9 11 13 14 15 17 18 19 25 27 28 29 31 34 36 39 41 42 46 47 48 49
 63 64 73])
Bicluster(rows=[30, 39], cols=[ 0 13 18 28 35 37 40 41 42 43 45 55 57 59 60 62 63 64 66 67 69 70 71 72])
Bicluster(rows=[30, 40], cols=[21 23 24 25 27 31 34 36 39 42 51 53 55 56 57 59 60 62 64 65 66 70 73 74])
Bicluster(rows=[30, 41], cols=[ 1  7 10 12 19 21 23 28 32 35 37 38 40 42 43 44 50 51 52 53 55 57 61 62
 63 65 68 69 71 72 74])
Bicluster(rows=[30, 42], cols=[ 0  5  7  9 10 14 16 17 20 23 24 25 27 31 34 40 45 48 58 59 67 70 72 73])
Bicluster(rows=[30, 43], cols=[ 2  4  5 10 11 12 13 14 20 21 24 26 29 30 32 35 38 39 40 44 47 52 56 57
 58 61 62 65 67 68])
Bicluster(rows=[30, 44], cols=[ 3  4  5  6 10 12 13 16 18 20 21 22 23 25 28 31 36 40 41 43 45 50 51 53
 54 55 58 60 63 64 65 69 70 73])
Bicluster(rows=[30, 45], cols=[ 3  4  6 13 16 24 27 28 36 39 42 46 47 50 51 52 55 62 70 72])
Bicluster(rows=[30, 46], cols=[ 0  3  6  8 10 11 12 14 16 23 25 28 31 34 35 36 40 41 42 43 45 48 52 53
 56 60 63 64 68 70])
Bicluster(rows=[30, 47], cols=[ 6 10 18 22 25 27 28 29 31 34 36 42 47 49 54 59 60 62 64 66 67 69 72])
Bicluster(rows=[30, 48], cols=[ 3  5  7  8 11 15 19 20 21 22 23 24 26 32 33 35 38 40 43 44 45 56 57 61
 63 65 73])
Bicluster(rows=[30, 49], cols=[ 2  5 12 20 22 23 32 35 37 38 40 42 43 44 50 51 53 55 56 57 60 61 66 67
 69 73 74])
Bicluster(rows=[30, 50], cols=[ 4  5  7 10 11 14 16 18 21 24 28 32 35 37 38 40 41 42 43 44 45 54 61 62
 63 64 67 68 70 71 72 73])
Bicluster(rows=[30, 51], cols=[ 3  4  6  9 11 13 14 17 18 21 22 24 26 32 37 38 44 50 51 53 58 61 65 71])
Bicluster(rows=[30, 52], cols=[ 2  4  5  7 10 11 20 22 35 37 38 40 42 43 44 45 56 57 59 63 65 67 68])
Bicluster(rows=[30, 53], cols=[ 1  9 11 14 17 19 20 23 25 26 31 32 34 35 38 41 43 44 45 48 49 50 52 54
 55 58 60 61 68 69 71 72 74])
Bicluster(rows=[30, 54], cols=[ 1  2  5 11 12 14 17 19 20 22 24 32 35 37 38 40 42 43 44 50 51 55 57 58
 60 63 65 66 68 69 71 73])
Bicluster(rows=[30, 55], cols=[ 1  5  6  7 10 11 12 14 15 20 26 27 31 36 41 44 46 50 54 61 64 65 67 71
 72 73])
Bicluster(rows=[30, 56], cols=[ 1  2  4 17 18 20 23 26 29 30 32 35 38 39 40 43 44 45 47 51 53 55 56 57
 59 61 64 68 71 74])
Bicluster(rows=[30, 57], cols=[ 2  5 11 12 18 19 21 24 27 28 36 39 42 46 47 52 54 56 57 58 60 65 66 68])
Bicluster(rows=[30, 58], cols=[ 1  2  4  9 12 13 14 19 23 24 29 46 47 50 53 54 55 56 57 58 59 60 61 63
 65 68 69 72 74])
Bicluster(rows=[30, 59], cols=[ 1  3  7  8  9 11 21 22 24 25 26 31 32 34 35 38 41 43 44 45 48 49 52 53
 57 59 62 63 64 69 71 73])
Bicluster(rows=[30, 60], cols=[ 2  4  5  9 18 19 20 21 23 25 27 28 29 30 31 33 34 36 41 42 47 48 49 54
 58 60 61 63 64 67 68 69 72 73 74])
Bicluster(rows=[30, 61], cols=[ 0  2  6  7 10 15 19 23 24 26 29 30 32 39 40 44 47 51 53 54 57 63 64 67
 68 70 73])
Bicluster(rows=[30, 62], cols=[ 5 13 17 20 21 23 33 35 38 39 41 43 44 45 50 51 52 53 54 57 60 61 63 64
 65 66 67 71 73 74])
Bicluster(rows=[30, 63], cols=[ 2  6 11 13 20 21 23 24 28 35 40 41 42 43 45 50 51 52 53 54 55 58 59 64
 65 74])
Bicluster(rows=[30, 64], cols=[ 0  1  2  5  6  7 11 13 14 15 17 19 20 21 22 24 31 36 40 41 43 45 50 51
 52 53 56 57 58 61 65 68 69])
Bicluster(rows=[30, 65], cols=[ 2  3  4  5  6  7 10 11 13 16 18 20 22 35 41 43 52 55 60 64 69 70 74])
Bicluster(rows=[30, 66], cols=[ 5 20 21 22 23 28 29 30 32 33 34 35 36 38 40 42 43 45 47 48 49 52 53 54
 55 56 62 63 64 67 69])
Bicluster(rows=[30, 67], cols=[ 2  4  5 10 11 12 14 15 18 20 21 22 24 27 28 31 34 35 36 38 41 43 44 45
 48 51 57 58 61 65 68 71])
Bicluster(rows=[30, 68], cols=[ 0  6 10 16 18 21 23 26 30 32 38 40 47 48 52 54 59 62 65 67 70 71])
Bicluster(rows=[30, 69], cols=[ 5 10 11 12 15 17 18 20 24 26 28 29 30 32 35 37 39 44 49 50 53 55 56 57
 60 61 64 65 66 68 71 73 74])
Bicluster(rows=[30, 70], cols=[ 1  2  5 11 12 14 19 21 22 23 33 35 37 40 42 43 50 53 56 57 63 64 65 66
 69 71])
Bicluster(rows=[30, 71], cols=[ 0  2  3  5  6  8 12 17 18 21 23 26 28 32 40 50 56 57 63 64 65 66 68 69
 71])
Bicluster(rows=[30, 72], cols=[ 0  2  3 11 15 17 18 26 29 30 32 37 40 45 47 50 51 52 53 54 55 56 57 59
 60 61 62 63 64 66 67 69 73 74])
Bicluster(rows=[30, 73], cols=[ 0  4  5 10 11 13 20 22 28 29 30 31 32 33 34 35 40 42 43 45 47 52 53 54
 55 56 62 63 64 66 67 69 74])
Bicluster(rows=[30, 74], cols=[ 4  8 12 14 15 16 17 24 25 26 27 28 30 31 34 35 36 37 40 42 44 46 47 51
 52 54 59 62 65 70 72])
Bicluster(rows=[30, 75], cols=[ 2  5 11 14 18 20 25 26 29 30 32 38 40 41 44 49 50 52 56 59 63 64 65 66
 67 69 71])
Bicluster(rows=[30, 76], cols=[ 0  4  5  7 11 12 14 18 19 20 21 22 23 24 25 27 28 32 33 35 36 37 39 41
 42 49 58 61 64])
Bicluster(rows=[30, 77], cols=[ 2  5  6 18 22 30 32 33 34 35 37 38 41 44 45 47 48 52 56 59 63 64 65 66
 67 69])
Bicluster(rows=[30, 78], cols=[ 1  2  7  9 11 12 13 14 17 19 22 23 25 27 31 36 37 39 41 46 48 49 50 54
 56 61 62 63 66 67 69 70 72])
Bicluster(rows=[30, 79], cols=[ 1  4  7 11 13 18 20 21 24 25 27 28 30 31 36 37 41 43 45 46 48 49 53 54
 56 60 62 63 64 66 67 69 72 73 74])
Bicluster(rows=[30, 80], cols=[ 0  6 12 15 22 26 28 32 39 40 43 44 52 54 56 59 62 63 65 67 69 71])
Bicluster(rows=[30, 81], cols=[ 3  5  8 10 18 20 26 38 40 43 47 49 50 52 54 56 57 58 61 62 63 66 67 69
 73])
Bicluster(rows=[30, 82], cols=[ 7 10 12 16 18 22 27 28 32 34 35 36 37 38 39 40 41 43 45 47 48 51 54 62
 70 72])
Bicluster(rows=[30, 83], cols=[ 0  4  5  6  9 10 11 12 13 14 19 21 23 24 25 26 45 47 49 58 61 64 68])
Bicluster(rows=[30, 84], cols=[ 2  6 10 15 16 18 20 23 24 26 27 35 45 48 50 52 53 54 55 56 57 59 60 62
 63 64 66 67 69 73 74])
Bicluster(rows=[30, 85], cols=[ 4  5  6  8 10 11 16 17 23 26 30 35 37 39 43 45 48 52 54 59 70 71 72])
Bicluster(rows=[30, 86], cols=[ 4  7 11 14 15 17 18 20 23 25 27 34 35 37 39 41 44 47 49 50 56 58 61 62
 63 66 67 69 70 72])
Bicluster(rows=[30, 87], cols=[ 2  4  5 12 13 14 20 23 27 32 40 41 44 49 50 51 53 55 56 57 59 63 64 65
 66 71 73 74])
Bicluster(rows=[30, 88], cols=[ 3  7  8 10 17 18 20 21 28 29 31 39 41 44 49 53 54 60 62 63 64 67 69 70
 72 73 74])
Bicluster(rows=[30, 89], cols=[ 4  5  6 10 11 25 26 27 30 34 35 38 41 42 43 48 52 53 54 55 56 62 63 64
 66 67 69 74])
Bicluster(rows=[30, 90], cols=[ 4 12 21 23 24 25 27 29 30 31 34 36 39 41 42 47 48 49 53 54 62 63 64 67
 69 72 73 74])
Bicluster(rows=[30, 91], cols=[ 6 16 23 25 26 29 30 32 37 38 39 40 41 42 44 45 47 49 50 51 52 53 56 57
 59 60 61 66 73 74])
Bicluster(rows=[30, 92], cols=[ 2 11 12 20 22 25 29 30 33 36 41 43 45 47 48 51 52 54 56 59 62 63 64 67
 69])
Bicluster(rows=[30, 93], cols=[ 0  4  8 10 11 14 16 17 18 19 20 21 23 30 32 35 36 37 38 39 40 43 44 46
 52 54 59 62 70 71 72])
Bicluster(rows=[30, 94], cols=[ 2 12 14 17 19 20 21 22 27 31 34 35 42 47 50 51 52 53 54 55 56 59 62 63
 64 66 67 69 73 74])
Bicluster(rows=[30, 95], cols=[ 7 11 17 20 21 22 23 24 27 30 32 37 39 43 49 53 54 60 62 63 64 67 69 70
 72 73 74])
Bicluster(rows=[30, 96], cols=[ 0  4 14 15 18 19 20 23 26 31 33 34 35 42 44 47 49 50 53 54 56 60 62 63
 64 66 67 69 73 74])
Bicluster(rows=[30, 97], cols=[ 2  3  8 12 18 19 21 26 28 32 34 43 47 48 50 51 52 53 54 55 56 57 58 59
 60 61 63 64 65 66 67 68 69 71 73 74])
Bicluster(rows=[30, 98], cols=[ 5  6 13 14 17 20 21 26 27 29 31 35 38 39 46 47 48 49 56 62 63 66 67 69
 70 72])
Bicluster(rows=[30, 99], cols=[ 2  5 11 18 19 20 22 23 24 28 29 31 33 37 39 42 43 48 50 51 52 53 55 58
 59 61 64 66 68 73])
Bicluster(rows=[31, 32], cols=[ 0  1  2  3  4  5  6  7  8  9 10 11 12 13 14 15 16 17 18 19 20 21 22 23
 24 25 26 27 28 30 31 32 33 34 35 36 37 39 41 42 43 45 46 47 48 49 50 51
 52 53 54 55 56 57 58 59 60 61 62 63 64 65 66 67 68 69 70 71 73 74])
Bicluster(rows=[31, 33], cols=[ 0  2  3  6  7 11 13 16 18 20 22 23 25 27 28 29 30 31 32 33 34 35 36 37
 42 44 45 48 49 53 54 62 63 64 70])
Bicluster(rows=[31, 34], cols=[ 0  1  2  4  5  9 10 11 17 18 19 22 23 24 26 28 32 34 35 36 39 45 51 55
 58 60 62 63 68 69 71 72])
Bicluster(rows=[31, 35], cols=[ 0  3  6  8 15 21 23 25 26 27 28 30 31 35 36 37 40 43 46 47 48 49 54 66
 67 73])
Bicluster(rows=[31, 36], cols=[ 4  5  9 12 13 24 28 30 32 33 34 35 36 37 42 44 45 48 49 51 53 58 60 61
 64 67 68 69])
Bicluster(rows=[31, 37], cols=[ 0  6  7 10 12 13 14 17 19 28 29 30 32 34 35 36 37 38 42 44 45 52 56 59
 60 65 67 68 70 71 74])
Bicluster(rows=[31, 38], cols=[ 5  8  9 11 13 14 15 17 18 19 25 27 28 31 32 33 34 35 36 38 40 42 44 45
 47 48 49 54 67 73 74])
Bicluster(rows=[31, 39], cols=[ 5  6  8 10 11 14 15 17 19 21 22 25 27 32 34 35 38 40 41 44 45 48 49 55
 56 58 61 63 64 67 69 73 74])
Bicluster(rows=[31, 40], cols=[ 2 20 22 23 24 25 27 31 32 35 36 40 42 46 51 53 54 55 57 59 60 63 65 66
 67 69 71 72 73 74])
Bicluster(rows=[31, 41], cols=[ 1  2  7 10 12 19 21 22 23 28 29 38 41 42 44 50 51 55 56 57 59 62 63 64
 65 68 69 71 72])
Bicluster(rows=[31, 42], cols=[ 2  4  7 13 14 17 18 22 24 26 31 34 36 45 51 52 58 59 62 63 66 67 69 71
 73])
Bicluster(rows=[31, 43], cols=[ 0  1  2  3  4  5  6 16 18 20 25 26 27 28 30 31 36 37 40 43 46 47 52 53
 57 62 67 70 71 72])
Bicluster(rows=[31, 44], cols=[ 3  4  5  6 10 12 13 16 17 18 21 22 23 24 26 32 34 35 36 50 51 58 60 64
 65 71 73])
Bicluster(rows=[31, 45], cols=[ 3  4  6  8 16 20 24 25 27 28 31 32 34 35 36 40 42 43 44 45 46 48 49 72])
Bicluster(rows=[31, 46], cols=[ 3  4  5  7  8 10 14 19 22 24 25 26 27 31 34 36 43 45 46 48 49 50 51 56
 60 63 64 66 70])
Bicluster(rows=[31, 47], cols=[ 1  2  5 10 11 14 20 21 23 24 25 26 27 30 31 37 39 40 43 46 50 53 56 57
 59 60 65 67 69 72 73 74])
Bicluster(rows=[31, 48], cols=[ 3  5  8 11 14 15 18 21 23 24 50 54 57 59 60 62 64 66 67 69 72])
Bicluster(rows=[31, 49], cols=[ 0  2  5  6 10 11 17 18 22 23 24 25 27 28 31 36 40 43 46 47 50 51 53 65
 66 67 69 70 71 72 74])
Bicluster(rows=[31, 50], cols=[ 2  4  5  7 10 14 16 21 24 28 32 35 38 39 41 42 44 52 55 56 59 62 68 71
 72 73])
Bicluster(rows=[31, 51], cols=[ 0  4  7 10 21 22 23 24 25 27 28 31 36 40 43 46 47 50 51 55 62 68 70 74])
Bicluster(rows=[31, 52], cols=[ 2  4  5 12 17 18 21 22 23 24 25 27 28 31 36 40 43 46 47 51 54 56 57 59
 62 63 66 67 69 70 71])
Bicluster(rows=[31, 53], cols=[ 1  2  9 17 19 20 23 32 33 34 35 38 41 42 44 45 48 49 50 55 56 58 59 60
 66 68 71 72 74])
Bicluster(rows=[31, 54], cols=[ 0  2  5  6 10 13 18 20 21 22 25 27 28 31 36 40 43 46 47 50 51 53 55 63
 66 69 72 73 74])
Bicluster(rows=[31, 55], cols=[ 1  6  7 11 12 14 15 17 20 22 25 27 31 32 35 36 38 40 42 44 46 50 52 53
 56 63 64 67 69 71 72])
Bicluster(rows=[31, 56], cols=[ 3  5  8 10 15 18 19 21 22 23 25 27 28 31 32 34 35 36 38 40 42 44 45 46
 47 48 49 50 58 72 73])
Bicluster(rows=[31, 57], cols=[ 2  5 11 12 18 19 21 24 25 27 31 32 35 36 40 42 44 50 51 55 59 60 65 66
 67 68])
Bicluster(rows=[31, 58], cols=[ 2  4  9 11 12 13 14 19 21 23 24 43 46 47 50 53 55 57 62 64 67 68 70 72
 73 74])
Bicluster(rows=[31, 59], cols=[ 1  7  8  9 11 12 21 22 32 33 34 35 38 41 42 44 45 48 49 53 56 57 62 67
 68 69 71 73])
Bicluster(rows=[31, 60], cols=[ 0  2  4  6  8 12 17 20 23 24 30 37 38 41 42 44 47 54 56 60 63 64 65 67
 69 70 71 73 74])
Bicluster(rows=[31, 61], cols=[ 0  4  5  6 13 16 20 25 27 28 32 34 35 36 40 42 44 45 47 48 49 52 53 55
 58 59 60 71 74])
Bicluster(rows=[31, 62], cols=[ 1  2  4 11 12 13 19 24 28 30 32 33 34 35 45 48 57 58 63 70 74])
Bicluster(rows=[31, 63], cols=[ 1  2  5 12 14 17 20 21 24 25 27 28 31 36 40 43 46 47 50 51 52 57 62 63
 64 66 69 71 74])
Bicluster(rows=[31, 64], cols=[ 0  1  2  5  6  7 11 12 13 14 15 17 19 20 21 24 26 32 35 36 50 53 54 55
 58 59 64 65 67 74])
Bicluster(rows=[31, 65], cols=[ 0  1  2  4  5 11 20 25 27 31 32 35 36 40 42 44 46 50 53 55 56 58 60 61
 64 65 66 68 69 74])
Bicluster(rows=[31, 66], cols=[ 5 11 12 13 14 17 22 23 25 29 30 37 40 42 45 46 52 55 57 60 64 65 67 68
 69 74])
Bicluster(rows=[31, 67], cols=[ 2  4  5 10 11 12 14 15 18 22 24 27 28 33 34 36 38 41 44 48 51 52 54 57
 58 59 63 64 67 68 69 70 71])
Bicluster(rows=[31, 68], cols=[ 2  4  5 14 17 20 24 32 34 35 44 45 48 50 52 53 54 57 65 66 69 70])
Bicluster(rows=[31, 69], cols=[ 1  4  5 10 11 12 15 17 18 24 28 30 38 44 49 50 52 53 54 57 59 60 63 65
 66 67 68 69 70 71 73 74])
Bicluster(rows=[31, 70], cols=[ 4  6  9 10 11 12 13 21 26 27 28 32 33 37 38 39 41 44 45 52 54 56 58 59
 61 67 68 71])
Bicluster(rows=[31, 71], cols=[ 0  2  3  6  8 18 21 22 23 24 28 44 50 52 53 54 57 59 62 63 65 66 67 68
 69 70])
Bicluster(rows=[31, 72], cols=[ 0  3  6 12 15 18 21 23 27 28 29 32 41 42 47 50 51 52 54 55 57 58 59 60
 62 63 64 66 67 68 69 70 71 73 74])
Bicluster(rows=[31, 73], cols=[ 4  7  9 16 18 24 29 30 35 38 40 42 43 45 52 54 55 56 57 58 60 63 64 65
 67 68 69 73 74])
Bicluster(rows=[31, 74], cols=[ 0  1 10 12 14 21 22 25 27 28 31 35 36 38 39 41 46 50 53 54 57 59 62 63
 65 66 69 70 71])
Bicluster(rows=[31, 75], cols=[ 4  7 12 17 18 19 22 24 25 27 28 38 39 42 44 46 49 52 53 57 63 65 67 68
 69 73])
Bicluster(rows=[31, 76], cols=[ 0  2  4  5  6  7 11 12 14 18 19 20 21 22 23 24 27 28 31 36 37 38 41 44
 45 48 49 56 63])
Bicluster(rows=[31, 77], cols=[ 0  2  3  5  7 11 14 22 23 30 31 36 39 42 48 54 56 57 58 59 61 67 68 69])
Bicluster(rows=[31, 78], cols=[ 2  4  5 10 20 21 30 32 36 37 38 39 42 44 48 52 53 57 63 65 67 68 69])
Bicluster(rows=[31, 79], cols=[ 2  7 13 14 26 27 28 29 39 40 42 45 46 48 49 50 54 57 59 62 63 69 70 73
 74])
Bicluster(rows=[31, 80], cols=[ 1  2  4 11 13 14 20 23 24 25 29 32 36 39 41 43 47 53 56 58 64 73])
Bicluster(rows=[31, 81], cols=[ 0  2  3  8  9 11 17 27 31 33 34 38 40 41 43 44 52 56 59 61 68 71])
Bicluster(rows=[31, 82], cols=[ 0  1  2  7 12 17 19 20 21 23 24 30 32 35 36 42 45 48 50 53 54 59 62 66
 70 71])
Bicluster(rows=[31, 83], cols=[ 0  4  5  6 10 11 12 13 14 19 21 23 31 32 35 36 40 44 47 50 52 54 57 63
 66 67 68 69 70])
Bicluster(rows=[31, 84], cols=[ 7 11 15 16 18 24 27 33 34 35 40 42 45 48 50 51 54 55 57 59 60 62 63 64
 66 67 69 70 71 73 74])
Bicluster(rows=[31, 85], cols=[ 1  2  6 10 12 14 20 22 23 24 25 27 28 31 32 36 38 40 42 44 50 62 63 64
 69 70 72])
Bicluster(rows=[31, 86], cols=[ 2  7 10 11 14 15 17 18 20 23 31 32 33 34 37 38 41 42 47 64 66])
Bicluster(rows=[31, 87], cols=[ 4  5 10 17 20 25 30 35 36 37 38 40 42 46 47 50 51 54 55 57 59 60 63 64
 67 69 70 71 73 74])
Bicluster(rows=[31, 88], cols=[ 0  3  6 11 13 14 21 23 26 29 31 32 37 40 43 44 49 50 57 62 63 64 66 69
 70 72 73 74])
Bicluster(rows=[31, 89], cols=[ 0  1  2 13 15 21 26 29 31 33 35 36 43 44 49 50 52 53 54 57 59 60 62 63
 65 66 67 69 70 71 73 74])
Bicluster(rows=[31, 90], cols=[ 5  6  8 15 16 18 22 23 38 41 42 44 47 50 52 54 57 63 66 67 68 69 70])
Bicluster(rows=[31, 91], cols=[ 0  3  8 10 11 15 18 25 30 42 47 50 52 54 56 57 58 59 61 62 63 64 66 67
 68 69 70 71 73])
Bicluster(rows=[31, 92], cols=[ 9 14 25 29 31 34 37 39 40 46 50 53 54 57 59 63 65 66 67 69 70 71 73])
Bicluster(rows=[31, 93], cols=[ 2  5 11 12 14 17 19 21 22 28 32 34 35 36 41 47 49 50 53 54 59 62 65 66
 70])
Bicluster(rows=[31, 94], cols=[ 4  7 11 13 20 22 24 29 30 31 39 41 43 47 50 51 54 55 57 59 60 62 63 66
 69 70 71 73 74])
Bicluster(rows=[31, 95], cols=[ 0  1  2  5  6 10 12 13 17 19 21 22 24 25 30 31 35 39 41 42 43 49 56 58
 61 64 73 74])
Bicluster(rows=[31, 96], cols=[ 1  4 10 20 26 27 29 32 35 37 38 41 43 48 50 52 53 54 57 59 63 65 66 67
 69 70 73])
Bicluster(rows=[31, 97], cols=[ 1  2  3  8 12 18 19 20 21 24 28 29 39 44 46 47 48 50 51 52 53 54 55 57
 58 59 60 62 63 64 65 66 67 68 69 70 71 73 74])
Bicluster(rows=[31, 98], cols=[ 0  1  7  9 17 21 26 28 29 39 41 42 43 44 45 48 53 56 58 64 73])
Bicluster(rows=[31, 99], cols=[ 2  5  6 10 14 17 21 22 25 27 32 34 38 39 41 42 44 47 48 50 51 52 55 57
 59 62 63 64 65 66 70 71])
Bicluster(rows=[32, 33], cols=[ 0  2  3  6  7 11 13 16 20 22 23 25 26 27 28 30 31 33 34 35 36 37 38 39
 40 41 42 43 44 45 46 47 49 53 54 55 62 63 64 70])
Bicluster(rows=[32, 34], cols=[ 0  2  4  5  9 10 17 18 19 23 24 25 26 28 31 34 35 36 39 40 41 42 45 52
 58 60 62 63 69 71 73 74])
Bicluster(rows=[32, 35], cols=[ 0  3  6  8 15 21 23 24 26 27 28 29 30 36 37 38 39 42 43 44 46 47 48 49
 54 59 66 68 71 73])
Bicluster(rows=[32, 36], cols=[ 1  4  5  9 12 13 24 25 30 31 33 34 35 37 40 41 45 47 58 60 61 64 73])
Bicluster(rows=[32, 37], cols=[ 0  5  6  7 10 12 13 14 17 19 25 26 30 31 32 33 34 35 37 40 41 45 47 52
 54 56 59 60 63 64 65 66 67 68 71 72 73 74])
Bicluster(rows=[32, 38], cols=[ 5  8  9 11 13 14 15 17 18 25 26 27 29 31 34 35 36 38 41 42 43 45 46 47
 48 49 54 64 72 73 74])
Bicluster(rows=[32, 39], cols=[ 5  6  8 10 11 14 15 17 19 21 22 25 27 31 32 34 35 41 45 46 48 49 50 51
 55 58 64 67 69 72 73 74])
Bicluster(rows=[32, 40], cols=[ 7 11 12 13 14 17 19 26 27 29 36 37 38 42 43 44 46 47 48 51 52 53 57 58
 60 63 65 66 73])
Bicluster(rows=[32, 41], cols=[12 20 21 24 26 27 30 36 37 38 42 43 46 47 48 49 52 53 57 59 64 68 69 72
 73 74])
Bicluster(rows=[32, 42], cols=[ 2  4  6  7 13 14 17 18 22 24 25 28 31 34 36 38 40 41 42 44 45 52 53 56
 58 59 60 67 69 71])
Bicluster(rows=[32, 43], cols=[ 0  1  2  3  4  5  6 16 18 20 26 27 28 29 30 31 36 37 38 41 42 43 44 46
 47 48 49 52 55 62 67 71])
Bicluster(rows=[32, 44], cols=[ 3  4  5  6 10 16 17 18 21 22 23 24 25 28 31 32 34 35 36 38 41 42 44 53
 55 58 60 64 65 71 73])
Bicluster(rows=[32, 45], cols=[ 0  4  5 10 13 22 23 26 27 28 29 36 38 42 43 44 46 48 49 50 55 62])
Bicluster(rows=[32, 46], cols=[ 2  3  4  5  7  8 14 19 22 24 25 27 28 31 34 36 38 40 43 44 45 46 49 50
 52 53 56 58 60 63 64 72])
Bicluster(rows=[32, 47], cols=[ 1  2  4  5 10 11 14 17 20 21 23 24 26 27 28 30 36 37 38 42 43 44 46 47
 48 49 50 55 56 59 60 62 64 66 67 68 69 70 71 74])
Bicluster(rows=[32, 48], cols=[ 2  7 11 19 27 28 43 44 46 48 49 50 51 53 54 55 56 57 59 61 63 64 65 66
 68 69 70 73])
Bicluster(rows=[32, 49], cols=[ 2  5  6 11 14 17 20 21 22 24 26 27 28 29 36 38 42 43 44 46 47 48 50 53
 58 62 64 68 69 74])
Bicluster(rows=[32, 50], cols=[ 0  2  4  5  6  9 13 15 17 18 19 25 27 31 32 34 35 41 45 46 48 49 51 54
 57 60 62 63 67 70 72])
Bicluster(rows=[32, 51], cols=[ 0  1  4  7 10 21 22 23 24 26 27 28 29 36 38 42 43 44 46 47 48 49 50 53
 55 62 67 68 71 74])
Bicluster(rows=[32, 52], cols=[ 4  5 12 13 18 19 20 21 22 23 24 26 27 29 36 38 42 43 44 46 48 54 55 56
 57 59 61 62 69 71 72])
Bicluster(rows=[32, 53], cols=[ 3  6 10 15 16 18 20 25 28 31 34 35 36 38 40 41 42 44 45 50 52 54 55 60
 62 66 71 72])
Bicluster(rows=[32, 54], cols=[ 2  4  5 12 13 17 20 21 22 23 26 27 28 30 36 37 38 42 43 44 46 47 48 49
 50 62 63 64 67 68 69 71 74])
Bicluster(rows=[32, 55], cols=[ 1  5  6  7 11 12 14 15 17 20 22 27 31 32 35 36 41 46 48 49 50 51 52 56
 61 63 64 66 67 69 71])
Bicluster(rows=[32, 56], cols=[ 3  5  8 10 15 18 19 22 23 25 26 27 28 29 31 35 36 38 41 42 43 44 46 47
 48 49 50 55 73])
Bicluster(rows=[32, 57], cols=[ 1  2  5 11 12 18 19 21 24 27 36 38 43 46 48 50 51 59 60 63 64 65 69 71
 72])
Bicluster(rows=[32, 58], cols=[ 1 11 12 13 14 17 19 20 21 22 24 27 28 30 37 38 42 43 44 46 47 48 50 51
 53 57 59 66 69 73 74])
Bicluster(rows=[32, 59], cols=[ 4  5 10 11 12 13 18 19 21 24 27 28 33 36 38 39 42 43 44 45 46 49 55 57
 58 61 63 65 68 69 73])
Bicluster(rows=[32, 60], cols=[ 0  2  4  6  8 12 17 20 23 24 29 30 32 37 47 51 54 56 59 64 65 67 69 71
 72])
Bicluster(rows=[32, 61], cols=[ 4  5  6 12 13 16 18 20 23 25 29 31 34 35 36 41 45 49 58 59 60 66 72 74])
Bicluster(rows=[32, 62], cols=[ 1  2  4 11 12 19 24 25 29 31 34 35 40 41 45 51 52 53 56 57 60 61 64 67
 72 73 74])
Bicluster(rows=[32, 63], cols=[ 1  4 11 14 21 24 26 27 29 36 37 38 42 43 44 46 47 48 50 51 53 57 60 61
 67 69 70 74])
Bicluster(rows=[32, 64], cols=[ 0  1  2  5  6  7 11 13 14 15 19 20 21 24 28 35 36 41 42 44 54 58 59 63
 64 65 68 70 71 72 73 74])
Bicluster(rows=[32, 65], cols=[ 0  2  4  5 11 23 27 31 36 41 46 48 49 51 52 56 58 60 61 62 63 64 65 67
 69 72 73 74])
Bicluster(rows=[32, 66], cols=[ 0  3  8  9 10 13 18 25 26 37 50 51 52 53 54 55 56 57 58 59 60 61 63 64
 65 66 67 68 69 70 72 73 74])
Bicluster(rows=[32, 67], cols=[ 1  2 10 11 12 14 15 18 22 24 26 27 31 32 34 36 40 41 42 46 48 50 52 54
 56 57 58 59 61 63 66 68 69 70 71 72 73])
Bicluster(rows=[32, 68], cols=[11 17 20 24 25 26 33 34 35 37 41 45 50 51 52 55 59 64 67 69])
Bicluster(rows=[32, 69], cols=[ 1  4 10 12 14 15 18 23 24 28 30 35 38 49 50 52 53 54 55 56 57 58 60 61
 63 64 65 66 69 70 72 73 74])
Bicluster(rows=[32, 70], cols=[ 0  4  6  9 10 11 12 13 21 22 27 29 32 33 37 39 42 45 47 48 52 54 56 57
 58 59 61 63 66 69 70 71 72])
Bicluster(rows=[32, 71], cols=[ 1  3  8 10 22 23 24 28 32 34 36 44 46 50 56 57 58 61 63 64 66 69 70 72])
Bicluster(rows=[32, 72], cols=[ 0  1  3  6 12 15 18 21 23 27 32 33 38 41 45 47 50 51 52 53 54 56 57 58
 59 60 61 63 64 66 67 68 69 70 71 72 73 74])
Bicluster(rows=[32, 73], cols=[ 4  6  7 16 18 24 25 26 30 35 37 43 45 46 47 50 51 52 53 54 55 56 57 58
 60 61 63 64 65 66 69 70 72 73 74])
Bicluster(rows=[32, 74], cols=[ 1  5 10 14 19 21 26 27 28 32 36 39 40 41 42 43 44 46 48 50 51 52 54 55
 57 59 64 67 68 69])
Bicluster(rows=[32, 75], cols=[ 4  7 12 17 18 19 22 27 31 32 39 43 46 49 50 54 55 56 57 63 64 65 66 69
 72])
Bicluster(rows=[32, 76], cols=[ 0  4  5  6  7 11 12 14 17 18 19 20 21 22 23 24 25 26 27 33 36 37 41 43
 45 47 48 49 56 63 66 70])
Bicluster(rows=[32, 77], cols=[ 0  1  3  4  5 14 21 22 23 27 28 29 31 35 38 41 44 47 49 50 57 58 61 62
 63 66 67 68 69 73])
Bicluster(rows=[32, 78], cols=[ 4  5 10 11 12 17 20 24 25 26 30 31 34 35 36 39 40 45 47 53 55 56 58 61
 63 64 66 70 72])
Bicluster(rows=[32, 79], cols=[ 0  4  6 10 14 20 23 25 29 30 31 41 53 55 56 57 58 60 61 63 64 65 66 70
 72 73 74])
Bicluster(rows=[32, 80], cols=[ 1  7 11 13 14 20 24 26 28 31 33 34 35 36 38 39 41 42 43 44 45 47 48 49
 53 55 56 58 61 63 66 70 72 73 74])
Bicluster(rows=[32, 81], cols=[ 0  2  3  8  9 12 17 22 27 31 33 40 43 47 52 54 56 57 59 61 63 66 68 70
 71 72])
Bicluster(rows=[32, 82], cols=[ 0 13 14 19 20 23 28 33 38 39 40 44 45 48 49 50 52 54 55 57 59 64 65 67
 68 69])
Bicluster(rows=[32, 83], cols=[ 0  4  5  6 10 11 12 13 14 17 23 29 31 32 35 36 38 40 42 48 52 54 57 59
 62 65 67 68 69])
Bicluster(rows=[32, 84], cols=[ 4  7 12 15 16 18 27 33 34 35 45 46 48 50 52 53 54 56 57 58 59 60 61 63
 66 67 68 69 70 71 72 73 74])
Bicluster(rows=[32, 85], cols=[ 1  2  6 10 12 14 20 22 23 25 29 31 32 33 34 47 53 62 64 73 74])
Bicluster(rows=[32, 86], cols=[ 1 11 13 17 19 24 26 28 31 33 39 42 44 49 55 56 63 64 66 70 72])
Bicluster(rows=[32, 87], cols=[ 2 11 13 17 23 27 28 32 37 39 41 42 43 49 50 51 52 54 55 57 59 64 67 68
 69])
Bicluster(rows=[32, 88], cols=[ 0  3  6 11 13 14 21 23 28 37 43 49 50 53 62 64 67 68 69 73 74])
Bicluster(rows=[32, 89], cols=[ 0  1  5 15 21 35 40 43 46 49 50 51 52 53 54 55 56 57 58 60 61 63 64 65
 66 69 70 72 73 74])
Bicluster(rows=[32, 90], cols=[ 2  7 11 14 17 20 24 25 26 30 31 33 34 35 37 38 39 42 45 53 55 56 58 61
 63 66 70 72])
Bicluster(rows=[32, 91], cols=[ 0  3  8 10 11 15 18 25 29 41 47 49 50 52 53 54 56 57 58 59 60 61 62 63
 64 66 67 68 69 70 71 72 73 74])
Bicluster(rows=[32, 92], cols=[ 0  1  3  6 13 18 25 26 27 29 30 35 36 40 41 44 46 48])
Bicluster(rows=[32, 93], cols=[12 14 19 24 25 31 33 34 36 41 45 46 47 49 50 51 52 54 55 57 59 64 65 67
 69])
Bicluster(rows=[32, 94], cols=[ 0  1  3  8 11 16 20 22 24 42 46 48 50 51 52 53 54 56 57 58 59 60 61 62
 63 64 65 66 67 68 69 70 71 72 73 74])
Bicluster(rows=[32, 95], cols=[ 1  2  5 12 13 17 19 20 21 22 24 28 29 30 35 37 39 40 41 43 44 45 46 48
 53 55 56 58 61 63 66 70 72 73 74])
Bicluster(rows=[32, 96], cols=[ 1  4  7 10 11 16 20 27 31 32 33 35 37 40 42 44 46 47 48 50 54 56 57 64
 65 67 69 72])
Bicluster(rows=[32, 97], cols=[ 1  3  8 18 19 20 24 25 28 31 32 36 38 39 44 46 47 50 51 52 53 54 56 57
 58 59 60 61 63 64 65 66 67 68 69 70 72 73 74])
Bicluster(rows=[32, 98], cols=[ 1  7 12 17 19 21 22 25 31 36 37 38 39 41 43 45 55 56 58 61 63 64 66 70
 72])
Bicluster(rows=[32, 99], cols=[ 2  7 12 13 17 18 21 22 23 28 29 32 33 34 40 44 45 46 50 54 55 56 58 67
 71 73 74])
Bicluster(rows=[33, 34], cols=[ 0  1  2 11 14 15 18 20 21 23 25 27 31 32 34 35 36 38 40 41 42 43 44 45
 46 48 49 57 62 66 67])
Bicluster(rows=[33, 35], cols=[ 0  5  6  9 12 17 19 21 23 24 25 26 27 28 29 31 32 33 34 35 36 37 38 39
 40 41 42 43 44 45 46 47 48 49 50 54 57 58 60 65 71 72])
Bicluster(rows=[33, 36], cols=[ 0  2  3  6  8 10 14 15 17 21 23 25 26 27 28 29 30 31 32 33 34 35 36 37
 38 39 40 41 42 43 44 45 46 47 48 49 50 56 58 61 64 68 71 73 74])
Bicluster(rows=[33, 37], cols=[ 0  6  7  8 13 25 26 27 28 29 30 31 32 33 34 35 36 37 38 39 40 41 42 43
 44 45 46 47 48 49 51 54 57 58 61 62 64 70])
Bicluster(rows=[33, 38], cols=[ 2  7 10 11 13 15 16 18 22 23 25 26 27 28 31 32 33 34 35 36 37 38 39 40
 41 42 43 44 45 46 47 48 49 52 54 55 58 63 64 68 69])
Bicluster(rows=[33, 39], cols=[ 0  8  9 10 12 14 16 19 20 21 22 28 32 35 36 38 41 42 44 50 51 55 58 63
 66 72 73 74])
Bicluster(rows=[33, 40], cols=[ 5  6 14 17 19 22 23 24 29 37 39 47 51 52 58 59 60 61 65 67 68 69 70 71
 73 74])
Bicluster(rows=[33, 41], cols=[ 5  6  9 10 15 18 19 21 23 24 25 27 31 32 34 35 36 38 40 41 42 43 44 45
 46 48 49 51 52 55 57 59 60 61 62 63 68])
Bicluster(rows=[33, 42], cols=[ 0  2  6  9 13 15 19 20 21 22 23 26 28 32 35 36 38 41 42 44 50 51 52 53
 55 56 61 63 68 74])
Bicluster(rows=[33, 43], cols=[ 2  3  5  6 10 14 15 16 17 18 19 20 21 24 25 26 27 28 31 32 34 35 36 38
 39 40 41 42 43 44 45 46 47 48 49 50 51 52 55 56 57 58 59 60 61 62 68 69
 70 73 74])
Bicluster(rows=[33, 44], cols=[ 3  6 13 14 15 16 22 23 26 28 32 35 36 38 41 42 44 50 51 53 55 57 59 61
 64 67 72 74])
Bicluster(rows=[33, 45], cols=[ 6  9 14 15 17 18 19 20 21 22 23 25 26 27 28 31 32 34 35 36 38 40 41 42
 43 44 45 46 48 49 50 51 52 55 57 60 61 67 68 69 71 73 74])
Bicluster(rows=[33, 46], cols=[ 0  3  4  6  9 15 17 22 25 26 27 28 31 32 34 35 36 38 41 42 43 44 45 46
 48 49 50 51 52 53 56 58 63 64 65 71 73 74])
Bicluster(rows=[33, 47], cols=[ 3  4  5  6  9 12 14 16 17 19 21 22 24 25 26 27 28 31 32 34 35 36 38 40
 41 42 43 44 45 46 48 49 50 56 61 67 68 69 70 71 72 73 74])
Bicluster(rows=[33, 48], cols=[ 0  6  8  9 12 13 14 18 19 20 21 22 23 25 26 27 28 31 32 34 35 36 38 39
 40 41 42 43 44 45 46 47 48 49 50 56 57 59 60 61 63 67 68 69 70 73])
Bicluster(rows=[33, 49], cols=[ 5 12 14 17 19 21 22 23 24 25 27 31 32 34 35 36 38 40 41 42 43 44 45 46
 48 49 50 51 58 59 60 68 69 71 72 73 74])
Bicluster(rows=[33, 50], cols=[ 0  3  4  5  6  7 11 15 16 17 18 19 29 30 37 39 47 51 52 55 56 60 61 65
 67 69 72 73 74])
Bicluster(rows=[33, 51], cols=[ 4  5  6  7 12 14 17 18 19 20 21 22 24 25 27 28 31 32 34 35 36 38 40 41
 42 43 44 45 46 48 49 50 51 53 58 59 60 61 67 71 72])
Bicluster(rows=[33, 52], cols=[ 2  4  6 10 14 15 21 22 25 27 31 32 34 35 36 38 40 41 43 45 46 48 49 51
 53 56 57 58 60 68 69])
Bicluster(rows=[33, 53], cols=[ 0  4  5  6 10 14 15 18 19 20 24 25 26 27 28 31 32 34 35 36 38 40 41 42
 43 44 45 46 48 49 51 54 55 58 61 62 65 66 67 68 73])
Bicluster(rows=[33, 54], cols=[ 2  4 14 15 17 19 21 22 24 25 26 27 28 31 32 34 35 36 38 40 41 42 43 44
 45 46 48 49 50 51 52 55 57 58 59 61 63 67 68 71 72 73])
Bicluster(rows=[33, 55], cols=[ 4 13 14 17 18 19 20 21 24 25 27 34 40 45 46 48 49 52 56 59 61 62 63 67
 68 70 72 73])
Bicluster(rows=[33, 56], cols=[ 1  7  8 13 25 26 27 28 29 30 31 32 34 35 36 37 38 39 41 42 43 44 45 46
 47 48 49 53 66 70])
Bicluster(rows=[33, 57], cols=[ 4  6 14 15 17 18 19 20 21 24 29 30 37 39 47 50 51 52 57 58 59 61 67 68
 69 71 72 74])
Bicluster(rows=[33, 58], cols=[ 0  4 10 14 17 18 21 24 25 27 28 31 32 34 35 36 38 40 41 42 43 44 45 46
 48 49 50 57 58 59 60 61 64 69 72 73 74])
Bicluster(rows=[33, 59], cols=[ 0  4  5  6  8 11 13 15 21 22 25 26 27 28 31 32 34 35 36 38 39 40 41 42
 43 44 45 46 48 49 51 53 57 62 63 64 66 68 74])
Bicluster(rows=[33, 60], cols=[ 2  8 15 18 20 23 25 26 27 28 29 31 32 33 34 35 36 37 38 39 40 41 42 43
 44 45 46 47 48 49 51 59 66 70 71 72])
Bicluster(rows=[33, 61], cols=[ 0  6  9 10 13 14 16 19 20 23 24 25 26 27 28 31 32 34 35 36 38 40 41 42
 43 44 45 46 48 49 51 55 56 61 66 67 68 73])
Bicluster(rows=[33, 62], cols=[ 0  5  6  9 10 15 18 19 23 25 26 27 28 31 32 34 35 36 38 40 41 42 43 44
 45 46 48 49 50 51 52 53 54 57 59 60 61 64 69 70 71 72 73])
Bicluster(rows=[33, 63], cols=[ 0  5 14 19 21 22 23 24 25 27 31 32 34 35 36 38 40 41 43 45 46 48 49 50
 51 52 54 55 57 58 60 61 65 68 69 71 72 74])
Bicluster(rows=[33, 64], cols=[ 4  5 14 17 19 21 24 29 30 37 39 47 50 58 59 60 67 68 69 71 73 74])
Bicluster(rows=[33, 65], cols=[ 3  6  7  9 11 13 16 20 22 24 28 32 35 36 38 42 44 51 53 55 58 59 64 65
 66 68 69 71 72 73])
Bicluster(rows=[33, 66], cols=[ 0  2  4  7 18 27 28 30 33 39 42 45 47 49 50 51 58 59 61 67 68 69 71 72
 73])
Bicluster(rows=[33, 67], cols=[ 2  4  9 10 13 14 19 21 22 24 25 29 35 37 39 44 45 49 50 52 58 60 67 68
 69 73 74])
Bicluster(rows=[33, 68], cols=[ 7  8  9 10 11 13 14 15 17 18 21 23 25 26 27 28 29 32 33 34 35 36 40 41
 42 43 45 46 49 52 56 57 59 62 63 65 70 71])
Bicluster(rows=[33, 69], cols=[ 0  5  6  7 10 14 16 17 19 24 26 27 32 33 35 36 43 44 48 50 55 58 59 61
 65 67 68 69 71 72 73])
Bicluster(rows=[33, 70], cols=[ 1  2  5 11 17 18 22 23 24 25 28 29 32 33 36 37 38 42 44 45 46 47 50 52
 57 58 60 61 69 73 74])
Bicluster(rows=[33, 71], cols=[ 0  2  5  6  8  9 10 11 12 13 17 18 20 21 22 23 25 26 27 29 30 31 32 33
 34 35 37 40 41 42 43 45 47 48 49 50 53 57 58 59 61 64 65 67 68 69 71 72])
Bicluster(rows=[33, 72], cols=[ 7 13 14 18 20 21 23 25 26 31 35 40 43 46 48 50 51 58 59 60 61 67 68 69
 71 72 73 74])
Bicluster(rows=[33, 73], cols=[ 1  5  7  8 14 15 16 17 18 19 21 22 25 26 29 30 32 35 37 38 42 43 45 46
 47 53 54 55 56 62 63 64 70])
Bicluster(rows=[33, 74], cols=[ 3  4  6  7  9 10 11 12 15 19 21 29 32 33 38 45 50 53 57 58 59 61 64 65
 67 68 69 71 72])
Bicluster(rows=[33, 75], cols=[ 5 16 17 19 21 22 24 26 31 32 34 36 38 42 44 45 48 50 53 58 59 61 64 65
 67 68 69 72])
Bicluster(rows=[33, 76], cols=[ 2  9 10 11 13 15 25 26 27 28 31 33 34 35 36 37 38 39 40 41 42 43 44 45
 46 47 48 49 56 57 59 63 64 65 71])
Bicluster(rows=[33, 77], cols=[ 3  4  5 12 13 14 15 16 18 20 21 25 27 28 32 38 44 45 49 50 53 57 58 59
 61 63 64 65 67 68 69 72])
Bicluster(rows=[33, 78], cols=[ 2  6  7 11 15 18 20 21 22 23 25 26 27 29 30 31 33 34 35 37 38 40 42 43
 44 45 46 47 49 50 53 58 59 61 64 65 67 68 69 72])
Bicluster(rows=[33, 79], cols=[ 1  7  9 10 11 13 14 15 18 20 25 27 29 30 33 34 35 36 37 38 39 41 44 46
 49 50 55 58 59 61 65 67 68 69 71 72 73])
Bicluster(rows=[33, 80], cols=[ 0  2  6 10 11 12 14 15 18 19 20 21 23 27 31 33 34 35 38 40 41 42 45 46
 47 50 53 58 59 61 64 65 67 68 69 72])
Bicluster(rows=[33, 81], cols=[ 2  6  8 11 15 18 20 22 25 26 28 29 30 33 34 36 37 38 39 40 41 44 45 46
 48 50 52 57 58 60 61 69 73 74])
Bicluster(rows=[33, 82], cols=[ 1  2 10 14 15 16 18 30 32 35 36 38 39 41 44 47 48 49 50 52 57 58 60 61
 69 73 74])
Bicluster(rows=[33, 83], cols=[ 0  7 10 14 17 18 19 20 21 23 25 26 27 28 30 34 45 47 50 53 58 59 61 64
 65 67 68 69 72])
Bicluster(rows=[33, 84], cols=[ 1  6  9 13 18 22 24 26 30 31 32 37 38 39 43 44 47 49 50 51 52 58 59 60
 61 67 68 69 71 72 73 74])
Bicluster(rows=[33, 85], cols=[ 1  2  4  5  6  7  8  9 10 15 17 18 19 23 26 28 29 32 35 36 38 41 42 44
 45 46 49 52 54 56 59 62 65 66 70 71])
Bicluster(rows=[33, 86], cols=[ 7  9 10 11 15 18 20 23 25 26 27 31 32 33 34 35 37 38 39 40 41 42 43 46
 49 56 57 59 63 64 65 71])
Bicluster(rows=[33, 87], cols=[ 3  9 10 13 15 17 19 20 27 28 30 31 33 35 39 43 45 47 50 52 57 58 60 61
 67 68 69 73 74])
Bicluster(rows=[33, 88], cols=[ 3  7 10 12 14 15 18 24 26 28 29 31 32 40 41 42 43 47 49 50 53 57 58 59
 61 63 64 65 67 68 69 71])
Bicluster(rows=[33, 89], cols=[ 0  7  9 11 19 21 25 30 37 39 42 45 48 50 55 58 59 65 67 68 69 71 72 73
 74])
Bicluster(rows=[33, 90], cols=[ 6  8 10 11 15 18 22 23 25 26 27 28 30 31 32 34 35 36 37 40 42 43 44 45
 46 47 48 49 50 53 57 58 59 61 64 65 67 68 69 72])
Bicluster(rows=[33, 91], cols=[ 0  2  5  6  9 10 11 14 15 16 17 18 20 21 22 24 25 27 29 30 34 36 37 41
 42 47 49 53 54 56 62 63 64 70])
Bicluster(rows=[33, 92], cols=[ 0  3  6  9 10 13 14 15 17 21 24 25 26 27 30 32 33 36 40 41 42 44 46 48
 50 51 59 60 67 68 69 71 72 73 74])
Bicluster(rows=[33, 93], cols=[ 0  1  4  6  7  8 10 13 14 15 17 18 20 21 23 27 28 31 32 33 34 38 39 40
 43 44 52 54 56 59 62 65 66 70 71])
Bicluster(rows=[33, 94], cols=[ 0  2  7  9 10 13 18 23 24 26 28 29 31 34 39 40 43 45 49 50 51 58 59 60
 67 68 69 71 72 73 74])
Bicluster(rows=[33, 95], cols=[ 2  4  7  9 10 11 15 18 19 20 22 23 26 27 30 33 35 37 38 40 41 42 45 50
 53 58 59 61 65 67 68 69 71 72 73])
Bicluster(rows=[33, 96], cols=[ 4  6 16 18 19 23 26 27 28 29 30 36 44 50 52 57 58 60 61 73 74])
Bicluster(rows=[33, 97], cols=[ 7  8 11 12 13 18 19 20 21 24 26 27 30 31 32 35 37 43 45 49 50 51 58 59
 60 61 67 68 69 71 72 73 74])
Bicluster(rows=[33, 98], cols=[ 4  6 10 13 15 18 19 20 23 24 25 27 28 29 31 33 37 41 42 44 45 46 48 49
 50 53 57 58 59 61 64 65 67 68 69 72])
Bicluster(rows=[33, 99], cols=[ 0  2  4  5  9 15 17 18 21 22 23 24 25 36 39 50 51 52 55 57 58 60 67 68
 69 73 74])
Bicluster(rows=[34, 35], cols=[ 2  3  4  5  8  9 10 11 16 18 22 29 37 39 47 51 52 55 56 58 60 62 63 65
 66 71 74])
Bicluster(rows=[34, 36], cols=[ 1  4  5  6  8  9 10 24 25 27 31 32 34 35 36 38 40 41 42 43 44 45 46 48
 49 50 51 57 58 59 60 65 66 68 69 70 73 74])
Bicluster(rows=[34, 37], cols=[ 0  9 10 17 19 25 27 28 31 32 34 35 36 38 40 41 42 43 44 45 46 48 49 50
 51 57 60 66 68 69 71 73 74])
Bicluster(rows=[34, 38], cols=[ 1  3  6 10 11 13 17 25 26 27 28 29 30 31 32 33 34 35 36 37 38 39 40 41
 42 43 44 45 46 47 48 49 54 59 63 67 72])
Bicluster(rows=[34, 39], cols=[ 1  2  3  4  5  6  7 11 12 17 18 19 22 23 24 25 26 27 28 29 30 31 32 33
 34 35 36 37 38 39 40 41 42 43 44 45 46 47 48 49 51 52 53 54 55 56 60 61
 62 63 66 68 69 70 72])
Bicluster(rows=[34, 40], cols=[ 1  3  5  6 10 11 16 17 18 19 22 24 25 26 27 28 29 30 31 32 33 34 35 36
 37 38 39 40 41 42 43 44 45 46 47 48 49 53 55 58 60 63 65 68 69 71 74])
Bicluster(rows=[34, 41], cols=[ 1  2  3 10 17 19 22 23 25 26 27 28 29 30 31 32 33 34 35 36 37 38 39 40
 41 42 43 44 45 46 47 48 49 50 52 53 55 62 63 66 67 68 69 71 72 74])
Bicluster(rows=[34, 42], cols=[ 2  4  5  8 10 11 12 17 18 21 22 23 24 25 26 27 28 29 30 31 32 33 34 35
 36 37 38 39 40 41 42 43 44 45 46 47 48 49 51 52 53 54 55 57 58 59 60 61
 62 63 64 65 69 70 71 72])
Bicluster(rows=[34, 43], cols=[ 9 25 26 27 28 29 30 31 32 33 34 35 36 37 38 39 40 41 42 43 44 45 46 47
 48 49 52 53 66 71])
Bicluster(rows=[34, 44], cols=[ 2  5  6  7  8 10 11 15 17 18 22 23 24 25 26 27 28 29 30 31 32 33 34 35
 36 37 38 39 40 41 42 43 44 45 46 47 48 49 51 52 53 54 55 56 57 58 59 60
 61 62 67 69 70 71 72])
Bicluster(rows=[34, 45], cols=[ 1  6 16 20 24 25 26 27 28 29 30 31 32 33 34 35 36 37 38 39 40 41 42 43
 44 45 46 47 48 49 50 53 55 66 73 74])
Bicluster(rows=[34, 46], cols=[ 2  4  5  6  7 10 13 19 20 21 22 23 24 25 26 27 28 29 30 31 32 33 34 35
 36 37 38 39 40 41 42 43 44 45 46 47 48 49 51 52 54 60 62 63 67 68 70])
Bicluster(rows=[34, 47], cols=[ 1  2  3  4  6  8  9 10 12 13 15 17 19 23 39 47 50 51 52 54 55 62 66 68
 71 72 73 74])
Bicluster(rows=[34, 48], cols=[ 0  3  4  5  7 14 17 18 20 21 22 23 25 26 27 28 29 30 31 32 33 34 35 36
 37 38 39 40 41 42 43 44 45 46 47 48 49 54 56 57 59 64 65 67 70 71 72 74])
Bicluster(rows=[34, 49], cols=[ 1  3 11 17 19 22 24 25 26 27 28 29 30 31 32 33 34 35 36 37 38 39 40 41
 42 43 44 45 46 47 48 49 50 53 58 60 63 66 68 71 73 74])
Bicluster(rows=[34, 50], cols=[ 1  2  5  6 12 17 20 23 25 26 27 28 29 30 31 32 33 34 35 36 37 38 39 40
 41 42 43 44 45 46 47 48 49 51 57 60 62 63 65 68 69 70 72])
Bicluster(rows=[34, 51], cols=[ 1  6  7  9 16 18 19 22 24 25 26 27 28 29 30 31 32 33 34 35 36 37 38 39
 40 41 42 43 44 45 46 47 48 49 50 53 58 66 68 73 74])
Bicluster(rows=[34, 52], cols=[ 1  3  5  9 16 17 19 22 24 25 26 27 28 29 30 31 32 33 34 35 36 37 38 39
 40 41 42 43 44 45 46 47 48 49 56 58 61 63 66 71])
Bicluster(rows=[34, 53], cols=[ 6  7  8 10 11 14 15 17 18 20 23 25 26 27 28 29 30 31 32 33 34 35 36 37
 38 39 40 41 42 43 44 45 46 47 48 49 51 52 55 56 59 60 61 62 66 67 69 70
 71])
Bicluster(rows=[34, 54], cols=[ 1  3  9 25 26 27 28 29 30 31 32 33 34 35 36 37 38 39 40 41 42 43 44 45
 46 47 48 49 50 53 58 63 66 68 69 73 74])
Bicluster(rows=[34, 55], cols=[ 0  2  5  6  7 11 12 13 17 18 19 22 23 24 25 26 27 28 29 30 31 32 33 34
 35 36 37 38 39 40 41 42 43 44 45 46 47 48 49 51 52 53 55 56 57 61 62 63
 65 68 69 70 71 73])
Bicluster(rows=[34, 56], cols=[ 0  4  5  7  8 10 12 13 15 16 18 19 20 22 23 26 28 32 35 36 38 41 42 44
 50 51 55 56 58 60 64 65 67 70])
Bicluster(rows=[34, 57], cols=[ 3  4  5  6  8 11 12 23 24 25 26 27 28 29 30 31 32 33 34 35 36 37 38 39
 40 41 42 43 44 45 46 47 48 49 52 55 59 60 62 65 69 70 71])
Bicluster(rows=[34, 58], cols=[ 1  3  5  6 15 16 19 25 26 27 28 29 30 31 32 33 34 35 36 37 38 39 40 41
 42 43 44 45 46 47 48 49 50 51 53 58 66 68 71 73 74])
Bicluster(rows=[34, 59], cols=[ 0  3  4  7 11 12 15 19 22 25 26 27 28 29 30 31 32 33 34 35 36 37 38 39
 40 41 42 43 44 45 46 47 48 49 50 51 52 54 56 57 60 62 63 66 69 70 71])
Bicluster(rows=[34, 60], cols=[ 2  3  4  5  6  7  9 12 15 17 18 19 23 25 27 31 32 34 35 36 38 41 43 44
 45 46 48 49 50 51 52 54 59 61 64 65 66 68 69 72])
Bicluster(rows=[34, 61], cols=[ 1  3  5 13 15 20 21 22 25 26 27 28 29 30 31 32 33 34 35 36 37 38 39 40
 41 42 43 44 45 46 47 48 49 52 53 55 60 71 72 73])
Bicluster(rows=[34, 62], cols=[ 0  3  7  8 10 11 12 18 20 21 23 24 25 26 27 28 29 30 31 32 33 34 35 36
 37 38 39 40 41 42 43 44 45 46 47 48 49 51 52 56 57 59 61 63 65 72])
Bicluster(rows=[34, 63], cols=[ 3  6 12 16 17 19 22 23 24 25 26 27 28 29 30 31 32 33 34 35 36 37 38 39
 40 41 42 43 44 45 46 47 48 49 50 52 53 54 55 57 58 59 61 63 66 68 71 73
 74])
Bicluster(rows=[34, 64], cols=[ 0  2  4  5  6 11 12 15 17 18 19 22 23 24 25 26 27 28 29 30 31 32 33 34
 35 36 37 38 39 40 41 42 43 44 45 46 47 48 49 51 52 55 56 57 58 61 62 63
 68 69 71 73 74])
Bicluster(rows=[34, 65], cols=[ 2  5  6 10 11 18 19 22 24 25 26 27 28 29 30 31 32 33 34 35 36 37 38 39
 40 41 42 43 44 45 46 47 48 49 50 51 52 53 54 55 56 59 60 61 65 66 68 69
 70 71 72 74])
Bicluster(rows=[34, 66], cols=[ 3  5  6  7  9 16 17 20 21 22 23 26 27 29 31 42 48 49 50 53 58 63 66 68
 73 74])
Bicluster(rows=[34, 67], cols=[ 2  4  5  8 11 12 20 21 22 29 30 31 32 33 34 35 37 38 39 41 43 44 46 48
 52 54 56 57 59 62 64 65 67 69 70 71 72])
Bicluster(rows=[34, 68], cols=[ 2  3  6 10 11 14 15 16 18 21 25 27 28 32 34 35 36 37 39 40 41 43 45 46
 49 54 57 58 62 63 69 70 72 73])
Bicluster(rows=[34, 69], cols=[ 3  5  6  9 11 12 20 21 24 26 35 36 38 40 44 46 49 51 55 57 59 60 61 62
 65 69])
Bicluster(rows=[34, 70], cols=[ 0  3  4  9 10 11 12 16 17 20 22 26 30 32 38 39 42 45 46 50 51 52 53 58
 63 65 66 68 71 73])
Bicluster(rows=[34, 71], cols=[ 2  3  6 11 15 18 19 21 23 27 32 34 35 36 39 42 43 48 49 54 56 57 59 60
 61 62 70 72])
Bicluster(rows=[34, 72], cols=[ 0  1  7  8 13 15 16 18 20 23 24 25 28 29 30 31 32 36 37 40 41 42 43 45
 48 50 53 58 63 66 68 73 74])
Bicluster(rows=[34, 73], cols=[ 1  2  3  5 11 13 17 22 24 26 27 31 34 35 38 41 42 50 53 55 58 60 63 68
 73 74])
Bicluster(rows=[34, 74], cols=[ 0  1  6  7  8 10 19 22 26 28 33 37 39 41 42 44 45 47 52 61 62 68 69])
Bicluster(rows=[34, 75], cols=[ 0  1  7  8 10 12 14 17 21 22 26 31 32 33 36 38 41 42 44 54 56 57 59 60
 61 62 69 70 72 74])
Bicluster(rows=[34, 76], cols=[ 2  3  5  6  7  8 11 12 15 17 22 24 25 27 31 34 35 36 38 41 42 43 45 46
 48 49 53 54 56 57 61 69 70 72 73 74])
Bicluster(rows=[34, 77], cols=[ 3  4  5  7  8 10 11 12 13 15 17 18 19 20 21 22 23 37 40 42 43 48 52 54
 56 57 62 64 70 71])
Bicluster(rows=[34, 78], cols=[ 1  2  3  6  9 16 19 22 23 26 29 30 31 32 36 41 42 48 53 54 56 57 61 62
 67 69 70 72 73 74])
Bicluster(rows=[34, 79], cols=[ 1  2  3  6 18 22 24 25 26 31 35 36 38 39 41 43 44 45 47 48 49 51 54 55
 56 57 59 60 61 62 65 69 70 72])
Bicluster(rows=[34, 80], cols=[ 5 11 24 25 30 32 36 38 40 41 42 46 47 48 49 53 54 56 57 59 61 62 67 69
 70 72 74])
Bicluster(rows=[34, 81], cols=[ 2  4  6  7  8 11 13 17 22 25 27 31 34 38 40 43 45 46 48 50 51 52 53 58
 63 65 68 71 73 74])
Bicluster(rows=[34, 82], cols=[ 1  2  4  5  6  8 10 13 14 15 17 18 19 22 26 28 33 35 36 37 41 44 48 49
 54 56 57 59 64 67 70 71 72])
Bicluster(rows=[34, 83], cols=[ 1  2  3 11 12 13 15 24 28 30 32 33 35 40 44 46 47 53 54 56 57 58 59 62
 63 69 70 72 73])
Bicluster(rows=[34, 84], cols=[ 0  1  6  7  8 10 12 16 17 19 22 23 26 29 34 35 38 39 42 45 48 51 54 56
 57 59 61 62 64 65 69 70 72])
Bicluster(rows=[34, 85], cols=[ 1  2  7 10 13 15 18 21 24 32 36 38 41 44 45 46 47 49 54 57 58 59 62 63
 69 72 73])
Bicluster(rows=[34, 86], cols=[ 2  3  4  6 12 15 17 18 22 23 24 25 26 27 31 32 34 38 42 43 46 49 53 54
 56 57 61 69 70 72 73 74])
Bicluster(rows=[34, 87], cols=[ 4  7  8 15 18 20 21 22 27 31 38 43 45 49 51 54 56 57 59 65 70 72])
Bicluster(rows=[34, 88], cols=[ 2  4  8 11 12 16 23 25 26 28 30 32 33 34 42 44 45 46 47 48 51 52 53 59
 62 63 65 69 71 73 74])
Bicluster(rows=[34, 89], cols=[ 2  3  8 10 13 14 18 19 20 33 35 37 39 42 44 46 47 49 51 54 55 56 57 59
 60 61 62 65 69 70])
Bicluster(rows=[34, 90], cols=[ 1  3  5  6  7  9 16 17 19 22 23 26 28 37 38 41 42 44 53 54 56 57 61 62
 67 69 70 72 73 74])
Bicluster(rows=[34, 91], cols=[ 4  7  8 12 14 15 18 20 21 27 31 33 34 36 37 41 42 48 50 52 53 58 63 66
 68 71 73 74])
Bicluster(rows=[34, 92], cols=[ 4  6  8 13 15 16 20 24 25 33 35 38 40 41 46 48 50 53 58 63 66 68 71 73
 74])
Bicluster(rows=[34, 93], cols=[ 0  1  9 12 14 15 18 20 21 22 27 29 31 32 38 40 43 47 50 54 57 58 62 63
 66 69 72])
Bicluster(rows=[34, 94], cols=[ 1  2  5  7  8 10 12 13 14 18 21 22 23 24 30 31 34 37 38 40 42 44 45 47
 49 50 53 58 63 66 68 73 74])
Bicluster(rows=[34, 95], cols=[ 4 17 22 24 25 26 28 29 31 34 35 42 43 44 46 48 54 56 57 59 60 61 62 69
 70 72 74])
Bicluster(rows=[34, 96], cols=[ 0  3  5  6  7  9 16 18 21 23 25 31 35 39 48 53 54 57 59 61 62 63 69 73
 74])
Bicluster(rows=[34, 97], cols=[ 1  7  8 10 11 13 14 19 24 25 27 28 31 32 33 36 39 40 43 44 45 49 50 53
 55 58 60 63 68 73 74])
Bicluster(rows=[34, 98], cols=[ 2  4  5 11 12 17 28 31 32 34 35 37 42 44 53 54 56 57 61 62 69 70 72 73
 74])
Bicluster(rows=[34, 99], cols=[ 0  2  5  8 12 14 15 23 24 26 28 34 38 40 44 45 47 48 51 58 59 62 64 68
 70 74])
Bicluster(rows=[35, 36], cols=[ 1  2  3  6 14 18 20 21 22 23 24 25 26 27 28 31 32 34 35 36 38 39 40 41
 42 43 44 45 46 48 49 50 52 58 62 68 71])
Bicluster(rows=[35, 37], cols=[ 7  8 11 13 15 17 18 19 20 21 24 25 26 27 28 29 30 31 32 33 34 35 36 37
 38 39 40 41 42 43 44 45 46 47 48 49 50 53 55 59 63 65 66 67 68 72 74])
Bicluster(rows=[35, 38], cols=[ 2  3  5  6  8 15 22 23 25 26 27 28 29 30 31 32 33 34 35 36 37 38 39 40
 41 42 43 44 45 46 47 48 49 52 54 55 56 60 63 64 67 69 73])
Bicluster(rows=[35, 39], cols=[ 0  2  4  5  6  7 11 12 14 17 18 19 24 26 28 42 44 50 51 55 56 59 61 62
 63 64 66 68])
Bicluster(rows=[35, 40], cols=[ 0  1  2  3  4  6  7  8  9 11 12 13 14 15 16 19 20 21 22 24 25 27 31 32
 34 35 36 40 41 43 45 46 48 49 52 53 54 55 56 57 58 59 60 61 62 63 64 68
 71 72 74])
Bicluster(rows=[35, 41], cols=[ 0  3  4  5  6  7  9 11 13 20 21 25 26 27 28 31 32 33 34 35 36 38 40 41
 42 43 44 45 46 48 49 55 56 57 59 60 63 64 65 67 70 71 73 74])
Bicluster(rows=[35, 42], cols=[ 0  1  2  3  5  7  8  9 10 11 12 17 22 23 24 28 32 35 36 38 42 44 51 58
 59 62 63 65 72])
Bicluster(rows=[35, 43], cols=[ 0  2  3  5  6  7 11 13 14 15 17 19 20 22 25 26 27 28 29 30 31 32 33 34
 35 36 37 38 39 40 41 42 43 44 45 46 47 48 49 50 51 53 55 57 58 60 63 64
 65 67 69 70 71 72])
Bicluster(rows=[35, 44], cols=[ 2  5  6  7 11 17 21 23 24 28 32 35 36 38 41 42 44 50 52 55 56 57 62 63
 71 73])
Bicluster(rows=[35, 45], cols=[ 0  1  2  3  5  6  7  8  9 10 11 14 16 19 22 23 25 26 27 28 31 32 33 34
 35 36 38 39 40 41 42 43 44 45 46 47 48 49 50 53 55 56 57 59 60 63 64 69
 70 72 74])
Bicluster(rows=[35, 46], cols=[ 1  3  5  6  8  9 13 16 17 18 20 24 25 26 27 28 31 32 34 35 36 38 41 42
 43 44 45 46 48 49 58 61 65 66 74])
Bicluster(rows=[35, 47], cols=[ 0  2  3  4  5  6  7  8  9 10 12 13 15 16 17 18 19 20 21 23 24 25 26 27
 28 29 30 31 32 33 34 35 36 37 38 39 40 41 42 43 44 45 46 47 48 49 50 51
 52 53 55 57 59 62 64 66 71 72 74])
Bicluster(rows=[35, 48], cols=[ 0  2  5  6  7  9 10 12 14 16 17 21 23 24 25 26 27 28 31 32 34 35 36 38
 40 41 42 43 44 45 46 48 49 50 53 57 59 60 63 69 72 73])
Bicluster(rows=[35, 49], cols=[ 0  1  2  4  5  8 10 12 13 14 15 17 18 19 20 21 22 23 24 25 26 27 28 31
 32 34 35 36 38 40 41 42 43 44 45 46 48 49 50 51 52 53 55 56 58 60 62 63
 64 67 70 71 72 74])
Bicluster(rows=[35, 50], cols=[ 0  6  7 11 14 15 21 22 24 25 26 27 28 31 32 34 35 36 38 40 41 42 43 44
 45 46 48 49 52 54 55 56 59 67 71 73])
Bicluster(rows=[35, 51], cols=[ 0  2  5  6  8 10 12 13 14 15 16 17 21 22 23 24 25 26 27 28 31 32 33 34
 35 36 38 39 40 41 42 43 44 45 46 47 48 49 50 52 55 56 58 59 60 62 68 69
 70 71 72 74])
Bicluster(rows=[35, 52], cols=[ 0  3  5  6  8 11 14 16 17 18 20 21 22 23 24 25 27 28 31 32 34 35 36 38
 40 41 42 43 44 45 46 48 49 51 52 55 57 58 59 60 63 64 67 70 71 73])
Bicluster(rows=[35, 53], cols=[ 1  3  4  6  7 11 12 14 15 17 19 25 26 27 28 31 32 34 35 36 38 41 42 43
 44 46 51 53 54 55 56 59 70 71 74])
Bicluster(rows=[35, 54], cols=[ 0  1  2  4  5  7  8 10 11 12 14 15 16 17 18 19 20 21 22 25 26 27 28 31
 32 33 34 35 36 38 39 40 41 42 43 44 45 46 47 48 49 50 52 53 55 56 57 60
 62 63 64 65 70 71 72 74])
Bicluster(rows=[35, 55], cols=[ 0  1  2  5  7  9 14 16 17 18 20 21 26 28 42 50 51 52 54 56 59 62 64 68
 71 73])
Bicluster(rows=[35, 56], cols=[ 2  3  4  7  8 10 11 13 14 15 20 23 24 25 26 27 28 29 30 31 32 33 34 35
 36 37 38 39 40 41 42 43 44 45 46 47 48 49 51 53 55 56 59 60 61 62 64 69
 70 72 73 74])
Bicluster(rows=[35, 57], cols=[ 2  5  6  7  9 13 14 15 16 18 21 23 24 25 27 31 34 40 43 45 46 48 49 50
 52 55 56 58 59 60 63 64 67 68 71 73])
Bicluster(rows=[35, 58], cols=[ 0  2  3  5  7  8  9 16 17 20 22 23 24 25 26 27 28 31 32 33 34 35 36 38
 40 41 42 43 44 45 46 48 49 50 52 53 55 56 57 58 59 60 63 66 68 69 70 72
 74])
Bicluster(rows=[35, 59], cols=[ 4  5  6  7 10 18 21 24 25 27 31 32 34 35 36 38 40 41 42 43 44 45 46 48
 49 51 56 57 67 70 73])
Bicluster(rows=[35, 60], cols=[ 4  7 12 15 16 17 18 21 23 24 25 26 27 28 29 30 31 32 33 34 35 36 37 38
 39 40 41 42 43 44 45 46 47 48 49 60 63 65 69 70 71 74])
Bicluster(rows=[35, 61], cols=[ 0  2  6  9 11 14 18 19 23 24 25 26 27 28 31 32 33 34 35 36 38 39 40 41
 42 43 44 45 46 47 48 49 51 53 59 62 63 64 70])
Bicluster(rows=[35, 62], cols=[ 0  1  5  6  7  8  9 16 19 20 22 23 25 26 27 28 31 32 34 35 36 38 40 41
 42 43 44 45 46 48 49 50 51 54 56 57 60 62 64 65 66 67 69 72 74])
Bicluster(rows=[35, 63], cols=[ 2  4  5  7  8 11 13 15 16 17 18 20 24 25 27 31 32 34 35 36 38 40 41 43
 44 45 46 48 49 50 53 54 56 57 59 60 62 63 64 65 68 70 71 72 74])
Bicluster(rows=[35, 64], cols=[ 7  8  9 10 13 14 16 17 19 21 24 25 27 31 34 40 43 45 46 48 49 55 58 59
 63 64 65 68 72 74])
Bicluster(rows=[35, 65], cols=[ 2  5  6  8  9 11 12 13 15 19 20 25 27 31 34 40 43 45 46 48 49 50 52 53
 54 58 62 64 68 73 74])
Bicluster(rows=[35, 66], cols=[ 0  4  6 13 14 15 16 17 18 27 28 30 33 36 39 42 47 48 49 50 51 52 53 55
 56 60 62 65 69 72])
Bicluster(rows=[35, 67], cols=[ 1  2  3  4  5  7  8 11 12 14 16 19 31 32 35 38 43 44 45 49 52 56 61 62
 69 71 72])
Bicluster(rows=[35, 68], cols=[ 9 17 21 23 24 25 26 27 28 30 31 32 34 35 36 41 42 43 45 46 47 51 54 59
 65 67 68 71])
Bicluster(rows=[35, 69], cols=[ 2  6 16 17 20 22 24 26 27 29 30 32 34 35 36 39 43 44 50 51 57 58 63 64
 65 70 71 74])
Bicluster(rows=[35, 70], cols=[ 1  3  4  9 10 11 13 14 16 17 18 19 22 23 24 26 34 35 40 43 50 51 52 57
 58 63 64 65 70 72 73 74])
Bicluster(rows=[35, 71], cols=[ 5  9 12 15 16 24 25 26 27 31 32 33 34 35 36 40 41 43 45 48 49 50 51 52
 57 58 63 64 65 66 70 72 73])
Bicluster(rows=[35, 72], cols=[10 11 16 21 22 25 26 28 31 35 36 40 41 42 43 47 48 50 53 55 57 59 60 63
 64 70 71 74])
Bicluster(rows=[35, 73], cols=[ 2  5  9 11 14 15 17 18 19 20 22 24 29 30 32 36 37 40 43 47 48 49 54 55
 57 58 59 63 64 66 68 74])
Bicluster(rows=[35, 74], cols=[ 0  6  8 10 11 16 21 25 27 28 30 31 36 39 42 43 44 46 47 48 49 50 53 55
 57 58 59 60 63 64 68 70])
Bicluster(rows=[35, 75], cols=[ 0  5  6  7  9 11 14 16 17 20 21 23 24 26 28 29 30 31 32 34 36 38 39 40
 42 44 45 47 48 51 57 58 59 63 65 66 68 70 71 73])
Bicluster(rows=[35, 76], cols=[ 9 25 26 27 28 29 31 33 34 35 36 38 40 41 43 44 45 46 47 48 49 51 57 59
 65 66 68 71])
Bicluster(rows=[35, 77], cols=[ 0  2  3  5  7 16 19 21 22 23 25 27 28 32 38 39 44 45 47 49 51 57 58 59
 65 66 68 71 73])
Bicluster(rows=[35, 78], cols=[21 23 25 26 27 31 33 34 35 36 37 38 40 41 42 43 44 45 46 47 49 51 52 57
 58 63 65 66 68 70 72 73])
Bicluster(rows=[35, 79], cols=[ 2 16 18 20 21 24 26 27 29 30 32 33 34 35 36 37 38 39 40 46 50 51 52 53
 56 62 64 65 69 72 74])
Bicluster(rows=[35, 80], cols=[ 0  3  6 12 16 19 21 22 24 26 27 29 31 32 33 34 35 37 38 40 41 42 45 46
 50 52 57 58 63 70 72 73])
Bicluster(rows=[35, 81], cols=[ 0  7 10 12 15 16 17 18 20 21 22 24 28 29 30 32 35 36 37 39 41 42 52 56
 61 62 69 71 72])
Bicluster(rows=[35, 82], cols=[ 3  5 11 13 14 15 17 18 21 24 26 30 35 36 39 41 44 47 48 50 56 59 61 62
 69 71 72])
Bicluster(rows=[35, 83], cols=[ 2 11 13 14 15 16 19 21 24 27 28 29 34 37 45 47 50 52 57 58 63 64 70 72
 73])
Bicluster(rows=[35, 84], cols=[ 2  3  6  8 10 11 17 21 25 26 30 31 32 36 37 38 39 43 44 47 49 50 51 52
 53 56 60 61 62 65 69 71 72])
Bicluster(rows=[35, 85], cols=[ 4  5  6  9 11 13 15 19 23 25 27 28 29 30 31 32 33 34 36 38 40 44 52 57
 65 66 68])
Bicluster(rows=[35, 86], cols=[ 5  9 15 21 25 26 27 30 31 32 33 34 35 38 39 40 41 42 43 46 47 49 52 57
 66 70 72])
Bicluster(rows=[35, 87], cols=[ 0  5  7 10 12 13 14 15 16 17 20 22 25 26 32 34 36 37 40 44 46 50 57 58
 59 63 64 70 71 74])
Bicluster(rows=[35, 88], cols=[ 0  1  2  4  8 12 19 21 22 23 26 28 29 31 32 37 40 41 42 43 47 49 50 51
 52 57 58 63 64 65 66 70 71 72 73 74])
Bicluster(rows=[35, 89], cols=[ 1  2  5  8 10 16 18 19 24 25 27 30 34 37 39 47 50 51 52 53 55 56 60 62
 64 65 69 72])
Bicluster(rows=[35, 90], cols=[ 7 25 26 27 28 29 31 32 34 35 36 38 39 40 42 43 44 45 46 47 48 49 50 51
 52 57 58 63 65 66 70 72 73])
Bicluster(rows=[35, 91], cols=[ 0  6  7 10 11 13 15 17 18 20 21 24 26 28 32 33 35 39 40 43 46 51 52 56
 61 62 65 69 72])
Bicluster(rows=[35, 92], cols=[ 0  3  6 16 18 21 24 25 27 29 32 33 36 38 39 40 41 46 48 50 52 53 56 60
 62 70 71 72])
Bicluster(rows=[35, 93], cols=[ 6 17 19 21 23 25 27 28 30 31 32 34 38 39 40 43 44 45 48 51 54 59 65 67
 68 71])
Bicluster(rows=[35, 94], cols=[ 0  1  4  9 11 16 17 20 21 22 23 25 26 27 28 29 32 39 43 49 50 51 52 53
 55 56 60 61 62 65 69 72])
Bicluster(rows=[35, 95], cols=[ 3  9 13 16 17 19 21 24 26 27 30 33 35 37 41 42 45 47 50 52 56 62 64 72
 74])
Bicluster(rows=[35, 96], cols=[ 3  4  5  6  7  8 10 11 13 14 19 20 21 23 26 28 29 30 36 43 50 53 57 59
 60 63 64 70 71 72])
Bicluster(rows=[35, 97], cols=[ 3  4  5  7  8  9 10 13 14 16 21 22 24 28 29 30 34 38 39 42 44 46 47 54
 57 58 59 63 66 68 73 74])
Bicluster(rows=[35, 98], cols=[ 2  3  4  5  6  7 11 16 19 21 24 25 27 28 29 30 31 33 41 42 44 45 46 47
 48 49 50 52 56 58 62 63 70 72 73])
Bicluster(rows=[35, 99], cols=[ 0  3  4  5  9 10 11 13 15 16 17 20 21 23 25 29 30 36 39 50 56 57 59 61
 62 63 64 69 70 71 72])
Bicluster(rows=[36, 37], cols=[ 2  7  9 12 14 16 18 20 21 25 26 27 28 29 31 32 33 34 35 36 37 38 39 40
 41 42 43 44 45 46 47 48 49 51 52 55 57 60 63 64 67 68 69 73])
Bicluster(rows=[36, 38], cols=[ 0  1  6 10 18 19 23 25 27 28 31 32 34 35 36 38 40 41 42 43 44 45 46 48
 49 52 55 59 61 63 64 66 72])
Bicluster(rows=[36, 39], cols=[ 2  5  8 10 14 15 18 21 23 24 26 28 32 35 36 38 41 42 44 50 53 54 57 58
 60 61 62 65 67 73 74])
Bicluster(rows=[36, 40], cols=[ 4  6  9 13 16 19 26 28 42 44 54 58 60 63 64 67 68 70 72 73 74])
Bicluster(rows=[36, 41], cols=[ 5  6 11 12 13 17 18 19 22 23 29 37 39 47 50 51 52 59 62 63 65 70 71 74])
Bicluster(rows=[36, 42], cols=[ 1  2 18 26 28 29 37 39 42 47 54 56 58 60 62 67 71 74])
Bicluster(rows=[36, 43], cols=[ 2  3  7  9 10 14 17 18 20 21 22 25 26 27 28 31 32 34 35 36 38 40 41 42
 43 44 45 46 48 49 50 54 55 56 61 63 66 67 73 74])
Bicluster(rows=[36, 44], cols=[ 0  1  2  3  9 12 13 14 17 18 21 23 26 29 30 37 39 47 50 52 54 55 58 60
 61 62 63 66 71 73 74])
Bicluster(rows=[36, 45], cols=[ 3  6  7  9 13 14 17 18 22 23 24 25 26 27 28 31 32 34 35 36 38 40 41 42
 43 44 45 46 48 49 50 52 54 61 62 63 66 74])
Bicluster(rows=[36, 46], cols=[ 0  1  2  3  6 13 15 17 19 20 24 25 26 27 28 31 32 34 35 36 38 39 40 41
 42 43 44 45 46 48 49 50 58 60 61 62 64 69 71 72 73 74])
Bicluster(rows=[36, 47], cols=[ 2  3  6 17 18 20 21 23 24 25 26 27 28 31 32 34 35 36 38 40 41 42 43 44
 45 46 48 49 50 52 54 55 56 60 62 67 68 71 73 74])
Bicluster(rows=[36, 48], cols=[ 0  2  6  8 14 15 21 24 25 26 27 28 29 30 31 32 33 34 35 36 37 38 39 40
 41 42 43 44 45 46 47 48 49 50 51 52 55 56 67 68 72])
Bicluster(rows=[36, 49], cols=[ 1  2  7 14 16 18 20 21 23 25 27 31 32 34 35 36 38 40 41 42 43 44 45 46
 48 49 50 52 56 58 61 62 63 67 68 71 73 74])
Bicluster(rows=[36, 50], cols=[ 4  5 11 19 20 23 25 26 27 28 31 32 34 35 36 38 41 42 43 44 45 46 48 49
 50 58 59 60 64])
Bicluster(rows=[36, 51], cols=[ 6  9 14 17 21 23 25 26 27 28 31 32 34 35 36 38 40 41 42 43 44 45 46 48
 49 50 52 54 58 61 62 63 66 67 68 71 73])
Bicluster(rows=[36, 52], cols=[ 1  2  3  7  9 13 14 20 21 23 25 27 31 32 34 35 36 38 40 41 43 44 45 46
 48 49 52 55 56 58 62 63 66 67 71])
Bicluster(rows=[36, 53], cols=[ 0  1  3  6  9 14 18 22 25 26 27 28 31 32 34 35 36 38 40 41 42 43 44 45
 46 48 49 58 60 61 63 68 69 71 72 73])
Bicluster(rows=[36, 54], cols=[ 1  2  7  9 13 14 16 17 18 20 21 22 25 26 27 28 31 32 34 35 36 38 40 41
 42 43 44 45 46 48 49 50 52 54 61 62 71 73])
Bicluster(rows=[36, 55], cols=[ 1  3  6  7 14 15 17 18 20 21 23 24 29 30 37 39 47 50 52 55 61 62 63 67
 68 71 73 74])
Bicluster(rows=[36, 56], cols=[ 2  5  9 12 13 16 17 19 20 24 25 26 27 28 31 32 34 35 36 37 38 39 40 41
 42 43 44 45 46 47 48 49 52 54 56 60 61 62 63 66 68 71 72])
Bicluster(rows=[36, 57], cols=[ 0  2  7 10 12 14 19 21 23 24 27 31 32 35 36 38 41 43 46 50 52 53 54 58
 61 65 66 70 71 72])
Bicluster(rows=[36, 58], cols=[ 1  2  3  7 13 15 17 18 19 20 21 22 23 25 27 28 31 32 34 35 36 38 40 41
 42 43 44 45 46 48 49 50 51 52 54 55 58 61 62 63 64 67 68 73 74])
Bicluster(rows=[36, 59], cols=[ 0  6  8 12 16 18 19 23 24 25 26 27 28 29 30 31 32 33 34 35 36 37 38 39
 40 41 42 43 44 45 46 47 48 49 55 56 64 67 68 69 72 74])
Bicluster(rows=[36, 60], cols=[ 0  4  6  9 13 14 15 16 22 24 25 26 27 28 29 30 31 32 33 34 35 36 37 38
 39 40 41 42 43 44 45 46 47 48 49 50 51 53 58 59 60 62 65 66 68 69])
Bicluster(rows=[36, 61], cols=[ 0  2  6  7 12 15 17 18 23 25 26 27 28 31 32 34 35 36 38 40 41 42 43 44
 45 46 48 49 56 61 67 68 73])
Bicluster(rows=[36, 62], cols=[ 1  4  6 15 18 20 22 23 25 26 27 28 31 32 34 35 36 37 38 39 40 41 42 43
 44 45 46 47 48 49 50 55 61 62 64 71 73])
Bicluster(rows=[36, 63], cols=[ 1  2  3 13 14 17 18 20 21 22 29 30 37 47 50 52 54 55 56 58 60 61 63 67
 71 73 74])
Bicluster(rows=[36, 64], cols=[ 1  3  9 13 14 17 18 20 29 30 37 39 47 52 54 55 61 62 63 66 73 74])
Bicluster(rows=[36, 65], cols=[ 0  1  2  3  6 12 13 14 17 18 19 20 29 30 37 39 47 50 54 61 63 67 68 71
 73 74])
Bicluster(rows=[36, 66], cols=[ 1  2  3  7 13 17 18 22 23 32 38 40 41 46 50 56 58 67 68])
Bicluster(rows=[36, 67], cols=[ 1 10 14 16 20 21 23 31 32 35 37 38 40 41 43 44 45 49 50 55 58 61 62 63
 67 68 73 74])
Bicluster(rows=[36, 68], cols=[ 0 10 12 13 15 19 24 25 26 27 28 29 30 32 33 34 35 36 38 40 41 42 43 45
 46 47 49 55 56 58 59 65 69 72 73 74])
Bicluster(rows=[36, 69], cols=[ 1  6 10 13 17 20 22 26 27 32 33 35 36 43 44 48 50 52 58 60 61 62 68 71
 73])
Bicluster(rows=[36, 70], cols=[ 0  2  4  7  9 10 12 13 17 19 21 23 25 28 29 32 33 36 37 38 42 44 45 46
 50 51 55 56 58 61 63 65 67 68 73 74])
Bicluster(rows=[36, 71], cols=[ 0  1  2  6  8 10 17 18 19 21 25 27 29 30 31 32 33 34 35 37 40 41 42 43
 45 47 48 50 52 54 58 60 61 62 63])
Bicluster(rows=[36, 72], cols=[ 0  1  2  4 15 17 19 21 22 24 25 26 31 35 36 39 40 43 46 48 50 52 55 58
 61 62 63 68 71 73 74])
Bicluster(rows=[36, 73], cols=[ 2  6  8 10 23 24 25 26 29 30 33 35 37 38 42 45 46 47 51 64 65 69 72])
Bicluster(rows=[36, 74], cols=[ 1  2  3  8 11 13 14 15 16 17 18 20 23 26 29 40 41 53 56 64 67 69 71 72])
Bicluster(rows=[36, 75], cols=[ 1  5 10 11 12 13 16 18 19 24 25 27 30 35 37 39 41 43 46 47 49 50 51 55
 56 58 65 67 68 69 72 73 74])
Bicluster(rows=[36, 76], cols=[ 0  5  6 12 13 15 16 19 24 25 26 27 28 29 31 33 34 36 37 38 40 41 43 44
 45 46 47 48 49 55 57 59 64 69 74])
Bicluster(rows=[36, 77], cols=[ 0  1  5 12 14 16 18 19 20 21 26 29 30 33 36 40 42 43 48 50 51 55 56 58
 61 65 67 68 72 73 74])
Bicluster(rows=[36, 78], cols=[ 1  7  9 12 13 14 18 20 25 31 32 36 37 41 47 48 49 55 57 59 64 69 74])
Bicluster(rows=[36, 79], cols=[ 2  4  5 10 11 15 16 18 19 24 25 29 30 31 36 41 44 49 50 52 54 58 60 61
 62 63 68 71 73])
Bicluster(rows=[36, 80], cols=[ 0  1  3  4  5  6  9 10 13 15 16 21 22 24 26 32 33 38 40 42 45 46 50 52
 53 54 58 62 63 64])
Bicluster(rows=[36, 81], cols=[ 0  4  6  8 12 18 19 20 24 25 26 28 29 30 31 33 34 36 37 38 39 40 41 44
 45 46 48 50 51 55 56 58 61 63 67 68 73 74])
Bicluster(rows=[36, 82], cols=[ 4  5  9 10 15 20 23 24 30 32 33 35 38 39 43 44 45 47 48 49 50 51 55 56
 58 61 65 67 72 73 74])
Bicluster(rows=[36, 83], cols=[ 1  7 12 13 15 18 19 20 21 23 31 33 36 38 40 41 42 48 50 51 55 56 58 61
 65 67 68 72 73 74])
Bicluster(rows=[36, 84], cols=[ 2  5  6  7 13 15 16 19 23 26 29 31 32 36 37 38 39 43 44 47 49 50 52 54
 55 61 62 63 68 71 73 74])
Bicluster(rows=[36, 85], cols=[ 0  1  4  5 10 12 14 15 16 19 24 26 28 29 30 32 35 36 37 38 39 41 42 43
 44 45 46 48 49 55 56 58 59 65 67 69 72 73 74])
Bicluster(rows=[36, 86], cols=[ 2  3  5  6  7 12 13 14 15 17 19 20 21 22 28 30 36 44 45 50 56 58 59 61
 67 69 72])
Bicluster(rows=[36, 87], cols=[ 1  2  3  6 10 12 17 18 20 23 27 28 29 30 31 33 35 38 43 45 47 50 55 61
 62 63 68 71 73 74])
Bicluster(rows=[36, 88], cols=[ 0  4  7 13 14 17 18 19 20 21 24 25 27 34 45 46 48 50 51 55 56 58 61 65
 67 68 72 73 74])
Bicluster(rows=[36, 89], cols=[ 0  1  2  4  5 11 12 17 18 21 24 30 37 39 40 42 45 48 50 52 58 60 61 68
 71 73])
Bicluster(rows=[36, 90], cols=[ 1  2  5 13 16 19 20 21 25 26 28 29 33 34 35 38 39 40 41 42 44 45 47 48
 55 57 59 64])
Bicluster(rows=[36, 91], cols=[ 1  5  6 16 18 20 23 24 26 28 32 33 35 40 43 45 46 52 54 55 61 62 63 71
 73 74])
Bicluster(rows=[36, 92], cols=[ 3  4  5  6  7 11 12 14 15 17 18 19 21 25 26 27 28 30 32 33 36 38 40 41
 42 44 46 48 50 52 54 55 61 62 63 68 71 73 74])
Bicluster(rows=[36, 93], cols=[ 0  4 11 12 13 15 27 28 30 31 32 33 34 35 36 38 39 40 43 44 50 55 56 58
 59 65 67 69 72 73 74])
Bicluster(rows=[36, 94], cols=[ 1  2  6 10 12 13 18 20 22 23 25 27 28 32 39 43 45 49 52 54 55 61 62 63
 71 73 74])
Bicluster(rows=[36, 95], cols=[ 2  4  6  7 12 15 16 18 19 20 21 24 25 28 31 32 34 36 39 40 43 44 46 47
 48 49 55 57 59 64 69])
Bicluster(rows=[36, 96], cols=[ 1  6 10 12 13 16 17 18 19 22 23 31 32 33 34 38 39 41 45 49 50 52 56 58
 60 64 67 68 71])
Bicluster(rows=[36, 97], cols=[ 3  7 14 15 17 19 22 23 24 25 28 29 38 39 44 46 48 51 60 64 69 72])
Bicluster(rows=[36, 98], cols=[ 4 12 14 16 17 18 19 21 22 23 24 26 30 32 34 35 36 38 39 43 47 57 58 59
 69 72 73 74])
Bicluster(rows=[36, 99], cols=[ 1  2  4  9 10 12 13 17 21 23 24 26 28 33 35 37 41 44 46 47 49 50 52 55
 58 63 67 69 71])
Bicluster(rows=[37, 38], cols=[ 3  7 14 17 19 20 25 26 27 28 31 32 34 35 36 38 39 40 41 42 43 44 45 46
 48 49 50 53 54 58 59 61 64 67 74])
Bicluster(rows=[37, 39], cols=[ 5  8 13 15 16 17 20 22 24 25 27 31 32 34 35 36 40 41 43 45 46 48 49 51
 53 60 61 64 65 66 67 68])
Bicluster(rows=[37, 40], cols=[ 5  7  8 11 13 15 20 24 25 27 31 34 40 43 45 46 48 49 53 54 55 63 66 68
 72 73 74])
Bicluster(rows=[37, 41], cols=[ 7 11 16 17 18 19 20 21 22 23 25 26 27 28 31 32 34 35 36 38 40 41 42 43
 44 45 46 48 49 52 58 62 65 74])
Bicluster(rows=[37, 42], cols=[ 2  5 12 17 18 19 21 22 23 27 28 31 32 35 36 38 41 42 43 44 46 50 54 59
 60 62 66 67 71])
Bicluster(rows=[37, 43], cols=[ 1  2  4  9 13 15 17 18 19 20 21 24 25 26 27 28 31 32 33 34 35 36 38 39
 40 41 42 43 44 45 46 47 48 49 50 52 54 56 62 63 65 66 67 71 73])
Bicluster(rows=[37, 44], cols=[ 0  1  2  5  9 11 14 17 23 25 27 31 32 34 35 36 38 41 43 46 52 54 56 58
 62 64 68 71 72])
Bicluster(rows=[37, 45], cols=[ 2  5 11 14 19 21 22 23 25 26 27 28 31 32 33 34 35 36 38 39 40 41 42 43
 44 45 46 47 48 49 52 54 56 59 62 66 73 74])
Bicluster(rows=[37, 46], cols=[ 3 12 16 25 26 27 28 29 30 31 32 33 34 35 36 37 38 39 40 41 42 43 44 45
 46 47 48 49 61 64 70])
Bicluster(rows=[37, 47], cols=[ 1  2  4  5 13 14 15 17 18 19 24 25 26 27 28 29 31 32 33 34 35 36 37 38
 39 40 41 42 43 44 45 46 47 48 49 52 54 59 60 62 63 67 68 70 72 73 74])
Bicluster(rows=[37, 48], cols=[ 1  3  5 17 19 21 22 23 24 25 26 27 28 31 32 34 35 36 38 39 40 41 42 43
 44 45 46 48 49 50 53 54 55 58 62 66 70 71 73])
Bicluster(rows=[37, 49], cols=[ 7  8  9 13 14 15 16 17 18 19 20 21 22 24 25 27 28 31 32 34 35 36 38 40
 41 42 43 44 45 46 48 49 50 54 56 63 66 67 68 72 73])
Bicluster(rows=[37, 50], cols=[ 2  3  4  5  7 11 12 15 17 18 21 24 25 27 31 32 34 35 36 38 40 41 43 44
 45 46 48 49 55 56 57 58 60 62 67 69 70 73])
Bicluster(rows=[37, 51], cols=[ 1  3  9 13 14 19 22 24 25 26 27 28 31 32 33 34 35 36 38 40 41 42 43 44
 45 46 48 49 52 54 56 62 63 66 67 68 73 74])
Bicluster(rows=[37, 52], cols=[ 2  4  7  8  9 11 12 17 19 20 21 22 24 25 27 31 32 34 35 36 38 40 41 43
 44 45 46 48 49 52 54 55 65 66 67 74])
Bicluster(rows=[37, 53], cols=[ 1  4  9 13 14 17 22 24 25 26 27 28 31 32 34 35 36 38 40 41 42 43 44 45
 46 48 49 56 59 60 62 64 65 68 69 70 71 73 74])
Bicluster(rows=[37, 54], cols=[ 2  4  8  9 18 19 20 21 22 24 25 26 27 28 31 32 33 34 35 36 38 39 40 41
 42 43 44 45 46 48 49 50 52 54 56 62 65 66 72 73 74])
Bicluster(rows=[37, 55], cols=[ 3  4  5  9 12 15 17 21 22 24 25 27 31 32 34 35 36 38 41 43 45 46 48 49
 54 57 67 71 73])
Bicluster(rows=[37, 56], cols=[ 4  5  7  8  9 13 14 15 16 20 22 23 24 25 26 27 28 29 30 31 32 33 34 35
 36 37 38 39 40 41 42 43 44 45 46 47 48 49 56 58 59 60])
Bicluster(rows=[37, 57], cols=[ 1  2 12 14 18 20 23 25 27 31 32 34 35 36 38 40 41 43 45 46 48 49 52 54
 56 59 66 67 68 70])
Bicluster(rows=[37, 58], cols=[ 4  5  6  7  8 14 18 21 24 25 27 28 31 32 34 35 36 38 40 41 42 43 44 45
 46 48 49 50 53 55 56 62 63 65 66 67 68 71 72 73])
Bicluster(rows=[37, 59], cols=[ 2  6  8 10 14 16 20 25 26 27 28 29 30 31 32 34 35 36 37 38 39 40 41 42
 43 44 45 46 47 48 49 51 57 59 60 64 66 69])
Bicluster(rows=[37, 60], cols=[ 0  1  2  3  4 10 12 15 17 18 23 24 25 26 27 28 29 30 31 32 33 34 35 36
 37 38 39 40 41 42 43 44 45 46 47 48 49 53 54 55 57 60 63 65 67 70 72 73
 74])
Bicluster(rows=[37, 61], cols=[ 1  2  5  7 12 14 18 19 23 24 25 26 27 28 29 31 32 33 34 35 36 37 38 39
 40 41 42 43 44 45 46 47 48 49 59 62 67 68 69 70 71 73])
Bicluster(rows=[37, 62], cols=[ 3  8 19 20 23 25 27 28 31 32 34 35 36 38 40 41 42 43 44 45 46 48 49 50
 52 55 56 65 66 70 72 73 74])
Bicluster(rows=[37, 63], cols=[ 1  7  8  9 11 12 13 14 15 17 18 19 20 21 22 23 24 25 27 31 32 34 35 36
 38 40 41 43 44 45 46 48 49 50 59 63 65 68 70 72 73])
Bicluster(rows=[37, 64], cols=[ 0  1  3  5  6  7  8 13 19 22 24 27 31 32 35 36 38 41 43 46 51 57 59 62
 63 65 68 69 73 74])
Bicluster(rows=[37, 65], cols=[ 1  2  3  4  7 13 15 16 22 25 27 31 32 34 36 41 43 45 46 48 50 51 52 60
 61 68 70 71 74])
Bicluster(rows=[37, 66], cols=[ 1  2  4  5  9 12 13 15 17 18 23 27 28 30 33 36 39 42 47 48 49 50 54 56
 63 65 66 73])
Bicluster(rows=[37, 67], cols=[ 0  1  2  5 12 14 20 21 22 24 28 31 32 35 38 40 41 43 44 45 49 50 52 54
 55 56 59 62 63 66 68 71 73])
Bicluster(rows=[37, 68], cols=[ 2  4 14 17 20 22 23 29 30 38 47 48 51 55 56 59 62 66 67 68 71 73])
Bicluster(rows=[37, 69], cols=[ 3 10 11 14 24 27 30 33 35 39 44 48 50 54 56 60 63 65 66 72 73 74])
Bicluster(rows=[37, 70], cols=[ 2  6  7  9 10 12 15 17 22 24 25 28 32 33 37 38 42 44 45 46 47 50 51 52
 53 54 55 56 59 62 63 66 67 68 71 73])
Bicluster(rows=[37, 71], cols=[ 2  3 15 21 22 23 24 25 26 27 30 31 32 35 37 40 41 42 45 50 54 56 60 63
 66 72 74])
Bicluster(rows=[37, 72], cols=[ 0  1  2  6 11 12 16 21 28 31 32 33 36 41 42 45 47 49 50 52 53 54 55 56
 59 62 63 66 68 71 73])
Bicluster(rows=[37, 73], cols=[ 3 10 11 14 15 17 18 19 20 21 22 25 26 29 30 35 37 38 42 43 45 46 47 51
 57 60 64 69 70 74])
Bicluster(rows=[37, 74], cols=[ 1  7  8  9 11 12 15 19 21 22 25 27 28 30 31 34 35 36 37 39 42 43 44 46
 47 50 52 53 54 55 56 59 62 63 66 68 71 73])
Bicluster(rows=[37, 75], cols=[ 4  5 12 15 17 18 22 24 25 27 29 30 33 35 37 39 43 46 47 49 51 55 59 62
 66 67 68 71 73])
Bicluster(rows=[37, 76], cols=[ 2  4  5 12 13 17 18 20 22 24 26 27 28 31 34 36 37 43 44 45 46 47 48 49
 53 57 69 73])
Bicluster(rows=[37, 77], cols=[ 3  4  5 12 13 17 18 20 21 22 23 26 29 30 40 42 43 46 50 51 52 53 54 55
 56 59 62 63 66 68 71 73])
Bicluster(rows=[37, 78], cols=[ 1  5  9 12 14 17 24 25 26 29 30 31 36 38 40 41 42 43 47 48 49 55 57 61
 64 69 74])
Bicluster(rows=[37, 79], cols=[ 5 14 18 19 23 26 27 30 32 33 34 35 36 37 38 39 40 46 50 54 56 63 65 66
 72 73])
Bicluster(rows=[37, 80], cols=[ 4  7  8 13 15 18 21 24 28 39 51 55 56 59 62 66 67 68 71 73])
Bicluster(rows=[37, 81], cols=[ 2  3  9 17 18 20 22 25 26 28 34 36 38 40 41 44 45 46 47 48 50 51 52 53
 54 55 56 59 62 63 66 68 71 73])
Bicluster(rows=[37, 82], cols=[ 2  5  9 14 17 20 26 29 30 35 36 38 39 41 44 47 48 50 51 52 53 54 55 56
 59 62 63 66 68 71 73])
Bicluster(rows=[37, 83], cols=[ 2  4  7  8 12 14 17 18 19 21 24 33 36 38 41 42 48 50 51 52 53 54 56 59
 62 63 66 67 68 71 73])
Bicluster(rows=[37, 84], cols=[ 4  5  7  8  9 11 16 17 18 22 25 26 30 31 32 36 37 38 39 43 44 47 49 50
 53 54 55 56 63 65 72])
Bicluster(rows=[37, 85], cols=[ 2  5 20 22 23 24 29 30 35 37 39 43 48 51 53 55 56 59 62 66 67 68 71 73])
Bicluster(rows=[37, 86], cols=[ 1  2  5 12 14 17 22 23 24 25 28 30 35 36 37 39 41 42 44 45 47 51 55 67
 70 73])
Bicluster(rows=[37, 87], cols=[ 5  8 10 18 19 20 27 28 30 33 35 39 42 45 47 50 52 53 54 55 56 62 63 66
 73])
Bicluster(rows=[37, 88], cols=[ 1  2  7 12 13 15 18 21 22 23 27 33 34 35 36 50 52 54 55 56 59 62 63 66
 68 71 73])
Bicluster(rows=[37, 89], cols=[ 1  2  4  7  9 11 15 17 19 21 23 26 28 29 38 52 54 56 59 62 66 68 73])
Bicluster(rows=[37, 90], cols=[ 1  2  8 20 21 24 25 26 28 30 32 33 34 35 36 37 38 40 42 43 44 45 47 48
 55 57 61 64 69 74])
Bicluster(rows=[37, 91], cols=[ 2  4  7  9 11 13 14 15 16 17 18 19 20 22 26 28 32 33 35 39 40 43 46 50
 53 55 63 65 72])
Bicluster(rows=[37, 92], cols=[ 1  2  4  6 11 12 16 19 20 22 25 26 27 30 32 35 36 38 39 40 41 46 48 51
 57 58 61 69])
Bicluster(rows=[37, 93], cols=[ 2  8  9 12 13 22 23 24 26 30 35 36 44 46 49 50 51 53 54 56 59 62 63 66
 68 71])
Bicluster(rows=[37, 94], cols=[ 3  6 10 15 20 22 23 24 26 29 31 34 40 44 45 50 52 54 55 56 62 63 65 66
 72 73])
Bicluster(rows=[37, 95], cols=[ 2  3 11 12 14 16 17 18 20 21 22 23 24 25 28 30 31 34 39 43 44 46 47 48
 49 55 57 61 64 69 74])
Bicluster(rows=[37, 96], cols=[ 0  1  4  5  8  9 13 20 23 25 27 35 37 42 44 46 48 51 53 55 56 59 62 66
 67 68 70 71 73])
Bicluster(rows=[37, 97], cols=[ 2  3  6 10 15 16 19 21 24 25 26 27 31 32 35 36 43 45 47 49 50 52 54 56
 60 62 63 65 66 67 68 73 74])
Bicluster(rows=[37, 98], cols=[ 1  5 12 14 16 17 22 23 26 29 30 32 34 35 36 38 39 43 47 51 55 70 73 74])
Bicluster(rows=[37, 99], cols=[ 1  2  5  6  8  9 12 15 17 21 22 26 28 35 37 41 44 46 49 53 55 61 62 63
 65 66 67 69 74])
Bicluster(rows=[38, 39], cols=[ 0  9 10 11 12 14 17 18 20 23 25 27 31 32 34 35 36 38 41 43 45 46 48 49
 53 56 57 59 61 64 67 70 71 73 74])
Bicluster(rows=[38, 40], cols=[ 0  1  3  6 10 11 13 25 26 27 28 29 30 31 32 33 34 35 36 37 38 39 40 41
 42 43 44 45 46 47 48 49 54 61 64 67 73 74])
Bicluster(rows=[38, 41], cols=[ 1  3  5  6 10 12 14 17 18 25 26 27 28 29 30 31 32 33 34 35 36 37 38 39
 40 41 42 43 44 45 46 47 48 49 56 60 61 63 64 66 67 72 73 74])
Bicluster(rows=[38, 42], cols=[ 0 10 11 13 14 17 19 25 26 27 28 29 30 31 32 33 34 35 36 37 38 39 40 41
 42 43 44 45 46 47 48 49 50 54 67 72 73 74])
Bicluster(rows=[38, 43], cols=[ 1  2  5 10 12 15 16 18 25 26 27 28 29 30 31 32 33 34 35 36 37 38 39 40
 41 42 43 44 45 46 47 48 49 52 55 56 58 61 63 66 67 68 69])
Bicluster(rows=[38, 44], cols=[ 0  6  9 10 11 12 14 17 19 25 26 27 28 29 30 31 32 33 34 35 36 37 38 39
 40 41 42 43 44 45 46 47 48 49 54 59 64 67 72 73 74])
Bicluster(rows=[38, 45], cols=[ 2  5  6  8 12 13 18 22 23 25 26 27 28 29 30 31 32 33 34 35 36 37 38 39
 40 41 42 43 44 45 46 47 48 49 52 56 58 61 63 64 66 68 69])
Bicluster(rows=[38, 46], cols=[ 6 10 12 13 14 19 20 25 26 27 28 29 30 31 32 33 34 35 36 37 38 39 40 41
 42 43 44 45 46 47 48 49 50 54 55 57 64 71 72])
Bicluster(rows=[38, 47], cols=[ 0  1  2  3  5 12 15 18 23 25 26 27 28 29 30 31 32 33 34 35 36 37 38 39
 40 41 42 43 44 45 46 47 48 49 52 55 58 60 61 64])
Bicluster(rows=[38, 48], cols=[ 0  2  5 13 17 18 25 27 31 32 34 35 36 38 40 41 42 43 44 45 46 48 49 55
 60 61 68 73 74])
Bicluster(rows=[38, 49], cols=[ 0  1  3  5 11 12 18 22 25 26 27 28 29 30 31 32 33 34 35 36 37 38 39 40
 41 42 43 44 45 46 47 48 49 52 60 61 63 64 67])
Bicluster(rows=[38, 50], cols=[ 0  1  6  9 10 13 17 18 19 20 22 25 26 27 28 29 30 31 32 33 34 35 36 37
 38 39 40 41 42 43 44 45 46 47 48 49 50 52 54 56 61 64 67 72 73 74])
Bicluster(rows=[38, 51], cols=[ 1  2  5  6 12 15 18 22 23 25 26 27 28 29 30 31 32 33 34 35 36 37 38 39
 40 41 42 43 44 45 46 47 48 49 52 56 60 61 66 69 74])
Bicluster(rows=[38, 52], cols=[ 0  1  3  5 10 17 18 25 26 27 28 29 30 31 32 33 34 35 36 37 38 39 40 41
 42 43 44 45 46 47 48 49 60 63 64 67 72 73 74])
Bicluster(rows=[38, 53], cols=[ 0  4 10 17 19 20 25 26 27 28 29 30 31 32 33 34 35 36 37 38 39 40 41 42
 43 44 45 46 47 48 49 50 51 53 54 57 59 64 65 71 72 74])
Bicluster(rows=[38, 54], cols=[ 1  3  5  8 12 13 18 22 23 25 26 27 28 29 30 31 32 33 34 35 36 37 38 39
 40 41 42 43 44 45 46 47 48 49 52 56 58 60 61 63 64 68 74])
Bicluster(rows=[38, 55], cols=[ 6 10 11 13 14 17 25 26 27 28 29 30 31 32 33 34 35 36 37 38 39 40 41 42
 43 44 45 46 47 48 49 64 67 72 73 74])
Bicluster(rows=[38, 56], cols=[ 4  7 25 27 28 31 32 34 35 36 38 41 42 43 44 45 46 48 49 51 53 57 58 59
 62 73])
Bicluster(rows=[38, 57], cols=[ 0  3  5  6 10 11 14 17 18 25 26 27 28 29 30 31 32 33 34 35 36 37 38 39
 40 41 42 43 44 45 46 47 48 49 61 64 67 72 73 74])
Bicluster(rows=[38, 58], cols=[ 0  1  3  5  6  9 10 12 18 22 25 26 27 28 29 30 31 32 33 34 35 36 37 38
 39 40 41 42 43 44 45 46 47 48 49 52 56 60 61 63 64 73])
Bicluster(rows=[38, 59], cols=[ 0  1  5  6 11 13 18 19 20 23 25 27 31 32 34 35 36 38 40 41 43 44 45 46
 48 49 50 55 56 59 67 72 73])
Bicluster(rows=[38, 60], cols=[ 0  3  5  6  8 13 17 22 25 26 27 28 31 32 34 35 36 38 39 40 41 42 43 44
 45 46 48 49 51 52 53 59 66 67 71 73 74])
Bicluster(rows=[38, 61], cols=[ 3  7  9 10 14 15 22 26 27 28 31 32 35 36 38 41 42 43 44 46 51 52 53 54
 57 58 60 62 66 69])
Bicluster(rows=[38, 62], cols=[ 3  9 10 11 14 19 20 25 26 27 28 29 30 31 32 33 34 35 36 37 38 39 40 41
 42 43 44 45 46 47 48 49 50 51 59 62 63 64 67 68 71 73 74])
Bicluster(rows=[38, 63], cols=[ 0  3  5  6 10 17 18 25 26 27 28 29 30 31 32 33 34 35 36 37 38 39 40 41
 42 43 44 45 46 47 48 49 54 56 60 61 63 64])
Bicluster(rows=[38, 64], cols=[ 6 11 17 25 26 27 28 29 30 31 32 33 34 35 36 37 38 39 40 41 42 43 44 45
 46 47 48 49 54 64 72 73 74])
Bicluster(rows=[38, 65], cols=[ 0  5  6 10 11 12 13 14 17 25 26 27 28 29 30 31 32 33 34 35 36 37 38 39
 40 41 42 43 44 45 46 47 48 49 54 64 72 73 74])
Bicluster(rows=[38, 66], cols=[ 0  1  2  3  6 12 15 17 18 19 20 24 27 28 29 31 33 37 39 42 43 45 47 49
 52 55 56 58 60 63 66 68 69 70])
Bicluster(rows=[38, 67], cols=[ 1  3  5  9 10 12 13 17 23 26 28 31 32 35 38 41 43 44 45 47 49 52 55 56
 63])
Bicluster(rows=[38, 68], cols=[ 0  3  5  6 10 11 14 17 25 26 27 28 32 34 35 36 37 38 39 40 41 42 43 44
 45 46 48 49 51 54 55 59 60 61 64 67 71 72])
Bicluster(rows=[38, 69], cols=[ 0  1  2  5  6  9 10 12 21 27 29 30 32 33 35 36 39 43 44 48 52 56 60 61
 63 64])
Bicluster(rows=[38, 70], cols=[ 4  8 11 12 14 16 18 19 22 24 28 32 38 42 44 45 46 47 51 52 68 69 70])
Bicluster(rows=[38, 71], cols=[ 0  1  2  6 11 16 18 19 20 21 22 23 26 27 32 33 34 35 36 40 43 48 49 58
 64 66 68 69 70 73 74])
Bicluster(rows=[38, 72], cols=[ 0  1  2  4  9 12 18 19 20 25 26 28 31 36 40 41 42 43 45 47 48 52 55 56
 58 66 68 69 70])
Bicluster(rows=[38, 73], cols=[ 2  5  9 15 16 17 18 22 25 26 35 37 38 42 45 46 50 51 54 59 67 71 72 73
 74])
Bicluster(rows=[38, 74], cols=[ 1  3  8 14 15 17 20 22 25 27 28 30 31 36 39 42 43 44 46 47 52 56 58 66
 68 69 70])
Bicluster(rows=[38, 75], cols=[ 1  3 10 13 15 17 18 19 20 26 28 41 44 49 51 54 55 59 60 64 67 71 72 73])
Bicluster(rows=[38, 76], cols=[ 0  1  3  6 10 11 14 17 18 25 26 27 28 30 31 34 35 36 38 39 41 42 43 44
 45 46 48 49 55 59 60 64 67 71])
Bicluster(rows=[38, 77], cols=[ 5  8  9 11 15 19 21 24 26 33 36 39 40 43 47 48 52 56 58 59 65 66 68 69
 70 71 72])
Bicluster(rows=[38, 78], cols=[ 0  1  3  5 11 13 17 18 25 26 27 29 30 31 34 35 36 38 40 41 42 43 44 46
 48 49 50 55 57 60 62 65 73 74])
Bicluster(rows=[38, 79], cols=[ 0  1  5  6  9 10 11 12 19 20 22 26 27 34 35 36 37 38 39 44 46 53 57 62
 65])
Bicluster(rows=[38, 80], cols=[ 9 10 11 13 14 19 25 26 30 32 36 38 40 41 42 46 47 48 49 51 54 55 59 60
 64 67 71 72 73])
Bicluster(rows=[38, 81], cols=[ 0  1  3  8 11 14 17 20 23 25 26 28 29 30 33 34 36 37 38 39 40 41 44 45
 46 48 50 53 57 59 62])
Bicluster(rows=[38, 82], cols=[ 5  6  7 15 16 17 18 19 26 29 30 35 36 38 39 41 44 47 48 51 52 56 58 66
 68 69 70])
Bicluster(rows=[38, 83], cols=[ 0  1  3  5  6  9 11 13 14 17 18 22 30 31 32 33 35 36 37 39 40 44 46 47
 51 54 55 59 60 61 64 67 71 72])
Bicluster(rows=[38, 84], cols=[ 3  5  6  7  9 15 16 17 18 22 26 30 33 35 37 39 42 47 50 51 53 57 59 62
 71])
Bicluster(rows=[38, 85], cols=[ 0  1 10 11 12 13 17 19 26 28 32 35 36 38 41 42 43 44 45 46 47 48 49 51
 54 55 59 60 61 64 67 72])
Bicluster(rows=[38, 86], cols=[ 0  3  6 10 11 13 17 19 25 26 27 29 31 32 34 35 38 40 41 42 43 46 49 55
 59 60 64 67 71])
Bicluster(rows=[38, 87], cols=[ 1  2  5  6  8 10 11 13 14 15 18 21 24 27 28 30 31 33 35 39 42 43 45 47
 52 55 56 58 63 66 68 69 70])
Bicluster(rows=[38, 88], cols=[ 4  5  9 10 11 13 14 19 26 28 30 31 32 40 41 42 47 48 49 50 51 54 59 67
 71 73 74])
Bicluster(rows=[38, 89], cols=[ 1  2  6  8 10 13 16 17 18 20 21 24 31 32 33 36 43 51 52 56 58 63 66 68
 69 70])
Bicluster(rows=[38, 90], cols=[ 0  1  3  6  7  8 11 12 13 14 17 19 25 26 27 31 32 33 34 35 36 37 40 43
 44 45 46 48 49 50 55 57 60 62 65 73 74])
Bicluster(rows=[38, 91], cols=[ 0  1  2  3  8 10 11 12 13 15 16 18 22 27 31 34 36 42 50 53 54 59 67 72])
Bicluster(rows=[38, 92], cols=[ 0  4  9 10 13 18 19 20 25 27 29 33 35 36 37 38 39 40 41 46 47 48 52 55
 56 58 66 68 69 70])
Bicluster(rows=[38, 93], cols=[ 0  2  3  4  8 12 14 15 16 18 20 22 28 31 32 35 36 38 39 40 43 44 54 56
 58 59 65 66 69 70 71 72])
Bicluster(rows=[38, 94], cols=[ 0  3  4  5  8 11 12 18 20 23 26 29 38 44 50 51 53 57 59 62 71])
Bicluster(rows=[38, 95], cols=[ 2  3 12 13 19 22 23 25 28 30 31 32 34 37 39 43 44 46 47 48 50 55 59 60
 64 65 67 71 73])
Bicluster(rows=[38, 96], cols=[ 3  5  6  8 11 12 16 18 24 25 27 31 35 37 40 42 44 46 47 48 51 54 55 56
 59 60 61 63 64 67 71 72])
Bicluster(rows=[38, 97], cols=[ 2  4  7 11 13 15 18 25 26 27 31 32 35 36 43 45 47 49 52 55 56 58 60 63
 66 68 69 70])
Bicluster(rows=[38, 98], cols=[ 0  4  9 10 14 17 18 19 22 25 27 28 31 32 34 35 37 41 42 44 45 46 48 49
 50 55 57 60 62 64 65 73])
Bicluster(rows=[38, 99], cols=[ 5 10 11 13 26 28 33 35 37 40 41 44 45 46 47 50 51 53 54 56 57 59 60 61
 65 67 69 71 72 73 74])
Bicluster(rows=[39, 40], cols=[ 0  1  3  5  6  7  9 15 17 18 20 21 22 24 25 26 27 28 29 30 31 32 33 34
 35 36 37 38 39 40 41 42 43 44 45 46 47 48 49 50 51 52 53 55 58 59 60 63
 64 66 67 68 69 73 74])
Bicluster(rows=[39, 41], cols=[ 2  6 10 13 14 15 16 17 22 25 26 27 28 29 30 31 32 33 34 35 36 37 38 39
 40 41 42 43 44 45 46 47 48 49 52 53 55 57 58 62 63 69 71 72 73 74])
Bicluster(rows=[39, 42], cols=[ 0  2  3  4  5  7  9 10 11 12 13 14 15 16 17 20 22 23 24 25 26 27 28 29
 30 31 32 33 34 35 36 37 38 39 40 41 42 43 44 45 46 47 48 49 51 52 54 55
 58 59 60 61 62 63 64 67 69 72 73])
Bicluster(rows=[39, 43], cols=[ 0  1  2  5  7  9 10 14 16 17 19 20 21 23 26 28 42 44 50 51 52 55 58 63
 64 73 74])
Bicluster(rows=[39, 44], cols=[ 1  2  5  6  7 10 11 13 14 15 16 17 18 20 21 22 23 24 25 26 27 28 29 30
 31 32 33 34 35 36 37 38 39 40 41 42 43 44 45 46 47 48 49 50 51 55 56 60
 61 62 63 64 65 68 69 72 73 74])
Bicluster(rows=[39, 45], cols=[ 6  8 15 18 20 24 25 26 27 28 29 30 31 32 33 34 35 36 37 38 39 40 41 42
 43 44 45 46 47 48 49 52 53 57 59 65])
Bicluster(rows=[39, 46], cols=[ 0  2  4  6  7  9 10 14 15 16 19 22 24 25 26 27 28 29 30 31 32 33 34 35
 36 37 38 39 40 41 42 43 44 45 46 47 48 49 50 51 54 58 60 63 64 68 74])
Bicluster(rows=[39, 47], cols=[ 1  8 22 25 26 27 28 29 30 31 32 33 34 35 36 37 38 39 40 41 42 43 44 45
 46 47 48 49 53 56 57 59 60 65 66])
Bicluster(rows=[39, 48], cols=[ 1  8  9 13 15 16 17 18 20 22 23 25 26 27 28 29 30 31 32 33 34 35 36 37
 38 39 40 41 42 43 44 45 46 47 48 49 51 54 56 61 63 72])
Bicluster(rows=[39, 49], cols=[ 1  3  8 13 15 17 22 24 25 26 27 28 29 30 31 32 33 34 35 36 37 38 39 40
 41 42 43 44 45 46 47 48 49 53 57 58 65 66 67 68 69 71])
Bicluster(rows=[39, 50], cols=[ 1  2  3  5  6  9 10 15 16 17 19 23 24 25 26 27 28 29 30 31 32 33 34 35
 36 37 38 39 40 41 42 43 44 45 46 47 48 49 50 51 52 58 59 60 62 63 64 67
 69 71 72 73 74])
Bicluster(rows=[39, 51], cols=[ 1  3  6  7  8 13 15 18 20 24 25 26 27 28 29 30 31 32 33 34 35 36 37 38
 39 40 41 42 43 44 45 46 47 48 49 52 53 65 68 71 74])
Bicluster(rows=[39, 52], cols=[ 1  5  6  8 10 15 17 19 22 24 25 26 27 28 29 30 31 32 33 34 35 36 37 38
 39 40 41 42 43 44 45 46 47 48 49 50 52 57 59 63 65 66 67 71 73 74])
Bicluster(rows=[39, 53], cols=[ 0  4  6  7 10 11 12 16 17 18 19 20 25 26 27 28 29 30 31 32 33 34 35 36
 37 38 39 40 41 42 43 44 45 46 47 48 49 50 51 52 55 56 58 60 61 62 66 69
 74])
Bicluster(rows=[39, 54], cols=[ 3 15 16 25 26 27 28 29 30 31 32 33 34 35 36 37 38 39 40 41 42 43 44 45
 46 47 48 49 53 57 63 66 69 71 74])
Bicluster(rows=[39, 55], cols=[ 0  2  5  6  7  9 10 11 12 14 15 17 18 19 20 21 22 23 24 25 26 27 28 29
 30 31 32 33 34 35 36 37 38 39 40 41 42 43 44 45 46 47 48 49 50 51 53 56
 58 59 61 62 63 64 65 67 68 69 70 73 74])
Bicluster(rows=[39, 56], cols=[ 5  8 10 13 15 16 19 21 22 24 25 27 31 32 34 35 36 38 40 41 43 44 45 46
 48 49 50 57 58 59 60 65 71 73])
Bicluster(rows=[39, 57], cols=[ 0  1  3  5  6  7  9 10 11 15 17 19 21 22 24 25 26 27 28 29 30 31 32 33
 34 35 36 37 38 39 40 41 42 43 44 45 46 47 48 49 50 51 52 55 57 58 59 60
 62 63 64 65 66 67 68 69 71 72 73 74])
Bicluster(rows=[39, 58], cols=[ 1  5  8  9 10 14 19 25 26 27 28 29 30 31 32 33 34 35 36 37 38 39 40 41
 42 43 44 45 46 47 48 49 51 53 57 59 64 65 66 67 68])
Bicluster(rows=[39, 59], cols=[ 0  4 11 12 16 21 22 25 26 27 28 29 30 31 32 33 34 35 36 37 38 39 40 41
 42 43 44 45 46 47 48 49 52 53 54 58 59 60 62 63 64 65 67 69 70 72 73])
Bicluster(rows=[39, 60], cols=[ 1  6  7  8 17 18 20 28 32 35 36 38 41 42 44 51 52 56 57 60 63 64 67 68
 69 72 73])
Bicluster(rows=[39, 61], cols=[ 3  5  8 10 20 22 25 26 27 28 29 30 31 32 33 34 35 36 37 38 39 40 41 42
 43 44 45 46 47 48 49 50 53 55 58 59 60 65 72 74])
Bicluster(rows=[39, 62], cols=[ 0  7  9 10 11 12 15 16 18 23 25 26 27 28 29 30 31 32 33 34 35 36 37 38
 39 40 41 42 43 44 45 46 47 48 49 50 51 56 61 64 67 72 73 74])
Bicluster(rows=[39, 63], cols=[ 0  1  3  6  8 10 13 14 15 17 20 22 23 24 25 26 27 28 29 30 31 32 33 34
 35 36 37 38 39 40 41 42 43 44 45 46 47 48 49 51 54 55 59 63 64 65 66 68
 69])
Bicluster(rows=[39, 64], cols=[ 0  1  2  3  4  5  7  9 10 11 12 14 17 18 20 21 22 23 24 25 26 27 28 29
 30 31 32 33 34 35 36 37 38 39 40 41 42 43 44 45 46 47 48 49 50 51 55 56
 58 59 62 63 64 65 67 68 69 73 74])
Bicluster(rows=[39, 65], cols=[ 1  2  3  5  6  7  8  9 10 14 15 16 18 20 22 24 25 26 27 28 29 30 31 32
 33 34 35 36 37 38 39 40 41 42 43 44 45 46 47 48 49 51 52 53 54 55 56 57
 58 60 61 63 64 66 67 68 69 72 73 74])
Bicluster(rows=[39, 66], cols=[ 0  3 10 13 15 17 23 26 29 31 33 43 45 49 52 53 57 59 66 71])
Bicluster(rows=[39, 67], cols=[ 1  2  3  5 11 13 14 19 21 22 23 24 27 28 29 30 34 36 39 41 44 46 48 50
 58 59 61 62 63 64 65 67 68 69 73 74])
Bicluster(rows=[39, 68], cols=[ 1  3  9 18 19 22 25 27 28 32 34 35 36 37 39 40 41 43 45 46 49 54 62 63
 66 67 69 72])
Bicluster(rows=[39, 69], cols=[ 0  1  4  5 14 17 19 24 28 33 37 38 46 47 48 50 52 58 59 63 64 65 66 67
 68 69 71 73 74])
Bicluster(rows=[39, 70], cols=[ 2  3  5 17 27 29 37 42 48 50 52 58 59 63 64 67 68 69 71 73 74])
Bicluster(rows=[39, 71], cols=[ 0  2  7  8  9 10 12 16 18 20 22 27 32 34 35 39 42 43 46 50 56 58 60 62
 64 72 73])
Bicluster(rows=[39, 72], cols=[ 0  1  4  7 14 18 19 23 24 25 28 29 30 31 32 36 37 40 41 42 43 48 52 53
 57 59 65 71])
Bicluster(rows=[39, 73], cols=[ 0  7 12 13 15 17 20 24 25 28 35 38 39 40 42 43 45 46 49 50 51 55 58 60
 62 63 64 67 69 73 74])
Bicluster(rows=[39, 74], cols=[ 0  6  9 11 15 26 28 33 37 39 41 45 47 52 58 59 63 64 66 67 68 69 71 73
 74])
Bicluster(rows=[39, 75], cols=[ 3  4  8 17 18 22 28 30 31 32 34 36 37 39 44 45 47 48 57 60 66 73 74])
Bicluster(rows=[39, 76], cols=[ 1  2  5  6  9 11 14 17 19 20 21 22 24 27 34 38 41 42 44 45 46 48 49 50
 53 54 56 58 63])
Bicluster(rows=[39, 77], cols=[ 5  7 10 14 18 21 22 25 26 27 31 35 36 37 41 42 45 49 50 52 58 59 63 64
 65 67 68 69 73 74])
Bicluster(rows=[39, 78], cols=[ 6  8 15 21 22 23 26 29 30 31 36 41 42 48 50 53 54 56 58 61 64 70])
Bicluster(rows=[39, 79], cols=[ 3  6  9 10 13 14 18 19 20 24 25 26 31 35 36 39 41 43 44 45 47 48 50 54
 55 56 58 60 61 62 64 72 73 74])
Bicluster(rows=[39, 80], cols=[ 0  5  7 10 12 14 15 20 21 24 25 30 32 36 38 41 42 46 47 48 49 50 54 56
 58 61 62 63 64 72 73])
Bicluster(rows=[39, 81], cols=[ 5  9 10 15 18 20 22 26 27 29 30 31 37 39 43 49 50 52 56 58 59 61 62 63
 64 67 68 69 71])
Bicluster(rows=[39, 82], cols=[ 3  5 10 11 14 16 18 21 23 24 26 32 37 38 40 43 44 45 50 58 59 62 63 64
 65 67 69 74])
Bicluster(rows=[39, 83], cols=[ 2  3  5  8 11 12 14 19 21 24 28 30 32 33 35 40 44 47 50 53 54 62 63 66
 67 69 72])
Bicluster(rows=[39, 84], cols=[ 0  2  3  6  7 10 11 13 26 29 34 35 37 39 40 42 45 46 47 48 50 58 59 61
 62 63 64 65 67 68 69 73 74])
Bicluster(rows=[39, 85], cols=[ 0  3  6  7  9 10 12 13 15 22 26 32 33 36 37 38 39 41 42 44 46 49 50 52
 58 61 63 67 68 69 71])
Bicluster(rows=[39, 86], cols=[ 0  1  2  5  7  9 11 14 15 17 25 27 28 31 32 34 35 41 43 44 46 48 52 58
 59 63 64 68 71 74])
Bicluster(rows=[39, 87], cols=[ 0  1  2  7 13 15 17 18 19 20 23 29 39 41 42 47 50 52 58 59 62 63 64 65
 66 67 68 69 71 73 74])
Bicluster(rows=[39, 88], cols=[ 4  9 10 11 12 14 15 20 23 25 26 28 30 32 33 41 42 44 45 46 48 50 58 60
 62 63 64 67 69 72 73])
Bicluster(rows=[39, 89], cols=[ 2  5  9 18 19 21 23 24 35 39 42 44 46 47 49 50 51 55 58 60 62 63 64 69
 72 73 74])
Bicluster(rows=[39, 90], cols=[ 1  3  8  9 10 11 14 18 19 20 23 24 25 31 32 34 36 40 43 45 46 48 54 56
 60 61 64 70 73])
Bicluster(rows=[39, 91], cols=[ 1  2  3  6 13 14 15 16 17 20 21 22 32 33 37 38 40 42 43 44 45 46 47 52
 53 57 65 71])
Bicluster(rows=[39, 92], cols=[ 2  4  6  9 10 12 23 24 25 27 32 35 36 38 41 46 48 52 53 57 59 65 66 71])
Bicluster(rows=[39, 93], cols=[ 3  8 11 13 14 15 17 19 20 21 28 35 36 44 46 47 49 51 53 66 68])
Bicluster(rows=[39, 94], cols=[ 0  1  2  9 12 18 20 24 31 34 37 38 40 42 44 45 47 52 53 57 59 65 66 71])
Bicluster(rows=[39, 95], cols=[ 4  6  9 10 14 16 17 20 21 22 24 26 29 34 35 40 41 42 46 48 49 54 56 60
 61 64 70 73 74])
Bicluster(rows=[39, 96], cols=[ 1  3  4  5  6 11 12 29 30 31 35 40 42 44 49 50 52 58 59 63 64 67 68 69
 71 73 74])
Bicluster(rows=[39, 97], cols=[ 1  4  9 11 15 18 20 23 24 25 27 28 31 32 33 36 39 40 43 44 45 49 52 55
 59 60 63 65 66 67 68])
Bicluster(rows=[39, 98], cols=[ 1  2  3  4  5  7  9 10 11 13 15 16 19 20 24 28 32 34 35 37 38 42 50 53
 54 56 62 63 67 69 72])
Bicluster(rows=[39, 99], cols=[ 1  3  4  5  7 11 15 17 22 32 38 39 42 45 46 49 52 53 56 57 58 59 61 62
 63 66 67 71 73 74])
Bicluster(rows=[40, 41], cols=[ 1  2  3  6  8 10 12 13 15 16 17 19 22 23 25 26 27 28 29 30 31 32 33 34
 35 36 37 38 39 40 41 42 43 44 45 46 47 48 49 53 55 61 62 63 69 70 71 73
 74])
Bicluster(rows=[40, 42], cols=[ 0  2  5  7  8  9 10 13 14 15 17 18 20 24 25 26 27 28 29 30 31 32 33 34
 35 36 37 38 39 40 41 42 43 44 45 46 47 48 49 50 51 53 55 56 58 59 60 63
 65 67 69 71 73])
Bicluster(rows=[40, 43], cols=[ 2  6  7 10 11 12 14 15 19 20 22 23 25 27 31 32 34 36 40 41 43 45 46 48
 49 53 55 57 58 64 66 67 72])
Bicluster(rows=[40, 44], cols=[ 0  5  7  8 10 12 15 18 20 21 22 24 25 26 27 28 29 30 31 32 33 34 35 36
 37 38 39 40 41 42 43 44 45 46 47 48 49 50 51 53 54 55 57 58 60 63 64 65
 68 69 71 73])
Bicluster(rows=[40, 45], cols=[ 4  6 13 14 15 20 22 23 24 25 26 27 28 29 30 31 32 33 34 35 36 37 38 39
 40 41 42 43 44 45 46 47 48 49 51 52 55 61 62 64 70 72])
Bicluster(rows=[40, 46], cols=[ 0  5  7  9 10 11 12 14 15 23 24 25 26 27 28 29 30 31 32 33 34 35 36 37
 38 39 40 41 42 43 44 45 46 47 48 49 50 51 53 56 58 60 63 64 72])
Bicluster(rows=[40, 47], cols=[ 0  2  3  4  6  7  8  9 12 16 17 19 20 23 24 25 27 31 32 34 40 41 43 45
 46 48 49 52 53 55 57 59 60 62 64 65 67 69 71 72 73 74])
Bicluster(rows=[40, 48], cols=[ 1  3  8  9 13 15 18 25 26 27 28 29 30 31 32 33 34 35 36 37 38 39 40 41
 42 43 44 45 46 47 48 49 51 65 71 74])
Bicluster(rows=[40, 49], cols=[ 1  3  4 11 12 14 16 17 19 22 23 25 26 27 28 29 30 31 32 33 34 35 36 37
 38 39 40 41 42 43 44 45 46 47 48 49 51 52 53 55 56 58 60 61 62 64 65 66
 67 69 71 72 73 74])
Bicluster(rows=[40, 50], cols=[ 0  1  2  4  5  6  8  9 10 12 13 25 26 27 28 29 30 31 32 33 34 35 36 37
 38 39 40 41 42 43 44 45 46 47 48 49 50 51 52 54 56 57 60 61 62 63 64 67
 73])
Bicluster(rows=[40, 51], cols=[ 1  4  6 11 14 16 19 20 22 23 25 26 27 28 29 30 31 32 33 34 35 36 37 38
 39 40 41 42 43 44 45 46 47 48 49 52 53 55 61 62 68 70 72 74])
Bicluster(rows=[40, 52], cols=[ 1  2  3  4  6 10 11 12 13 14 15 16 19 22 23 24 25 26 27 28 29 30 31 32
 33 34 35 36 37 38 39 40 41 42 43 44 45 46 47 48 49 50 52 54 57 58 59 62
 63 64 66 67 69 71 72 74])
Bicluster(rows=[40, 53], cols=[ 0  2  7 10 18 23 25 26 27 28 29 30 31 32 33 34 35 36 37 38 39 40 41 42
 43 44 45 46 47 48 49 52 54 55 59 60 64 66 69 72 74])
Bicluster(rows=[40, 54], cols=[ 1  2  3  4  7 11 12 13 14 15 16 17 20 22 25 27 31 32 33 34 35 36 38 40
 41 43 44 45 46 48 49 51 52 53 55 56 61 62 63 64 66 69 71 72 73 74])
Bicluster(rows=[40, 55], cols=[ 0  4  5  6  7  8 10 11 16 17 18 19 20 21 22 25 26 27 28 29 30 31 32 33
 34 35 36 37 38 39 40 41 42 43 44 45 46 47 48 49 50 51 53 54 59 63 64 65
 67 68 69 71 72 73])
Bicluster(rows=[40, 56], cols=[ 2  3  5  7  8 11 15 17 20 21 24 25 27 31 32 34 36 40 41 43 45 46 48 49
 51 52 55 56 59 60 61 62 64 69 73 74])
Bicluster(rows=[40, 57], cols=[ 0  1  2  3  6  7  8  9 10 11 12 13 14 15 16 19 20 21 23 24 25 26 27 28
 29 30 31 32 33 34 35 36 37 38 39 40 41 42 43 44 45 46 47 48 49 51 52 55
 56 57 58 59 60 61 63 64 65 66 67 68 69 71 73 74])
Bicluster(rows=[40, 58], cols=[ 1  4  9 11 12 13 14 15 16 17 19 23 25 26 27 28 29 30 31 32 33 34 35 36
 37 38 39 40 41 42 43 44 45 46 47 48 49 51 52 53 58 61 62 64 66 67 68 71
 73])
Bicluster(rows=[40, 59], cols=[13 16 19 21 25 26 27 28 29 30 31 32 33 34 35 36 37 38 39 40 41 42 43 44
 45 46 47 48 49 52 53 58 59 60 61 62 63 64 65 67 69 73])
Bicluster(rows=[40, 60], cols=[ 5 15 21 24 25 27 31 32 34 41 43 45 46 48 49 50 53 56 60 63 64 67 69 71
 72 73 74])
Bicluster(rows=[40, 61], cols=[ 1  3  4  8 12 14 15 20 25 26 27 28 29 30 31 32 33 34 35 36 37 38 39 40
 41 42 43 44 45 46 47 48 49 50 53 55 56 59 60 70 71 74])
Bicluster(rows=[40, 62], cols=[ 2  3  4  9 10 14 15 18 25 26 27 28 29 30 31 32 33 34 35 36 37 38 39 40
 41 42 43 44 45 46 47 48 49 50 63 64 67 74])
Bicluster(rows=[40, 63], cols=[ 0  1  2  3  4  6  7 11 12 14 15 16 17 19 20 22 23 25 26 27 28 29 30 31
 32 33 34 35 36 37 38 39 40 41 42 43 44 45 46 47 48 49 51 53 54 55 57 58
 59 61 62 64 66 68 69 71 72 74])
Bicluster(rows=[40, 64], cols=[ 1  2  5  6  7  8  9 11 13 14 16 17 18 19 20 21 22 24 25 26 27 28 29 30
 31 32 33 34 35 36 37 38 39 40 41 42 43 44 45 46 47 48 49 50 51 53 54 55
 57 58 59 62 63 64 67 68 69 71 72 73 74])
Bicluster(rows=[40, 65], cols=[ 2  4  6  7  8  9 10 11 12 13 15 16 18 19 20 22 23 24 25 26 27 28 29 30
 31 32 33 34 35 36 37 38 39 40 41 42 43 44 45 46 47 48 49 51 53 54 55 58
 59 60 62 63 64 65 66 67 68 69 71 73 74])
Bicluster(rows=[40, 66], cols=[ 2  3  4  6  8 11 14 16 21 26 34 36 42 48 52 53 56 61 62 64 72])
Bicluster(rows=[40, 67], cols=[ 1  2  3  6  8 11 12 19 20 21 22 26 28 29 30 36 37 42 54 56 57 58 59 63
 66 67 68 69 71 72 73 74])
Bicluster(rows=[40, 68], cols=[ 0  2  3  7  8  9 10 11 12 18 25 27 28 32 34 35 36 37 39 40 41 43 45 49
 61 66 69])
Bicluster(rows=[40, 69], cols=[ 0  1  6  8 10 11 12 13 17 18 19 27 33 37 38 47 48 52 53 56 58 60 61 62
 64 66 72 73 74])
Bicluster(rows=[40, 70], cols=[ 2  3  9 15 16 17 22 23 24 29 31 34 35 37 40 43 52 56 58 62 64 66 72 73
 74])
Bicluster(rows=[40, 71], cols=[ 2  5  6 11 14 15 16 19 22 23 26 28 38 39 44 53 54 57 58 59 64 65 66 67
 68 69])
Bicluster(rows=[40, 72], cols=[ 0  1 12 14 16 24 25 28 29 30 31 36 37 40 41 42 43 48 52 61 62 70 72])
Bicluster(rows=[40, 73], cols=[ 0  9 10 14 17 19 22 32 35 38 39 40 42 43 48 49 54 55 57 58 59 60 63 65
 67 68 69 73 74])
Bicluster(rows=[40, 74], cols=[ 0  1  4  5  6  8  9 10 15 16 22 26 32 37 38 39 41 45 47 52 56 58 62 64
 66 69 72 73 74])
Bicluster(rows=[40, 75], cols=[ 3 12 15 17 18 22 26 28 30 31 32 34 36 37 38 39 40 44 45 47 52 53 60 61
 62 64 70 73 74])
Bicluster(rows=[40, 76], cols=[ 0  2  3  6 11 13 16 19 20 26 28 32 35 52 56 58 62 64 66 73 74])
Bicluster(rows=[40, 77], cols=[ 2  7  8 11 12 15 16 17 19 21 22 23 25 26 27 31 35 36 37 41 42 45 49 54
 57 59 63 67 68 69 71 72])
Bicluster(rows=[40, 78], cols=[ 0  2  3  6  8  9 10 13 15 16 22 23 24 27 35 38 39 42 52 56 58 61 62 64
 66 72 73 74])
Bicluster(rows=[40, 79], cols=[ 0  1  6  7  9 11 12 13 15 17 18 22 24 25 26 31 35 36 38 41 43 44 45 47
 48 50 55 74])
Bicluster(rows=[40, 80], cols=[ 0  2  4  6  7  8  9 11 13 14 16 21 23 26 30 32 36 42 43 44 47 53 54 57
 58 63 64 66 67 68 69])
Bicluster(rows=[40, 81], cols=[ 2  4  5  7  9 10 11 14 15 16 18 19 26 27 28 29 31 37 38 39 43 44 49 50
 54 59 68 71])
Bicluster(rows=[40, 82], cols=[ 1  2  3  8  9 12 13 15 17 22 25 26 31 46 57 58 63 66 67 68 69 73 74])
Bicluster(rows=[40, 83], cols=[ 2  4  9 11 12 13 14 15 19 29 30 31 33 36 37 39 47 48 54 56 57 59 62 68
 72])
Bicluster(rows=[40, 84], cols=[ 0  3  4  6  7  8 12 17 22 24 27 29 39 40 41 42 47 51 54 56 57 58 59 60
 63 64 66 67 68 69 71 73 74])
Bicluster(rows=[40, 85], cols=[ 0  2  3  4  7  8 16 22 23 24 25 26 27 28 31 32 33 34 36 37 38 39 40 41
 42 44 52 56 57 62 63 67 68 69 72])
Bicluster(rows=[40, 86], cols=[ 9 10 13 19 21 25 27 28 33 34 35 40 41 44 46 49 52 56 57 62 63 67 69 72])
Bicluster(rows=[40, 87], cols=[ 0  1  2  4  7  8 11 17 19 21 25 29 32 34 36 39 40 44 47 52 53 55 56 57
 58 60 61 62 64 66 72 73 74])
Bicluster(rows=[40, 88], cols=[ 9 11 13 14 15 17 25 26 28 30 32 33 34 44 45 46 47 53 54 56 57 58 59 61
 63 64 65 66 67 68 69 73])
Bicluster(rows=[40, 89], cols=[ 4  6  8 12 16 19 31 32 35 36 39 41 43 44 47 51 53 54 55 57 58 59 60 63
 64 65 66 67 68 69 73 74])
Bicluster(rows=[40, 90], cols=[ 0  3  6  9 10 11 13 15 16 17 19 21 22 23 24 26 27 28 31 32 34 35 36 39
 42 43 44 46 49 61 64 70 73 74])
Bicluster(rows=[40, 91], cols=[ 0  9 11 13 23 27 31 33 34 36 40 42 45 48 51 53 56 57 58 59 61 64 66 67
 68 69 71 72 73])
Bicluster(rows=[40, 92], cols=[ 0  3  5  6  7  9 16 17 24 27 35 36 38 41 46 49 51 53 56 57 58 59 60 64
 66 67 69 71])
Bicluster(rows=[40, 93], cols=[ 3  4  5  9 10 14 15 20 23 25 27 28 31 32 34 37 38 44 45 48 52 54 57 63
 67 68 69 72])
Bicluster(rows=[40, 94], cols=[ 0  4  5  9 10 20 21 24 31 34 38 42 45 49 51 53 55 56 57 58 59 60 64 66
 67 69 71 72 73])
Bicluster(rows=[40, 95], cols=[ 1  3  4  9 15 16 18 19 21 33 40 44 45 49 58 61 62 64 70 73])
Bicluster(rows=[40, 96], cols=[ 1  3  6  8  9 10 11 13 20 23 29 30 31 32 34 41 42 45 49 52 56 58 61 62
 63 64 66 72 73 74])
Bicluster(rows=[40, 97], cols=[ 1  2 12 18 19 20 24 25 28 31 33 36 39 43 44 45 49 51 53 55 56 57 58 59
 60 61 63 64 66 67 68 69 71 72 73 74])
Bicluster(rows=[40, 98], cols=[ 2  3  4  5  6  7 10 11 16 18 19 21 24 26 27 31 32 33 35 38 45 48 49 52
 56 58 62 63 66 67 69 72])
Bicluster(rows=[40, 99], cols=[ 0  2  3  4  8  9 12 15 16 18 26 27 31 32 38 42 43 47 51 59 61 62 63 65
 66 67 72])
Bicluster(rows=[41, 42], cols=[ 2  8  9 10 13 14 15 16 17 22 23 25 26 27 28 29 30 31 32 33 34 35 36 37
 38 39 40 41 42 43 44 45 46 47 48 49 52 53 55 63 67 69 72 73])
Bicluster(rows=[41, 43], cols=[ 0  5  6  7  8 10 11 12 13 18 19 20 21 24 25 26 27 28 31 32 33 34 35 36
 38 39 40 41 42 43 44 45 46 47 48 49 51 52 53 54 55 57 59 60 61 62 63 64
 65 66 68 71])
Bicluster(rows=[41, 44], cols=[ 2  8 10 12 13 14 15 16 17 22 23 25 26 27 28 29 30 31 32 33 34 35 36 37
 38 39 40 41 42 43 44 45 46 47 48 49 50 53 67 69 72 73])
Bicluster(rows=[41, 45], cols=[ 0  1  3  5  6  7  9 11 12 13 15 18 19 21 23 25 26 27 28 29 30 31 32 33
 34 35 36 37 38 39 40 41 42 43 44 45 46 47 48 49 50 51 52 54 55 56 57 59
 60 61 62 63 64 65 66 68 70])
Bicluster(rows=[41, 46], cols=[ 9 10 12 15 22 23 25 26 27 28 29 30 31 32 33 34 35 36 37 38 39 40 41 42
 43 44 45 46 47 48 49 53 55 58 63 68 69])
Bicluster(rows=[41, 47], cols=[ 0  1  3  4  5  6  7  9 11 19 20 21 22 24 25 26 27 28 29 30 31 32 33 34
 35 36 37 38 39 40 41 42 43 44 45 46 47 48 49 54 57 59 60 61 64 65 68 69])
Bicluster(rows=[41, 48], cols=[ 5  6  7  8  9 15 18 19 21 26 28 32 35 36 38 41 42 44 54 57 58 59 60 61
 63 64 65 71 74])
Bicluster(rows=[41, 49], cols=[ 0  1  5  6  7  9 12 13 15 16 17 18 19 20 21 22 23 25 26 27 28 29 30 31
 32 33 34 35 36 37 38 39 40 41 42 43 44 45 46 47 48 49 50 51 53 54 55 57
 59 60 61 63 64 67 68 69 71 74])
Bicluster(rows=[41, 50], cols=[ 1  2  6  7  8 10 11 12 15 17 18 21 24 25 26 27 28 29 30 31 32 33 34 35
 36 37 38 39 40 41 42 43 44 45 46 47 48 49 52 55 56 58 59 61 62 63 67 68
 71 72 73])
Bicluster(rows=[41, 51], cols=[ 0  1  5  6 11 12 13 15 18 19 21 22 25 26 27 28 29 30 31 32 33 34 35 36
 37 38 39 40 41 42 43 44 45 46 47 48 49 50 51 53 54 55 56 59 60 61 64 65
 66 70 71 74])
Bicluster(rows=[41, 52], cols=[ 1  3  5  6  7  9 10 11 12 13 15 17 19 20 21 22 25 26 27 28 29 30 31 32
 33 34 35 36 37 38 39 40 41 42 43 44 45 46 47 48 49 50 51 52 55 57 59 60
 62 63 64 65 66 67 68 69 71 73 74])
Bicluster(rows=[41, 53], cols=[ 2  8 10 14 17 21 23 25 26 27 28 29 30 31 32 33 34 35 36 37 38 39 40 41
 42 43 44 45 46 47 48 49 50 52 58 69 74])
Bicluster(rows=[41, 54], cols=[ 0  1  3  5  7 11 12 13 15 16 18 19 20 21 24 25 26 27 28 29 30 31 32 33
 34 35 36 37 38 39 40 41 42 43 44 45 46 47 48 49 50 51 53 54 55 56 57 60
 61 63 64 65 66 68 69 70 71 74])
Bicluster(rows=[41, 55], cols=[ 2  6  8  9 10 14 16 17 21 22 25 26 27 28 29 30 31 32 33 34 35 36 37 38
 39 40 41 42 43 44 45 46 47 48 49 50 52 53 58 59 63 68 69 71 73])
Bicluster(rows=[41, 56], cols=[ 7 11 12 16 18 20 22 23 24 25 26 27 28 29 30 31 32 33 34 35 36 37 38 39
 40 41 42 43 44 45 46 47 48 49 50 51 53 55 56 58 59 60 64 65 70 73])
Bicluster(rows=[41, 57], cols=[ 2  5  6  8 10 13 15 16 17 18 20 22 23 25 26 27 28 29 30 31 32 33 34 35
 36 37 38 39 40 41 42 43 44 45 46 47 48 49 50 52 54 55 57 61 62 63 67 69
 71 72 73 74])
Bicluster(rows=[41, 58], cols=[ 0  1  3  5  7 10 11 12 13 15 18 19 20 21 24 25 26 27 28 29 30 31 32 33
 34 35 36 37 38 39 40 41 42 43 44 45 46 47 48 49 50 54 55 56 57 59 60 61
 65 66 68 70])
Bicluster(rows=[41, 59], cols=[ 0  1  4 16 21 22 24 25 27 31 32 34 35 36 38 41 43 45 46 48 54 56 57 58
 62 69 70 71 73])
Bicluster(rows=[41, 60], cols=[ 2 12 15 16 17 18 23 25 26 27 28 31 32 33 34 35 36 38 40 41 42 43 44 45
 46 48 49 51 54 56 58 59 63 64 65 69 71 74])
Bicluster(rows=[41, 61], cols=[ 0  1  3  5  6  8  9 10 11 12 15 22 24 25 26 27 28 29 30 31 32 33 34 35
 36 37 38 39 40 41 42 43 44 45 46 47 48 49 53 54 55 58 61 64 65 70 72 74])
Bicluster(rows=[41, 62], cols=[ 3  4 10 15 24 25 26 27 28 29 30 31 32 33 34 35 36 37 38 39 40 41 42 43
 44 45 46 47 48 49 54 63 73])
Bicluster(rows=[41, 63], cols=[ 3  5  7  9 10 11 12 13 15 17 18 19 20 21 22 23 25 26 27 28 29 30 31 32
 33 34 35 36 37 38 39 40 41 42 43 44 45 46 47 48 49 50 51 52 53 55 56 60
 61 63 65 66 69 71 74])
Bicluster(rows=[41, 64], cols=[ 2  8  9 13 16 17 19 22 25 26 27 28 29 30 31 32 33 34 35 36 37 38 39 40
 41 42 43 44 45 46 47 48 49 50 52 53 55 62 63 65 69 74])
Bicluster(rows=[41, 65], cols=[ 0  2  5  7  8  9 10 12 13 14 15 16 19 21 22 25 26 27 28 29 30 31 32 33
 34 35 36 37 38 39 40 41 42 43 44 45 46 47 48 49 50 52 53 55 57 58 62 63
 69 72 73 74])
Bicluster(rows=[41, 66], cols=[ 2  8  9 10 13 15 16 17 24 26 27 31 43 45 49 50 52 53 55 62 63 69 71 74])
Bicluster(rows=[41, 67], cols=[ 0  2  8  9 13 14 16 18 22 27 28 29 30 31 32 33 34 35 36 38 39 41 43 44
 46 48 52 58 67 72 73])
Bicluster(rows=[41, 68], cols=[ 3  5  9 10 12 13 14 20 22 25 26 27 28 32 34 37 39 40 41 42 49 50 61 62
 63 64 69 72])
Bicluster(rows=[41, 69], cols=[ 1  5  6 11 13 15 18 19 20 23 24 25 26 29 32 34 37 39 54 64 66 68 70])
Bicluster(rows=[41, 70], cols=[ 0  3 12 13 15 18 19 20 21 23 26 29 31 34 35 37 40 43 47 50 57 59 62 63
 65 69 71 73 74])
Bicluster(rows=[41, 71], cols=[ 5 10 12 14 21 22 23 25 27 28 31 32 34 35 36 40 43 44 45 48 50 51 57 59
 62 63 65 69 71 73 74])
Bicluster(rows=[41, 72], cols=[ 1  8 11 12 18 21 23 25 28 29 30 31 35 36 37 40 42 43 46 48 51 54 57 59
 60 64 65 66 68 70 71])
Bicluster(rows=[41, 73], cols=[ 5  8 10 11 19 20 21 26 32 36 40 43 48 49 50 52 53 55 61 62 63 69 74])
Bicluster(rows=[41, 74], cols=[ 0  2  6  7 11 13 14 17 21 25 26 27 28 29 31 35 36 42 43 44 46 48 49 50
 52 57 60 61 64 68 69 71])
Bicluster(rows=[41, 75], cols=[ 0  5  6  7  9 11 12 13 15 17 19 20 21 22 26 28 31 32 34 36 37 38 39 40
 44 45 47 50 53 57 59 61 63 65 68 69 74])
Bicluster(rows=[41, 76], cols=[ 2  8 10 14 15 16 25 27 31 34 36 40 41 43 45 46 48 49 51 52 62 65 71])
Bicluster(rows=[41, 77], cols=[ 3  8  9 10 12 15 19 25 26 27 31 35 36 37 41 45 49 50 51 52 62 65 69 71
 73])
Bicluster(rows=[41, 78], cols=[ 2  8 14 16 22 23 25 27 31 33 34 36 39 40 41 43 45 46 49 50 57 59 63 68
 69 73])
Bicluster(rows=[41, 79], cols=[ 9 10 15 18 22 23 27 28 34 35 36 38 40 41 44 46 50 51 53 57 59 61 63 65
 68 69 71 74])
Bicluster(rows=[41, 80], cols=[ 2  3  6  8  9 10 12 15 19 23 26 27 31 32 34 35 38 39 41 42 45 50 57 59
 61 63 68 69 73])
Bicluster(rows=[41, 81], cols=[ 1  7 10 15 16 17 19 21 22 24 26 27 29 30 31 37 38 39 43 44 49 51 52 58
 65 67 71 72])
Bicluster(rows=[41, 82], cols=[ 1  2  6  7  8 10 12 14 15 17 19 26 32 37 38 40 43 44 45 51 52 58 71])
Bicluster(rows=[41, 83], cols=[ 0  1  2  3  5  6  7 14 15 16 17 18 20 30 31 32 33 35 36 40 44 47 48 50
 60 61 62 63 64 69 72])
Bicluster(rows=[41, 84], cols=[ 0  3  6  7  9 11 12 13 14 15 16 18 20 22 24 25 26 31 32 36 38 42 43 44
 51 54 57 59 60 61 64 65 66 68 70 71])
Bicluster(rows=[41, 85], cols=[ 3  5  6  8  9 11 13 14 16 18 19 21 22 25 26 27 28 31 32 33 34 36 37 38
 39 40 41 42 44 50 57 58 59 62 68 69])
Bicluster(rows=[41, 86], cols=[ 1  2  5  8 10 12 13 14 18 19 23 27 31 32 33 34 38 39 40 43 46 47 50 54
 57 63 68 69 70])
Bicluster(rows=[41, 87], cols=[ 0  1  5  6  7  9 10 14 19 20 22 27 28 31 37 38 39 42 43 48 51 54 57 59
 60 64 65 66 68 70 71])
Bicluster(rows=[41, 88], cols=[ 2  5  7  8  9 13 18 20 21 22 23 25 26 27 30 33 34 44 45 46 47 50 52 53
 60 61 62 63 69 74])
Bicluster(rows=[41, 89], cols=[ 0  2  5  8  9 10 11 12 19 24 30 31 32 35 36 37 41 43 44 46 50 52 53 55
 62 63 69 74])
Bicluster(rows=[41, 90], cols=[ 2  5  6  7 15 16 18 23 25 26 27 28 29 31 32 34 35 36 39 42 43 44 45 46
 49 54 56 61 66 70 73 74])
Bicluster(rows=[41, 91], cols=[ 0  2  3  7  8  9 11 12 13 14 15 17 18 19 22 29 32 33 35 37 38 40 43 44
 45 46 47 51 54 56 59 60 64 65 66 68 70 71])
Bicluster(rows=[41, 92], cols=[ 6  8 10 15 18 21 25 27 29 33 35 36 37 38 40 41 46 47 48 51 54 56 57 59
 60 64 65 66 68 70 71])
Bicluster(rows=[41, 93], cols=[ 2  6 10 15 18 19 21 22 23 25 27 28 31 32 34 37 38 44 45 48 52 58 59 62
 65 71])
Bicluster(rows=[41, 94], cols=[ 1  2  4  8  9 10 11 14 17 18 20 23 24 25 26 28 30 31 34 37 43 44 45 49
 51 54 56 59 60 64 65 66 68 70])
Bicluster(rows=[41, 95], cols=[ 1  2  3  8  9 10 13 15 17 19 22 23 27 28 35 39 41 45 53 54 56 61 66 68
 70 74])
Bicluster(rows=[41, 96], cols=[ 2  3  6 12 13 17 18 19 22 23 24 28 36 39 42 43 44 50 52 57 61 62 63 69
 71])
Bicluster(rows=[41, 97], cols=[ 0  9 12 16 19 21 25 27 28 31 32 33 35 36 39 40 43 44 45 49 50 51 52 53
 55 57 59 61 62 63 65 68 69 71 74])
Bicluster(rows=[41, 98], cols=[ 1  3  4  5  7  8 11 12 14 15 17 18 19 20 21 23 24 25 27 28 30 31 33 39
 41 42 44 45 46 47 48 49 56 61 66 70 73])
Bicluster(rows=[41, 99], cols=[ 2  3  5  7  8 11 12 13 14 15 16 17 20 22 23 27 31 32 34 37 38 42 43 47
 48 50 60 62 63 68])
Bicluster(rows=[42, 43], cols=[ 4  6  8 11 19 21 25 27 31 32 35 36 38 41 43 44 46 50 52 54 57 61 64 66
 67 68 71 74])
Bicluster(rows=[42, 44], cols=[ 0  1  2  3  4  5  6  7  8 10 11 13 14 15 16 17 19 20 22 23 24 25 26 27
 28 29 30 31 32 33 34 35 36 37 38 39 40 41 42 43 44 45 46 47 48 49 51 52
 53 55 57 58 60 61 62 63 66 67 68 69 70 71 73 74])
Bicluster(rows=[42, 45], cols=[ 4  6 19 20 21 22 24 27 31 32 35 36 38 41 43 44 46 51 54 57 61 64 65 66
 68 70 72 74])
Bicluster(rows=[42, 46], cols=[ 0  2  4  5  6  7  9 10 14 15 16 18 21 22 23 24 25 26 27 28 29 30 31 32
 33 34 35 36 37 38 39 40 41 42 43 44 45 46 47 48 49 50 51 52 53 54 56 58
 60 62 63 64 66 69 70 72 74])
Bicluster(rows=[42, 47], cols=[ 6 11 18 19 22 31 32 35 36 38 41 42 43 44 54 56 57 59 61 64 65 68 69 74])
Bicluster(rows=[42, 48], cols=[ 4  5  9 11 13 17 18 19 20 21 22 23 24 25 26 27 28 29 30 31 32 33 34 35
 36 37 38 39 40 41 42 43 44 45 46 47 48 49 50 51 54 56 57 62 63 65 66 70
 71 72])
Bicluster(rows=[42, 49], cols=[ 3  9 13 14 16 17 25 26 27 28 29 30 31 32 33 34 35 36 37 38 39 40 41 42
 43 44 45 46 47 48 49 53 56 58 60 67])
Bicluster(rows=[42, 50], cols=[ 2  3  4  5  8 10 12 13 15 16 17 23 25 26 27 28 29 30 31 32 33 34 35 36
 37 38 39 40 41 42 43 44 45 46 47 48 49 50 51 57 60 63 66 67 69 70 72 73
 74])
Bicluster(rows=[42, 51], cols=[ 3  7 20 25 26 27 28 29 30 31 32 33 34 35 36 37 38 39 40 41 42 43 44 45
 46 47 48 49 53 55 58])
Bicluster(rows=[42, 52], cols=[ 9 10 13 15 17 25 26 27 28 29 30 31 32 33 34 35 36 37 38 39 40 41 42 43
 44 45 46 47 48 49 53 56 58 59 61 63 67 72 73])
Bicluster(rows=[42, 53], cols=[ 0  1  3  6  7  8 10 11 12 16 17 19 20 23 25 26 27 28 29 30 31 32 33 34
 35 36 37 38 39 40 41 42 43 44 45 46 47 48 49 51 52 55 57 59 60 61 62 68
 69 70 71])
Bicluster(rows=[42, 54], cols=[ 1  2  6 10 11 12 13 15 19 22 28 32 35 36 38 41 42 44 51 57 61 62 63 64
 65 68 69 70 71 73])
Bicluster(rows=[42, 55], cols=[ 0  1  2  3  5  7  8  9 10 12 14 16 17 20 22 23 25 26 27 28 29 30 31 32
 33 34 35 36 37 38 39 40 41 42 43 44 45 46 47 48 49 51 52 53 56 57 59 61
 62 63 65 66 67 69 70 71 73 74])
Bicluster(rows=[42, 56], cols=[ 2  3  4  5 10 11 12 23 24 27 31 32 35 36 38 41 43 44 46 51 54 57 58 59
 62 64 65 68 70 72 73])
Bicluster(rows=[42, 57], cols=[ 0  3  4  5  7  8  9 10 12 13 14 15 17 22 23 24 25 26 27 28 29 30 31 32
 33 34 35 36 37 38 39 40 41 42 43 44 45 46 47 48 49 51 52 55 56 58 59 60
 63 65 67 69 70 72 73 74])
Bicluster(rows=[42, 58], cols=[ 5  6 13 14 15 25 26 27 28 29 30 31 32 33 34 35 36 37 38 39 40 41 42 43
 44 45 46 47 48 49 51 58 67 71])
Bicluster(rows=[42, 59], cols=[ 0  1  6 11 12 13 16 18 21 22 24 25 26 27 28 29 30 31 32 33 34 35 36 37
 38 39 40 41 42 43 44 45 46 47 48 49 52 53 54 57 58 59 60 63 65 67 68 69
 70 71 72 73])
Bicluster(rows=[42, 60], cols=[ 0  2  3 11 15 17 20 23 24 25 27 34 40 45 46 48 49 53 55 56 59 61 62 63
 66 67 69 73])
Bicluster(rows=[42, 61], cols=[ 5  8  9 10 15 20 21 22 25 26 27 28 29 30 31 32 33 34 35 36 37 38 39 40
 41 42 43 44 45 46 47 48 49 50 55 56 59 60 66 71 74])
Bicluster(rows=[42, 62], cols=[ 0  1  6  7  9 10 11 12 14 15 16 19 21 23 25 26 27 28 29 30 31 32 33 34
 35 36 37 38 39 40 41 42 43 44 45 46 47 48 49 50 51 52 53 57 61 62 65 73])
Bicluster(rows=[42, 63], cols=[ 0  6  7  9 13 14 15 17 22 23 25 26 27 28 29 30 31 32 33 34 35 36 37 38
 39 40 41 42 43 44 45 46 47 48 49 52 53 55 58 59 60 61 69])
Bicluster(rows=[42, 64], cols=[ 0  2  3  4  5  6  7  8  9 12 13 14 17 20 22 23 24 25 26 27 28 29 30 31
 32 33 34 35 36 37 38 39 40 41 42 43 44 45 46 47 48 49 51 52 53 55 56 57
 58 59 61 63 66 67 69 71 72 73])
Bicluster(rows=[42, 65], cols=[ 2  3  5  6  7  8  9 10 13 15 16 20 22 24 25 26 27 28 29 30 31 32 33 34
 35 36 37 38 39 40 41 42 43 44 45 46 47 48 49 51 52 53 54 55 58 59 60 61
 63 65 67 69 70 71 72 73])
Bicluster(rows=[42, 66], cols=[ 0  1  2  3  6  8  9 10 13 14 15 17 19 21 22 35 38 43 45 49 52 53 55 56
 58 59 63 69 73])
Bicluster(rows=[42, 67], cols=[ 1  2  3  4  5  6  7  8  9 11 12 13 16 21 22 24 29 30 31 32 33 34 35 38
 39 40 41 43 44 48 50 51 54 57 59 61 62 64 65 66 67 68 70 71 72 74])
Bicluster(rows=[42, 68], cols=[ 6  7  9 13 18 19 22 25 27 28 32 34 35 36 37 39 40 41 43 45 46 49 54 56
 57 62 63 67 68 69 70])
Bicluster(rows=[42, 69], cols=[ 0  5  7  8  9 12 15 16 21 24 27 32 35 36 40 42 43 46 48 49 51 61 65 67
 71 72 73])
Bicluster(rows=[42, 70], cols=[ 2  5  9 15 16 18 21 23 26 27 30 31 33 53 54 57 58 61 62 63 66 67 68 70
 73])
Bicluster(rows=[42, 71], cols=[ 0  1  2  4  6  7 13 14 16 20 21 22 23 25 27 31 32 34 35 39 41 42 43 48
 49 54 55 57 60 61 62 64 66 68 70 73])
Bicluster(rows=[42, 72], cols=[ 0  1  7  8  9 12 13 15 16 20 21 23 24 25 31 35 39 43 45 49 50 51 54 57
 62 64 65 66 68 70 74])
Bicluster(rows=[42, 73], cols=[ 0  1  3  8 10 12 24 25 28 35 38 39 40 42 43 45 46 49 51 55 59 60 61 63
 65 67 69 71 72 73])
Bicluster(rows=[42, 74], cols=[ 2  3  4  6 12 14 16 17 20 22 23 24 25 27 31 33 34 40 43 46 51 57 62 64
 65 66 70 71 74])
Bicluster(rows=[42, 75], cols=[ 0  2  5  8 10 11 15 17 23 24 25 27 32 36 38 41 42 49 51 53 58 59 60 63
 65 67 69 71 72])
Bicluster(rows=[42, 76], cols=[ 2  5 10 12 13 17 20 24 25 27 34 38 41 42 45 46 48 49 54 57 58 61 62 63
 66 68 70])
Bicluster(rows=[42, 77], cols=[ 0  2  5 11 12 16 17 18 21 22 23 37 40 42 43 48 50 52 57 59 62 66 68 70
 71 72])
Bicluster(rows=[42, 78], cols=[ 0  2  3  4  5  6  7  8  9 12 14 15 17 20 21 22 24 25 27 28 34 35 38 40
 43 44 46 48 49 50 54 57 60 62 64 66 68 70 73])
Bicluster(rows=[42, 79], cols=[ 3  4  5  7  8 10 13 16 18 20 23 24 25 26 35 36 38 39 44 47 48 49 50 54
 55 57 62 64 66 68 70 74])
Bicluster(rows=[42, 80], cols=[ 0  1  5  6  7  8 10 14 15 16 19 20 23 24 25 27 30 31 32 35 38 40 41 46
 47 48 49 53 54 57 60 61 62 66 68 70 73])
Bicluster(rows=[42, 81], cols=[ 5  6 10 12 15 17 20 22 26 27 28 29 30 31 37 38 39 43 44 46 50 52 57 59
 61 62 64 66 67 69 70 72 74])
Bicluster(rows=[42, 82], cols=[ 2  3  5  8 10 11 16 17 24 26 28 32 35 36 37 38 40 43 44 45 49 52 57 59
 61 64 66 67 70 72 74])
Bicluster(rows=[42, 83], cols=[ 0  3  4  5  7  8 10 11 12 16 19 20 22 23 24 25 26 27 33 34 45 46 49 53
 54 57 60 61 62 66 68 70 73])
Bicluster(rows=[42, 84], cols=[ 8  9 10 11 12 13 17 23 26 29 34 35 37 39 42 45 46 47 48 51 52 57 59 61
 62 64 65 66 67 69 70 71 72 74])
Bicluster(rows=[42, 85], cols=[ 1  7  8  9 12 13 20 24 25 26 27 28 31 32 33 34 36 37 38 39 40 41 42 44
 49 56 58 61 63 64 69 74])
Bicluster(rows=[42, 86], cols=[ 1  4  6  7  8  9 10 12 16 17 20 23 25 26 27 29 32 34 38 42 43 46 49 54
 57 58 61 62 63 68 70])
Bicluster(rows=[42, 87], cols=[ 1  5  9 15 18 19 20 29 30 35 39 42 47 49 50 54 57 59 62 64 65 66 68 70
 71 72 74])
Bicluster(rows=[42, 88], cols=[ 0  1  2  3  6  8  9 12 13 14 15 22 23 24 25 26 28 30 32 33 34 42 44 45
 46 48 51 52 53 56 58 59 60 63 65 67 69 71 72])
Bicluster(rows=[42, 89], cols=[ 1  2  6  8  9 10 35 39 41 42 44 46 47 49 51 53 55 56 58 59 60 61 63 65
 67 69 71 72 73])
Bicluster(rows=[42, 90], cols=[ 3  6  9 15 22 23 24 25 27 31 32 34 36 40 43 45 46 48 54 57 60 61 62 66
 68 70 73])
Bicluster(rows=[42, 91], cols=[ 1  2  3  4  8 10 11 12 14 17 22 24 26 28 31 32 34 35 38 43 45 46 48 50
 51 54 57 62 64 65 66 68 70 74])
Bicluster(rows=[42, 92], cols=[ 0  6  8  9 10 13 15 16 24 25 26 27 28 32 36 38 41 42 44 46 48 50 51 54
 57 62 64 65 66 68 70 71 74])
Bicluster(rows=[42, 93], cols=[ 0  2  3  5  6  8 10 11 12 19 22 23 24 25 27 34 40 41 42 45 53 58 60 63
 67 69 72 73])
Bicluster(rows=[42, 94], cols=[ 0  2  3  6  8 10 12 15 19 20 23 24 34 35 36 40 41 45 46 49 52 53 55 56
 58 59 60 63 69 73])
Bicluster(rows=[42, 95], cols=[ 1  3  4  8  9 14 15 16 17 19 23 24 26 29 34 35 41 42 46 48 49 50 53 54
 57 60 61 62 64 66 68 70 73])
Bicluster(rows=[42, 96], cols=[ 3  5  7 11 12 19 23 25 26 27 28 40 44 46 52 59 61 63 64 67 69 72 74])
Bicluster(rows=[42, 97], cols=[ 1  2 19 20 21 24 30 36 37 51 55 57 58 59 60 61 62 63 64 65 66 67 69 70
 71 72 73])
Bicluster(rows=[42, 98], cols=[ 1  3  5  6  8 10 11 12 13 14 15 16 17 19 20 23 27 28 31 32 37 41 42 44
 53 54 57 61 62 66 68 70])
Bicluster(rows=[42, 99], cols=[ 2  3  8  9 10 11 12 14 17 19 23 27 31 34 36 39 40 43 45 48 52 53 55 59
 63 67 68 72])
Bicluster(rows=[43, 44], cols=[ 1  2  3  8  9 10 11 16 18 27 31 32 35 36 38 41 43 44 46 55 57 59 61 63
 66 71 74])
Bicluster(rows=[43, 45], cols=[ 0  2  3  4  5  7  9 12 14 15 16 18 19 21 25 26 27 28 29 30 31 32 33 34
 35 36 37 38 39 40 41 42 43 44 45 46 47 48 49 52 53 54 55 57 58 60 61 62
 63 64 65 66 68 69 70 72 73 74])
Bicluster(rows=[43, 46], cols=[ 2  3  4  5 10 17 20 21 25 27 31 32 34 35 36 38 41 42 43 44 45 46 48 49
 52 59 65 70 73])
Bicluster(rows=[43, 47], cols=[ 0  1  2  4  5  6  7 11 12 13 15 17 18 19 20 21 23 25 26 27 28 29 30 31
 32 33 34 35 36 37 38 39 40 41 42 43 44 45 46 47 48 49 50 51 53 54 55 57
 58 61 64 67 68 70])
Bicluster(rows=[43, 48], cols=[ 0  1  5  6  7 11 14 16 18 19 21 25 26 27 28 31 32 34 35 36 38 41 42 43
 44 45 46 48 49 50 54 56 57 59 60 61 66 69 70 71 72])
Bicluster(rows=[43, 49], cols=[ 0  2  5  6  9 11 12 13 14 15 17 19 20 21 25 26 27 28 31 32 33 34 35 36
 38 40 41 42 43 44 45 46 48 49 50 51 53 54 55 56 59 60 61 63 64 66 67 68
 71 72 73])
Bicluster(rows=[43, 50], cols=[ 4  6  7  8 10 14 15 18 21 22 24 25 26 27 28 31 32 33 34 35 36 38 40 41
 42 43 44 45 46 48 49 55 56 59 61 62 67 68])
Bicluster(rows=[43, 51], cols=[ 0  1  2  4  5  9 11 12 13 14 15 17 19 25 26 27 28 29 30 31 32 33 34 35
 36 37 38 39 40 41 42 43 44 45 46 47 48 49 50 54 55 56 58 60 61 62 63 64
 66 67 69 70 72 73])
Bicluster(rows=[43, 52], cols=[ 0  2  3  5  6  9 10 12 14 15 17 19 21 22 23 24 25 27 31 32 33 34 35 36
 38 40 41 43 44 45 46 48 49 51 54 56 58 59 60 61 63 64 65 66 67 69 72])
Bicluster(rows=[43, 53], cols=[ 5  8  9 10 11 12 13 14 15 18 19 22 24 25 27 31 32 34 35 36 38 41 42 43
 44 45 46 48 49 53 56 58 61 62 63 70 71 73])
Bicluster(rows=[43, 54], cols=[ 0  2  5  6  7  9 11 12 14 15 17 18 19 20 21 22 23 24 25 26 27 28 29 30
 31 32 33 34 35 36 37 38 39 40 41 42 43 44 45 46 47 48 49 50 53 54 55 56
 57 58 59 60 61 64 65 66 68 72 73])
Bicluster(rows=[43, 55], cols=[ 1  6  9 17 19 20 21 22 24 25 27 31 32 34 36 40 41 43 45 46 48 49 52 53
 54 59 67 68 71 72 73])
Bicluster(rows=[43, 56], cols=[ 0  2  3  4  6  7  9 11 12 13 14 15 18 20 24 25 26 27 28 29 30 31 32 33
 34 35 36 37 38 39 40 41 42 43 44 45 46 47 48 49 51 53 54 55 56 64 65 68
 69 70 72])
Bicluster(rows=[43, 57], cols=[ 2  4  6  8 11 12 13 14 16 21 24 25 27 31 34 40 43 45 46 48 49 50 51 55
 58 60 62 64 66 67 69])
Bicluster(rows=[43, 58], cols=[ 0  2  3  4  5  7 10 11 12 17 18 21 22 24 25 26 27 28 31 32 33 34 35 36
 38 39 40 41 42 43 44 45 46 47 48 49 50 53 54 55 56 57 58 59 60 61 63 65
 66 67 69 70 71 72 74])
Bicluster(rows=[43, 59], cols=[ 4  5  7 18 23 25 27 28 31 32 34 35 36 38 41 42 43 44 45 46 48 49 52 56
 57 62 67 70 71 74])
Bicluster(rows=[43, 60], cols=[ 1  4  7 12 15 17 18 24 25 26 27 28 29 30 31 32 33 34 35 36 37 38 39 40
 41 42 43 44 45 46 47 48 49 51 54 59 61 63 64 65 69 70 73])
Bicluster(rows=[43, 61], cols=[ 0  4  5  6  8 10 11 14 16 23 24 25 26 27 28 29 30 31 32 33 34 35 36 37
 38 39 40 41 42 43 44 45 46 47 48 49 51 53 54 56 61 63 64 65 68 70 71 73])
Bicluster(rows=[43, 62], cols=[ 0  5 10 11 12 18 20 22 25 27 31 32 34 35 36 38 41 43 44 45 46 48 49 50
 51 52 57 59 60 61 65 69 72])
Bicluster(rows=[43, 63], cols=[ 2  5  7  9 11 13 15 17 18 19 20 21 24 25 27 31 32 33 34 35 36 38 40 41
 43 44 45 46 48 49 50 52 53 57 58 60 61 63 65 66 69 70 71 72 73])
Bicluster(rows=[43, 64], cols=[ 5  9 11 13 14 18 20 21 24 25 27 34 40 45 46 48 49 52 55 56 57 58 61 63
 64 65 71 72 73 74])
Bicluster(rows=[43, 65], cols=[ 0  1  2  4  5  7  8 10 11 12 15 19 21 23 25 27 31 32 34 35 36 38 40 41
 43 45 46 48 49 50 52 53 66 67 70])
Bicluster(rows=[43, 66], cols=[ 1  2  8  9 11 12 13 14 15 17 18 27 28 33 36 37 39 42 47 48 49 50 51 53
 54 55 58 59 60 63 64 65 66 68 69 72 73 74])
Bicluster(rows=[43, 67], cols=[ 4  5  6  8 11 12 14 20 21 23 26 28 31 32 35 38 40 41 43 44 45 47 49 50
 52 53 56 57 58 60 61 63 64 66 69 71 72 73 74])
Bicluster(rows=[43, 68], cols=[ 1  5  8 10 20 25 26 27 28 32 34 35 36 37 38 39 40 41 42 43 45 46 49 53
 60 61 64 73 74])
Bicluster(rows=[43, 69], cols=[ 0  4  5  6 10 12 16 19 24 26 29 30 32 34 35 36 43 50 51 53 54 58 59 61
 63 64 66 68 69 72 73])
Bicluster(rows=[43, 70], cols=[ 1  2  5  8  9 15 17 18 24 25 28 32 36 38 41 42 44 46 47 49 50 52 53 56
 57 58 60 61 63 64 66 70 71 72 73 74])
Bicluster(rows=[43, 71], cols=[ 5 10 12 15 18 21 25 26 27 31 32 34 35 40 41 42 43 45 51 56 57 59 61 65
 70 72])
Bicluster(rows=[43, 72], cols=[ 2  8 12 21 22 25 26 31 35 36 40 43 46 47 48 50 53 54 56 58 60 61 63 64
 65 66 68 69 72 73 74])
Bicluster(rows=[43, 73], cols=[ 1  4  5  6  8 10 11 14 15 16 17 18 19 20 21 23 26 29 30 32 36 37 40 44
 47 48 49 52 55 56 57 61 62 67 70 71])
Bicluster(rows=[43, 74], cols=[ 0  1  6  9 15 21 25 27 28 31 36 39 42 43 44 46 47 48 49 50 52 53 56 57
 58 60 61 63 64 66 71 72 73 74])
Bicluster(rows=[43, 75], cols=[ 0  1  2  5  6  7 12 17 19 21 23 26 28 29 30 31 32 34 36 38 40 42 44 45
 51 56 57 59 61 63 65 70 72])
Bicluster(rows=[43, 76], cols=[ 0  2  5  6  7  9 11 12 13 15 19 21 24 29 52 56 57 58 60 61 63 64 71 73
 74])
Bicluster(rows=[43, 77], cols=[ 0  1  2  3  4  5  7  8  9 11 12 17 19 25 27 28 29 30 32 35 38 39 44 45
 47 49 51 56 57 62 65 67 70 72])
Bicluster(rows=[43, 78], cols=[ 1  2  6  8 11 12 21 22 23 26 27 33 34 35 37 38 42 43 44 45 46 47 50 54
 58 61 63 64 66 68 69])
Bicluster(rows=[43, 79], cols=[ 2 10 14 15 18 19 20 27 29 30 32 33 34 35 36 38 40 44 46 50 51 53 54 58
 59 61 63 64 66 68 69 72 73])
Bicluster(rows=[43, 80], cols=[ 3  5  6  7  8  9 10 21 22 26 27 29 31 32 34 35 37 38 41 42 45 50 54 56
 58 59 61 63 66 68 69 72])
Bicluster(rows=[43, 81], cols=[ 1  5  6  9 12 15 17 18 20 26 28 32 35 36 39 41 42 44 45 47 50 53 56 57
 58 60 63 64 66 69 71 72 73 74])
Bicluster(rows=[43, 82], cols=[ 1  2  4  5  8  9 14 15 16 17 18 23 26 28 29 30 34 35 36 39 41 44 47 50
 56 57 58 60 63 64 66 69 71 72 73 74])
Bicluster(rows=[43, 83], cols=[ 0  4  5  6 18 21 22 24 29 31 33 36 37 38 39 40 41 42 48 52 53 56 57 58
 60 61 62 63 64 66 67 70 73 74])
Bicluster(rows=[43, 84], cols=[ 0  1  4  6  7 11 12 17 18 24 25 26 30 31 32 36 37 38 39 43 44 47 49 50
 51 53 54 58 59 60 63 64 65 66 68 69 72 73 74])
Bicluster(rows=[43, 85], cols=[ 1  4  5  8 11 17 19 25 26 27 28 29 30 31 32 33 34 36 37 38 39 40 41 42
 44 49 51 62 65 67 70])
Bicluster(rows=[43, 86], cols=[ 0  2  4  7 11 14 17 18 20 22 24 28 36 37 39 44 45 47 56 58 61 62 64 67
 70 73 74])
Bicluster(rows=[43, 87], cols=[ 0  2  3  4  5  7 10 11 15 18 19 20 23 27 28 31 38 39 43 47 48 50 53 54
 56 57 58 60 61 63 64 65 66 68 69 72 73 74])
Bicluster(rows=[43, 88], cols=[ 1  8 11 13 14 15 16 18 21 25 27 29 33 34 37 39 45 50 52 53 56 57 58 60
 61 62 63 64 66 67 70 71 73 74])
Bicluster(rows=[43, 89], cols=[ 2  4  5  6  9 12 13 19 21 23 25 27 30 34 37 39 47 50 51 53 54 55 58 59
 63 64 65 66 68 69 72 73])
Bicluster(rows=[43, 90], cols=[ 1  5  7 17 18 25 26 27 28 29 31 32 34 35 36 39 42 43 44 45 46 47 48 49
 50 54 56 58 59 61 63 66 68 69 72])
Bicluster(rows=[43, 91], cols=[ 0  4  7  8 11 12 13 15 18 19 20 23 29 30 32 33 35 38 39 40 43 44 45 46
 50 51 53 54 58 59 60 63 64 65 66 68 69 72 73 74])
Bicluster(rows=[43, 92], cols=[ 1  3  6  8 10 17 18 25 27 29 32 33 35 36 37 38 39 40 41 46 47 48 50 53
 54 56 57 58 60 61 63 64 65 66 68 69 71 72 73 74])
Bicluster(rows=[43, 93], cols=[ 2  5  7  9 13 18 24 26 28 29 35 36 39 44 46 49 52 56 57 58 60 61 62 63
 64 70 71 73 74])
Bicluster(rows=[43, 94], cols=[ 2  8 10 11 18 20 22 24 25 26 27 28 29 32 39 43 49 50 51 53 54 55 58 59
 60 61 63 64 65 66 68 69 72 73 74])
Bicluster(rows=[43, 95], cols=[ 4  8 10 13 19 26 27 28 33 35 39 40 41 42 45 47 50 54 56 58 59 61 63 66
 68 69 72])
Bicluster(rows=[43, 96], cols=[ 5  6  7  9 11 12 13 14 16 18 20 26 28 36 37 43 50 53 56 57 58 60 61 63
 64 66 71 72 73 74])
Bicluster(rows=[43, 97], cols=[ 2  9 18 20 21 24 26 27 32 33 35 40 45 47 49 50 51 53 54 55 58 59 60 61
 63 64 65 66 68 69 72 73 74])
Bicluster(rows=[43, 98], cols=[ 2  5  6  7  8  9 11 12 16 19 20 24 25 27 28 29 30 31 33 41 42 44 45 46
 47 48 49 50 54 56 58 61 63 66 68 69])
Bicluster(rows=[43, 99], cols=[ 1  4  5  6  7  8 11 20 27 31 32 34 37 38 42 43 48 56 58 60 62 67 68 69
 70])
Bicluster(rows=[44, 45], cols=[ 2  3  5  6 11 15 16 20 24 31 32 35 36 38 41 43 44 50 51 52 55 56 57 61
 63 66 67 70 74])
Bicluster(rows=[44, 46], cols=[ 0  2  3  5  6  7 10 12 14 15 16 22 23 24 25 26 27 28 29 30 31 32 33 34
 35 36 37 38 39 40 41 42 43 44 45 46 47 48 49 50 51 52 53 54 59 60 62 64
 66 67 70 74])
Bicluster(rows=[44, 47], cols=[ 1 22 25 26 27 28 29 30 31 32 33 34 35 36 37 38 39 40 41 42 43 44 45 46
 47 48 49 56 60 65 70])
Bicluster(rows=[44, 48], cols=[ 1  4  5 11 13 16 17 18 19 22 23 25 26 27 28 29 30 31 32 33 34 35 36 37
 38 39 40 41 42 43 44 45 46 47 48 49 51 56 57 59 62 63 66 67 70 71 72])
Bicluster(rows=[44, 49], cols=[ 0 13 17 20 21 22 25 26 27 28 29 30 31 32 33 34 35 36 37 38 39 40 41 42
 43 44 45 46 47 48 49 53 58 60 65])
Bicluster(rows=[44, 50], cols=[ 0  1  2  3  4  5  8  9 10 12 16 17 18 21 25 26 27 28 29 30 31 32 33 34
 35 36 37 38 39 40 41 42 43 44 45 46 47 48 49 51 54 57 61 62 63 64 66 69
 70 72 73 74])
Bicluster(rows=[44, 51], cols=[ 1  3  7 13 18 20 21 25 26 27 28 29 30 31 32 33 34 35 36 37 38 39 40 41
 42 43 44 45 46 47 48 49 53 58 65])
Bicluster(rows=[44, 52], cols=[ 0  4 10 12 13 15 17 20 21 22 25 26 27 28 29 30 31 32 33 34 35 36 37 38
 39 40 41 42 43 44 45 46 47 48 49 50 53 58 61 65 67 73 74])
Bicluster(rows=[44, 53], cols=[ 0  3  6  7  8  9 10 11 15 16 17 18 23 25 26 27 28 29 30 31 32 33 34 35
 36 37 38 39 40 41 42 43 44 45 46 47 48 49 50 51 55 56 60 61 62 63 64 67
 68 70 71 74])
Bicluster(rows=[44, 54], cols=[ 2  5  7  9 11 13 15 18 19 21 26 28 42 44 50 51 52 54 55 56 57 59 61 62
 67 69 70 71 73])
Bicluster(rows=[44, 55], cols=[ 1  2  3  4  5  7  8 10 12 14 17 18 20 21 22 23 24 25 26 27 28 29 30 31
 32 33 34 35 36 37 38 39 40 41 42 43 44 45 46 47 48 49 50 51 52 53 55 56
 57 61 62 63 64 65 66 69 70 71 73 74])
Bicluster(rows=[44, 56], cols=[ 2  5  8  9 10 14 18 21 22 23 24 31 32 35 36 38 41 43 44 51 52 55 58 62
 66 67 69 70 73])
Bicluster(rows=[44, 57], cols=[ 0  1  4  7  8 10 12 13 14 17 20 21 22 23 24 25 26 27 28 29 30 31 32 33
 34 35 36 37 38 39 40 41 42 43 44 45 46 47 48 49 50 51 55 58 60 63 64 65
 67 68 69 70 71 74])
Bicluster(rows=[44, 58], cols=[ 0  4  6  9 10 12 13 15 25 26 27 28 29 30 31 32 33 34 35 36 37 38 39 40
 41 42 43 44 45 46 47 48 49 51 58 64 65 71 73])
Bicluster(rows=[44, 59], cols=[ 6  9 11 12 13 15 22 24 25 26 27 28 29 30 31 32 33 34 35 36 37 38 39 40
 41 42 43 44 45 46 47 48 49 53 54 56 57 58 60 64 65 69 70 71 73])
Bicluster(rows=[44, 60], cols=[ 1  4  5  7  9 12 17 24 25 27 31 32 34 35 36 41 43 45 46 48 50 57 60 62
 64 65 66 68 73])
Bicluster(rows=[44, 61], cols=[ 0  8 10 12 15 20 22 25 26 27 28 29 30 31 32 33 34 35 36 37 38 39 40 41
 42 43 44 45 46 47 48 49 50 52 55 60 65 66 71 72 74])
Bicluster(rows=[44, 62], cols=[ 6  7  9 10 11 14 15 16 18 19 23 25 26 27 28 29 30 31 32 33 34 35 36 37
 38 39 40 41 42 43 44 45 46 47 48 49 50 51 52 53 56 57 59 64 66 70 72 74])
Bicluster(rows=[44, 63], cols=[ 0  1  6 10 12 13 14 15 17 20 21 22 23 25 26 27 28 29 30 31 32 33 34 35
 36 37 38 39 40 41 42 43 44 45 46 47 48 49 51 52 53 54 55 57 58 60 61 64
 65 71])
Bicluster(rows=[44, 64], cols=[ 1  2  3  5  6  7  8 13 14 17 18 21 22 23 24 25 26 27 28 29 30 31 32 33
 34 35 36 37 38 39 40 41 42 43 44 45 46 47 48 49 50 51 52 53 54 55 56 57
 58 61 64 65 66 68 69 71 73])
Bicluster(rows=[44, 65], cols=[ 0  1  3  4  5  6  7  8 10 12 13 14 15 16 18 20 22 24 25 26 27 28 29 30
 31 32 33 34 35 36 37 38 39 40 41 42 43 44 45 46 47 48 49 51 53 54 55 56
 59 60 61 63 64 68 69 70 71 73])
Bicluster(rows=[44, 66], cols=[ 1  2  5  6  7  8  9 10 18 20 21 23 27 36 44 45 52 55 56 62 63 66 67 70
 74])
Bicluster(rows=[44, 67], cols=[ 1  4  5  6  7  8 11 13 14 22 24 27 29 30 31 32 33 34 35 38 39 41 43 44
 46 48 50 51 52 54 56 57 61 62 63 65 66 67 68 69 70 71 74])
Bicluster(rows=[44, 68], cols=[ 0  1  4  6 10 12 13 18 20 25 27 28 32 34 35 36 37 39 40 41 43 45 46 49
 50 54 57 58 59 62 68 69])
Bicluster(rows=[44, 69], cols=[ 1  3  5  6  8 12 14 24 28 33 37 38 46 47 48 50 53 55 61 64 73])
Bicluster(rows=[44, 70], cols=[ 0  2  4  8  9 18 20 28 32 36 38 44 45 46 54 56 57 62 63 65 66 67 68 70
 71 74])
Bicluster(rows=[44, 71], cols=[ 0  1  2  6  7 13 16 18 20 22 23 24 26 29 32 35 36 43 47 50 53 56 59 60
 61 62 63 64 66 67 70 72 73])
Bicluster(rows=[44, 72], cols=[ 0  1  2 11 13 14 20 24 26 31 36 39 41 43 45 49 50 51 52 54 56 57 62 63
 66 67 68 69 70 71 74])
Bicluster(rows=[44, 73], cols=[ 4  8  9 17 20 21 22 24 25 28 35 38 39 40 45 46 49 50 52 54 57 61 62 63
 68 69 70])
Bicluster(rows=[44, 74], cols=[ 1  4  9 11 17 20 25 31 33 34 36 40 43 51 52 54 56 57 62 63 66 67 68 70
 71 74])
Bicluster(rows=[44, 75], cols=[ 2  4  8 16 17 22 31 32 33 36 38 42 50 52 53 54 56 57 60 61 62 63 64 68
 69 70 73])
Bicluster(rows=[44, 76], cols=[ 0  1  4  5  8 10 13 14 17 20 21 22 24 25 27 34 35 38 41 42 45 46 48 49
 50 56 59 61 62 63 64 67 70 72])
Bicluster(rows=[44, 77], cols=[ 1  8  9 10 11 13 14 16 18 19 20 25 27 28 32 33 38 44 49 50 52 53 54 56
 57 59 60 61 62 63 64 67 68 69 70 73])
Bicluster(rows=[44, 78], cols=[ 1  2  4  5  6  7  8 15 17 18 24 25 27 28 31 34 35 38 40 43 44 46 48 49
 53 56 59 60 62 63 66 67 70 72])
Bicluster(rows=[44, 79], cols=[ 0  2  4  8 12 13 14 15 18 21 22 24 25 26 31 35 36 38 39 41 43 44 45 47
 48 49 50 52 54 56 57 61 62 63 66 67 68 69 70])
Bicluster(rows=[44, 80], cols=[ 1  3  4  5  6  7  8  9 10 14 15 18 19 20 23 24 25 27 30 32 35 36 38 40
 41 42 46 47 48 49 50 53 56 59 60 61 62 63 64 66 67 70 72 73])
Bicluster(rows=[44, 81], cols=[ 4  6  7 10 13 15 17 18 21 25 31 36 41 42 46 54 56 57 62 63 65 66 67 68
 70 71 74])
Bicluster(rows=[44, 82], cols=[ 4  5  8  9 10 11 12 14 15 16 17 18 21 22 24 26 28 35 36 37 38 40 41 44
 45 49 54 56 57 62 63 65 66 67 68 69 70 71 74])
Bicluster(rows=[44, 83], cols=[ 1  2  5  6  7  8  9 10 11 16 18 19 20 22 23 24 25 26 27 33 34 45 46 49
 53 56 59 60 61 62 63 64 67 70 72 73])
Bicluster(rows=[44, 84], cols=[ 2  4  6  7  8 10 11 12 13 23 26 29 34 35 37 39 42 45 46 47 48 50 51 52
 54 56 57 61 62 63 65 66 67 68 69 70 71 74])
Bicluster(rows=[44, 85], cols=[ 0  7  8 13 22 24 25 26 27 28 32 33 34 36 37 38 39 40 41 42 44 50 61 63
 69 74])
Bicluster(rows=[44, 86], cols=[ 0  1  4 10 18 20 21 23 25 26 27 29 32 34 35 38 41 42 46 50 56 57 58 59
 62 67 69 70 72])
Bicluster(rows=[44, 87], cols=[ 1  2  3  4  7 13 15 18 28 29 35 42 47 49 50 51 52 54 56 57 61 62 63 65
 66 67 68 69 70 71 74])
Bicluster(rows=[44, 88], cols=[ 2  3  9 10 14 15 18 19 20 21 26 28 30 32 33 41 42 46 48 49 50 52 53 54
 56 57 59 60 61 62 63 64 67 68 69 70 73])
Bicluster(rows=[44, 89], cols=[ 2  6  8 10 12 18 21 33 35 37 39 44 46 49 50 52 53 54 56 57 60 61 62 63
 64 68 69 70 73])
Bicluster(rows=[44, 90], cols=[ 0  1  4  6 12 14 15 17 18 20 21 23 24 25 27 31 32 34 35 36 40 43 45 46
 48 53 56 59 60 61 62 63 66 67 70 72 73])
Bicluster(rows=[44, 91], cols=[ 0  1  4  6  8 12 13 14 16 17 20 22 24 31 33 37 38 40 42 44 45 46 47])
Bicluster(rows=[44, 92], cols=[ 1  3  6 10 12 13 14 15 18 20 22 24 25 26 28 32 36 38 41 42 44 46 51 52
 54 56 57 62 63 66 67 68 70 74])
Bicluster(rows=[44, 93], cols=[ 1  2  3  5  8 10 11 19 24 25 34 40 41 42 45 48 50 53 56 57 59 60 61 62
 63 64 67 69 70 73])
Bicluster(rows=[44, 94], cols=[ 5  6  7  8 10 14 17 18 19 20 22 23 31 34 38 40 42 44 45 47 49 58 60 65])
Bicluster(rows=[44, 95], cols=[ 0  1 12 15 17 20 21 22 23 25 26 29 31 34 35 42 43 44 46 48 50 52 53 54
 56 57 59 60 61 62 63 64 67 68 69 70 73])
Bicluster(rows=[44, 96], cols=[ 0  1  5  6  7  9 11 16 18 19 21 22 23 25 26 27 28 36 40 46 48 50 51 54
 56 57 62 63 65 68 69 70 71 74])
Bicluster(rows=[44, 97], cols=[ 1  3 12 18 21 24 25 27 28 31 33 36 38 39 43 44 45 49 53 58 60 64 65 73])
Bicluster(rows=[44, 98], cols=[ 0  2  5  8  9 10 11 15 16 17 21 22 23 27 28 31 41 42 44 45 48 53 56 59
 60 61 62 63 64 66 67 70 72 73])
Bicluster(rows=[44, 99], cols=[ 0  1  8 11 15 17 19 21 22 23 31 32 34 39 40 43 45 48 50 51 53 54 56 62
 63 64 65 71 74])
Bicluster(rows=[45, 46], cols=[ 1  3  4  5  6 17 21 24 25 27 31 32 34 35 36 38 41 43 44 45 46 48 50 51
 54 62 67 71 73 74])
Bicluster(rows=[45, 47], cols=[ 0  2  3  5  6  7  8  9 10 12 14 16 17 19 21 22 23 25 26 27 28 29 30 31
 32 33 34 35 36 37 38 39 40 41 42 43 44 45 46 47 48 49 50 52 53 54 55 57
 58 59 61 64 65 67 68 69 71 73 74])
Bicluster(rows=[45, 48], cols=[ 2  5  6  7 10 14 16 18 20 23 25 27 31 32 34 35 36 38 41 42 43 44 45 46
 48 49 53 54 57 59 60 61 62 67 68 69 72])
Bicluster(rows=[45, 49], cols=[ 0  1  2  5  7  8  9 10 12 14 15 19 21 22 23 25 26 27 28 29 30 31 32 33
 34 35 36 37 38 39 40 41 42 43 44 45 46 47 48 49 50 51 54 55 57 59 61 63
 64 65 68 70 72 73 74])
Bicluster(rows=[45, 50], cols=[ 4  5  6  7 13 14 15 18 21 22 25 26 27 28 29 30 31 32 33 34 35 36 37 38
 39 40 41 42 43 44 45 46 47 48 49 52 55 56 59 61 62 64 68])
Bicluster(rows=[45, 51], cols=[ 0  2  4  5  6  8  9 10 12 14 15 16 17 18 19 20 21 22 23 25 26 27 28 29
 30 31 32 33 34 35 36 37 38 39 40 41 42 43 44 45 46 47 48 49 50 51 52 54
 55 56 59 60 61 62 63 64 65 66 67 69 70 71 72 73])
Bicluster(rows=[45, 52], cols=[ 4  5  6  7  8  9 13 14 15 22 23 25 26 27 28 29 30 31 32 33 34 35 36 37
 38 39 40 41 42 43 44 45 46 47 48 49 50 51 52 55 57 59 60 61 62 63 64 65
 66 68 70 72])
Bicluster(rows=[45, 53], cols=[ 3  6 12 14 15 16 18 25 27 31 32 34 35 36 38 41 43 45 46 48 51 53 55 56
 59 61 62 63 67 68 70 73])
Bicluster(rows=[45, 54], cols=[ 0  1  2  5  7  8  9 10 11 12 13 14 15 17 19 21 22 25 26 27 28 29 30 31
 32 33 34 35 36 37 38 39 40 41 42 43 44 45 46 47 48 49 50 51 52 53 54 55
 56 57 58 60 61 64 65 66 67 68 70 71 73])
Bicluster(rows=[45, 55], cols=[ 4  6  9 15 18 20 25 26 27 28 29 30 31 32 33 34 35 36 37 38 39 40 41 42
 43 44 45 46 47 48 49 50 59 61 72])
Bicluster(rows=[45, 56], cols=[ 0  2  3  4  5  7  8 10 12 14 17 18 23 25 26 27 28 29 30 31 32 33 34 35
 36 37 38 39 40 41 42 43 44 45 46 47 48 49 51 54 55 56 57 59 64 65 67 68
 69 70 71 72 74])
Bicluster(rows=[45, 57], cols=[ 4  5  6 13 15 24 25 26 27 28 29 30 31 32 33 34 35 36 37 38 39 40 41 42
 43 44 45 46 47 48 49 50 51 52 57 61])
Bicluster(rows=[45, 58], cols=[ 0  2  3  4  5  7  8 12 13 14 17 18 21 22 23 25 26 27 28 29 30 31 32 33
 34 35 36 37 38 39 40 41 42 43 44 45 46 47 48 49 50 51 53 54 55 56 57 59
 60 61 62 63 64 65 69 70 72 74])
Bicluster(rows=[45, 59], cols=[ 3  8 13 14 17 24 25 26 27 28 29 30 31 32 33 34 35 36 37 38 39 40 41 42
 43 44 45 46 47 48 49 50 52 59 61 65 66])
Bicluster(rows=[45, 60], cols=[ 8 10 13 19 20 22 24 25 27 28 31 32 34 35 36 38 41 42 43 44 45 46 48 49
 50 66])
Bicluster(rows=[45, 61], cols=[ 2  4  5  6  7  9 14 16 17 19 20 23 25 26 27 28 29 30 31 32 33 34 35 36
 37 38 39 40 41 42 43 44 45 46 47 48 49 51 53 54 57 61 62 63 64 65 67 68
 70 73])
Bicluster(rows=[45, 62], cols=[ 5  6  8 17 18 19 21 22 24 25 27 31 32 34 35 36 38 41 42 43 44 45 46 48
 50 51 52 58 59 61 62 65 69 72])
Bicluster(rows=[45, 63], cols=[ 5  6  7  8  9 15 21 25 26 27 28 29 30 31 32 33 34 35 36 37 38 39 40 41
 42 43 44 45 46 47 48 49 50 51 56 61 62 63 65 66 67 72 73 74])
Bicluster(rows=[45, 64], cols=[13 18 20 24 25 26 27 28 29 30 31 32 33 34 35 36 37 38 39 40 41 42 43 44
 45 46 47 48 49 55 61 62 65 70 72])
Bicluster(rows=[45, 65], cols=[ 4  5 12 13 15 18 19 20 21 23 24 25 26 27 28 29 30 31 32 33 34 35 36 37
 38 39 40 41 42 43 44 45 46 47 48 49 50 52 57 62])
Bicluster(rows=[45, 66], cols=[ 2  3  5  6  8 10 12 16 17 20 22 23 28 29 34 36 37 39 47 48 53 54 56 58
 60 63 66 67 68 69 71 73 74])
Bicluster(rows=[45, 67], cols=[ 4  5 12 14 21 26 28 31 32 35 38 40 41 43 44 45 47 49 52 53 54 56 57 58
 59 60 62 63 65 66 67 69 70 72 73])
Bicluster(rows=[45, 68], cols=[ 4  5 13 16 24 25 26 27 28 32 34 35 36 37 39 40 41 42 43 45 46 48 49 53
 60 61 64 73 74])
Bicluster(rows=[45, 69], cols=[ 1  4  8 12 14 16 17 18 19 26 29 30 32 34 35 36 39 43 53 54 55 56 57 58
 63 64 66 67 68 69 71 73 74])
Bicluster(rows=[45, 70], cols=[ 2  3  4  8 16 17 20 21 22 25 28 36 38 41 44 47 49 52 54 56 57 58 59 60
 63 65 66 67 68 69 70 72 73])
Bicluster(rows=[45, 71], cols=[ 6  9 16 17 18 20 21 25 26 27 31 32 34 35 36 40 43 45 48 50 54 57 61 62
 63 64 67 68 69 70 71 72])
Bicluster(rows=[45, 72], cols=[ 2 10 11 12 18 20 21 24 25 26 28 29 30 31 36 40 41 42 43 46 47 48 51 52
 53 54 56 57 58 59 60 62 63 64 65 66 67 68 69 70 72 73 74])
Bicluster(rows=[45, 73], cols=[ 0  3  4  7 10 12 15 18 20 27 29 31 34 41 42 47 53 54 55 56 57 58 63 64
 66 67 68 69 70 71 73 74])
Bicluster(rows=[45, 74], cols=[ 0  4  8 11 16 18 20 21 22 24 27 28 29 31 36 42 43 44 46 47 48 49 51 52
 53 54 56 57 58 59 60 62 63 64 65 66 67 68 69 70 72 73 74])
Bicluster(rows=[45, 75], cols=[ 0  2  7  8  9 10 11 15 16 18 19 21 22 26 28 29 30 31 32 34 36 37 38 40
 42 45 47 50 54 57 61 62 63 64 67 69 70 71 72])
Bicluster(rows=[45, 76], cols=[ 4  5  6  7  8  9 13 14 18 28 29 32 35 38 42 47 54 57 61 63 67 68 69 70
 71])
Bicluster(rows=[45, 77], cols=[ 0  2  3  4  5  7  8  9 12 13 15 16 17 18 19 20 22 24 25 27 28 29 30 32
 38 39 44 45 47 50 52 57 59 61 62 70 71 72])
Bicluster(rows=[45, 78], cols=[ 6 13 18 20 21 22 23 24 25 26 27 31 33 34 35 38 42 43 44 45 46 50 54 56
 57 61 63 64 67 68 69 70 71])
Bicluster(rows=[45, 79], cols=[ 2  4  5  6  8  9 13 14 15 19 24 27 29 32 34 35 36 38 40 44 46 53 54 55
 56 57 58 63 64 66 67 68 69 71 73 74])
Bicluster(rows=[45, 80], cols=[ 3  5  6  9 12 13 18 19 20 24 26 27 31 32 34 35 38 39 41 42 45 50 54 57
 61 62 63 67 68 69 70 71 72])
Bicluster(rows=[45, 81], cols=[ 5  9 12 15 22 24 26 28 34 36 38 41 44 45 47 48 52 53 57 58 60 62 63 66
 67 69 70 72 73])
Bicluster(rows=[45, 82], cols=[ 0  3  4  5  6  8 14 16 21 22 26 27 28 29 34 39 47 51 52 53 54 57 58 59
 60 63 65 66 67 68 69 73])
Bicluster(rows=[45, 83], cols=[ 1  4  5  7  8 10 13 15 22 23 29 30 31 33 36 37 38 39 41 42 47 48 50 53
 60 61 62 64 73 74])
Bicluster(rows=[45, 84], cols=[ 0  2  4  6  7  8  9 10 12 13 18 25 26 31 32 36 38 43 44 49 51 52 53 54
 56 57 58 59 60 63 65 66 67 68 69 70 72 73 74])
Bicluster(rows=[45, 85], cols=[ 6  9 15 17 18 19 20 21 22 23 24 25 26 27 28 29 30 31 32 33 34 36 37 38
 39 40 41 44 52 59 62 71 72])
Bicluster(rows=[45, 86], cols=[ 4  5 13 18 20 25 27 31 32 33 34 35 38 40 41 42 43 46 49 50 54 57 62 70
 71 72])
Bicluster(rows=[45, 87], cols=[ 0  2  3  4  5  6  7  8  9 13 15 17 19 27 28 31 37 38 39 43 48 51 52 53
 54 56 57 58 59 60 63 65 66 67 68 69 70 72 73 74])
Bicluster(rows=[45, 88], cols=[ 6  9 10 14 16 17 21 23 24 27 29 33 34 35 37 39 52 53 57 59 60 62 63 64
 67 70 72 73 74])
Bicluster(rows=[45, 89], cols=[ 1  2  4  5  8  9 10 12 15 16 17 19 21 25 27 34 39 42 53 54 56 57 58 63
 66 67 68 69 71 73 74])
Bicluster(rows=[45, 90], cols=[ 5  6  7 13 18 20 22 23 24 25 26 27 28 29 31 32 34 35 36 39 42 43 44 45
 46 47 49 54 56 57 61 63 64 67 68 69 70 71])
Bicluster(rows=[45, 91], cols=[ 4  9 15 18 23 24 29 31 32 33 37 38 40 43 44 45 46 47 51 52 53 54 56 57
 58 59 60 62 63 64 65 66 67 68 69 70 72 73 74])
Bicluster(rows=[45, 92], cols=[ 3  6 14 16 17 20 25 27 29 32 33 35 36 37 38 39 40 41 46 47 48 51 52 53
 54 56 57 58 59 60 62 63 64 65 66 67 68 69 70 72 73 74])
Bicluster(rows=[45, 93], cols=[ 1  5  7  8  9 15 16 18 20 22 28 29 35 36 39 44 46 47 49 50 53 57 60 62
 63 70 72 73])
Bicluster(rows=[45, 94], cols=[ 1  5  9 13 18 22 23 25 26 27 28 30 32 37 43 49 53 54 56 57 58 59 60 63
 66 67 68 69 70 71 73 74])
Bicluster(rows=[45, 95], cols=[ 1  9 15 16 18 19 20 23 24 26 27 35 39 41 42 45 47 54 56 57 63 64 66 67
 68 69 71])
Bicluster(rows=[45, 96], cols=[ 0  1  4  5  6  7 13 17 21 23 30 32 34 38 41 45 47 49 50 52 57 59 61 62
 70 71 72])
Bicluster(rows=[45, 97], cols=[ 1  2  9 12 18 19 21 27 29 31 32 33 35 40 45 47 49 52 53 54 55 57 59 62
 63 64 65 67 68 69 70 72 73 74])
Bicluster(rows=[45, 98], cols=[ 2  3  5  7  8 11 12 13 15 16 18 19 23 25 27 28 30 31 33 41 42 44 45 46
 47 48 49 56 61 63 66 67 68 69])
Bicluster(rows=[45, 99], cols=[ 1  3  8  9 10 11 12 16 18 21 22 23 25 29 36 51 52 54 55 56 58 59 60 63
 64 65 67 68 70 73 74])
Bicluster(rows=[46, 47], cols=[ 2  3  5  8 17 18 20 22 25 27 31 32 34 35 36 38 41 43 44 45 46 48 49 56
 66 70 71 73 74])
Bicluster(rows=[46, 48], cols=[ 4  5  9 15 17 20 21 22 24 25 26 27 28 29 30 31 32 33 34 35 36 37 38 39
 40 41 42 43 44 45 46 47 48 49 51 54 56 59 61 62 63 66 67 70 73])
Bicluster(rows=[46, 49], cols=[ 1  8 16 17 18 21 25 27 31 32 34 35 36 38 41 43 45 46 48 49 57 58 59 61
 71 73 74])
Bicluster(rows=[46, 50], cols=[ 5 10 11 12 15 16 19 20 25 26 27 28 29 30 31 32 33 34 35 36 37 38 39 40
 41 42 43 44 45 46 47 48 49 50 51 55 56 58 60 63 64 65 66 68 70 72 74])
Bicluster(rows=[46, 51], cols=[ 4  6 13 16 17 19 22 24 28 31 32 35 36 38 41 42 43 44 50 51 53 54 57 58
 62 70 71 73])
Bicluster(rows=[46, 52], cols=[10 11 12 14 15 19 23 25 26 27 28 29 30 31 32 33 34 35 36 37 38 39 40 41
 42 43 44 45 46 47 48 49 50 53 55 56 63 69 72])
Bicluster(rows=[46, 53], cols=[ 0  1  3  6  7 10 16 17 19 20 23 25 26 27 28 29 30 31 32 33 34 35 36 37
 38 39 40 41 42 43 44 45 46 47 48 49 50 51 52 57 58 60 62 65 67 69 70 72
 73 74])
Bicluster(rows=[46, 54], cols=[ 1  2  8 13 16 17 18 20 21 25 27 31 32 34 35 36 38 40 41 43 45 46 48 49
 54 59 65 66 67 71 73])
Bicluster(rows=[46, 55], cols=[ 0  2  7  9 10 13 14 19 25 26 27 28 29 30 31 32 33 34 35 36 37 38 39 40
 41 42 43 44 45 46 47 48 49 50 51 52 53 56 58 62 63 64 66 68 70 72 74])
Bicluster(rows=[46, 56], cols=[ 1  2  4 10 13 17 19 20 22 24 25 27 31 32 34 35 36 38 41 43 44 45 46 48
 49 51 53 54 62 71])
Bicluster(rows=[46, 57], cols=[ 0  7  9 10 12 14 15 19 22 23 24 25 26 27 28 29 30 31 32 33 34 35 36 37
 38 39 40 41 42 43 44 45 46 47 48 49 53 56 58 60 63 64 69 70 72])
Bicluster(rows=[46, 58], cols=[ 1  3  5  8  9 10 13 15 16 18 19 21 25 27 31 32 34 35 36 38 41 43 45 46
 51 59 61 62 64 65 66 73])
Bicluster(rows=[46, 59], cols=[ 0  4  5  6 12 18 22 24 25 26 27 28 29 30 31 32 33 34 35 36 37 38 39 40
 41 42 43 44 45 46 47 48 49 51 53 54 60 63 64 70 72])
Bicluster(rows=[46, 60], cols=[ 0  5  6  7  8 12 15 23 25 27 31 32 34 35 36 38 40 41 43 45 46 48 49 50
 52 55 58 60 63 69 70])
Bicluster(rows=[46, 61], cols=[ 1  4  5 10 15 18 25 27 31 32 34 35 36 38 41 43 45 46 48 49 54 57 60 61
 62 67 69])
Bicluster(rows=[46, 62], cols=[ 0  1  5  6  7  8  9 10 14 15 16 20 21 23 25 26 27 28 29 30 31 32 33 34
 35 36 37 38 39 40 41 42 43 44 45 46 47 48 49 50 51 52 53 61 62 63 64 65
 66 70 71 73 74])
Bicluster(rows=[46, 63], cols=[ 0  6  9 11 12 14 15 22 23 25 26 27 28 29 30 31 32 33 34 35 36 37 38 39
 40 41 42 43 44 45 46 47 48 49 52 53 63 64 68 69 70])
Bicluster(rows=[46, 64], cols=[ 0  4  6  7  9 11 14 24 25 26 27 28 29 30 31 32 33 34 35 36 37 38 39 40
 41 42 43 44 45 46 47 48 49 50 51 52 53 56 58 60 63 64 66 68 72])
Bicluster(rows=[46, 65], cols=[ 6  7  9 10 11 12 15 16 17 22 24 25 26 27 28 29 30 31 32 33 34 35 36 37
 38 39 40 41 42 43 44 45 46 47 48 49 51 52 53 54 58 60 63 64 70])
Bicluster(rows=[46, 66], cols=[ 0  2  6 10 16 30 31 39 42 43 45 54 59 61 62 65 67 71 73 74])
Bicluster(rows=[46, 67], cols=[ 2  4  5  7  9 16 19 20 21 22 24 29 30 31 32 33 34 35 38 39 40 41 43 44
 45 49 50 51 52 54 62 66 67 73 74])
Bicluster(rows=[46, 68], cols=[ 6  7  9 10 11 12 17 19 21 22 24 25 26 27 28 32 34 35 36 37 39 40 41 42
 43 44 45 46 49 54 56 63 65 70 71])
Bicluster(rows=[46, 69], cols=[ 0  5  6  7  9 10 15 16 17 19 20 21 23 26 27 32 35 36 43 48 50 54 62 66])
Bicluster(rows=[46, 70], cols=[ 2  3  5  7  8  9 13 15 16 17 18 21 24 30 31 34 35 43 48 50 53 54 55 58
 59 60 62 64 65 66 67 71])
Bicluster(rows=[46, 71], cols=[ 0  2  6  7  9 11 16 21 22 23 24 26 27 29 32 34 35 36 42 43 47 48 49 50
 53 54 55 58 59 60 62 64 65 66 67 71])
Bicluster(rows=[46, 72], cols=[ 0  1  6  7  9 15 16 19 21 24 25 33 35 39 40 43 44 46 48 54 61 62 65 67
 71 73])
Bicluster(rows=[46, 73], cols=[ 1  3  4  8 11 14 15 24 25 27 28 31 38 39 41 50 54 62 65 66 71 73 74])
Bicluster(rows=[46, 74], cols=[ 0  5  6 12 15 26 28 33 37 39 41 42 44 45 47 53 56 58 63 64 68 72])
Bicluster(rows=[46, 75], cols=[ 2  5 15 16 20 22 24 26 31 32 36 38 42 44 48 50 53 54 55 58 60 64 65 66
 70 71])
Bicluster(rows=[46, 76], cols=[ 6  9 10 19 22 23 24 25 32 34 35 38 40 41 42 45 46 48 49 50 54 55 58 62
 64 65 66 70 71])
Bicluster(rows=[46, 77], cols=[ 1  4  7  9 10 12 13 20 23 26 36 37 42 43 48 50 52 58 66 70 72 73 74])
Bicluster(rows=[46, 78], cols=[ 0  2  6  7 14 15 19 22 24 25 27 28 31 34 35 38 40 43 44 45 46 48 49 50
 53 54 55 58 60 62 64 65 66 71])
Bicluster(rows=[46, 79], cols=[ 0  4  5  6  7  8 10 11 12 16 18 20 22 23 24 26 27 32 34 35 36 38 39 46
 47 49 57 59 61 62 65 67 73 74])
Bicluster(rows=[46, 80], cols=[ 0  3  5  6  7 10 13 15 16 23 24 27 30 31 32 34 35 38 40 41 45 46 47 48
 50 53 54 55 58 59 60 62 64 65 66 71])
Bicluster(rows=[46, 81], cols=[ 5  7 10 11 14 16 20 22 25 26 27 28 29 30 31 37 38 39 40 44 46 50 52 54
 61 62 66 67])
Bicluster(rows=[46, 82], cols=[ 2  3  4  5 10 12 13 20 24 26 28 33 35 36 37 41 44 48 49 52 54 61 62 66
 67 73])
Bicluster(rows=[46, 83], cols=[ 0  2  4  5  6  7 10 13 16 17 22 23 24 25 26 27 28 33 34 45 46 49 50 53
 54 55 58 60 62 64 65 66 70 71])
Bicluster(rows=[46, 84], cols=[ 2  4  6 10 14 15 20 22 31 32 33 36 38 43 44 49 50 51 52 54 62 66 73 74])
Bicluster(rows=[46, 85], cols=[ 0  4  5  6  7 10 13 14 17 22 24 25 27 31 32 34 36 46 49 55 63 65 70 71])
Bicluster(rows=[46, 86], cols=[ 5  6  9 10 11 14 19 25 26 27 29 31 32 34 38 41 42 43 46 49 50 54 58 62
 63 65 70 71])
Bicluster(rows=[46, 87], cols=[ 2  3  4  5  6 12 14 16 17 21 27 28 31 35 38 43 45 49 50 51 52 54 62 66
 73 74])
Bicluster(rows=[46, 88], cols=[ 1  2  3  8 10 14 15 26 28 30 31 32 40 41 42 47 48 49 50 52 53 54 55 58
 60 62 63 64 65 66 70 71])
Bicluster(rows=[46, 89], cols=[ 2  6  9 10 11 12 13 17 19 20 33 37 39 40 42 46 47 49 50 52 53 54 58 60
 64 66 70])
Bicluster(rows=[46, 90], cols=[ 5  6  9 12 14 15 19 22 24 25 27 31 32 33 34 35 36 40 43 45 46 48 49 50
 53 54 55 58 59 60 62 64 65 66 71])
Bicluster(rows=[46, 91], cols=[ 0  2  3  4  8 10 11 19 20 21 23 27 34 36 37 41 42 51 55 56 63 68 69 72])
Bicluster(rows=[46, 92], cols=[ 0  3  6  9 10 11 12 15 16 17 23 24 25 26 27 28 32 36 38 40 41 42 44 46
 48 50 51 52 54 62 66 73 74])
Bicluster(rows=[46, 93], cols=[ 2  5  7 10 13 17 20 21 22 24 25 33 34 41 42 45 48 50 53 54 55 58 60 62
 64 65 66 70 71])
Bicluster(rows=[46, 94], cols=[ 0  1  2  5  7 12 14 16 20 28 31 34 39 40 43 45 54 61 62 65 67 71 73 74])
Bicluster(rows=[46, 95], cols=[ 4  9 11 12 13 14 15 16 19 23 25 26 29 31 34 35 40 41 42 43 44 46 48 49
 50 53 54 55 58 60 62 64 65 66 70 71])
Bicluster(rows=[46, 96], cols=[ 1  9 13 14 18 20 21 32 33 34 38 39 41 45 49 50 53 54 55 59 60 62 64 65
 66 67 71])
Bicluster(rows=[46, 97], cols=[ 4  5  6  7  9 10 12 17 22 25 27 28 31 32 33 36 39 40 43 44 45 49 56 60
 63 68 69 72])
Bicluster(rows=[46, 98], cols=[ 2  4  5  6  7 10 14 15 16 19 23 24 25 27 28 31 32 41 42 44 45 46 48 49
 50 53 54 55 58 62 64 65 66 70 71])
Bicluster(rows=[46, 99], cols=[ 1  2  3  5  7  8 10 11 16 17 21 24 26 28 33 35 37 40 41 44 46 47 50 54
 56 57 58 59 62 67 68 69 73])
Bicluster(rows=[47, 48], cols=[ 0  2  6 11 12 21 22 24 25 27 31 32 34 35 36 38 40 41 42 43 44 45 46 48
 49 50 52 53 55 56 59 61 64 65 66 67 68 69 70])
Bicluster(rows=[47, 49], cols=[ 0  1  2  4  5  6  7  8  9 10 11 12 14 18 19 20 21 22 24 25 26 27 28 29
 30 31 32 33 34 35 36 37 38 39 40 41 42 43 44 45 46 47 48 49 50 52 55 57
 60 61 62 64 65 66 68 69 73 74])
Bicluster(rows=[47, 50], cols=[ 0  1  6  7 11 14 21 24 25 26 27 28 29 30 31 32 33 34 35 36 37 38 39 40
 41 42 43 44 45 46 47 48 49 55 59 61 68 70])
Bicluster(rows=[47, 51], cols=[ 0  1  4  6  8 10 11 12 13 16 17 19 21 22 23 24 25 26 27 28 29 30 31 32
 33 34 35 36 37 38 39 40 41 42 43 44 45 46 47 48 49 50 52 54 55 61 62 63
 64 65 67 68 71 74])
Bicluster(rows=[47, 52], cols=[ 0  1  5  6  7  8  9 11 14 18 20 21 22 24 25 26 27 28 29 30 31 32 33 34
 35 36 37 38 39 40 41 42 43 44 45 46 47 48 49 55 56 57 59 60 64 65 66 68
 69 70])
Bicluster(rows=[47, 53], cols=[ 3  4  6  7 11 12 13 16 18 19 20 25 27 28 31 32 34 35 36 38 41 42 43 44
 46 53 59 60 68])
Bicluster(rows=[47, 54], cols=[ 0  2  4  5  6  7  8 10 11 12 17 18 19 20 21 23 24 25 26 27 28 29 30 31
 32 33 34 35 36 37 38 39 40 41 42 43 44 45 46 47 48 49 50 52 53 54 55 57
 58 60 61 62 64 65 66 67 68 69 71 72 73])
Bicluster(rows=[47, 55], cols=[ 6  9 22 24 25 26 27 28 29 30 31 32 33 34 35 36 37 38 39 40 41 42 43 44
 45 46 47 48 49 56 59 65 66 70])
Bicluster(rows=[47, 56], cols=[ 2  3  4  5  7  8 11 13 14 15 20 22 24 25 26 27 28 29 30 31 32 33 34 35
 36 37 38 39 40 41 42 43 44 45 46 47 48 49 52 53 54 55 57 59 60 62 63 64
 65 68 69 71 74])
Bicluster(rows=[47, 57], cols=[ 1  5 14 18 20 25 26 27 28 29 30 31 32 33 34 35 36 37 38 39 40 41 42 43
 44 45 46 47 48 49 60 61 65 66 69 70])
Bicluster(rows=[47, 58], cols=[ 0  1  2  3  5  7  8 11 14 17 18 20 21 23 24 25 26 27 28 29 30 31 32 33
 34 35 36 37 38 39 40 41 42 43 44 45 46 47 48 49 50 52 53 54 55 57 59 61
 65 66 67 68 72 73 74])
Bicluster(rows=[47, 59], cols=[ 1  5  6  7  9 10 18 22 23 24 25 27 31 32 34 35 36 38 41 42 43 44 45 46
 48 49 55 68])
Bicluster(rows=[47, 60], cols=[ 1  4  7 12 15 16 17 18 24 25 26 27 28 29 30 31 32 33 34 35 36 37 38 39
 40 41 42 43 44 45 46 47 48 49 51 54 60 61 64 67 70 71 72 73 74])
Bicluster(rows=[47, 61], cols=[ 0  1  2  5  6  9 11 14 16 18 19 23 24 25 26 27 28 29 30 31 32 33 34 35
 36 37 38 39 40 41 42 43 44 45 46 47 48 49 53 56 57 59 61 62 64 65 67 68
 70 73])
Bicluster(rows=[47, 62], cols=[ 0  1  5  8  9 11 13 19 20 25 27 31 32 34 35 36 38 41 43 44 45 46 48 49
 50 55 59 60 61 62 65 66 70 71 73])
Bicluster(rows=[47, 63], cols=[ 1  4  5  7  8  9 11 14 20 21 22 24 25 26 27 28 29 30 31 32 33 34 35 36
 37 38 39 40 41 42 43 44 45 46 47 48 49 50 60 61 65 66 67 69 70 73])
Bicluster(rows=[47, 64], cols=[ 5  7  8  9 10 11 13 16 17 19 21 24 25 27 31 34 40 43 45 46 48 49 55 56
 59 61 62 64 67 68 69 74])
Bicluster(rows=[47, 65], cols=[ 0  1 21 22 25 26 27 28 29 30 31 32 33 34 35 36 37 38 39 40 41 42 43 44
 45 46 47 48 49 56 57 60 66 67 70])
Bicluster(rows=[47, 66], cols=[ 0  1  2  3  4  6  8 11 13 15 16 17 18 22 27 28 33 36 39 42 47 48 49 51
 52 53 54 55 58 62 63 64 71 72])
Bicluster(rows=[47, 67], cols=[ 1  5  6 11 14 20 21 22 23 24 26 28 31 32 35 38 40 41 43 44 45 47 49 50
 53 55 57 59 61 64 65 66 67 68 69 73 74])
Bicluster(rows=[47, 68], cols=[ 1 14 17 21 22 23 24 25 26 27 28 30 31 32 35 36 41 42 43 45 46 47 51 52
 56 70 71])
Bicluster(rows=[47, 69], cols=[ 0  5  6  8 12 14 16 17 19 27 29 30 32 33 35 36 39 43 44 50 51 52 54 57
 60 62 64 68 71 73 74])
Bicluster(rows=[47, 70], cols=[ 5  7 22 24 25 28 30 32 36 38 39 41 42 44 46 47 49 50 53 55 57 59 61 64
 65 67 69 73 74])
Bicluster(rows=[47, 71], cols=[ 1  2  9 12 15 16 17 21 22 24 25 26 27 31 32 34 35 36 40 41 43 45 48 49
 50 51 52 54 57 61 66 67 68 69 71])
Bicluster(rows=[47, 72], cols=[ 1  2 10 14 21 25 28 29 30 31 36 37 40 41 42 43 47 48 50 53 55 57 59 61
 64 65 67 68 69 73 74])
Bicluster(rows=[47, 73], cols=[ 2  5  6 11 13 14 16 18 19 20 21 23 24 26 32 36 37 40 43 47 48 49 56 59
 60 61 65 66 69 70])
Bicluster(rows=[47, 74], cols=[ 0  1  6  7  8 10 21 22 25 26 27 28 29 31 35 36 42 43 44 46 48 49 50 53
 55 57 59 61 64 65 66 67 69 73 74])
Bicluster(rows=[47, 75], cols=[ 2  6  7  8  9 10 16 19 21 22 23 24 26 28 29 30 31 32 34 36 38 40 42 44
 45 47 50 51 52 54 57 60 61 66 67 68 69 71 73])
Bicluster(rows=[47, 76], cols=[ 1  5  7  9 11 14 21 22 24 26 28 29 32 35 38 39 42 47 50 51 52 54 57 61
 66 67 68 69 71])
Bicluster(rows=[47, 77], cols=[ 1  2  5  7 11 12 14 16 17 19 21 23 25 27 28 29 30 32 38 39 44 45 47 50
 51 52 57 61 66 67 68 69 71])
Bicluster(rows=[47, 78], cols=[21 22 25 26 27 31 33 34 35 38 40 41 42 43 44 45 46 47 49 50 51 52 54 57
 61 62 66 67 68 69 71])
Bicluster(rows=[47, 79], cols=[ 2  8  9 14 18 19 20 21 22 24 27 29 32 33 34 35 36 38 40 44 46 50 51 52
 53 54 57 58 60 62 64 68 71 72 73 74])
Bicluster(rows=[47, 80], cols=[ 0  1  3  5  6  7  9 12 14 19 21 24 26 27 29 31 32 34 35 37 38 41 42 45
 50 51 52 54 57 61 66 67 68 69 71])
Bicluster(rows=[47, 81], cols=[ 5  6  9 14 20 22 26 28 32 35 36 41 42 44 47 50 53 55 57 59 64 65 67 69
 73 74])
Bicluster(rows=[47, 82], cols=[ 1  5 11 14 16 20 21 22 23 24 26 27 28 29 34 36 39 41 44 50 53 55 57 59
 64 65 67 69 73 74])
Bicluster(rows=[47, 83], cols=[ 0  1  2  3  5  6 16 18 19 21 22 24 26 28 29 37 43 47 50 51 52 54 57 60
 61 68 71 73])
Bicluster(rows=[47, 84], cols=[ 3  4  5  6  8 10 12 17 18 21 22 23 25 26 30 31 32 36 37 38 39 43 44 47
 52 54 58 62 63 71 72])
Bicluster(rows=[47, 85], cols=[ 4  5  6  9 11 17 19 21 22 25 26 27 28 29 30 31 32 33 34 36 37 38 39 40
 41 42 44 49 51 52 56 66 69 70 71])
Bicluster(rows=[47, 86], cols=[ 1  5 15 18 19 21 25 27 30 31 32 33 34 38 39 40 41 42 43 46 47 49 50 54
 57 62 66 67 68 69 72])
Bicluster(rows=[47, 87], cols=[ 0  2  4  7 13 15 16 17 18 19 25 26 32 34 36 37 40 44 50 51 52 54 57 60
 61 62 64 67 68 71 73 74])
Bicluster(rows=[47, 88], cols=[ 1  9 11 14 16 17 18 21 22 27 29 33 34 35 36 37 39 50 53 55 57 59 61 64
 65 67 69 73 74])
Bicluster(rows=[47, 89], cols=[ 0  2  5  8 10 11 13 16 18 19 23 24 25 27 30 34 37 39 51 52 53 54 55 58
 62 64 68 71 74])
Bicluster(rows=[47, 90], cols=[ 5  7 14 22 25 26 27 28 29 31 32 34 35 36 38 39 40 42 43 44 45 46 47 48
 49 50 51 52 54 57 61 62 66 67 68 69 71])
Bicluster(rows=[47, 91], cols=[ 0  1  7  9 11 18 20 22 23 29 30 32 33 35 38 40 43 44 45 46 47 50 52 53
 54 55 57 58 62 64 68 71])
Bicluster(rows=[47, 92], cols=[ 0  3  6 14 16 17 18 21 24 25 27 29 32 33 36 37 38 39 40 41 46 47 48 50
 52 53 54 57 58 62 64 65 67 68])
Bicluster(rows=[47, 93], cols=[ 4  6 11 14 17 19 20 21 22 25 27 28 30 31 32 34 37 38 39 45 48 51 56 59
 70 71])
Bicluster(rows=[47, 94], cols=[ 4  9 11 15 20 24 25 26 27 28 30 31 32 37 43 45 49 50 52 53 54 55 57 64
 67 68 73 74])
Bicluster(rows=[47, 95], cols=[ 3  9 14 16 19 22 24 26 27 38 39 41 42 47 50 51 52 54 57 60 61 62 64 67
 68 71 73])
Bicluster(rows=[47, 96], cols=[ 5  6  7 11 18 20 23 32 34 37 38 41 45 47 49 50 51 52 54 57 60 61 66 67
 68 69 71 73])
Bicluster(rows=[47, 97], cols=[ 2  9 12 15 19 20 24 26 27 29 31 32 33 35 40 45 47 49 50 52 53 54 55 57
 62 64 67 68 71 73 74])
Bicluster(rows=[47, 98], cols=[ 1  2  4  5  6  9 11 16 19 24 25 26 27 28 31 32 33 39 40 41 42 44 45 46
 47 48 49 50 51 52 54 57 61 66 67 68 69 71])
Bicluster(rows=[47, 99], cols=[ 2  3 10 12 13 16 17 21 25 27 29 36 50 54 58 59 62 65 72])
Bicluster(rows=[48, 49], cols=[ 0  2  3 10 12 17 19 21 22 23 24 28 32 35 36 38 41 42 44 50 52 54 56 59
 60 61 64 65 66 72 73])
Bicluster(rows=[48, 50], cols=[ 1  4 15 16 17 19 23 25 26 27 28 29 30 31 32 33 34 35 36 37 38 39 40 41
 42 43 44 45 46 47 48 49 50 51 53 57 63 66 70 71 72])
Bicluster(rows=[48, 51], cols=[ 0  2  3  6 10 11 12 14 16 18 19 20 21 22 23 24 25 27 31 32 34 35 36 38
 40 41 43 44 45 46 48 49 50 54 59 60 61 62 64 65 66 67 69 72])
Bicluster(rows=[48, 52], cols=[ 0  5  6 14 16 17 19 21 24 25 27 31 32 34 35 36 38 41 43 45 46 48 54 56
 57 59 60 62 63 64 66 68 69 72 74])
Bicluster(rows=[48, 53], cols=[ 5 11 16 17 18 19 20 24 25 26 27 28 29 30 31 32 33 34 35 36 37 38 39 40
 41 42 43 44 45 46 47 48 49 51 53 56 57 61 63 67 70 71 73])
Bicluster(rows=[48, 54], cols=[ 0  6  7 10 11 14 21 25 27 31 32 34 35 36 38 40 41 43 44 45 46 48 49 50
 53 54 60 61 62 63 66 67 73])
Bicluster(rows=[48, 55], cols=[ 0  4  5  7  9 11 15 16 17 18 19 20 22 23 26 28 29 30 37 39 42 47 50 57
 60 61 62 63 65 66 73])
Bicluster(rows=[48, 56], cols=[ 2  5 10 12 14 18 19 22 23 25 26 27 28 31 32 34 35 36 38 40 41 42 43 44
 45 46 48 49 52 53 58 59 60 64 65 68 69 72 73])
Bicluster(rows=[48, 57], cols=[ 1  3  4  9 13 15 17 22 25 26 27 28 29 30 31 32 33 34 35 36 37 38 39 40
 41 42 43 44 45 46 47 48 49 51 63 65 70 71 73])
Bicluster(rows=[48, 58], cols=[ 0  5  7  9 11 15 18 21 23 24 25 27 31 32 34 35 36 38 41 43 44 45 46 48
 50 51 53 54 57 59 60 61 62 66 69 71 73])
Bicluster(rows=[48, 59], cols=[ 0  3  6  7  8 10 11 13 21 22 24 25 26 27 28 29 30 31 32 33 34 35 36 37
 38 39 40 41 42 43 44 45 46 47 48 49 54 55 57 63 65 67 68 71 72 73])
Bicluster(rows=[48, 60], cols=[ 1  3  7 12 13 16 17 18 20 23 24 25 26 27 28 31 32 34 35 36 38 40 41 42
 43 44 45 46 48 49 55 64 67 69 70 73])
Bicluster(rows=[48, 61], cols=[ 0  2  5  6 14 15 20 25 27 31 32 34 35 36 38 41 42 43 44 45 46 48 49 53
 54 56 58 61 62 64 65 67 68 70 71 74])
Bicluster(rows=[48, 62], cols=[ 0  3  5  6  7  9 11 15 16 18 19 20 23 25 26 27 28 29 30 31 32 33 34 35
 36 37 38 39 40 41 42 43 44 45 46 47 48 49 50 55 57 59 60 61 62 65 66 69
 70 72 73])
Bicluster(rows=[48, 63], cols=[ 4  5  7  8 10 11 12 13 14 16 18 19 20 21 24 29 30 37 39 47 50 52 53 55
 61 62 63 64 65 66 68 69 72 73])
Bicluster(rows=[48, 64], cols=[ 1  4  9 13 17 20 22 23 25 26 27 28 29 30 31 32 34 35 36 37 38 39 40 41
 42 43 44 45 46 47 48 49 51 56 71 74])
Bicluster(rows=[48, 65], cols=[ 1  4  9 13 15 17 18 20 25 26 27 28 29 30 31 32 33 34 35 36 37 38 39 40
 41 42 43 44 45 46 47 48 49 51 56 63 65 70 71 72 74])
Bicluster(rows=[48, 66], cols=[ 0  5  6  7 11 14 16 20 22 23 33 34 44 48 50 53 54 59 60 61 62 66 67 69])
Bicluster(rows=[48, 67], cols=[ 5  6  7  9 11 13 14 15 19 21 22 24 29 30 31 32 34 35 37 38 39 40 41 43
 44 45 49 50 51 53 54 55 57 59 60 61 62 64 65 66 67 69 72])
Bicluster(rows=[48, 68], cols=[ 1  4  5  9 15 16 20 22 25 26 27 28 30 32 34 35 36 38 40 41 42 43 45 46
 47 49 53 55 56 60 61 63 70 73])
Bicluster(rows=[48, 69], cols=[ 0  2  3  4  5  6 11 15 16 19 24 26 27 32 35 36 43 44 48 50 54 57 59 61
 62 66 67 69 72 73])
Bicluster(rows=[48, 70], cols=[ 1  4 11 16 18 21 22 25 28 32 33 36 38 44 45 46 50 51 53 54 55 57 60 61
 62 64 65 66 67 69 71 72])
Bicluster(rows=[48, 71], cols=[ 0  3  4  6  7  8 12 13 16 18 20 22 23 24 25 27 29 31 32 33 34 35 40 41
 42 43 45 47 48 49 50 54 61 62 66 67 69 73])
Bicluster(rows=[48, 72], cols=[ 3  9 10 13 15 16 18 20 21 23 24 25 26 31 33 35 39 40 43 45 46 48 50 53
 54 57 59 60 61 62 64 66 67 69 72])
Bicluster(rows=[48, 73], cols=[ 1  5  6  9 11 16 18 19 21 22 24 32 33 36 40 43 44 45 46 49 51 56 63 65
 70 71 73])
Bicluster(rows=[48, 74], cols=[ 1  3  4  6 16 19 21 22 25 28 31 34 35 36 37 39 40 42 43 44 47 50 51 53
 54 55 57 60 61 62 64 65 66 67 69 70 71 72])
Bicluster(rows=[48, 75], cols=[ 0  1  4  6  7 14 15 16 17 19 21 22 24 26 31 32 34 36 38 42 45 48 54 57
 59 61 62 63 66 67 72 73])
Bicluster(rows=[48, 76], cols=[ 1  3  4  5  7  9 11 13 17 19 20 21 22 24 25 28 30 33 35 38 39 40 41 42
 44 45 46 49 50 52 61 62 63 66 67 68 69])
Bicluster(rows=[48, 77], cols=[ 3  5  7 10 11 14 17 19 21 22 23 33 34 37 40 42 43 46 50 51 53 54 55 57
 60 61 62 64 65 66 67 69 71 72])
Bicluster(rows=[48, 78], cols=[ 1  3  4  6  8 13 15 21 22 23 25 26 29 30 31 35 38 40 41 42 43 48 49 50
 52 54 61 62 66 67 68 69 74])
Bicluster(rows=[48, 79], cols=[ 1  2  4  5 13 14 16 19 21 22 23 24 26 27 32 34 35 36 38 39 46 47 50 52
 53 60 64 67 68 69])
Bicluster(rows=[48, 80], cols=[ 0  4  5  6  7 11 12 16 18 20 21 23 24 27 30 31 33 34 35 38 40 41 45 47
 50 52 54 61 62 66 67 68 69 73 74])
Bicluster(rows=[48, 81], cols=[ 1  3  4  5  6  8 16 17 18 20 22 25 26 28 29 30 31 33 34 36 37 38 39 40
 41 42 44 45 46 48 50 51 53 54 55 57 60 61 62 64 65 66 67 69 71 72])
Bicluster(rows=[48, 82], cols=[ 1  4  5 11 16 17 18 21 22 24 26 28 33 35 36 37 38 41 44 47 48 49 50 51
 53 54 55 57 60 61 62 64 65 66 67 69 71 72])
Bicluster(rows=[48, 83], cols=[ 1  2  5 12 14 16 18 20 21 22 23 24 25 26 27 28 30 34 45 47 49 50 52 61
 62 66 67 68 69 73 74])
Bicluster(rows=[48, 84], cols=[ 0  2  4  6  7 10 13 15 17 18 22 26 29 31 33 37 38 39 43 44 47 49 50 53
 54 57 59 60 61 62 64 66 67 69 72])
Bicluster(rows=[48, 85], cols=[ 3  9 13 14 15 18 20 22 24 26 28 29 30 32 33 35 36 37 38 39 41 42 43 44
 45 46 49 53 55 56 60 61 63 70 73])
Bicluster(rows=[48, 86], cols=[ 1  4  7  8  9 11 13 15 17 20 22 24 25 27 28 30 31 32 33 34 35 38 39 40
 41 42 43 44 46 47 49 53 55 60 63 73])
Bicluster(rows=[48, 87], cols=[ 0  2  4  5  7 11 13 18 19 20 28 29 30 35 39 42 45 47 49 50 51 53 54 55
 57 59 60 61 62 64 65 66 67 69 72])
Bicluster(rows=[48, 88], cols=[ 0  2 11 12 18 26 28 30 31 32 40 41 42 43 47 49 50 54 57 59 61 62 63 66
 67 72 73])
Bicluster(rows=[48, 89], cols=[ 4  5  6 10 15 16 19 21 24 37 39 40 42 45 47 48 50 53 54 59 61 62 66 67
 69 73])
Bicluster(rows=[48, 90], cols=[ 1  4  7  8  9 11 17 18 19 22 23 25 27 31 32 33 34 35 36 40 43 45 46 48
 49 50 52 61 62 66 67 68 69 73 74])
Bicluster(rows=[48, 91], cols=[ 0  1  3  4  8  9 11 18 19 20 31 34 38 39 44 45 46 48 50 53 54 55 57 59
 60 61 62 64 65 66 67 69 72])
Bicluster(rows=[48, 92], cols=[ 0  1  6  9 13 15 16 18 21 24 25 26 27 28 32 36 38 40 41 42 44 46 48 50
 53 54 55 57 59 60 61 62 64 66 67 69 72])
Bicluster(rows=[48, 93], cols=[ 5  7 16 18 20 22 24 26 27 28 31 32 33 35 36 37 38 40 43 44 46 53 55 56
 57 60 61 63 66 70 71])
Bicluster(rows=[48, 94], cols=[ 3  8  9 11 13 24 26 28 29 31 34 39 40 44 45 50 53 54 57 59 60 61 62 64
 66 67 69 72])
Bicluster(rows=[48, 95], cols=[ 1  4  8 15 16 19 25 28 30 31 34 37 44 46 47 48 50 52 54 61 62 63 66 67
 68 69 74])
Bicluster(rows=[48, 96], cols=[ 5  6  7 10 11 14 15 18 23 25 26 27 28 29 33 46 48 50 51 53 55 57 60 61
 62 64 65 66 67 71 72])
Bicluster(rows=[48, 97], cols=[ 3 12 13 18 20 24 25 26 27 30 31 32 35 37 43 45 49 50 53 54 57 59 60 61
 62 66 67 69 72])
Bicluster(rows=[48, 98], cols=[ 2  5  6  7 11 13 15 16 17 18 19 20 21 23 24 25 27 28 31 37 41 42 44 45
 46 48 49 50 52 54 61 62 63 66 67 68 69 74])
Bicluster(rows=[48, 99], cols=[ 5  6  7  9 11 17 22 23 24 27 31 33 34 36 39 40 43 48 51 54 60 61 62 63
 69 70 71 72 73])
Bicluster(rows=[49, 50], cols=[ 0  1  3  5  6  7 15 21 24 25 26 27 28 29 30 31 32 33 34 35 36 37 38 39
 40 41 42 43 44 45 46 47 48 49 52 55 56 59 61 64 67 68 71 73])
Bicluster(rows=[49, 51], cols=[ 0  3  5  8  9 10 11 12 13 14 15 19 21 22 23 24 25 26 27 28 29 30 31 32
 33 34 35 36 37 38 39 40 41 42 43 44 45 46 47 48 49 50 51 53 54 55 58 59
 61 62 63 64 65 66 70 71 72 73 74])
Bicluster(rows=[49, 52], cols=[ 0  1  2  5  6  7  8  9 13 14 15 16 17 18 19 20 21 22 23 24 25 26 27 28
 29 30 31 32 33 34 35 36 37 38 39 40 41 42 43 44 45 46 47 48 49 51 54 55
 56 57 58 59 60 62 63 64 65 66 67 69 70 71 72])
Bicluster(rows=[49, 53], cols=[ 2 21 23 25 26 27 28 29 30 31 32 33 34 35 36 37 38 39 40 41 42 43 44 45
 46 47 48 49 50 54 64 66 69 72])
Bicluster(rows=[49, 54], cols=[ 0  1  2  3  4  5  6  7  8  9 10 12 14 15 16 17 18 20 21 22 25 26 27 28
 29 30 31 32 33 34 35 36 37 38 39 40 41 42 43 44 45 46 47 48 49 50 51 52
 53 54 55 56 57 59 60 61 62 64 66 68 69 70 71 72 73 74])
Bicluster(rows=[49, 55], cols=[ 3  4  6  9 11 14 15 16 17 19 21 22 24 25 26 27 28 29 30 31 32 33 34 35
 36 37 38 39 40 41 42 43 44 45 46 47 48 49 53 54 59 65 67 68 71 72 73])
Bicluster(rows=[49, 56], cols=[ 0  2  6  7  8 10 11 12 13 14 15 16 20 23 24 25 26 27 28 31 32 33 34 35
 36 38 40 41 42 43 44 45 46 48 49 51 52 53 55 56 57 60 61 62 64 65 68 69
 70 72 74])
Bicluster(rows=[49, 57], cols=[ 2  3  5 11 13 14 15 16 18 20 21 23 24 25 26 27 28 29 30 31 32 33 34 35
 36 37 38 39 40 41 42 43 44 45 46 47 48 49 50 51 54 55 56 57 58 60 61 65
 66 67 69 71])
Bicluster(rows=[49, 58], cols=[ 0  1  2  5  7  8 11 13 14 16 17 18 19 20 21 23 24 25 26 27 28 29 30 31
 32 33 34 35 36 37 38 39 40 41 42 43 44 45 46 47 48 49 50 51 52 53 54 55
 56 57 58 59 60 61 62 63 65 66 67 68 70 72 73 74])
Bicluster(rows=[49, 59], cols=[ 2 13 16 19 25 26 27 28 29 30 31 32 33 34 35 36 37 38 39 40 41 42 43 44
 45 46 47 48 49 53 58 59 60 61 63 65 67 73])
Bicluster(rows=[49, 60], cols=[ 1  4  7 13 17 23 25 26 27 28 29 30 31 32 33 34 35 36 37 38 39 40 41 42
 43 44 45 46 47 48 49 60 61 70 74])
Bicluster(rows=[49, 61], cols=[ 0  1  2  3  5  6  9 14 23 25 26 27 28 29 30 31 32 33 34 35 36 37 38 39
 40 41 42 43 44 45 46 47 48 49 53 54 56 57 61 62 63 64 65 70 73])
Bicluster(rows=[49, 62], cols=[ 2  4  9 14 15 24 25 26 27 28 29 30 31 32 33 34 35 36 37 38 39 40 41 42
 43 44 45 46 47 48 49 54 63 70])
Bicluster(rows=[49, 63], cols=[ 1  2  3  4  5  7  8  9 11 13 14 15 16 17 18 19 20 21 22 23 24 25 26 27
 28 29 30 31 32 33 34 35 36 37 38 39 40 41 42 43 44 45 46 47 48 49 50 51
 53 58 60 61 62 63 65 66 68 69 70 71 72 73 74])
Bicluster(rows=[49, 64], cols=[ 3  9 10 11 13 14 16 17 19 22 24 25 26 27 28 29 30 31 32 33 34 35 36 37
 38 39 40 41 42 43 44 45 46 47 48 49 55 58 63 65 67 70 73 74])
Bicluster(rows=[49, 65], cols=[ 0  3  5 11 12 13 15 16 19 21 22 23 25 26 27 28 29 30 31 32 33 34 35 36
 37 38 39 40 41 42 43 44 45 46 47 48 49 50 53 57 58 62 65 66 67 69 74])
Bicluster(rows=[49, 66], cols=[ 3 11 13 15 16 17 26 29 31 33 43 45 49 50 53 54 55 56 57 59 60 61 62 63
 64 66 68 69 70 72 73 74])
Bicluster(rows=[49, 67], cols=[ 1  2  5  7  8 10 14 19 21 23 24 29 30 37 50 53 54 56 59 61 66 68 69 70
 72 73 74])
Bicluster(rows=[49, 68], cols=[ 0  5  8  9 11 13 20 26 37 38 39 41 42 48 50 56 61 63 66 67 69])
Bicluster(rows=[49, 69], cols=[ 1  3  5  8 12 13 14 19 20 24 32 34 35 36 37 39 43 44 47 50 53 54 56 57
 59 60 61 62 63 64 66 68 70 72 73 74])
Bicluster(rows=[49, 70], cols=[ 2  4  5  6  8 12 13 17 18 21 23 24 26 29 35 37 39 40 43 47 50 53 54 56
 57 58 59 61 63 66 68 69 70 72 73 74])
Bicluster(rows=[49, 71], cols=[ 1  2  3  9 11 22 23 24 25 26 27 31 32 35 41 45 50 52 53 54 57 59 61 62
 63 66 68 70 72])
Bicluster(rows=[49, 72], cols=[ 2 10 16 21 25 28 29 30 31 32 36 37 40 41 42 43 45 48 50 51 53 54 56 57
 60 61 63 64 65 66 68 69 70 71 72 73 74])
Bicluster(rows=[49, 73], cols=[ 2  3  5  6 14 15 17 18 19 20 21 22 24 26 32 39 40 43 48 49 53 55 58 65
 67 74])
Bicluster(rows=[49, 74], cols=[ 0  3  7  8  9 10 13 15 21 22 26 27 28 31 35 36 42 43 44 46 48 49 50 53
 54 56 60 61 63 64 65 66 68 69 70 71 72 73 74])
Bicluster(rows=[49, 75], cols=[ 2  3  6  7  8  9 10 13 17 19 22 24 26 28 30 31 32 34 36 37 38 39 40 44
 45 47 50 52 53 54 56 57 58 59 61 62 63 66 68 69 70 72])
Bicluster(rows=[49, 76], cols=[ 3 11 14 15 17 24 26 28 32 35 38 42 50 52 54 56 57 58 59 66 68 69 70 72])
Bicluster(rows=[49, 77], cols=[ 1  3  6  9 11 14 15 17 18 20 21 22 26 34 39 42 46 50 54 56 61 63 64 65
 66 68 69 70 71])
Bicluster(rows=[49, 78], cols=[ 3 16 21 22 23 25 27 31 33 34 35 36 38 39 40 41 42 43 45 46 50 52 54 56
 57 58 59 62 66 68 69 70 72])
Bicluster(rows=[49, 79], cols=[ 2  3  9 14 16 18 19 27 28 34 35 36 38 40 44 46 50 52 53 54 56 57 59 60
 61 62 63 64 66 68 69 70 72 73 74])
Bicluster(rows=[49, 80], cols=[ 9 11 12 14 16 21 26 27 31 32 34 35 38 39 41 42 45 50 52 54 56 57 58 59
 61 62 63 66 68 69 70 72])
Bicluster(rows=[49, 81], cols=[ 3  5  6 10 11 12 14 15 17 18 20 22 26 28 32 35 36 41 42 54 57 62 63 65
 68 71 72])
Bicluster(rows=[49, 82], cols=[ 2  5  6  8 10 11 12 13 14 15 16 21 25 31 37 39 42 46 47 50 54 56 58 59
 66 68 69 70 72])
Bicluster(rows=[49, 83], cols=[ 0  1  5  6  7  8 10 16 20 21 23 24 30 31 32 33 35 36 40 44 47 48 50 56
 58 61 64 66 67 69 73])
Bicluster(rows=[49, 84], cols=[ 0  2  9 16 17 20 23 24 25 26 31 32 36 38 42 43 44 50 51 53 54 55 56 60
 61 63 64 66 68 69 70 71 72 73 74])
Bicluster(rows=[49, 85], cols=[ 3  4  5  6  9 10 13 15 16 19 21 22 23 25 26 27 28 31 32 33 34 36 37 38
 39 40 41 42 44 52 54 56 59 67 68 69 70 72])
Bicluster(rows=[49, 86], cols=[ 5 13 15 16 19 23 25 27 31 32 33 34 35 38 40 41 43 46 49 50 52 54 56 57
 62 68 69 70 72])
Bicluster(rows=[49, 87], cols=[ 0  1  3  4  6  7 15 17 18 19 20 23 25 26 29 30 32 36 39 40 44 46 50 53
 54 56 57 59 60 61 63 64 66 68 69 70 72 73 74])
Bicluster(rows=[49, 88], cols=[ 7  9 11 13 14 15 18 20 21 25 27 30 33 34 47 50 53 56 60 61 64 65 66 68
 69 70 73 74])
Bicluster(rows=[49, 89], cols=[ 1  2  6  8  9 10 11 18 19 21 24 25 27 29 34 42 50 53 54 55 57 59 60 61
 62 63 64 66 68 70 72 73 74])
Bicluster(rows=[49, 90], cols=[ 3  5 11 16 17 22 23 25 26 27 28 31 32 34 35 36 39 42 43 44 45 46 49 50
 52 54 56 57 58 59 61 62 63 66 68 69 70 72])
Bicluster(rows=[49, 91], cols=[ 3 11 13 23 31 33 36 37 38 40 42 43 44 45 46 50 51 53 54 55 56 57 60 61
 63 64 65 66 68 69 70 71 72 73 74])
Bicluster(rows=[49, 92], cols=[ 7 14 24 25 27 33 35 36 38 40 41 46 48 50 51 53 54 56 57 60 61 62 63 64
 65 66 68 69 70 71 72 73 74])
Bicluster(rows=[49, 93], cols=[ 0  4  5  6  9 15 16 18 20 22 37 39 41 50 52 54 56 57 58 59 66 68 69 70
 72])
Bicluster(rows=[49, 94], cols=[ 1  3  4 11 16 22 24 25 26 31 34 37 43 44 45 47 49 50 51 53 54 55 56 57
 59 60 61 63 64 66 68 69 70 71 72 73 74])
Bicluster(rows=[49, 95], cols=[ 0  2  3  5  6  8  9 10 14 16 17 18 20 21 22 23 24 25 28 29 31 32 34 36
 43 44 46 48 53 58 60 67 74])
Bicluster(rows=[49, 96], cols=[ 1  5  7 11 16 18 29 30 32 34 38 41 45 49 50 52 54 56 57 58 59 61 62 63
 66 68 69 70 72])
Bicluster(rows=[49, 97], cols=[ 1  2  9 12 15 16 19 21 24 27 31 32 33 35 36 39 40 43 45 49 50 51 53 54
 55 56 57 58 59 60 61 62 63 64 66 68 69 70 71 72 73 74])
Bicluster(rows=[49, 98], cols=[ 2  4  9 11 19 24 25 26 27 31 32 33 35 39 40 41 44 45 46 48 49 50 52 54
 56 57 58 59 62 63 66 68 69 70 72])
Bicluster(rows=[49, 99], cols=[ 1  4  5  6  7 10 12 13 15 17 20 21 22 23 25 36 37 47 50 51 54 62 65 66
 70 71 72 73])
Bicluster(rows=[50, 51], cols=[ 1  3  4  6 11 14 15 18 21 22 24 25 26 27 28 29 30 31 32 33 34 35 36 37
 38 39 40 41 42 43 44 45 46 47 48 49 52 55 56 59 61 67 68 71])
Bicluster(rows=[50, 52], cols=[ 0  1  2  4  5  6  7 10 11 12 13 14 17 21 24 25 26 27 28 29 30 31 32 33
 34 35 36 37 38 39 40 41 42 43 44 45 46 47 48 49 52 53 54 55 59 61 63 67
 68 71 74])
Bicluster(rows=[50, 53], cols=[ 2  3  8  9 10 16 17 19 21 25 26 27 28 29 30 31 32 33 34 35 36 37 38 39
 40 41 42 43 44 45 46 47 48 49 51 52 53 54 58 60 62 64 65 70 74])
Bicluster(rows=[50, 54], cols=[ 7 11 13 14 15 21 22 24 25 26 27 28 29 30 31 32 33 34 35 36 37 38 39 40
 41 42 43 44 45 46 47 48 49 52 55 56 61 63 64 68 71 73])
Bicluster(rows=[50, 55], cols=[ 2  3  5  6  8 10 12 13 15 17 18 19 21 23 24 25 26 27 28 29 30 31 32 33
 34 35 36 37 38 39 40 41 42 43 44 45 46 47 48 49 51 57 58 59 60 61 62 63
 64 67 68 69 70 73 74])
Bicluster(rows=[50, 56], cols=[ 5  7 11 14 16 18 19 24 25 26 27 28 29 30 31 32 33 34 35 36 37 38 39 40
 41 42 43 44 45 46 47 48 49 55 56 58 59 73])
Bicluster(rows=[50, 57], cols=[ 0  1  2  4  5  6  8 10 12 13 15 17 18 19 24 25 26 27 28 29 30 31 32 33
 34 35 36 37 38 39 40 41 42 43 44 45 46 47 48 49 51 52 53 56 61 62 63 64
 67 70 71 72 74])
Bicluster(rows=[50, 58], cols=[ 0  1  4  5  7  9 10 11 12 13 18 19 21 22 24 25 26 27 28 29 30 31 32 33
 34 35 36 37 38 39 40 41 42 43 44 45 46 47 48 49 51 52 55 56 59 61 64 67
 68 73])
Bicluster(rows=[50, 59], cols=[ 9 12 13 14 25 26 27 28 29 30 31 32 33 34 35 36 37 38 39 40 41 42 43 44
 45 46 47 48 49 52 54 57 59 61 62 63 64 67 69 72 73])
Bicluster(rows=[50, 60], cols=[ 2  3  4  9 12 13 18 19 25 27 31 32 34 35 36 38 41 43 44 45 46 48 49 55
 56 57 59 64 66 67 73])
Bicluster(rows=[50, 61], cols=[ 0  1  4  5  6  8 10 11 12 14 24 25 26 27 28 29 30 31 32 33 34 35 36 37
 38 39 40 41 42 43 44 45 46 47 48 49 50 58 60 61 64 66 68 70 72 74])
Bicluster(rows=[50, 62], cols=[ 2  9 10 16 20 23 24 25 26 27 28 29 30 31 32 33 34 35 36 37 38 39 40 41
 42 43 44 45 46 47 48 49 50 51 53 54 57 63 64 65 66 67 68 70 74])
Bicluster(rows=[50, 63], cols=[ 0  1  7 10 11 12 15 17 18 21 24 25 26 27 28 29 30 31 32 33 34 35 36 37
 38 39 40 41 42 43 44 45 46 47 48 49 51 54 56 57 61 64 70 71 73])
Bicluster(rows=[50, 64], cols=[ 1  2  3  5  8 10 12 13 17 18 19 23 25 26 27 28 29 30 31 32 33 34 35 36
 37 38 39 40 41 42 43 44 45 46 47 48 49 51 54 57 60 61 62 63 64 66 67 69
 72 73])
Bicluster(rows=[50, 65], cols=[ 0  1  2  3  4  5  6  7  8 10 13 15 17 18 21 25 26 27 28 29 30 31 32 33
 34 35 36 37 38 39 40 41 42 43 44 45 46 47 48 49 51 52 54 60 63 64 67 69
 70 72 73])
Bicluster(rows=[50, 66], cols=[ 0  2  8 10 12 14 15 17 18 20 23 26 29 31 33 43 45 49 52 55 56 59 61 64
 68 71 73])
Bicluster(rows=[50, 67], cols=[ 2  3  8 15 19 20 23 27 28 29 30 31 32 33 34 35 38 39 41 43 44 46 48 50
 51 53 54 57 58 66 69 70 72 74])
Bicluster(rows=[50, 68], cols=[ 2  3  4  6  8 12 13 14 15 16 18 20 24 25 26 27 30 32 35 36 41 42 43 46
 47 58 63 67 68])
Bicluster(rows=[50, 69], cols=[ 0  1  3  4  5  6  9 10 11 13 22 23 24 27 28 35 36 37 38 44 47 48 52 56
 59 61 64 68 71 73])
Bicluster(rows=[50, 70], cols=[ 2  3  8 13 14 17 18 23 27 29 37 42 50 52 53 54 57 58 59 62 63 66 67 69
 70 71 72])
Bicluster(rows=[50, 71], cols=[ 0  1  2  6  7 11 14 18 24 26 28 29 36 37 44 46 47 54 57 61 62 63 64 65
 67 69 70 72 73])
Bicluster(rows=[50, 72], cols=[ 1  3  8  9 11 12 13 18 19 21 22 25 28 29 30 31 35 36 37 40 41 42 43 46
 48 52 55 56 59 61 68 71])
Bicluster(rows=[50, 73], cols=[ 3  4  9 10 11 14 15 21 22 24 26 40 42 43 46 49 51 54 55 57 62 63 64 67
 70 72 73])
Bicluster(rows=[50, 74], cols=[ 1  2  4  6  7 11 12 15 17 18 21 26 27 28 31 35 36 42 43 44 46 48 49 51
 52 55 56 61])
Bicluster(rows=[50, 75], cols=[ 6  7 12 14 21 24 28 31 32 34 36 37 38 39 40 44 45 47 52 56 59 60 61 64
 68 71 73])
Bicluster(rows=[50, 76], cols=[ 2  3  5  8 10 12 17 19 23 25 27 31 34 36 40 41 43 45 46 48 49 52 53 59
 62 63 67 71 74])
Bicluster(rows=[50, 77], cols=[ 4  7 11 13 15 18 21 22 25 27 29 30 32 38 39 45 47 52 56 59 60 61 64 68
 73 74])
Bicluster(rows=[50, 78], cols=[ 0  1  2  4  5  7  8 12 13 15 18 24 26 31 36 41 42 48 55 57 63 64 65 69
 70 72 73])
Bicluster(rows=[50, 79], cols=[ 0  4  5  6 19 25 26 31 35 36 38 39 41 44 45 47 48 49 50 57 58 60 65 66
 69 72 74])
Bicluster(rows=[50, 80], cols=[ 2  3  4  5  8  9 10 13 15 18 25 26 30 32 36 38 42 43 46 47 48 49 54 55
 57 63 64 65 69 70 72 73])
Bicluster(rows=[50, 81], cols=[ 0  5  7  9 10 12 14 18 21 24 26 27 29 30 31 37 39 43 49 53 54 57 58 62
 63 66 67 69 70 71 72 74])
Bicluster(rows=[50, 82], cols=[ 1  2  3  4  5  6  7  8  9 10 12 13 16 17 23 26 28 32 35 36 37 38 40 41
 43 44 45 49 53 54 57 58 66 69 70 72 74])
Bicluster(rows=[50, 83], cols=[ 0  1  2  4  5  6  7  9 12 13 17 18 19 21 22 24 30 31 32 33 35 40 44 47
 54 57 61 62 63 64 65 67 70 72])
Bicluster(rows=[50, 84], cols=[ 4  8 10 12 14 15 18 20 21 23 26 29 34 35 37 39 40 42 45 46 47 48 50 51
 53 54 57 58 60 62 63 66 67 69 70 72 74])
Bicluster(rows=[50, 85], cols=[ 0  2  6  8 11 12 15 18 21 25 26 27 28 31 32 33 34 36 37 38 39 40 41 42
 44 49 52 53 59 62 63 67 70 71 74])
Bicluster(rows=[50, 86], cols=[ 0  1  4  5  6  7 11 12 13 14 18 22 24 26 29 35 41 42 44 45 54 57 61 62
 65 67 70 72])
Bicluster(rows=[50, 87], cols=[ 0  1  2  3  6  8 14 15 18 22 25 29 32 34 36 39 40 41 44 47 52 59 61 64
 67 71 73])
Bicluster(rows=[50, 88], cols=[ 7 10 13 15 18 21 23 25 26 28 30 32 33 42 44 45 46 47 48 54 55 57 61 62
 63 64 65 67 70 72 73])
Bicluster(rows=[50, 89], cols=[ 0  2  7  8 10 11 12 13 15 17 18 22 23 24 31 32 35 36 39 41 42 43 44 46
 47 51 54 57 62 63 64 67 70 73])
Bicluster(rows=[50, 90], cols=[ 3  5  9 13 17 18 19 20 25 34 38 41 42 43 45 46 48 49 52 56 59 61 64 68
 74])
Bicluster(rows=[50, 91], cols=[ 1  4  6 10 12 13 14 15 18 21 23 24 25 27 31 34 36 39 44 50 51 53 54 57
 58 60 66 69 70 72 74])
Bicluster(rows=[50, 92], cols=[ 1  2  3  4  8 10 11 12 25 26 27 28 32 36 38 41 42 44 46 50 51 53 57 58
 66 69 72 74])
Bicluster(rows=[50, 93], cols=[ 0  2  9 10 11 12 13 14 16 18 21 27 28 31 32 34 37 38 43 44 45 48 52 53
 54 57 58 59 62 63 66 67 69 70 71])
Bicluster(rows=[50, 94], cols=[ 0  1  2  5  8 10 11 12 13 17 18 22 24 25 26 30 31 34 37 43 44 45 47 49
 52 55 56 59 68 71])
Bicluster(rows=[50, 95], cols=[ 0  4  6  7 11 12 13 18 19 21 24 25 26 28 29 31 32 34 35 36 42 43 44 46
 48 54 55 57 63 64 65 67 69 70 72 73])
Bicluster(rows=[50, 96], cols=[ 1  4  6  7  8  9 10 12 13 16 18 19 21 22 29 30 31 32 34 35 41 42 45 49
 52 59 60 61 64 68 71 73])
Bicluster(rows=[50, 97], cols=[ 1  3 13 15 18 21 23 24 27 28 31 32 33 35 36 39 40 43 45 49 52 55 56 59
 61 64 68 71 73])
Bicluster(rows=[50, 98], cols=[ 1  5 12 14 15 19 21 22 32 34 35 36 37 38 43 54 57 61 62 63 64 65 67 69
 70 72])
Bicluster(rows=[50, 99], cols=[ 0  1  5 10 12 13 14 15 21 32 38 42 45 46 49 52 54 55 59 62 67 69 71 73])
Bicluster(rows=[51, 52], cols=[ 0  1  4  6  8  9 11 14 16 19 21 22 23 24 25 26 27 28 29 30 31 32 33 34
 35 36 37 38 39 40 41 42 43 44 45 46 47 48 49 51 52 53 55 58 59 60 62 64
 65 66 70 71 72 74])
Bicluster(rows=[51, 53], cols=[ 1  5  6  7  9 11 12 14 15 16 18 19 20 25 27 31 32 34 35 36 38 40 41 43
 45 46 48 49 51 56 57 58 61 63 70 73 74])
Bicluster(rows=[51, 54], cols=[ 0  5  8  9 10 11 12 14 15 17 21 22 23 24 25 26 27 28 29 30 31 32 33 34
 35 36 37 38 39 40 41 42 43 44 45 46 47 48 49 50 51 52 53 54 55 56 58 59
 61 62 64 65 66 67 70 71 72 74])
Bicluster(rows=[51, 55], cols=[ 3  4  6  7 15 18 19 20 21 22 24 25 26 27 28 29 30 31 32 33 34 35 36 37
 38 39 40 41 42 43 44 45 46 47 48 49 53 59 65 67 68 72])
Bicluster(rows=[51, 56], cols=[ 2  4  8  9 10 11 12 13 14 15 18 22 23 24 25 26 27 28 29 30 31 32 33 34
 35 36 37 38 39 40 41 42 43 44 45 46 47 48 49 51 53 55 56 57 59 62 64 65
 69 70 72])
Bicluster(rows=[51, 57], cols=[ 1  2  4  5 11 13 14 16 21 23 24 25 27 31 34 40 43 45 46 48 49 50 51 52
 55 56 57 58 60 61 64 65 66 68 69 71 74])
Bicluster(rows=[51, 58], cols=[ 0  1  2  4  8 11 13 14 16 17 18 19 21 23 24 25 26 27 28 29 30 31 32 33
 34 35 36 37 38 39 40 41 42 43 44 45 46 47 48 49 50 52 54 55 56 58 59 60
 61 62 63 65 66 67 68 69 70 72])
Bicluster(rows=[51, 59], cols=[ 8 14 16 17 19 25 26 27 28 29 30 31 32 33 34 35 36 37 38 39 40 41 42 43
 44 45 46 47 48 49 50 53 58 65 66])
Bicluster(rows=[51, 60], cols=[ 1  3  6 12 15 16 20 23 24 25 26 27 28 29 31 32 33 34 35 36 37 38 39 40
 41 42 43 44 45 46 47 48 49 63 64 69 71 73 74])
Bicluster(rows=[51, 61], cols=[ 0  1  2  3  4  6 11 14 20 23 24 25 26 27 28 29 30 31 32 33 34 35 36 37
 38 39 40 41 42 43 44 45 46 47 48 49 51 53 54 57 61 62 63 64 65 67 70 73
 74])
Bicluster(rows=[51, 62], cols=[ 1  3  6  7 13 16 17 18 19 22 25 27 31 32 34 35 36 38 41 43 44 45 46 48
 51 53 55 62 65 71 72 74])
Bicluster(rows=[51, 63], cols=[ 1  5  6  8 11 13 15 16 19 21 22 24 25 26 27 28 29 30 31 32 33 34 35 36
 37 38 39 40 41 42 43 44 45 46 47 48 49 50 51 53 56 58 62 65 66 67 68 72
 73 74])
Bicluster(rows=[51, 64], cols=[ 1  3 16 18 19 20 21 22 25 26 27 28 29 30 31 32 33 34 35 36 37 38 39 40
 41 42 43 44 45 46 47 48 49 53 65 67 68 70 74])
Bicluster(rows=[51, 65], cols=[ 0  1  3  4  6 11 12 15 18 19 20 21 23 25 26 27 28 29 30 31 32 33 34 35
 36 37 38 39 40 41 42 43 44 45 46 47 48 49 50 53 62 67 68 74])
Bicluster(rows=[51, 66], cols=[ 1  6  9 11 13 14 15 16 20 22 28 29 34 36 37 39 42 47 48 50 52 54 55 58
 59 61 62 66 67 70 71 72])
Bicluster(rows=[51, 67], cols=[ 1  4  7 11 14 19 22 23 24 26 28 31 32 35 38 40 41 43 44 45 47 49 50 52
 54 58 60 61 62 64 65 66 67 70 72 73])
Bicluster(rows=[51, 68], cols=[ 1  4 16 25 26 27 28 32 34 35 36 37 39 40 41 42 43 45 49 58 60 64 73])
Bicluster(rows=[51, 69], cols=[ 2  3  4  6  7  8 11 12 17 18 19 24 27 29 32 34 35 36 37 39 43 44 50 52
 53 54 58 59 61 62 66 67 70 71 72])
Bicluster(rows=[51, 70], cols=[ 5  6  8  9 11 13 16 17 20 21 22 23 25 28 36 38 41 44 47 49 50 52 54 59
 60 61 62 64 65 66 67 70 72 73])
Bicluster(rows=[51, 71], cols=[ 1  3  5  6  7 12 15 16 17 18 20 21 22 24 25 26 27 28 31 32 34 35 36 40
 41 43 45 48 50 52 53 54 58 59 62 67 70 71 72 74])
Bicluster(rows=[51, 72], cols=[ 1  3  5  7 10 16 17 18 20 21 25 26 28 29 30 31 35 36 37 40 41 42 43 46
 48 50 51 52 55 58 59 61 62 65 67 70 72])
Bicluster(rows=[51, 73], cols=[ 3  7 11 13 15 16 19 21 22 23 25 26 32 35 38 39 40 42 43 45 46 48 49 74])
Bicluster(rows=[51, 74], cols=[ 0  1  4  5  8  9 10 15 16 18 19 20 21 22 26 27 28 29 31 36 42 43 44 46
 48 49 50 52 58 60 61 62 64 65 66 67 68 70 72 73])
Bicluster(rows=[51, 75], cols=[ 0  5  8 10 16 18 19 22 24 26 28 30 31 32 34 36 37 38 39 40 42 44 45 47
 50 52 53 54 58 59 61 62 67 70 71 72 74])
Bicluster(rows=[51, 76], cols=[ 1  3  6  8 11 14 16 18 19 20 21 22 24 28 35 38 40 42 47 56 57 58 61 66
 69])
Bicluster(rows=[51, 77], cols=[ 0  1  2  4  5  8  9 11 12 15 17 18 20 21 27 28 29 30 32 38 39 44 45 47
 50 52 53 54 58 59 62 67 70 71 72 74])
Bicluster(rows=[51, 78], cols=[ 1  6  7 11 18 19 20 22 23 26 27 33 34 35 38 42 43 44 45 46 47 50 53 54
 56 57 58 61 63 66 69 74])
Bicluster(rows=[51, 79], cols=[ 2  4  6  7  8 14 15 16 19 21 24 27 32 33 34 35 36 38 40 44 46 50 54 55
 56 57 58 61 62 63 64 66 69 73])
Bicluster(rows=[51, 80], cols=[ 1  6 12 16 18 20 21 26 27 31 32 34 35 38 39 41 42 45 50 52 53 54 58 59
 61 62 67 70 72 74])
Bicluster(rows=[51, 81], cols=[ 1  4  5  9 10 11 12 15 17 19 21 24 26 28 32 35 36 39 42 47 51 52 54 56
 59 60 62 63 64 65 66 69 71 72 73])
Bicluster(rows=[51, 82], cols=[ 1  4  5  6  7  8  9 10 13 14 15 17 19 22 24 26 27 28 29 34 39 47 51 52
 54 56 59 60 62 63 64 65 66 69 71 72 73])
Bicluster(rows=[51, 83], cols=[ 1  4  6  7  9 11 13 14 15 16 17 19 20 21 24 27 28 39 43 50 52 53 54 58
 59 62 67 70 72 74])
Bicluster(rows=[51, 84], cols=[ 0  2  4  8 10 18 21 22 23 25 26 31 32 36 38 43 44 49 50 51 52 54 56 59
 60 61 62 63 64 66 69 71 72 73])
Bicluster(rows=[51, 85], cols=[ 4  5  6  7 11 13 15 17 18 19 20 21 22 23 25 26 27 28 31 32 33 34 36 37
 38 39 40 41 42 44 49 52 59 68 71 72])
Bicluster(rows=[51, 86], cols=[ 3  4  5  6  7 13 16 19 20 21 23 27 30 31 32 33 34 38 39 40 42 43 46 47
 50 54 56 57 62 67 70])
Bicluster(rows=[51, 87], cols=[ 1  4 10 11 12 13 14 15 16 19 25 26 29 30 32 34 36 39 40 44 46 47 50 51
 53 58 65 67 68 70 72 74])
Bicluster(rows=[51, 88], cols=[ 1  3  6 10 11 13 14 22 23 24 27 29 33 35 36 37 39 50 52 54 60 61 62 64
 65 66 67 70 72 73])
Bicluster(rows=[51, 89], cols=[ 7  8 10 13 16 17 19 21 23 24 25 27 29 34 42 50 51 52 54 55 58 59 61 62
 67 70 71 72])
Bicluster(rows=[51, 90], cols=[ 3  5  6 11 19 22 23 25 26 27 28 29 31 32 34 35 36 39 42 43 44 45 46 47
 49 53 56 57 58 61 63 66 69 74])
Bicluster(rows=[51, 91], cols=[ 0  1  3  4 11 13 19 20 23 29 31 32 33 37 38 40 43 44 45 46 47 50 51 52
 54 56 59 60 61 62 63 64 65 66 67 69 70 71 72 73])
Bicluster(rows=[51, 92], cols=[ 6 14 16 17 21 24 25 27 29 32 33 35 36 37 38 39 40 41 46 47 48 50 51 52
 54 56 59 60 61 62 63 64 65 66 67 69 70 71 72 73])
Bicluster(rows=[51, 93], cols=[ 5  8  9 13 15 18 20 22 28 29 35 36 39 44 46 47 49 50 58 60 61 62 64 66
 67 68 70 72 73])
Bicluster(rows=[51, 94], cols=[ 1  3  7 11 16 18 22 24 26 30 31 34 37 40 44 45 49 50 51 52 54 55 58 59
 61 62 64 65 66 67 70 71 72 73])
Bicluster(rows=[51, 95], cols=[ 4  7 15 16 18 19 20 21 22 26 27 38 39 41 42 47 50 52 53 54 58 59 61 62
 67 70 72 74])
Bicluster(rows=[51, 96], cols=[ 0  1  2  6 17 20 23 29 30 32 34 38 41 45 47 49 50 52 53 58 59 62 67 68
 70 71 72 74])
Bicluster(rows=[51, 97], cols=[ 3  7  9 12 16 18 24 26 27 29 31 32 33 35 40 45 47 49 50 51 52 54 55 56
 58 59 61 62 64 66 67 70 71 72 73])
Bicluster(rows=[51, 98], cols=[ 1  2  5  8  9 10 12 15 18 21 23 25 27 28 29 30 31 33 41 42 44 45 46 47
 48 49 56 57 58 61 63 66 69])
Bicluster(rows=[51, 99], cols=[ 5  8 10 12 13 15 16 17 18 21 22 23 25 27 36 37 50 51 53 54 56 60 62 65
 67 69 70 72 73])
Bicluster(rows=[52, 53], cols=[ 2 10 17 21 23 25 26 27 28 29 30 31 32 33 34 35 36 37 38 39 40 41 42 43
 44 45 46 47 48 49 50 52 54 64 66 69 72 74])
Bicluster(rows=[52, 54], cols=[ 0  1  2  3  5  7  9 11 13 14 15 18 20 21 22 25 26 27 28 29 30 31 32 33
 34 35 36 37 38 39 40 41 42 43 44 45 46 47 48 49 51 52 54 55 60 62 63 64
 65 66 68 69 71 74])
Bicluster(rows=[52, 55], cols=[ 4  5  6  8  9 10 12 16 17 19 21 22 24 25 26 27 28 29 30 31 32 33 34 35
 36 37 38 39 40 41 42 43 44 45 46 47 48 49 50 54 56 59 61 63 65 67 71 72
 74])
Bicluster(rows=[52, 56], cols=[ 2  3  4  7  8 11 12 14 20 24 25 26 27 28 31 32 33 34 35 36 38 40 41 42
 43 44 45 46 48 49 50 51 55 59 62 64 65 68 69 70 72 73])
Bicluster(rows=[52, 57], cols=[ 2  3  5  6 10 12 13 14 15 16 17 18 19 20 21 24 25 26 27 28 29 30 31 32
 33 34 35 36 37 38 39 40 41 42 43 44 45 46 47 48 49 50 52 53 54 57 58 59
 63 65 66 67 69 71 72 73 74])
Bicluster(rows=[52, 58], cols=[ 0  1  2  3  4  5  7  8 10 11 12 13 14 15 16 19 20 21 22 23 24 25 26 27
 28 29 30 31 32 33 34 35 36 37 38 39 40 41 42 43 44 45 46 47 48 49 52 55
 57 58 59 60 62 63 65 66 67 69 70])
Bicluster(rows=[52, 59], cols=[ 2  3 12 13 16 19 25 26 27 28 29 30 31 32 33 34 35 36 37 38 39 40 41 42
 43 44 45 46 47 48 49 52 53 58 59 60 61 63 65 67 72 73])
Bicluster(rows=[52, 60], cols=[ 8  9 14 17 19 22 25 27 31 32 34 35 36 38 41 43 44 46 58 61 62 66 67 73
 74])
Bicluster(rows=[52, 61], cols=[ 0  1  3  4  5  6  7  9 10 11 12 14 15 18 23 25 26 27 28 29 30 31 32 33
 34 35 36 37 38 39 40 41 42 43 44 45 46 47 48 49 50 51 54 56 59 62 63 64
 65 68 70 74])
Bicluster(rows=[52, 62], cols=[ 2  3  4 10 14 15 24 25 26 27 28 29 30 31 32 33 34 35 36 37 38 39 40 41
 42 43 44 45 46 47 48 49 53 54 63 67 68 70 73 74])
Bicluster(rows=[52, 63], cols=[ 1  2  3  5  7  8  9 10 11 12 14 15 16 17 18 19 20 21 22 24 25 26 27 28
 29 30 31 32 33 34 35 36 37 38 39 40 41 42 43 44 45 46 47 48 49 51 57 58
 59 60 61 62 63 65 66 69 70 71 72])
Bicluster(rows=[52, 64], cols=[ 1 10 12 13 14 16 17 19 21 22 24 25 26 27 28 29 30 31 32 33 34 35 36 37
 38 39 40 41 42 43 44 45 46 47 48 49 50 53 54 56 58 59 61 62 63 65 67 70
 72 74])
Bicluster(rows=[52, 65], cols=[ 0  2  4  5 10 12 13 15 19 21 22 23 25 26 27 28 29 30 31 32 33 34 35 36
 37 38 39 40 41 42 43 44 45 46 47 48 49 52 56 57 61 62 63 66 67 70 73 74])
Bicluster(rows=[52, 66], cols=[ 2  4  9 10 14 15 16 17 26 31 33 43 45 49 51 52 54 57 58 59 62 63 65 66
 69 70 71 72])
Bicluster(rows=[52, 67], cols=[ 2  3  5  9 12 16 18 19 22 24 26 27 28 29 30 36 37 42 50 51 53 54 56 58
 59 61 63 65 67 70 71 72 73 74])
Bicluster(rows=[52, 68], cols=[10 15 21 27 31 32 35 36 41 43 46 50 51 54 56 59 61 67 71 72 73])
Bicluster(rows=[52, 69], cols=[ 1  5 10 11 13 16 19 20 24 27 32 34 35 36 37 43 44 47 51 52 54 57 58 59
 62 63 66 69 70])
Bicluster(rows=[52, 70], cols=[ 0  4  6 12 13 14 15 16 17 20 21 22 31 34 35 40 42 43 48 50 51 52 53 54
 56 59 61 63 65 71 72 73 74])
Bicluster(rows=[52, 71], cols=[ 0  1  2  6  7  9 11 15 16 17 20 21 22 23 24 28 29 37 38 44 54 57 58 60
 63 64 66 69 70 72])
Bicluster(rows=[52, 72], cols=[ 1  2 12 16 21 25 28 29 30 31 32 36 37 40 41 42 43 48 51 52 54 55 57 59
 60 62 64 65 66 69 70 71])
Bicluster(rows=[52, 73], cols=[ 2  5  6 16 17 19 21 22 23 25 35 38 39 40 42 43 45 46 48 49 50 53 56 61
 67 73 74])
Bicluster(rows=[52, 74], cols=[ 0  6  7  8  9 11 12 13 16 17 19 21 22 25 26 27 28 31 35 36 42 43 44 46
 48 49 52 54 55 57 58 59 60 62 63 64 65 66 69 70 71 72])
Bicluster(rows=[52, 75], cols=[ 0  2  5  6 11 12 13 14 15 16 17 19 20 21 23 24 28 31 32 34 36 38 40 44
 45 51 52 53 54 57 58 59 61 63 65 69 70 71 72 74])
Bicluster(rows=[52, 76], cols=[10 15 17 25 35 36 38 41 44 46 50 51 53 54 56 59 61 65 71 72 73 74])
Bicluster(rows=[52, 77], cols=[ 0  2  3  5  9 10 12 15 16 19 22 23 25 26 27 31 35 36 37 41 45 49 50 51
 52 53 54 56 59 61 65 67 71 72 73 74])
Bicluster(rows=[52, 78], cols=[25 27 31 32 34 36 40 41 43 45 46 49 50 51 52 53 54 56 59 61 65 70 71 72
 73 74])
Bicluster(rows=[52, 79], cols=[ 2 10 15 19 27 28 34 35 36 38 40 41 42 44 46 51 52 54 57 58 59 62 63 65
 69 70 71 72])
Bicluster(rows=[52, 80], cols=[10 12 13 15 19 22 27 28 31 32 34 35 36 38 41 44 45 46 51 52 53 54 59 61
 65 71 72 73 74])
Bicluster(rows=[52, 81], cols=[ 0  1  2  3  4  8 10 14 15 16 17 19 21 23 24 26 28 39 43 44 49 50 51 53
 56 59 61 65 67 71 72 73 74])
Bicluster(rows=[52, 82], cols=[ 1  2  4  5  6  7 10 13 15 19 21 22 24 25 26 31 32 37 43 46 50 51 53 54
 56 59 61 65 67 71 72 73 74])
Bicluster(rows=[52, 83], cols=[ 0  1  3  4  5  6  7  8 12 13 15 16 17 19 20 21 23 24 30 31 36 41 47 48
 54 57 58 63 64 66 69 70 72])
Bicluster(rows=[52, 84], cols=[ 3  4  9 10 12 22 27 29 37 39 40 41 46 47 50 53 54 56 59 61 63 65 67 71
 72 73 74])
Bicluster(rows=[52, 85], cols=[ 2  4  5  6 11 16 21 22 23 25 26 27 28 31 32 33 34 36 37 38 39 40 41 42
 44 50 52 54 56 57 61 67 72 73])
Bicluster(rows=[52, 86], cols=[10 15 25 27 28 31 32 34 35 38 41 43 44 46 48 50 51 53 54 56 59 61 65 67
 71 72 73])
Bicluster(rows=[52, 87], cols=[ 0  1  2  4  5  6  9 11 16 17 19 20 25 26 29 32 34 36 39 40 44 46 47 51
 52 54 57 58 59 62 63 65 69 70 71 72])
Bicluster(rows=[52, 88], cols=[ 1  2  7  9 11 12 14 18 19 20 22 23 24 30 35 36 39 47 52 54 55 57 59 60
 62 64 65 66 69 70 71])
Bicluster(rows=[52, 89], cols=[ 0  3  4  5  7 10 11 12 16 19 21 24 31 32 35 36 39 41 43 44 46 47 50 53
 56 61 67 72 74])
Bicluster(rows=[52, 90], cols=[ 5  6  7 13 15 19 22 23 26 27 28 29 31 32 34 35 36 39 42 43 44 45 46 49
 53 64 66 68 74])
Bicluster(rows=[52, 91], cols=[ 0 10 11 12 13 15 19 23 31 33 36 37 38 40 42 44 45 46 48 52 54 55 57 58
 59 60 62 63 64 65 66 69 70 71])
Bicluster(rows=[52, 92], cols=[ 3  6  7 10 15 16 21 24 25 27 33 35 36 38 40 41 46 48 52 54 55 57 58 59
 60 62 63 64 65 66 69 70 71 72])
Bicluster(rows=[52, 93], cols=[ 4  6 10 11 12 14 15 21 25 27 28 31 32 34 37 38 44 45 48 50 52 54 56 59
 61 67 71 72 73])
Bicluster(rows=[52, 94], cols=[ 1  2 10 11 12 13 16 17 20 22 24 25 26 27 28 32 37 43 47 51 52 55 57 60
 62 64 65 66 69])
Bicluster(rows=[52, 95], cols=[ 0  2  5  6  7  8 11 12 14 15 20 21 22 24 25 26 28 29 31 32 34 36 43 44
 46 48 50 55 56 60 61 67])
Bicluster(rows=[52, 96], cols=[ 1  5 13 23 29 30 31 32 34 41 42 45 49 52 53 54 57 58 59 61 62 63 69 70
 72 73 74])
Bicluster(rows=[52, 97], cols=[ 1  2  9 21 24 25 27 31 32 33 35 36 39 40 43 44 45 49 51 52 54 57 58 59
 62 63 65 66 69 70 71 72])
Bicluster(rows=[52, 98], cols=[ 3  6  9 10 11 12 15 16 17 19 24 25 26 27 31 32 33 39 41 45 46 48 49 57
 58 61 62 63 66 68 69 70 73])
Bicluster(rows=[52, 99], cols=[ 0  1  2  3  8  9 10 12 13 16 18 21 22 23 28 35 41 44 49 51 52 54 55 56
 58 59 61 63 64 66 70 72])
Bicluster(rows=[53, 54], cols=[ 4  5  9 11 12 14 15 22 24 25 27 31 32 34 35 36 38 41 43 44 45 46 48 49
 51 53 56 57 61 67 68 74])
Bicluster(rows=[53, 55], cols=[ 0  1  3  7 18 20 21 23 25 26 27 28 29 30 31 32 33 34 35 36 37 38 39 40
 41 42 43 44 45 46 47 48 49 50 51 52 54 55 58 60 62 64 69 70 71 72 74])
Bicluster(rows=[53, 56], cols=[ 3  4  9 10 11 12 13 14 18 21 25 27 28 31 32 34 35 36 38 41 42 43 44 45
 46 48 50 51 53 56 57 59 60 67])
Bicluster(rows=[53, 57], cols=[ 0  2  8 10 17 19 23 25 26 27 28 29 30 31 32 33 34 35 36 37 38 39 40 41
 42 43 44 45 46 47 48 49 50 52 55 59 60 62 64 66 69 70 72 74])
Bicluster(rows=[53, 58], cols=[ 2  6 15 21 25 26 27 28 29 30 31 32 33 34 35 36 37 38 39 40 41 42 43 44
 45 46 47 48 49 51 64 66 71])
Bicluster(rows=[53, 59], cols=[ 0  1  2  4  5  6  9 11 15 24 25 26 27 28 29 30 31 32 33 34 35 36 37 38
 39 40 41 42 43 44 45 46 47 48 49 51 52 56 60 62 64 68 69 70 71 72])
Bicluster(rows=[53, 60], cols=[ 0  2  9 11 19 20 22 23 25 26 27 28 31 32 34 35 36 38 40 41 42 43 44 45
 46 48 49 58 64 68 69])
Bicluster(rows=[53, 61], cols=[ 1  6  8 10 11 14 16 20 21 24 25 27 31 34 40 41 43 45 46 48 49 50 52 53
 55 57 59 60 61 63 66 67 68 69 70 71 72 73 74])
Bicluster(rows=[53, 62], cols=[ 0  1  2  5  6  7  8 10 11 12 13 16 18 19 20 22 23 25 26 27 28 29 30 31
 32 33 34 35 36 37 38 39 40 41 42 43 44 45 46 47 48 49 50 51 52 54 56 59
 61 64 70 74])
Bicluster(rows=[53, 63], cols=[ 0  2  6 17 21 23 25 26 27 28 29 30 31 32 33 34 35 36 37 38 39 40 41 42
 43 44 45 46 47 48 49 52 54 55 59 64 66 69 72])
Bicluster(rows=[53, 64], cols=[ 0  2  6 15 18 20 25 26 27 28 29 30 31 32 33 34 35 36 37 38 39 40 41 42
 43 44 45 46 47 48 49 50 51 52 54 55 60 64 69 71 72 74])
Bicluster(rows=[53, 65], cols=[ 2  3  6 10 14 17 18 20 21 25 26 27 28 29 30 31 32 33 34 35 36 37 38 39
 40 41 42 43 44 45 46 47 48 49 50 51 52 55 56 58 59 60 61 66 70 71 74])
Bicluster(rows=[53, 66], cols=[ 4  6  7  8  9 10 11 14 15 16 17 21 23 27 28 36 45 49 53 56 57 58 61 63
 67 68 73])
Bicluster(rows=[53, 67], cols=[ 1  5  7  8 11 12 14 19 29 30 31 32 33 34 35 38 39 40 41 43 44 45 49 51
 53 56 57 58 59 61 62 63 67 68 70 71 73])
Bicluster(rows=[53, 68], cols=[ 1  3  5  6 10 11 12 16 18 19 21 23 34 38 40 49 52 54 58 61 62 63 70 72
 73])
Bicluster(rows=[53, 69], cols=[ 1  2  3  4  6  9 11 14 17 19 20 21 31 33 40 41 45 49 51 53 58 59 61 62
 68 70 71])
Bicluster(rows=[53, 70], cols=[ 5  8  9 16 17 18 24 28 29 32 37 38 42 44 45 46 52 56 58 59 61 62 63 68
 70 73])
Bicluster(rows=[53, 71], cols=[ 0  1  5  6  7 12 16 18 20 25 27 31 32 34 35 39 40 41 42 43 45 48 49 56
 57 58 60 61 63 65 67 68 70 74])
Bicluster(rows=[53, 72], cols=[ 0  2  3  4  6  7  8  9 15 18 19 20 21 23 25 28 29 30 31 32 36 37 40 41
 42 43 45 49 52 54 64 66 69 72])
Bicluster(rows=[53, 73], cols=[ 2  3  9 12 17 18 20 27 28 31 34 39 41 53 55 56 57 58 61 63 65 67 68 70
 73])
Bicluster(rows=[53, 74], cols=[ 2  9 15 16 25 28 34 35 36 37 39 40 42 43 44 53 56 58 59 61 62 63 68 70
 71 73])
Bicluster(rows=[53, 75], cols=[ 6  7  8 10 11 14 25 26 27 31 32 33 36 38 41 42 44 49 50 51 59 71])
Bicluster(rows=[53, 76], cols=[ 2  7  8 15 23 25 27 28 31 34 35 36 38 39 41 42 43 44 45 46 48 49 50 62
 64 65 68 70])
Bicluster(rows=[53, 77], cols=[ 0  2  7  8 10 11 13 14 15 17 18 23 24 37 40 42 43 48 53 56 58 59 61 62
 63 68 70 71 73])
Bicluster(rows=[53, 78], cols=[ 0  6  7  8 11 15 17 18 19 20 25 27 28 34 35 38 40 43 44 45 46 49 56 57
 58 60 61 63 65 67 68 74])
Bicluster(rows=[53, 79], cols=[ 0  6  7  8 10 14 15 19 20 23 25 26 27 32 34 35 36 38 39 46 47 49 53 55
 56 57 58 61 63 65 67 68 73])
Bicluster(rows=[53, 80], cols=[ 0  1  2  3  6  7  8 10 12 18 22 23 25 27 30 31 32 35 38 40 41 42 45 46
 47 48 56 57 58 61 63 65 67 68 70 74])
Bicluster(rows=[53, 81], cols=[ 2  5  6  9 10 12 15 17 18 21 25 26 28 29 30 31 34 37 38 39 40 44 46 56
 57 58 59 61 62 63 67 68 70 71 73])
Bicluster(rows=[53, 82], cols=[ 3  8  9 10 11 14 15 16 17 18 26 28 33 35 36 37 38 41 44 45 48 49 53 56
 58 59 61 62 63 68 70 71 73])
Bicluster(rows=[53, 83], cols=[ 0  3  6  7  8  9 10 12 13 14 16 18 20 23 25 26 27 28 34 45 49 56 57 58
 61 63 65 67 68 74])
Bicluster(rows=[53, 84], cols=[ 6  8 10 11 17 21 24 26 29 33 35 37 38 39 42 47 51 53 56 57 58 59 61 62
 63 67 68 70 71 73])
Bicluster(rows=[53, 85], cols=[ 0  1  2  7  8 14 20 21 25 26 28 32 33 34 35 36 37 38 39 41 42 44 46 49
 50 53 54 58 61 69 72 73])
Bicluster(rows=[53, 86], cols=[ 0  1  2  6  8 10 15 18 19 20 25 26 27 29 31 32 34 38 41 42 43 46 49 50
 62 64 65 68 70])
Bicluster(rows=[53, 87], cols=[ 0  1  4  5  8 11 12 13 15 16 17 18 19 21 22 23 25 32 33 34 36 44 51 55
 58 59 60 61 62 68 70 74])
Bicluster(rows=[53, 88], cols=[ 0  1  3  4  6  8 12 19 21 26 28 30 32 33 41 42 44 45 46 47 48 50 51 54
 59 62 64 66 69 71])
Bicluster(rows=[53, 89], cols=[ 1  6  8 10 14 18 33 35 37 39 42 44 46 47 49 50 51 59 60 62 70 71 74])
Bicluster(rows=[53, 90], cols=[ 0  2  6 11 15 17 18 19 21 25 27 31 32 33 34 35 36 40 43 45 46 48 49 56
 57 58 60 61 63 65 67 68 74])
Bicluster(rows=[53, 91], cols=[ 0  5  6  7  8 14 15 16 18 20 23 25 27 31 33 34 36 41 42 48 50 52 54 64
 66 69 72])
Bicluster(rows=[53, 92], cols=[ 0  1  4  5  9 10 12 13 15 18 22 31 33 34 50 51 52 54 64 66 69 71 72])
Bicluster(rows=[53, 93], cols=[ 0  1  5  7 10 16 18 21 23 24 26 27 28 31 32 35 36 37 38 40 43 44 52 54
 58 61 62 63 70 72 73])
Bicluster(rows=[53, 94], cols=[ 0  1  4  7 11 18 21 22 23 28 31 34 39 40 45 51 53 56 57 58 61 63 67 68
 73])
Bicluster(rows=[53, 95], cols=[ 0  1  2  3  4  8 15 16 17 18 19 20 23 26 27 29 35 38 40 41 42 45 49 56
 57 58 60 61 63 65 67 68 74])
Bicluster(rows=[53, 96], cols=[ 3  4  6  7  9 11 12 13 18 20 21 23 25 27 29 30 33 35 40 42 44 46 48 50
 52 53 54 58 61 62 63 70 72 73])
Bicluster(rows=[53, 97], cols=[ 2  3  4  5 11 14 18 20 21 22 25 28 31 33 36 38 39 43 44 45 48 49 50 52
 54 55 60 64 66 69 72 74])
Bicluster(rows=[53, 98], cols=[ 1  3  4  7  8 10 11 16 17 19 20 23 25 27 28 31 37 41 42 44 45 46 48 49
 56 57 58 61 63 65 67 68 70])
Bicluster(rows=[53, 99], cols=[ 0  1  3  4  5  8 12 13 15 17 24 27 31 33 34 39 43 48 51 52 59 64 67 70
 73])
Bicluster(rows=[54, 55], cols=[16 21 25 26 27 28 29 30 31 32 33 34 35 36 37 38 39 40 41 42 43 44 45 46
 47 48 49 53 54 63 73])
Bicluster(rows=[54, 56], cols=[ 2  4  6  7  8  9 10 11 12 16 20 24 25 26 27 28 29 30 31 32 33 34 35 36
 37 38 39 40 41 42 43 44 45 46 47 48 49 51 53 55 56 57 60 62 64 65 68 70
 72 73])
Bicluster(rows=[54, 57], cols=[ 3  5 13 15 16 18 20 25 26 27 28 29 30 31 32 33 34 35 36 37 38 39 40 41
 42 43 44 45 46 47 48 49 51 54 61 63 66 69 74])
Bicluster(rows=[54, 58], cols=[ 0  2  5  7  8 11 12 13 16 17 18 20 21 22 23 24 25 26 27 28 29 30 31 32
 33 34 35 36 37 38 39 40 41 42 43 44 45 46 47 48 49 50 51 52 53 54 55 56
 57 58 59 60 61 62 65 66 70 72 73])
Bicluster(rows=[54, 59], cols=[ 5  7 10 13 15 16 18 21 23 25 27 31 32 34 35 36 38 41 42 43 44 46 51 54
 56 68 70])
Bicluster(rows=[54, 60], cols=[ 3  9 10 13 14 16 22 25 27 28 31 32 34 35 36 38 40 41 42 43 44 45 46 48
 49 62 66])
Bicluster(rows=[54, 61], cols=[ 0  1  3  5  6  9 11 12 14 19 23 24 25 26 27 28 29 30 31 32 33 34 35 36
 37 38 39 40 41 42 43 44 45 46 47 48 49 53 54 57 61 62 64 65 67 68 70 74])
Bicluster(rows=[54, 62], cols=[ 0  1  5  8 12 15 19 20 25 27 31 32 34 35 36 38 41 43 44 45 46 48 49 50
 51 56 59 60 61 62 65 66 72 73 74])
Bicluster(rows=[54, 63], cols=[ 2  3  4  5  7 11 15 16 18 20 21 25 26 27 28 29 30 31 32 33 34 35 36 37
 38 39 40 41 42 43 44 45 46 47 48 49 50 51 56 60 61 63 65 66 67 69 71 72
 73 74])
Bicluster(rows=[54, 64], cols=[ 1  3  5  7  8  9 10 11 14 17 19 21 22 25 33 34 40 45 48 49 51 54 55 58
 61 62 64 65 67 69 70 72])
Bicluster(rows=[54, 65], cols=[ 0  7 12 13 15 16 21 25 26 27 28 29 30 31 32 33 34 35 36 37 38 39 40 41
 42 43 44 45 46 47 48 49 57 63 66 69 74])
Bicluster(rows=[54, 66], cols=[ 2  3  4  9 14 18 27 28 29 36 37 39 42 47 48 49 50 52 53 54 55 56 57 58
 60 62 64 65 66 67 68 70 71 72 73])
Bicluster(rows=[54, 67], cols=[ 2  3  5  6 11 12 14 16 20 23 24 26 28 31 32 35 38 40 41 43 44 45 47 49
 50 51 52 54 56 57 58 62 66 67 68 70 71 72])
Bicluster(rows=[54, 68], cols=[ 2  7  9 10 11 12 14 18 22 23 24 29 30 39 50 56 57 59 61 62 66 67 68 70
 72 74])
Bicluster(rows=[54, 69], cols=[ 0  1  3  5 11 12 17 24 27 29 32 34 35 36 39 43 44 50 52 53 54 55 56 57
 58 59 60 62 64 66 67 68 70 72 73])
Bicluster(rows=[54, 70], cols=[ 0  2  4  6 11 12 14 15 17 18 19 21 22 26 29 31 34 35 37 39 40 43 47 52
 54 61 63 65 66 67 69 71 74])
Bicluster(rows=[54, 71], cols=[ 2 21 25 26 27 31 32 34 35 36 40 43 45 48 50 52 54 56 57 59 61 62 63 66
 67 68 69 70 72 73 74])
Bicluster(rows=[54, 72], cols=[ 2 10 12 21 25 26 29 30 31 35 36 40 43 46 47 48 50 51 52 53 54 56 57 58
 60 62 64 65 66 67 68 70 71 72])
Bicluster(rows=[54, 73], cols=[ 3  5  6 11 14 17 18 19 20 21 22 26 32 36 37 40 43 47 48 49 55 61 63 69
 73 74])
Bicluster(rows=[54, 74], cols=[ 0  3  9 10 11 13 15 21 25 26 27 28 29 31 35 36 42 43 44 46 48 49 50 53
 54 60 61 64 66 67 69 73])
Bicluster(rows=[54, 75], cols=[ 3  6  7  8  9 10 12 15 17 19 23 24 26 28 29 30 31 32 34 36 38 40 42 45
 50 52 54 56 57 58 59 61 62 64 66 67 68 70 72 73 74])
Bicluster(rows=[54, 76], cols=[ 7 15 16 25 26 28 29 35 38 40 41 44 46 47 50 56 57 59 62 63 66 67 68 69
 70 72])
Bicluster(rows=[54, 77], cols=[ 5  7  9 10 11 13 19 21 22 23 27 28 30 32 38 39 44 45 47 50 52 54 57 59
 61 62 63 66 67 68 69 70 72 74])
Bicluster(rows=[54, 78], cols=[ 2  3 13 15 16 21 22 26 27 33 34 35 38 42 43 44 45 46 47 50 52 54 56 57
 58 59 61 62 64 66 67 68 70 72 73 74])
Bicluster(rows=[54, 79], cols=[ 2  3 13 14 15 18 20 21 27 32 34 35 36 38 40 44 46 50 52 53 54 55 56 57
 58 59 60 61 62 64 66 67 68 70 72 73])
Bicluster(rows=[54, 80], cols=[ 0  1  5  7  9 13 15 19 21 26 27 29 31 34 35 37 38 41 42 45 50 56 57 58
 59 61 62 64 66 67 68 70 72 73 74])
Bicluster(rows=[54, 81], cols=[ 2  3  5  6  9 10 12 17 18 20 22 26 28 32 35 36 39 41 42 47 50 51 52 54
 56 57 58 62 67 68 70 71 72])
Bicluster(rows=[54, 82], cols=[ 2  5  9 10 11 14 17 18 20 21 23 26 27 28 29 34 39 47 50 51 52 54 56 57
 58 62 67 68 70 71 72])
Bicluster(rows=[54, 83], cols=[ 0  1  5  6  8 10 13 15 18 21 22 23 24 29 30 31 33 36 37 38 39 41 42 48
 50 58 61 64 66 69])
Bicluster(rows=[54, 84], cols=[ 0  3  7 10 11 12 13 15 16 17 21 24 25 26 31 32 36 38 39 43 44 50 51 52
 53 54 56 57 58 60 62 64 65 66 67 68 70 71 72])
Bicluster(rows=[54, 85], cols=[ 2  3  4  6  7 10 11 16 18 19 21 22 23 25 27 28 29 30 31 32 33 34 36 38
 40 41 44 52 54 57 59 63 68 69 72])
Bicluster(rows=[54, 86], cols=[ 5 13 16 18 21 25 27 31 32 33 34 38 39 40 42 43 46 47 49 54 57 59 62 63
 67 68 69 70 72])
Bicluster(rows=[54, 87], cols=[ 0  1  5  7  8  9 11 13 18 19 20 23 27 28 31 37 38 39 43 48 50 51 52 53
 54 56 57 58 62 64 65 66 67 68 70 71 72])
Bicluster(rows=[54, 88], cols=[ 5  7 17 20 21 25 27 30 33 34 39 45 47 53 55 60 61 63 64 69 73])
Bicluster(rows=[54, 89], cols=[ 1  2  3  5  6 10 12 15 18 21 23 25 27 34 39 42 50 52 53 54 55 56 57 58
 60 62 64 65 66 67 68 70 72])
Bicluster(rows=[54, 90], cols=[ 3  5  7 13 15 16 18 22 25 26 27 28 29 31 32 34 35 36 39 42 43 44 45 46
 47 48 49 50 52 54 56 57 58 59 61 62 66 67 68 70 72 74])
Bicluster(rows=[54, 91], cols=[ 0  3  7 10 11 15 18 23 29 32 33 35 37 38 40 43 44 45 46 47 50 51 52 53
 54 56 57 58 60 62 64 65 66 67 68 70 71 72])
Bicluster(rows=[54, 92], cols=[ 6 15 17 18 21 25 27 29 32 33 36 37 38 39 40 41 46 47 48 50 51 52 53 54
 56 57 58 62 64 65 66 67 68 70 71 72])
Bicluster(rows=[54, 93], cols=[ 0  2  4  5  6  7 10 12 14 18 19 22 29 30 42 47 50 52 54 56 57 59 61 62
 66 67 68 70 72 73 74])
Bicluster(rows=[54, 94], cols=[ 1  3  4 11 13 20 22 25 26 27 28 30 32 37 43 44 49 50 51 52 53 54 55 56
 57 58 60 61 62 64 65 66 67 68 70 71 72 73])
Bicluster(rows=[54, 95], cols=[ 3 15 27 28 33 35 39 40 41 42 44 45 49 50 52 54 56 57 59 61 62 64 66 67
 68 70 72 73 74])
Bicluster(rows=[54, 96], cols=[ 1  4  5  6  7  8  9 11 15 18 19 20 21 26 28 36 37 43 50 51 52 54 56 57
 58 62 65 67 68 70 71 72])
Bicluster(rows=[54, 97], cols=[ 1  2  9 12 16 19 20 26 27 29 31 32 33 35 36 40 45 47 49 50 52 53 54 55
 56 57 58 60 61 62 64 65 66 67 68 69 70 71 72 73])
Bicluster(rows=[54, 98], cols=[ 4  5  6  7  9 11 12 13 15 20 21 24 25 27 28 30 31 33 40 41 42 44 45 46
 47 48 49 50 56 57 59 61 62 66 67 68 70 72])
Bicluster(rows=[54, 99], cols=[ 3  4  5  6  7 10 11 12 15 16 19 20 21 25 27 36 37 42 43 51 54 56 58 63
 68 73])
Bicluster(rows=[55, 56], cols=[ 5 19 22 25 26 27 28 29 30 31 32 33 34 35 36 37 38 39 40 41 42 43 44 45
 46 47 48 49 50 53 58 59 73])
Bicluster(rows=[55, 57], cols=[ 0  1  5  6  8 10 11 12 14 15 16 19 21 25 26 27 28 29 30 31 32 33 34 35
 36 37 38 39 40 41 42 43 44 45 46 47 48 49 50 51 52 54 55 61 62 63 64 65
 67 69 70 71 74])
Bicluster(rows=[55, 58], cols=[ 4  5 10 14 16 19 21 24 25 26 27 28 29 30 31 32 33 34 35 36 37 38 39 40
 41 42 43 44 45 46 47 48 49 51 53 59 64 67 68 71 73])
Bicluster(rows=[55, 59], cols=[ 0  1 11 12 16 19 25 26 27 28 29 30 31 32 33 34 35 36 37 38 39 40 41 42
 43 44 45 46 47 48 49 52 53 57 59 61 62 63 64 65 67 69 70 71 73])
Bicluster(rows=[55, 60], cols=[ 0  1  3  7 16 25 27 31 34 40 43 45 46 48 49 53 54 57 58 59 61 63 64 65
 67 71 72 73])
Bicluster(rows=[55, 61], cols=[ 4  5  6  8  9 10 12 13 20 25 26 27 28 29 30 31 32 33 34 35 36 37 38 39
 40 41 42 43 44 45 46 47 48 49 52 53 54 55 56 58 59 60 66 71 74])
Bicluster(rows=[55, 62], cols=[ 0  1  4  5  7  9 10 11 12 13 16 18 20 23 24 26 28 29 30 37 39 42 44 47
 50 51 52 53 54 55 56 60 61 62 64 65 66])
Bicluster(rows=[55, 63], cols=[ 0  1  4  8  9 10 12 14 15 16 17 19 20 21 22 23 24 25 26 27 28 29 30 31
 32 33 34 35 36 37 38 39 40 41 42 43 44 45 46 47 48 49 51 52 53 55 57 61
 64 68 71 72 73])
Bicluster(rows=[55, 64], cols=[ 0  1  2  3  5  7  8  9 10 11 12 14 16 17 18 19 20 21 22 23 24 25 26 27
 28 29 30 31 32 33 34 35 36 37 38 39 40 41 42 43 44 45 46 47 48 49 50 51
 52 53 54 56 57 59 60 61 63 64 65 66 67 68 69 71 72 73])
Bicluster(rows=[55, 65], cols=[ 1  3  4  5  8  9 10 11 14 15 16 18 20 21 22 25 26 27 28 29 30 31 32 33
 34 35 36 37 38 39 40 41 42 43 44 45 46 47 48 49 50 51 52 53 55 56 58 61
 63 64 65 67 68 69 71 73])
Bicluster(rows=[55, 66], cols=[ 0  1  3  9 11 12 16 18 31 33 43 45 53 54 59 64 67 68 71 72 73])
Bicluster(rows=[55, 67], cols=[ 1  5  9 12 14 15 16 19 22 23 27 28 29 30 31 32 34 36 38 39 41 44 46 48
 50 52 55 56 57 58 60 61 62 63 65 66 69 71 74])
Bicluster(rows=[55, 68], cols=[ 0  1  6  7 11 12 13 15 19 22 24 26 27 30 32 35 36 41 42 43 46 47 50 54
 58 63 66 67 68 69])
Bicluster(rows=[55, 69], cols=[ 0  5  8 13 14 17 19 24 28 33 37 38 46 47 48 50 54 55 59 60 61 63 64 67
 68 72 73 74])
Bicluster(rows=[55, 70], cols=[ 4  5  8 16 17 21 22 27 29 31 34 37 42 48 50 54 59 60 61 63 66 67 68 69
 72 74])
Bicluster(rows=[55, 71], cols=[ 0  1  2  7  8 10 11 18 19 20 23 32 34 35 36 39 42 43 46 49 56 57 58 62
 63 66 70])
Bicluster(rows=[55, 72], cols=[ 1  2  4  6  8 12 14 15 16 19 24 26 27 31 32 36 39 41 49 51 52 55 56 57
 58 60 62 63 65 66 69 70 74])
Bicluster(rows=[55, 73], cols=[ 0  6  7 12 17 21 22 28 35 38 39 40 42 43 46 48 49 50 51 52 56 61 63 64
 66 67 69])
Bicluster(rows=[55, 74], cols=[ 0  4 16 19 21 22 26 28 33 37 39 41 45 47 50 54 55 56 59 60 61 63 64 66
 67 68 69 72 74])
Bicluster(rows=[55, 75], cols=[ 1  6  9 17 18 22 24 28 31 32 34 36 37 38 39 40 44 45 47 53 54 55 64 68
 72 73])
Bicluster(rows=[55, 76], cols=[ 0  1  3  5  8 11 12 13 14 16 18 19 23 25 27 31 36 40 43 45 46 50 54 59
 61 63 67 68 72 74])
Bicluster(rows=[55, 77], cols=[ 1  5  7  9 10 11 13 14 16 17 18 19 22 25 26 27 31 35 36 37 41 42 45 49
 50 56 59 60 61 63 66 67 69 71 74])
Bicluster(rows=[55, 78], cols=[ 5  9 11 12 16 17 19 20 23 28 31 35 38 41 43 44 48 56 57 61 62 63 66 70])
Bicluster(rows=[55, 79], cols=[ 2  6 10 14 16 18 19 20 21 22 25 26 31 35 36 38 39 41 43 44 45 47 48 56
 57 58 61 62 63 66 69 70])
Bicluster(rows=[55, 80], cols=[ 0  1  3  4  5  7  8 10 11 14 15 16 24 25 26 30 32 36 38 42 46 47 48 49
 50 53 56 57 58 61 62 63 64 66 69 70 73])
Bicluster(rows=[55, 81], cols=[ 4  5 10 12 16 17 18 20 22 24 26 27 29 30 31 37 39 43 49 50 56 58 59 60
 61 63 66 67 69 74])
Bicluster(rows=[55, 82], cols=[ 0  4  6  8 10 11 14 16 20 21 23 24 25 31 37 39 46 47 50 54 55 59 60 61
 63 64 67 68 72 74])
Bicluster(rows=[55, 83], cols=[ 2  5  6  8 10 12 13 16 18 22 28 32 33 35 40 46 50 53 56 57 61 62 63 64
 66 69 70 73])
Bicluster(rows=[55, 84], cols=[ 0  2  4  7  8  9 10 12 15 17 21 22 23 26 29 34 35 39 40 42 45 46 47 48
 50 51 52 55 56 57 58 60 61 62 63 64 65 66 67 69 71 74])
Bicluster(rows=[55, 85], cols=[ 1  4  6  8  9 12 15 16 20 21 22 25 26 27 28 31 32 33 34 36 37 38 39 40
 41 42 44 50 54 58 61 63 66 67 68 69 72 74])
Bicluster(rows=[55, 86], cols=[ 0  7 10 12 16 19 20 27 28 31 32 35 38 41 43 44 46 48 50 54 59 60 61 63
 67 68 72 74])
Bicluster(rows=[55, 87], cols=[ 0  2  3  4  6  7  9 11 18 19 20 29 39 41 42 47 50 52 55 56 58 59 60 61
 63 66 67 69 71 74])
Bicluster(rows=[55, 88], cols=[ 0  1  2  3 10 11 14 15 21 23 25 26 28 30 32 33 34 42 44 45 46 47 48 50
 52 53 56 61 63 64 66 67 69 73])
Bicluster(rows=[55, 89], cols=[ 1  4  9 13 15 16 18 19 21 23 24 31 35 39 41 42 43 44 46 47 50 51 52 56
 61 63 64 65 66 67 69 71 73])
Bicluster(rows=[55, 90], cols=[ 0  1  2  5 11 14 16 17 25 27 34 35 38 41 43 45 46 49 54 55 59 60 64 67
 68 72])
Bicluster(rows=[55, 91], cols=[ 0  6  8 12 17 18 19 20 21 22 23 24 25 26 27 31 36 38 44 49 51 52 55 56
 57 58 60 62 66 69 74])
Bicluster(rows=[55, 92], cols=[ 0  3  4  8  9 10 14 16 18 22 26 28 31 34 35 36 38 41 42 44 45 51 52 55
 56 57 58 60 62 63 65 66 69 74])
Bicluster(rows=[55, 93], cols=[ 1  4  5  6  7 10 21 25 26 27 28 31 32 34 38 44 45 48 50 54 59 60 61 63
 66 67 69 72 74])
Bicluster(rows=[55, 94], cols=[ 0  2  3  4  7 11 13 15 16 18 20 22 23 31 34 38 40 42 45 47 49 53 54 59
 64 65 67 68 71 72 73])
Bicluster(rows=[55, 95], cols=[ 1  6  8  9 13 16 17 21 22 24 25 26 28 29 31 34 35 42 43 44 46 48 50 53
 56 57 58 61 62 63 64 66 69 70 73])
Bicluster(rows=[55, 96], cols=[ 1  3  5  7 13 15 17 18 21 22 23 25 26 27 28 40 46 48 49 52 56 57 58 60
 62 63 65 66 69 71 74])
Bicluster(rows=[55, 97], cols=[ 3  9 11 13 15 16 18 20 21 25 27 28 31 32 33 36 39 40 43 44 45 49 53 54
 59 64 67 68 71 72 73])
Bicluster(rows=[55, 98], cols=[ 0  4  5  9 10 11 12 13 18 19 20 25 27 31 32 35 38 40 45 46 48 49 50 54
 59 60 61 67 68 72 74])
Bicluster(rows=[55, 99], cols=[ 0  4 16 17 23 24 26 28 31 32 34 38 47 48 50 51 52 54 55 57 63 66 67 68
 72 73])
Bicluster(rows=[56, 57], cols=[ 2  3  4  6  7 10 11 12 13 14 15 19 22 24 25 27 31 34 40 41 43 45 46 48
 49 51 52 54 55 57 59 61 64 65 69 71 72])
Bicluster(rows=[56, 58], cols=[ 2  3  4  5  7  8 10 11 12 14 18 19 20 23 24 25 26 27 28 31 32 33 34 35
 36 38 39 40 41 42 43 44 45 46 47 48 49 52 53 54 55 56 62 65 69 70 72 73
 74])
Bicluster(rows=[56, 59], cols=[ 2  3  8 16 17 19 20 21 22 25 26 27 28 29 30 31 32 33 34 35 36 37 38 39
 40 41 42 43 44 45 46 47 48 49 59 60 66 73])
Bicluster(rows=[56, 60], cols=[ 4  7 12 15 18 21 23 24 25 26 27 28 29 30 31 32 33 34 35 36 37 38 39 40
 41 42 43 44 45 46 47 48 49 54 58 60 64 67 69 71 73 74])
Bicluster(rows=[56, 61], cols=[ 2  4  5  7 10 11 12 14 17 21 22 23 24 25 26 27 28 29 30 31 32 33 34 35
 36 37 38 39 40 41 42 43 44 45 46 47 48 49 50 51 53 57 58 59 62 64 65 67
 68])
Bicluster(rows=[56, 62], cols=[ 8 12 13 17 18 23 25 27 28 31 32 34 35 36 38 40 41 42 43 44 45 46 48 49
 51 53 56 59 60 62 65 69 72 73])
Bicluster(rows=[56, 63], cols=[ 2  7  8 10 11 12 13 14 15 20 22 23 24 25 27 31 32 34 35 36 38 40 41 42
 43 44 45 46 48 49 51 53 59 62 65 67 69 72 74])
Bicluster(rows=[56, 64], cols=[ 7  8 11 12 13 17 18 24 25 27 31 34 40 43 45 46 48 49 50 53 55 59 62 64
 67 72 74])
Bicluster(rows=[56, 65], cols=[ 0  2  4  7  8 11 13 15 16 22 25 27 31 32 34 35 36 40 41 43 45 46 48 49
 53 57 58 60 62 67 73 74])
Bicluster(rows=[56, 66], cols=[ 2  3  5  8  9 10 11 12 13 15 19 21 22 23 27 28 30 36 39 47 48 49 52 54
 57 61 62 64 67 68 69 70 71])
Bicluster(rows=[56, 67], cols=[ 2  4  6  8 11 12 20 22 24 28 31 32 35 38 40 41 43 44 45 49 56 57 59 61
 62 65 67 68 69 70 72])
Bicluster(rows=[56, 68], cols=[10 14 15 16 18 19 22 24 25 26 27 28 29 30 32 35 36 41 42 43 45 46 47 50
 52 58 71 72])
Bicluster(rows=[56, 69], cols=[ 4  8 14 17 27 30 32 33 35 36 43 44 52 53 54 55 56 57 60 61 62 64 67 68
 69 70 71 74])
Bicluster(rows=[56, 70], cols=[ 0  1  2  3  6  8 13 24 26 34 35 40 43 52 53 54 56 57 60 62 64 67 68 69
 70 71 73 74])
Bicluster(rows=[56, 71], cols=[ 2 17 18 19 22 23 24 25 26 27 31 32 34 35 40 41 42 43 45 48 52 53 54 56
 57 60 62 64 67 68 69 70 71 73])
Bicluster(rows=[56, 72], cols=[10 11 17 19 25 26 28 29 30 31 36 40 41 42 43 47 48 53 55 56 59 64 65 72
 74])
Bicluster(rows=[56, 73], cols=[ 0  1  3  4  5  7  8  9 14 16 18 19 21 22 24 27 28 29 30 31 34 37 41 42
 47 52 53 54 55 56 57 60 61 62 64 67 68 69 70 71 74])
Bicluster(rows=[56, 74], cols=[ 0  4  6  9 12 13 14 15 18 23 27 30 31 37 39 46 47 48 49 51 56 57 61 62
 64 65 67 68 69 70])
Bicluster(rows=[56, 75], cols=[ 0  2  6  7  8 12 22 24 26 28 29 31 32 34 36 38 44 45 48 52 53 54 56 57
 62 64 67 68 69 70 71 73])
Bicluster(rows=[56, 76], cols=[ 5  7  8 14 15 16 19 21 22 25 26 28 29 33 36 38 40 41 44 45 46 47 49 52
 54 56 57 62 67 68 69 70])
Bicluster(rows=[56, 77], cols=[ 4  6  7  8 10 11 15 19 20 23 26 29 30 34 42 46 56 59 61 62 64 65 69 70
 72])
Bicluster(rows=[56, 78], cols=[ 2  5 11 12 16 18 19 26 27 29 33 34 35 37 38 42 43 44 45 46 47 52 53 54
 56 57 62 64 67 68 69 70 71 73])
Bicluster(rows=[56, 79], cols=[ 2  5  8 10 14 15 22 23 24 26 27 29 30 32 33 34 35 36 38 40 44 46 52 53
 54 55 56 57 60 61 62 64 67 68 69 70 71 74])
Bicluster(rows=[56, 80], cols=[ 3  5  9 10 14 18 23 24 26 27 29 31 32 33 34 35 37 38 41 42 45 46 52 54
 56 57 62 67 68 69 70 71 73])
Bicluster(rows=[56, 81], cols=[ 6  9 12 14 15 19 20 21 26 28 34 36 41 44 45 48 54 57 59 61 62 63 65 66
 67 68 69 70])
Bicluster(rows=[56, 82], cols=[ 0  3  9 10 11 14 15 19 20 22 24 26 28 29 30 34 35 36 39 41 44 47 56 59
 61 62 64 65 69 70 72])
Bicluster(rows=[56, 83], cols=[ 2  3  4  5  9 11 12 13 15 17 18 22 23 24 26 27 28 29 34 37 45 47 52 54
 56 57 62 67 68 69 70 71 73])
Bicluster(rows=[56, 84], cols=[ 0  3  4  5  6  8  9 16 18 19 22 26 30 31 32 36 37 38 39 43 44 47 49 51
 52 54 57 61 62 63 66 67 68 71])
Bicluster(rows=[56, 85], cols=[ 2 10 11 13 15 17 18 25 27 28 29 30 31 32 33 34 36 38 40 41 44 49 50 52
 58 71 72])
Bicluster(rows=[56, 86], cols=[ 4 10 12 15 18 22 23 25 26 27 30 31 32 33 34 38 39 40 42 43 46 47 49 52
 54 56 57 62 67 68 69 70])
Bicluster(rows=[56, 87], cols=[ 0  4  9 11 15 17 20 22 27 28 30 31 38 43 47 48 51 52 54 57 61 62 63 66
 67 68 71])
Bicluster(rows=[56, 88], cols=[ 0  6  9 10 11 14 16 18 26 28 29 31 40 41 42 43 47 52 53 54 56 57 60 62
 64 67 68 69 70 71 73 74])
Bicluster(rows=[56, 89], cols=[ 2  3  4  6  8 12 17 24 25 27 30 34 37 39 47 52 54 57 61 62 64 67 68 69
 71])
Bicluster(rows=[56, 90], cols=[ 5  7 14 16 18 19 21 22 23 25 26 27 28 29 31 32 34 35 36 38 39 40 42 43
 44 45 46 47 48 49 52 54 56 57 62 67 68 69 70 71 72 73])
Bicluster(rows=[56, 91], cols=[ 0  4  7 10 12 13 15 20 21 22 30 32 33 35 38 39 40 43 44 45 46 51 52 54
 57 61 62 63 66 67 68 71])
Bicluster(rows=[56, 92], cols=[ 0  5  6 10 17 19 22 26 27 28 30 32 33 42 44 49 51 52 54 57 61 62 63 66
 67 68 71])
Bicluster(rows=[56, 93], cols=[ 0  3  5  6 10 12 15 16 17 20 25 29 34 41 45 47 48 50 52 56 58 68 70 71
 72])
Bicluster(rows=[56, 94], cols=[ 5 11 18 20 21 23 24 25 26 27 28 29 32 43 49 52 54 57 61 62 64 67 68 69
 70 71])
Bicluster(rows=[56, 95], cols=[ 3  4  5 12 13 14 15 18 22 23 24 26 27 30 37 38 41 42 45 47 52 53 54 57
 60 61 62 64 67 68 69 70 71 74])
Bicluster(rows=[56, 96], cols=[ 0  3  4  7 11 12 16 17 19 20 34 37 38 39 41 45 52 53 54 56 57 60 62 64
 67 68 69 70 71 74])
Bicluster(rows=[56, 97], cols=[ 0  2 12 15 18 24 26 27 29 31 32 33 35 40 45 47 49 51 53 55 56 59 60 64
 65 69 70 72 74])
Bicluster(rows=[56, 98], cols=[ 2  3  5  7  8  9 10 11 12 14 18 22 23 24 25 27 28 29 30 31 33 40 41 42
 44 45 46 47 48 49 52 54 56 57 62 67 68 69 70 71 73])
Bicluster(rows=[56, 99], cols=[ 2  3  6  7  8 12 13 14 15 18 20 24 25 29 30 36 39 51 53 55 59 61 62 65
 68 70 74])
Bicluster(rows=[57, 58], cols=[ 1  5  9 10 12 13 14 16 18 19 20 25 26 27 28 29 30 31 32 33 34 35 36 37
 38 39 40 41 42 43 44 45 46 47 48 49 51 54 56 57 58 61 64 66 67 68])
Bicluster(rows=[57, 59], cols=[ 2 12 13 16 19 22 25 26 27 28 29 30 31 32 33 34 35 36 37 38 39 40 41 42
 43 44 45 46 47 48 49 52 53 58 59 60 61 62 63 64 65 67 69 72 73])
Bicluster(rows=[57, 60], cols=[ 2  3  6  7  8  9 10 11 13 15 16 22 23 28 42 44 50 54 56 58 60 61 62 69
 71])
Bicluster(rows=[57, 61], cols=[ 3  5  6  8  9 10 12 14 22 25 26 27 28 29 30 31 32 33 34 35 36 37 38 39
 40 41 42 43 44 45 46 47 48 49 54 55 56 59 61 74])
Bicluster(rows=[57, 62], cols=[ 2  7  9 10 11 14 15 25 26 27 28 29 30 31 32 33 34 35 36 37 38 39 40 41
 42 43 44 45 46 47 48 49 53 54 64 73 74])
Bicluster(rows=[57, 63], cols=[ 0  1  2  3  5  6  7 10 12 13 14 15 16 17 18 20 21 22 23 24 25 26 27 28
 29 30 31 32 33 34 35 36 37 38 39 40 41 42 43 44 45 46 47 48 49 50 51 55
 56 57 58 59 60 61 63 64 66 68 69 71])
Bicluster(rows=[57, 64], cols=[ 1  3  4  5  7  8  9 10 11 12 13 14 16 19 21 22 24 25 26 27 28 29 30 31
 32 33 34 35 36 37 38 39 40 41 42 43 44 45 46 47 48 49 50 51 53 55 58 59
 61 62 63 64 65 67 68 72 74])
Bicluster(rows=[57, 65], cols=[ 1  2  3  4  5  6  7  8  9 10 11 13 15 16 17 22 24 25 26 27 28 29 30 31
 32 33 34 35 36 37 38 39 40 41 42 43 44 45 46 47 48 49 50 51 52 55 57 58
 59 60 63 64 65 66 68 69 70 72 73 74])
Bicluster(rows=[57, 66], cols=[ 0  8 10 11 12 13 15 16 17 26 31 33 43 45 52 54 55 56 57 58 60 61 64 66
 69 71])
Bicluster(rows=[57, 67], cols=[ 1  2  3  4  7  8 11 12 16 18 19 24 26 27 28 29 30 36 39 46 48 50 51 52
 53 58 59 62 63 65 67 68 70 71 72 73 74])
Bicluster(rows=[57, 68], cols=[ 0  1  2  3  4  6  8 11 12 18 26 28 30 31 32 35 36 42 47 50 54 56 57 63
 69])
Bicluster(rows=[57, 69], cols=[ 0  1  8 12 19 20 24 28 33 37 38 46 47 48 50 52 53 54 56 57 58 61 62 63
 64 66 69 71 74])
Bicluster(rows=[57, 70], cols=[ 2  5  9 13 16 18 23 24 29 31 34 37 43 47 48 50 53 54 56 57 58 61 63 64
 66 69 73 74])
Bicluster(rows=[57, 71], cols=[ 1  2  6 16 17 20 21 26 28 29 37 38 44 47 50 58 59 61 62 66 67 68 69 72])
Bicluster(rows=[57, 72], cols=[ 0  8 14 16 19 24 25 28 29 30 31 36 37 40 41 42 43 48 54 56 57 71])
Bicluster(rows=[57, 73], cols=[ 0  5  8  9 10 14 15 18 20 24 32 38 39 40 42 43 48 49 50 55 58 59 60 62
 63 64 65 67 68 72])
Bicluster(rows=[57, 74], cols=[ 6  8  9 13 15 16 21 26 33 37 39 41 45 47 50 52 53 54 56 57 58 61 63 64
 66 69 73 74])
Bicluster(rows=[57, 75], cols=[ 2  3  4  5  6  7 12 16 20 24 31 32 34 36 38 40 44 45 50 52 57 58 61 64
 66 69])
Bicluster(rows=[57, 76], cols=[ 7  9 10 11 12 14 15 17 21 22 24 25 36 40 41 44 46 54 56 57 58 66 69 73])
Bicluster(rows=[57, 77], cols=[ 2  4  5  7  8 10 11 12 16 21 23 25 26 27 31 35 36 37 41 42 45 49 50 52
 53 59 62 63 67 68 71 72 73 74])
Bicluster(rows=[57, 78], cols=[ 6 11 17 19 23 25 31 33 34 36 39 40 41 43 45 46 53 54 56 57 58 61 64 66
 69 73 74])
Bicluster(rows=[57, 79], cols=[ 0  3  4  5  6  7  8  9 10 13 19 21 23 24 25 26 31 35 36 38 39 41 43 44
 45 47 48 53 55 67 70 73 74])
Bicluster(rows=[57, 80], cols=[ 0  1  2  3  5  6  7  9 13 14 15 16 18 19 20 21 22 24 26 30 36 42 43 44
 47 50 58 61 62 63 64 66 67 68 69 72])
Bicluster(rows=[57, 81], cols=[ 0  1  3  4  9 10 11 13 19 21 22 23 24 27 31 36 38 41 42 43 46 49 51 53
 59 65 67 68 72 73 74])
Bicluster(rows=[57, 82], cols=[ 2  3  5  9 11 13 14 15 25 31 37 39 46 47 50 52 53 57 58 62 63 68 69 71
 73 74])
Bicluster(rows=[57, 83], cols=[ 3  4  5 11 12 16 17 19 20 21 30 31 32 33 35 40 44 47 50 58 61 62 63 66
 67 68 69 72])
Bicluster(rows=[57, 84], cols=[ 0  3  5  6  8 10 12 13 18 26 29 34 35 39 40 42 45 46 47 48 50 51 53 58
 59 62 63 65 67 68 71 72 73 74])
Bicluster(rows=[57, 85], cols=[ 0  2  3  6  7  8 13 15 16 24 25 26 27 28 31 32 33 34 36 37 38 39 40 41
 42 44 50 54 57 63 69 73])
Bicluster(rows=[57, 86], cols=[ 0  1  4  5  8  9 10 12 13 15 16 17 21 22 23 27 28 31 32 35 38 40 41 43
 44 46 48 50 54 57 63 69 73])
Bicluster(rows=[57, 87], cols=[ 2  3  5  7  8 15 18 20 23 25 29 32 34 36 39 40 44 47 52 54 55 56 57 58
 60 61 64 66 69 71])
Bicluster(rows=[57, 88], cols=[ 0  1  8  9 11 13 14 15 18 19 20 22 23 25 26 27 30 33 34 44 45 46 47 50
 57 58 59 61 62 64 65 66 68 69 72])
Bicluster(rows=[57, 89], cols=[ 0  2  3  4  6 11 12 13 16 20 22 24 25 26 27 34 44 52 55 57 58 60 61 64
 66 69 71])
Bicluster(rows=[57, 90], cols=[ 4  5  7 11 19 23 25 27 31 34 35 38 42 43 44 45 46 49 53 54 56 57 58 61
 64 66 69 74])
Bicluster(rows=[57, 91], cols=[ 0  9 10 11 19 22 23 31 33 34 36 40 42 45 48 51 52 56 57 58 60 61 64 65
 66 69 71])
Bicluster(rows=[57, 92], cols=[ 0  6  7  8  9 10 14 16 21 22 24 27 35 36 38 41 46 49 51 52 56 57 60 61
 66 69 71])
Bicluster(rows=[57, 93], cols=[ 1  2  5  7  8 13 15 18 20 24 25 37 39 41 48 50 53 54 56 57 58 61 64 66
 69 73 74])
Bicluster(rows=[57, 94], cols=[ 0  8  9 16 17 23 31 34 42 44 45 47 49 52 54 56 57 61 66 69 71])
Bicluster(rows=[57, 95], cols=[ 1  3  4  5 14 15 18 19 20 23 25 26 28 29 31 32 36 43 44 50 58 62 63 64
 67 68 70 72])
Bicluster(rows=[57, 96], cols=[ 3  4  5  6  7  8  9 11 12 18 29 30 31 32 34 41 42 45 49 50 53 54 56 57
 58 61 64 66 69 73 74])
Bicluster(rows=[57, 97], cols=[ 1  2  9 15 24 25 28 31 33 36 39 43 44 45 49 50 51 52 55 57 58 60 61 62
 63 64 66 68 69 71])
Bicluster(rows=[57, 98], cols=[ 1  2  3  6  7  8 10 12 16 17 21 22 24 25 26 27 31 32 35 40 41 45 46 53
 54 56 57 58 66 69 73 74])
Bicluster(rows=[57, 99], cols=[ 0  1  3  5  7  8 12 13 16 20 21 23 26 27 31 32 38 43 47 50 51 53 56 59
 63])
Bicluster(rows=[58, 59], cols=[ 2  3  6  8  9 13 15 16 17 19 20 25 26 27 28 29 30 31 32 33 34 35 36 37
 38 39 40 41 42 43 44 45 46 47 48 49 50 64 71])
Bicluster(rows=[58, 60], cols=[ 1  6  7 13 16 17 23 24 25 26 27 28 31 32 33 34 35 36 38 39 40 41 42 43
 44 45 46 47 48 49 60 61 63 69 70 74])
Bicluster(rows=[58, 61], cols=[ 0  1  2  4  5 10 11 12 14 15 23 24 25 26 27 28 29 30 31 32 33 34 35 36
 37 38 39 40 41 42 43 44 45 46 47 48 49 53 54 61 62 63 64 65 67 70 71 73])
Bicluster(rows=[58, 62], cols=[ 0  1  5  8  9 10 11 12 15 16 18 22 25 27 31 32 34 35 36 38 41 43 45 46
 48 49 50 56 59 60 61 64 65 66 69 72 73])
Bicluster(rows=[58, 63], cols=[ 1  2  4  5  6  7  8 10 11 12 14 16 18 19 21 24 25 26 27 28 29 30 31 32
 33 34 35 36 37 38 39 40 41 42 43 44 45 46 47 48 49 50 51 56 58 60 61 62
 64 65 66 68 70 71 72 73 74])
Bicluster(rows=[58, 64], cols=[ 1  5  6  9 10 13 14 15 16 19 25 26 27 28 29 30 31 32 33 34 35 36 37 38
 39 40 41 42 43 44 45 46 47 48 49 51 58 62 64 65 67 68 70 71 73 74])
Bicluster(rows=[58, 65], cols=[ 0  1  4  5  6  9 10 11 12 13 19 21 23 25 26 27 28 29 30 31 32 33 34 35
 36 37 38 39 40 41 42 43 44 45 46 47 48 49 50 51 57 62 64 66 67 68 71])
Bicluster(rows=[58, 66], cols=[ 0  1  2  3  5 11 12 17 18 19 28 29 34 36 37 39 47 48 50 52 53 54 55 56
 59 60 62 63 69 72 74])
Bicluster(rows=[58, 67], cols=[ 1  4  5  9 11 12 16 19 20 21 23 24 26 28 31 32 35 38 41 43 44 45 47 49
 50 51 53 56 57 58 60 61 62 63 66 67 68 69 70 74])
Bicluster(rows=[58, 68], cols=[ 5  6  9 13 15 16 25 27 28 32 34 35 36 39 40 41 43 45 46 48 49 53 60 73
 74])
Bicluster(rows=[58, 69], cols=[ 0  1  5  8  9 10 11 13 14 15 17 20 22 24 32 34 35 36 37 39 43 44 47 50
 53 54 56 57 58 59 61 62 63 66 69 70 72 73 74])
Bicluster(rows=[58, 70], cols=[ 2  5  6  7 13 16 17 18 19 23 24 25 28 30 32 36 38 39 41 42 44 49 50 51
 53 56 57 58 60 61 62 66 67 68 70 71 74])
Bicluster(rows=[58, 71], cols=[ 1  2 18 19 21 24 25 26 27 31 32 35 40 41 43 45 50 52 54 56 57 58 59 61
 62 63 64 66 69 70 72 73])
Bicluster(rows=[58, 72], cols=[ 1  2  6  9 12 14 15 16 21 22 25 28 29 30 31 35 36 37 40 41 42 43 46 48
 50 53 55 56 57 58 59 60 61 62 63 65 66 68 69 70 72 73 74])
Bicluster(rows=[58, 73], cols=[ 9 10 17 20 22 24 32 37 40 47 48 49 50 51 53 55 57 58 60 61 66 67 68 70
 71 73 74])
Bicluster(rows=[58, 74], cols=[ 0  7  8 11 13 16 19 21 25 26 27 28 31 35 36 42 43 44 46 48 49 50 51 53
 55 57 58 60 61 62 66 67 68 70 71 73 74])
Bicluster(rows=[58, 75], cols=[ 2  7  8 12 13 15 21 24 26 28 30 31 32 34 36 37 38 39 40 42 44 45 47 50
 52 54 56 57 58 59 61 62 63 64 66 69 70 72 73])
Bicluster(rows=[58, 76], cols=[ 0  1  9 13 15 18 27 28 31 34 36 39 41 43 44 48 49 53 60 64 73 74])
Bicluster(rows=[58, 77], cols=[ 2  4  6  7  8 11 14 18 21 22 27 28 29 30 32 38 39 44 45 47 50 52 54 56
 57 58 59 61 62 64 66 70 72 73])
Bicluster(rows=[58, 78], cols=[ 9 12 13 15 19 21 23 26 27 34 35 38 42 43 44 45 46 50 52 54 56 57 58 59
 61 62 63 64 66 69 70 72 73])
Bicluster(rows=[58, 79], cols=[ 2  6 10 14 16 18 19 27 28 33 34 35 36 38 40 41 44 46 50 52 53 54 56 57
 58 59 61 62 63 66 69 70 72 73 74])
Bicluster(rows=[58, 80], cols=[ 0  1  3  5 10 13 14 15 16 21 22 26 27 31 32 34 35 38 39 41 42 45 50 52
 54 56 57 58 59 61 62 63 64 66 69 70 72 73])
Bicluster(rows=[58, 81], cols=[ 5 10 12 16 18 19 25 34 36 38 41 44 45 48 50 53 57 58 60 61 62 66 67 68
 70 71 74])
Bicluster(rows=[58, 82], cols=[ 0  5 10 11 13 14 18 19 23 26 27 34 35 36 41 44 50 51 53 57 58 60 61 62
 66 67 68 70 73 74])
Bicluster(rows=[58, 83], cols=[ 0  3  4  7  8  9 12 13 14 16 18 19 20 21 22 23 24 30 36 37 38 39 41 42
 47 48 50 53 57 58 61 62 66 67 68 70 71])
Bicluster(rows=[58, 84], cols=[ 0  2  4  7 11 12 13 15 18 19 20 23 24 25 26 31 32 36 38 42 43 44 50 53
 55 56 57 58 59 60 61 62 63 65 66 69 70 74])
Bicluster(rows=[58, 85], cols=[ 2  3 16 18 21 23 25 26 27 28 29 30 31 32 33 34 36 37 38 40 44 52 57 59
 62 67 68 70 72])
Bicluster(rows=[58, 86], cols=[ 0  1  3  4  5  7 11 12 17 18 24 29 39 50 51 53 57 58 60 61 66 68 70 71])
Bicluster(rows=[58, 87], cols=[ 0  1  2  4  5  7  8 10 11 13 16 17 18 27 28 31 37 38 43 48 50 53 56 57
 58 59 60 61 62 63 65 69 70 74])
Bicluster(rows=[58, 88], cols=[ 6  7 10 11 13 14 17 18 20 21 25 27 30 33 34 44 45 47 50 51 53 55 57 58
 60 61 64 66 67 68 70 71 73 74])
Bicluster(rows=[58, 89], cols=[ 2  5  8 12 15 16 17 18 20 21 25 27 29 34 42 50 53 55 56 57 58 59 61 62
 63 66 69 70 72 73 74])
Bicluster(rows=[58, 90], cols=[ 5  7  9 13 14 15 18 19 25 26 27 28 31 32 34 35 36 38 39 42 43 44 45 46
 48 49 50 52 54 56 57 58 61 62 63 64 66 69 70 72])
Bicluster(rows=[58, 91], cols=[ 0  6  9 10 11 13 15 18 19 23 31 33 36 37 38 40 42 44 45 46 47 48 50 51
 53 55 56 57 58 59 60 61 62 63 65 66 68 69 70 72 74])
Bicluster(rows=[58, 92], cols=[ 0  3  7  9 10 14 15 16 17 18 24 25 27 32 33 35 36 38 40 41 46 48 50 51
 53 56 57 58 59 60 61 62 63 65 66 68 69 70 72 74])
Bicluster(rows=[58, 93], cols=[ 2  6  7  8 10 12 18 28 29 35 36 39 44 46 47 49 50 56 57 58 61 62 63 66
 67 68 70 71])
Bicluster(rows=[58, 94], cols=[ 1  6 11 16 24 25 26 30 31 34 37 43 44 45 47 49 50 52 53 54 55 56 57 58
 59 60 61 62 63 65 69 70 72 74])
Bicluster(rows=[58, 95], cols=[ 1  4  6  9 13 15 16 19 28 33 35 39 40 44 45 46 49 50 52 54 56 57 58 59
 61 62 64 66 69 70 72])
Bicluster(rows=[58, 96], cols=[ 3  7  9 11 12 13 23 30 32 34 38 41 45 47 49 50 52 54 56 57 58 59 61 62
 64 66 69 70 72 73])
Bicluster(rows=[58, 97], cols=[ 2  6 16 18 21 24 27 29 31 32 33 35 40 45 47 50 52 53 54 55 56 57 58 59
 60 61 62 63 65 66 69 70 72 73 74])
Bicluster(rows=[58, 98], cols=[ 1  2  3  5 10 11 12 15 16 24 25 26 27 31 32 33 35 39 41 44 45 46 48 49
 50 52 54 56 57 58 61 62 64 66 69 70 72])
Bicluster(rows=[58, 99], cols=[ 1  4  5  7  9 11 12 16 20 24 25 27 36 37 42 43 47 51 56 58 60 62 64 66
 67 69 71 73 74])
Bicluster(rows=[59, 60], cols=[ 1  3  4  8 13 14 15 16 19 24 25 26 27 28 31 32 34 35 36 38 40 41 42 43
 44 45 46 48 49 50 51 52 54 55 56 58 61 66 67 69 71 73])
Bicluster(rows=[59, 61], cols=[ 0  1  6  7 12 13 18 24 25 27 31 32 34 35 36 38 41 43 45 46 48 49 51 52
 54 58 60 68 71])
Bicluster(rows=[59, 62], cols=[ 0  1  2  3  5  6  7  9 11 15 25 26 27 28 29 30 31 32 33 34 35 36 37 38
 39 40 41 42 43 44 45 46 47 48 49 51 53 55 56 57 63 64 67 73])
Bicluster(rows=[59, 63], cols=[ 2 12 16 19 22 25 26 27 28 29 30 31 32 33 34 35 36 37 38 39 40 41 42 43
 44 45 46 47 48 49 52 53 54 58 59 60 61 62 63 64 65])
Bicluster(rows=[59, 64], cols=[ 0 11 12 13 15 16 19 22 25 26 27 28 29 30 31 32 33 34 35 36 37 38 39 40
 41 42 43 44 45 46 47 48 49 52 53 57 58 59 61 62 63 64 65 67 69 71 72 73])
Bicluster(rows=[59, 65], cols=[13 16 19 22 24 25 26 27 28 29 30 31 32 33 34 35 36 37 38 39 40 41 42 43
 44 45 46 47 48 49 52 53 54 58 60 63 64 65 69 71 72 73])
Bicluster(rows=[59, 66], cols=[ 2  3  9 13 20 25 30 35 39 47 52 53 58 59 60 61 62 63 64 65 67 69 71 72
 73])
Bicluster(rows=[59, 67], cols=[ 1  4  6 11 16 22 24 29 30 31 32 33 34 35 37 38 39 40 41 43 44 48 54 55
 56 57 65 68 70 71 72])
Bicluster(rows=[59, 68], cols=[ 2  6 10 11 12 13 18 20 22 23 25 27 28 32 33 35 36 37 39 43 45 46 54 57
 58 61 63 67 68 69 70])
Bicluster(rows=[59, 69], cols=[ 0  4  6  7 10 12 16 18 23 28 37 38 40 46 47 52 57 58 59 61 62 63 64 65
 67 69 72 73])
Bicluster(rows=[59, 70], cols=[ 5 11 12 16 19 20 21 22 28 29 32 37 38 42 44 45 46 52 54 55 56 57 59 65
 67 68 70 72 74])
Bicluster(rows=[59, 71], cols=[ 3  5  8 14 15 16 19 21 22 26 29 30 32 36 37 43 46 47 51 53 54 57 58 60
 61 64 67 68 69 72 73])
Bicluster(rows=[59, 72], cols=[ 1  8 10 12 16 20 21 28 32 33 36 41 42 45 49 51 54 55 56 57 68 70 71 72
 74])
Bicluster(rows=[59, 73], cols=[ 0  7  9 10 14 17 20 25 26 30 37 43 45 46 47 51 53 54 57 58 60 61 62 63
 64 67 68 69 71 72 73])
Bicluster(rows=[59, 74], cols=[ 2  3  5  6  7  9 10 13 14 15 16 17 19 20 21 22 28 30 34 35 37 39 40 42
 44 47 52 54 55 57 59 62 65 67 69 70 71 72])
Bicluster(rows=[59, 75], cols=[ 1  2  4 12 13 14 15 19 20 22 28 30 31 32 34 36 37 39 41 44 45 47 48 53
 58 61 63 64 73])
Bicluster(rows=[59, 76], cols=[ 1  2  4  6  8 12 16 18 19 21 22 24 25 26 28 29 33 36 41 44 45 46 47 49
 50 58 61 63 74])
Bicluster(rows=[59, 77], cols=[ 3  4  7 11 12 15 16 18 19 21 22 37 40 42 43 48 52 54 55 56 57 59 65 68
 70 71 72 74])
Bicluster(rows=[59, 78], cols=[ 0  1  2  7  9 10 12 13 16 19 24 25 26 27 33 34 35 37 38 40 42 43 45 46
 47 50 53 55 64 66 73])
Bicluster(rows=[59, 79], cols=[16 17 19 25 31 36 37 39 41 43 44 45 48 51 53 54 57 64 67 69 71 72 73])
Bicluster(rows=[59, 80], cols=[ 0  1  9 13 16 17 21 25 27 30 32 36 38 40 41 42 46 47 48 49 53 54 57 60
 64 67 68 69 70 73])
Bicluster(rows=[59, 81], cols=[ 3  5  6  8  9 11 15 16 19 22 25 26 27 28 29 30 31 34 36 37 38 39 40 41
 44 45 46 48 52 54 55 56 57 59 65 68 70 71 72 74])
Bicluster(rows=[59, 82], cols=[15 19 21 23 24 26 28 32 33 35 36 37 38 41 44 45 47 48 49 52 54 55 56 57
 59 65 67 68 70 71 72 74])
Bicluster(rows=[59, 83], cols=[ 4  5  6  7 10 11 12 13 15 21 24 31 36 38 40 41 42 52 55 57 59 62 67 69
 72 74])
Bicluster(rows=[59, 84], cols=[ 6  7  9 10 13 14 19 21 22 26 29 31 32 33 38 39 43 44 47 49 51 54 55 56
 68 70 74])
Bicluster(rows=[59, 85], cols=[ 1  2  3 12 16 17 25 26 27 28 29 30 31 32 33 34 36 37 38 39 40 41 42 44
 46 49 55 58 61 62 63 69])
Bicluster(rows=[59, 86], cols=[ 1  2  3 12 15 16 25 26 27 29 32 34 35 38 41 42 46 54 57 58 61 63 67 68
 69])
Bicluster(rows=[59, 87], cols=[ 0  1  7  9 11 14 15 16 18 23 28 29 30 35 39 42 45 47 49 54 55 56 57 65
 67 68 70 71 72 74])
Bicluster(rows=[59, 88], cols=[ 0  1  4  6 11 13 22 24 25 26 28 30 32 33 41 42 44 45 46 47 48 51 53 57
 58 60 61 62 63 64 67 69 71 72 73])
Bicluster(rows=[59, 89], cols=[ 0  4  7 12 14 16 17 20 21 24 29 35 40 41 44 46 49 52 53 58 59 61 62 63
 64 65 69 73])
Bicluster(rows=[59, 90], cols=[ 2  5  7  8 11 13 16 19 20 22 25 32 33 34 35 36 40 43 44 45 46 48 53 56
 60 64 68 70 73])
Bicluster(rows=[59, 91], cols=[ 0  1  2  3  9 10 12 14 15 17 18 22 23 31 34 38 39 44 46 48 51 55 56 68
 70 74])
Bicluster(rows=[59, 92], cols=[ 1  3  4  5  9 15 17 22 23 25 29 33 35 36 37 38 40 41 46 47 48 50 59 65
 66])
Bicluster(rows=[59, 93], cols=[ 1  3  9 12 22 24 27 28 31 32 34 35 36 37 38 40 43 44 52 55 57 59 62 67
 69 72 74])
Bicluster(rows=[59, 94], cols=[ 2  3  4  8 14 15 17 22 26 29 33 38 42 44 46 48 52 53 57 58 59 61 62 63
 64 65 67 69 71 72 73])
Bicluster(rows=[59, 95], cols=[ 5  6  9 10 13 15 16 18 19 21 24 25 31 32 34 36 40 43 44 46 48 49 55 58
 61 63 64])
Bicluster(rows=[59, 96], cols=[ 4  6 10 11 17 25 27 29 30 33 40 42 44 46 48 52 54 55 56 57 59 62 65 67
 69 70 72 74])
Bicluster(rows=[59, 97], cols=[ 2  4  5  6  7 10 11 16 19 25 27 28 31 32 33 36 38 39 43 44 45 48 49 52
 53 58 59 60 61 62 63 64 65 73])
Bicluster(rows=[59, 98], cols=[ 0  2  3 12 19 22 25 26 27 31 32 33 35 39 41 44 45 46 47 48 49 50 55 58
 61 63 64 73])
Bicluster(rows=[59, 99], cols=[ 1  4  5  7 10 15 16 21 22 24 27 31 33 34 39 40 43 48 52 53 54 56 64 65
 67 68])
Bicluster(rows=[60, 61], cols=[ 1  6 18 20 23 24 25 26 27 28 29 30 31 32 33 34 35 36 37 38 39 40 41 42
 43 44 45 46 47 48 49 52 58 61 63 67 70 73])
Bicluster(rows=[60, 62], cols=[ 0  2  4  8 11 19 22 24 25 26 27 28 31 32 34 35 36 38 39 40 41 42 43 44
 45 46 48 49 50 52 54 57 62 63 67 70])
Bicluster(rows=[60, 63], cols=[ 1  6 15 16 17 18 23 24 25 27 31 32 34 35 36 38 40 41 43 44 45 46 48 49
 56 61 63 65 69 70 71 72])
Bicluster(rows=[60, 64], cols=[ 0  1  2  6 13 20 21 25 26 27 28 29 30 31 32 33 34 35 36 37 38 39 40 41
 42 43 44 45 46 47 48 49 61 70])
Bicluster(rows=[60, 65], cols=[ 1  5  6 11 16 18 20 24 27 31 32 35 36 38 41 43 44 46 50 51 52 54 56 59
 60 62 63 65 66 68 69 70 71 72 73])
Bicluster(rows=[60, 66], cols=[ 1  4  5  6 15 16 17 18 19 27 28 33 39 42 47 49 51 54 59 60 63 64 65 67
 69 71 72 73])
Bicluster(rows=[60, 67], cols=[ 1  2  3  4  9 10 12 24 26 28 31 34 40 41 43 53 54 55 63 64 67 69 71])
Bicluster(rows=[60, 68], cols=[ 1  2  6  7 13 16 20 25 26 27 28 31 32 33 34 35 36 37 39 40 41 42 43 44
 45 46 49 52 55 61 68 70 73])
Bicluster(rows=[60, 69], cols=[ 3  6  9 12 13 24 27 29 30 33 35 38 39 44 46 48 51 54 59 60 61 63 64 65
 67 69 71 72 73 74])
Bicluster(rows=[60, 70], cols=[ 2  3  5  7 11 14 15 22 24 26 27 30 31 48 50 55 57 58 60 61 68 73 74])
Bicluster(rows=[60, 71], cols=[ 0  1  2  6  8 10 11 12 14 15 16 19 28 33 34 36 43 44 46 48 49 51 54 59
 61 63 65 67 69 70 71])
Bicluster(rows=[60, 72], cols=[ 0  1  8  9 12 16 19 25 28 31 32 36 41 42 43 45 47 49 51 53 54 55 56 59
 63 64 65 67 69 71 72])
Bicluster(rows=[60, 73], cols=[ 5 11 12 17 19 20 21 24 27 29 30 33 35 37 38 42 47 51 54 59 60 63 64 65
 67 69 71 72 73 74])
Bicluster(rows=[60, 74], cols=[ 1  2  8  9 10 11 17 18 23 24 25 28 30 34 35 36 37 39 40 42 43 44 47 50
 52 57 58 68])
Bicluster(rows=[60, 75], cols=[ 0  2  5  6  7 11 12 16 17 21 24 25 27 29 33 35 39 43 46 47 49 55 61 63
 64 67 69 70 73])
Bicluster(rows=[60, 76], cols=[ 0  1  2  3  6  7 20 21 25 26 27 28 29 31 33 34 35 36 38 40 41 42 43 44
 45 46 47 48 49 51 61 65 70 71])
Bicluster(rows=[60, 77], cols=[ 1 11 19 20 21 22 24 25 27 28 31 49 50 55 57 58 60 61 68 73 74])
Bicluster(rows=[60, 78], cols=[ 0  1  2  5  6 13 20 23 25 26 27 31 33 34 35 36 37 38 40 41 42 43 45 46
 47 49 51 54 59 61 63 65 67 69])
Bicluster(rows=[60, 79], cols=[ 6  7 13 15 16 18 23 24 26 27 29 30 32 33 34 35 36 37 38 40 44 46 51 54
 59 60 63 64 65 67 69 72 73])
Bicluster(rows=[60, 80], cols=[ 0  1  2  3  4  6  7 13 15 16 18 19 21 22 23 24 25 26 29 32 36 40 42 46
 48 49 50 55 57 58 61 68 73 74])
Bicluster(rows=[60, 81], cols=[ 0  2  3  7 12 15 16 17 18 21 25 26 28 31 34 36 38 39 40 41 44 45 46 47
 48 53 55 63 64 67 69])
Bicluster(rows=[60, 82], cols=[ 2  3  4  5  9 11 12 13 17 21 24 29 30 32 33 38 39 43 45 49 50 51 52 57
 58 65 68 71])
Bicluster(rows=[60, 83], cols=[ 0  1  3  5  6  7  9 11 19 20 23 25 27 28 30 34 45 46 47 49 50 55 57 58
 60 73 74])
Bicluster(rows=[60, 84], cols=[ 4  5 12 13 17 18 19 21 26 30 31 32 37 38 39 43 44 47 49 51 53 54 55 56
 59 64 65 71 72])
Bicluster(rows=[60, 85], cols=[ 2  5  6  7 12 16 21 24 26 28 32 35 36 38 41 42 43 44 45 46 48 52 53 55
 63 64 70])
Bicluster(rows=[60, 86], cols=[ 0  1  2  3  6 13 15 16 20 21 23 25 26 27 28 30 31 32 33 34 35 38 39 40
 41 42 43 44 46 47 48 49 51 61 65 70 71])
Bicluster(rows=[60, 87], cols=[ 1  4  5  6  7 10 14 15 16 18 20 22 33 35 39 42 45 49 53 54 55 56 59 63
 64 67 69 71 72])
Bicluster(rows=[60, 88], cols=[ 8 13 15 16 19 22 29 32 47 48 49 50 52 55 57 58 60 61 68 73 74])
Bicluster(rows=[60, 89], cols=[ 0  3  5 11 16 18 22 30 40 42 45 48 51 54 59 60 63 64 65 67 69 71 72 73
 74])
Bicluster(rows=[60, 90], cols=[ 0  6  7 13 16 17 21 23 25 26 27 28 29 31 32 34 35 36 38 39 40 42 43 44
 45 46 47 48 49 51 54 59 61 63 65 67 69 71])
Bicluster(rows=[60, 91], cols=[ 1  3  7  8 13 14 18 20 22 27 29 30 31 34 36 42 48 53 54 55 56 59 64 65
 67 69 71 72])
Bicluster(rows=[60, 92], cols=[ 1  2  5 11 13 15 18 19 20 24 25 26 27 30 32 33 36 39 40 41 42 44 46 48
 51 53 54 55 56 59 64 65 71 72])
Bicluster(rows=[60, 93], cols=[ 0  1  2  3  7 11 13 16 19 20 24 27 28 29 31 32 33 34 38 39 40 43 44 47
 52 55 61 63 64 68 70 73])
Bicluster(rows=[60, 94], cols=[ 2  6  7 13 16 17 18 19 21 23 25 26 28 29 31 34 39 43 45 49 51 53 54 55
 56 59 64 65 72])
Bicluster(rows=[60, 95], cols=[ 0  2  4  5  6 15 16 17 20 21 23 26 27 28 30 33 35 37 39 40 41 42 45 47
 49 51 54 59 63 65 67 69 73 74])
Bicluster(rows=[60, 96], cols=[ 1  3  5  6  7  8  9 10 11 14 18 20 23 25 33 35 40 42 44 46 48 50 51 57
 58 59 65 68 70 71])
Bicluster(rows=[60, 97], cols=[ 2  8 10 11 12 14 15 16 20 22 24 25 27 31 32 36 43 45 47 48 49 51 54 59
 60 61 63 64 65 67 69 70 71 72 73 74])
Bicluster(rows=[60, 98], cols=[ 0  1  4  7 13 16 17 20 21 23 24 25 27 28 29 30 31 32 33 39 41 42 44 45
 46 47 48 49 51 59 61 63 65 67 69 71])
Bicluster(rows=[60, 99], cols=[ 7 13 15 16 17 19 20 24 26 28 35 41 44 46 49 51 53 55 59 63 64 65 67 68
 71 73 74])
Bicluster(rows=[61, 62], cols=[ 3  4  9 10 14 15 21 24 25 26 27 28 29 30 31 32 33 34 35 36 37 38 39 40
 41 42 43 44 45 46 47 48 49 50 52 54 60 63 66 67 68 69 70 72 74])
Bicluster(rows=[61, 63], cols=[ 3  4  5  9 10 11 12 22 25 26 27 28 29 30 31 32 33 34 35 36 37 38 39 40
 41 42 43 44 45 46 47 48 49 52 53 55 59 63 65 67 70])
Bicluster(rows=[61, 64], cols=[ 3  5  8  9 10 12 15 20 25 26 27 28 29 30 31 32 33 34 35 36 37 38 39 40
 41 42 43 44 45 46 47 48 49 50 52 55 56 59 60 65 66 70 71])
Bicluster(rows=[61, 65], cols=[ 0  4  5  8 10 12 20 22 23 25 26 27 28 29 30 31 32 33 34 35 36 37 38 39
 40 41 42 43 44 45 46 47 48 49 55 58 60 71 72 74])
Bicluster(rows=[61, 66], cols=[ 0  3  8 10 12 14 21 22 27 28 29 33 37 42 47 48 49 51 53 54 57 61 62 63
 64 67 68 73])
Bicluster(rows=[61, 67], cols=[ 9 10 21 22 28 29 30 31 32 33 34 35 37 38 39 40 41 43 44 46 48 50 52 58
 66 69 71 72])
Bicluster(rows=[61, 68], cols=[ 3  6  9 12 13 17 18 19 24 26 27 28 29 32 35 36 42 43 46 50 56 57 58 62
 66 67 68 70])
Bicluster(rows=[61, 69], cols=[ 0  1  2  3  4  5  6 10 11 14 15 24 26 27 29 32 34 35 36 37 39 43 44 51
 53 54 61 62 63 64 67])
Bicluster(rows=[61, 70], cols=[ 0  1  3  4  6  8 14 15 29 31 34 35 37 42 43 47 48 51 56 60 65 70 74])
Bicluster(rows=[61, 71], cols=[ 0  1  2  6  9 10 13 16 17 20 23 24 25 26 27 31 32 35 40 41 43 45 53 55
 57 60 61 62 63 64 67 68 73])
Bicluster(rows=[61, 72], cols=[ 1  2  8 13 14 15 17 20 25 26 28 29 30 31 35 36 40 41 42 43 46 47 48 51
 54 57 61 62 63 64 65 67 68 73])
Bicluster(rows=[61, 73], cols=[ 2  4  5 11 14 16 19 25 26 35 38 42 43 45 46 50 52 55 58 60 66 71 72 74])
Bicluster(rows=[61, 74], cols=[ 1  2  3  4 12 13 14 21 22 23 24 28 34 35 37 39 40 42 44 47 50 51 52 58
 59 65 66 69 71 72])
Bicluster(rows=[61, 75], cols=[ 2  3  7  9 12 15 16 19 24 26 28 29 30 31 32 34 36 38 44 45 48 57 60 61
 62 63 64 67 68 74])
Bicluster(rows=[61, 76], cols=[ 5  9 10 12 13 14 20 22 25 26 28 29 36 38 40 41 44 45 46 47 57 62 63 67
 68])
Bicluster(rows=[61, 77], cols=[ 2  4 11 13 14 16 17 19 20 25 27 28 30 32 38 39 44 45 47 49 54 57 60 61
 62 63 67 68 70 74])
Bicluster(rows=[61, 78], cols=[ 0  1  3  4  5  7  8 12 14 21 22 24 25 26 29 30 31 36 41 42 47 48 49 50
 53 58 66 69 72])
Bicluster(rows=[61, 79], cols=[ 0  3  4  5  6  7  8  9 10 11 15 17 20 23 24 25 31 37 41 43 44 45 48 49
 50 52 55 58 60 66 69 72 74])
Bicluster(rows=[61, 80], cols=[ 0  1  2  3  5  6  9 11 14 17 22 23 24 28 29 37 43 44 52 53 56 59 61 63
 64 70 71 73])
Bicluster(rows=[61, 81], cols=[ 0  1  4 14 15 22 23 24 25 26 27 28 29 30 31 37 38 39 40 44 46 50 51 52
 58 59 65 66 69 71 72])
Bicluster(rows=[61, 82], cols=[ 1  6  7 12 15 26 32 33 35 36 37 38 41 44 45 48 49 50 52 58 59 65 66 69
 71 72])
Bicluster(rows=[61, 83], cols=[ 1  4  6  7 12 15 23 24 29 30 31 33 36 37 39 40 44 47 48 52 56 59 61 64
 70 71 73])
Bicluster(rows=[61, 84], cols=[ 3  4  5  8  9 10 12 16 19 34 35 37 39 42 45 46 47 48 50 52 56 58 59 60
 66 71 74])
Bicluster(rows=[61, 85], cols=[ 0  3  6  8  9 11 19 20 23 25 26 27 28 29 30 31 32 33 34 36 37 38 39 40
 41 44 54 56 70])
Bicluster(rows=[61, 86], cols=[ 1  4  6  8  9 10 12 20 22 23 25 27 30 31 32 33 34 38 39 40 42 43 46 47
 49 57 62 67 68])
Bicluster(rows=[61, 87], cols=[ 1  2  4  5 10 11 12 19 22 27 28 31 37 38 39 43 48 54 57 61 62 63 65 67
 68 73])
Bicluster(rows=[61, 88], cols=[ 0  7  8  9 11 14 16 17 18 22 25 27 29 33 34 37 39 45 54 59 61 62 63 64
 65 67 70 71 73])
Bicluster(rows=[61, 89], cols=[ 0  1  3  4  5  6  9 12 15 22 23 25 27 29 34 39 42 51 53 54 61 62 63 64
 67])
Bicluster(rows=[61, 90], cols=[ 3  5  6 15 21 25 26 27 28 29 31 32 34 35 36 39 42 43 44 45 46 47 49 57
 60 61 62 63 64 67 68 74])
Bicluster(rows=[61, 91], cols=[ 3  4  6  8  9 10 12 14 16 20 24 25 27 34 36 39 41 42 44 49 50 52 58 59
 60 66 71 74])
Bicluster(rows=[61, 92], cols=[ 0  6  7  8 10 13 14 15 17 18 22 24 25 27 29 32 33 35 36 37 38 39 40 41
 46 47 48 51 54 57 61 62 63 65 67 68 73])
Bicluster(rows=[61, 93], cols=[ 3  4  6 11 12 13 14 15 19 20 22 27 28 31 32 34 35 36 37 38 40 43 44 45
 50 51 58 59 65 66])
Bicluster(rows=[61, 94], cols=[ 0  2  7  9 17 18 20 22 23 29 33 38 42 44 46 48 50 52 55 56 58 59 60 66
 71 72 74])
Bicluster(rows=[61, 95], cols=[ 0  2  3  6  7  8  9 11 12 13 14 15 24 25 28 31 34 37 43 44 46 48 50 53
 58 66 69 72])
Bicluster(rows=[61, 96], cols=[ 5  6 11 16 19 22 25 27 35 37 42 44 46 47 48 53 56 59 61 63 64 70 71 73])
Bicluster(rows=[61, 97], cols=[ 5  6 14 17 20 21 23 25 26 27 31 32 35 36 37 43 45 48 49 50 52 58 60 66
 69 72 74])
Bicluster(rows=[61, 98], cols=[ 1  2  5  6  8 10 11 12 13 15 16 19 22 24 25 27 30 31 32 33 39 41 42 44
 45 46 47 48 49 57 61 62 63 67 68 74])
Bicluster(rows=[61, 99], cols=[ 0  1  3  5 10 12 18 20 23 26 28 29 30 35 41 44 46 49 51 53 56 57 60 63
 64 67 70])
Bicluster(rows=[62, 63], cols=[ 2  3  4  6 14 15 24 25 26 27 28 29 30 31 32 33 34 35 36 37 38 39 40 41
 42 43 44 45 46 47 48 49 52 57 63 64 70])
Bicluster(rows=[62, 64], cols=[ 0  6  9 14 18 23 25 26 27 28 29 30 31 32 33 34 35 36 37 38 39 40 41 42
 43 44 45 46 47 48 49 52 53 57 63 64 66 67 70 74])
Bicluster(rows=[62, 65], cols=[ 2  9 10 15 16 18 25 26 27 28 29 30 31 32 33 34 35 36 37 38 39 40 41 42
 43 44 45 46 47 48 49 51 61 64 65 67 70 73])
Bicluster(rows=[62, 66], cols=[ 0  1  5  6  8  9 10 11 12 15 16 18 19 21 23 24 25 32 33 35 38 41 46 52
 53 57 64 66 70 73 74])
Bicluster(rows=[62, 67], cols=[ 1  5  7  8  9 11 12 16 20 21 29 30 31 32 33 35 38 39 40 41 43 44 45 49
 50 51 52 55 56 59 60 61 62 65 69 72])
Bicluster(rows=[62, 68], cols=[ 7  9 14 24 25 26 27 28 31 32 35 36 38 41 42 43 45 46 47 54 55 60 64 67
 70 73])
Bicluster(rows=[62, 69], cols=[ 0  1  5  6  7  8  9 10 12 15 16 18 20 21 22 32 34 42 43 50 51 56 59 61
 65 71 72 73 74])
Bicluster(rows=[62, 70], cols=[ 4  8 11 12 13 14 16 17 18 21 22 28 29 32 33 37 38 44 45 46 52 56 58 59
 62 69 72])
Bicluster(rows=[62, 71], cols=[ 0  1  3  6  7  9 11 14 16 17 18 21 23 25 27 29 31 32 34 35 40 41 42 43
 47 48 49 50 53 56 61 62 69 71 72 73 74])
Bicluster(rows=[62, 72], cols=[ 1  3  4  7 12 15 16 17 18 21 22 23 25 26 31 33 35 36 39 40 43 45 46 48
 50 51 52 55 56 59 60 61 62 65 69 71 72])
Bicluster(rows=[62, 73], cols=[ 0  5  7  9 10 13 19 20 32 33 36 40 43 44 45 48 49 50 52 53 57 64 66 70
 73 74])
Bicluster(rows=[62, 74], cols=[ 0  2  3  5  6  8 11 15 24 28 33 35 37 39 40 42 44 47 53 55 57 60 64 66
 67 70 73 74])
Bicluster(rows=[62, 75], cols=[ 0  6  7  9 10 15 16 20 23 31 32 33 34 36 38 42 48 51 52 53 57 64 65 66
 70])
Bicluster(rows=[62, 76], cols=[ 2  3  7 14 15 24 26 27 28 30 31 34 36 38 39 41 42 43 44 48 49 57 59 70
 71 72])
Bicluster(rows=[62, 77], cols=[ 1  2  3  7  9 10 15 18 20 26 31 35 36 37 41 42 43 48 49 55 57 60 64 66
 70 73 74])
Bicluster(rows=[62, 78], cols=[ 6 11 14 15 23 25 27 28 31 34 35 38 40 43 44 45 46 48 49 50 53 56 59 61
 64 66 71 72])
Bicluster(rows=[62, 79], cols=[ 9 15 18 25 26 31 35 36 38 39 41 44 46 47 48 49 50 51 52 53 57 59 61 64
 65 66 71 72 73 74])
Bicluster(rows=[62, 80], cols=[ 0  1  6  7 10 11 15 16 18 19 22 23 27 30 31 34 35 38 40 41 45 46 47 50
 53 56 61 62 64 69 71 72 73 74])
Bicluster(rows=[62, 81], cols=[ 2  3  4  5  6  9 10 12 14 15 18 20 24 25 26 27 28 29 30 31 34 37 38 39
 40 43 44 46 50 52 55 57 60 61 66 73])
Bicluster(rows=[62, 82], cols=[10 11 15 16 18 20 26 28 32 35 36 37 38 40 41 43 44 45 47 49 50 55 57 60
 61 66 70 73])
Bicluster(rows=[62, 83], cols=[ 3 12 13 16 17 18 19 24 25 28 30 32 35 46 47 49 50 57 62 66 72])
Bicluster(rows=[62, 84], cols=[ 6  8  9 12 14 15 18 23 26 29 31 32 33 36 38 43 44 49 50 51 52 55 56 59
 60 61 62 65 69 71 72])
Bicluster(rows=[62, 85], cols=[ 1  2  3  4 24 25 26 27 28 29 30 31 32 33 34 36 37 38 39 40 41 42 44 49
 53 54 55 60 63 64 66 67 70 73 74])
Bicluster(rows=[62, 86], cols=[ 1  2  3  5  6  9 10 12 14 16 18 19 23 24 25 26 27 29 31 32 34 38 40 42
 43 46 49 50 56 62 66 69 72])
Bicluster(rows=[62, 87], cols=[ 0  1  8 11 14 16 19 20 21 27 28 31 38 43 45 50 51 52 55 56 59 60 61 62
 65 69 72])
Bicluster(rows=[62, 88], cols=[ 2  3  4  5  9 10 11 16 18 20 24 44 46 48 49 53 55 57 60 64 66 67 70 73
 74])
Bicluster(rows=[62, 89], cols=[ 1  3  4  6  8  9 13 16 17 18 24 30 37 39 40 42 50 52 53 56 57 59 61 62
 64 65 66 69 71 72 73 74])
Bicluster(rows=[62, 90], cols=[ 2  5  6 11 14 15 18 23 24 25 27 31 32 33 34 35 36 40 43 45 46 48 50 53
 56 61 62 64 69 72])
Bicluster(rows=[62, 91], cols=[ 0  7  9 10 12 14 15 18 24 26 28 32 35 38 43 45 46 48 50 51 55 56 59 60
 61 62 65 69 71 72])
Bicluster(rows=[62, 92], cols=[ 0  2  4  6  9 10 15 16 18 25 26 27 28 32 36 38 40 41 42 44 46 48 50 51
 52 55 56 59 60 61 62 65 69 71 72])
Bicluster(rows=[62, 93], cols=[ 3  4  7  9 10 14 15 16 25 26 27 28 31 32 34 35 36 37 38 43 44 45 48 54
 55 60 64 66 67 70 73])
Bicluster(rows=[62, 94], cols=[ 0  4  5  8  9 11 12 13 16 17 18 21 23 24 30 37 38 42 46 47 54 63 64 67
 70])
Bicluster(rows=[62, 95], cols=[ 1  2  9 14 15 16 19 23 26 27 29 35 40 41 42 45 49 50 53 56 61 62 64 69
 71 72 73 74])
Bicluster(rows=[62, 96], cols=[ 2  6  7  8 11 12 18 19 20 23 25 26 27 28 33 40 44 46 48 50 52 55 57 60
 61 66 70 73])
Bicluster(rows=[62, 97], cols=[ 1  3  4 18 19 20 21 25 26 27 31 32 35 36 37 43 45 48 49 50 51 52 56 59
 60 61 62 65 69 71 72 73])
Bicluster(rows=[62, 98], cols=[ 0  2  3  4 15 18 24 25 26 27 31 32 33 35 38 39 41 44 45 46 47 48 49 53
 54 55 60 63 64 67 68 73 74])
Bicluster(rows=[62, 99], cols=[ 5  9 12 14 15 19 20 23 27 31 33 34 36 39 40 43 48 50 53 56 60 61 64 66
 69 70 73 74])
Bicluster(rows=[63, 64], cols=[ 1  3  6  7  9 10 12 13 14 16 17 19 21 22 23 24 25 26 27 28 29 30 31 32
 33 34 35 36 37 38 39 40 41 42 43 44 45 46 47 48 49 52 53 54 55 57 58 59
 61 62 63 64 65 68 71 73 74])
Bicluster(rows=[63, 65], cols=[ 1  2  5  6  7  9 10 11 15 19 20 21 22 25 26 27 28 29 30 31 32 33 34 35
 36 37 38 39 40 41 42 43 44 45 46 47 48 49 50 52 53 54 55 59 61 62 64 66
 68 69 70 71 74])
Bicluster(rows=[63, 66], cols=[ 0  3  4  6 10 12 13 15 16 17 18 29 31 33 43 45 49 50 56 58 60 62 63 65
 66 67 72 73 74])
Bicluster(rows=[63, 67], cols=[ 1  2  3  6  7  9 12 13 14 16 19 23 24 26 27 28 29 30 36 39 42 51 55 57
 59 61 64 65 68 70 71])
Bicluster(rows=[63, 68], cols=[ 2  5  7  8  9 10 11 13 14 17 19 23 26 37 38 39 42 48 50 52 54 57 59 63
 66 68 69 70])
Bicluster(rows=[63, 69], cols=[ 3  5 10 11 14 19 23 24 32 34 35 36 37 43 44 47 50 53 55 58 62 63 65 66
 69 72 73 74])
Bicluster(rows=[63, 70], cols=[ 0  2  3  5  6 12 14 16 21 22 25 30 32 36 38 39 42 44 49 50 58 59 62 63
 66 68 69 71 73])
Bicluster(rows=[63, 71], cols=[ 1  4  7  8  9 11 13 16 17 20 24 28 29 38 44 47 52 54 57 58 59 60 61 63
 68 70 73])
Bicluster(rows=[63, 72], cols=[ 0  1  2  6 12 14 16 21 23 25 28 31 36 37 40 41 42 43 48 50 51 58 60 62
 63 65 66 67 69 71 72 73])
Bicluster(rows=[63, 73], cols=[ 0  2  5 11 13 14 15 17 19 20 21 32 35 38 39 40 42 43 46 48 49 52 54 55
 57 59 61 64 70])
Bicluster(rows=[63, 74], cols=[ 1  3  5  8  9 11 12 14 15 16 17 19 21 23 26 27 28 31 35 36 42 43 44 46
 48 49 50 58 59 60 62 63 66 68 69 71 73 74])
Bicluster(rows=[63, 75], cols=[ 2  3  5  7  8  9 12 21 22 24 28 31 32 34 36 37 38 39 40 44 45 47 50 53
 55 58 61 62 63 64 66 69 72])
Bicluster(rows=[63, 76], cols=[ 1  2  6  8  9 10 11 16 17 19 21 22 23 24 26 28 29 38 40 41 44 50 56 58
 61 63 64 66 67])
Bicluster(rows=[63, 77], cols=[ 1  2  5  6  7  9 11 14 15 21 26 28 32 37 38 44 50 53 55 58 61 62 63 64
 65 68 69 72])
Bicluster(rows=[63, 78], cols=[ 6 21 22 25 31 33 34 36 39 40 41 43 45 46 50 58 61 62 63 64 66 67 69 72])
Bicluster(rows=[63, 79], cols=[ 0  2  3  6  9 10 14 15 16 18 19 22 23 27 28 34 35 36 38 40 41 44 46 50
 53 55 58 62 63 65 66 69 72 73 74])
Bicluster(rows=[63, 80], cols=[ 1  9 10 14 16 21 23 27 31 32 34 36 38 39 41 42 45 50 58 61 62 63 64 69
 72])
Bicluster(rows=[63, 81], cols=[ 2  4  6  7 11 16 17 19 22 24 26 27 29 31 37 38 39 43 49 52 54 57 59 65
 71])
Bicluster(rows=[63, 82], cols=[ 0  2  4  5  8 13 15 16 18 21 23 25 31 37 39 42 46 47 50 53 55 58 61 62
 63 64 69 72])
Bicluster(rows=[63, 83], cols=[ 4  5  8 12 14 15 16 17 18 19 21 30 31 33 36 37 39 47 48 50 52 54 57 58
 62 63 66 68 69 70])
Bicluster(rows=[63, 84], cols=[ 0  3  5  9 10 12 13 18 21 23 27 29 35 39 40 42 45 46 47 51 52 54 55 57
 59 61 64 68 70 71])
Bicluster(rows=[63, 85], cols=[ 0  2  3  4  5  7  9 11 13 15 16 21 22 25 26 27 28 31 32 33 34 36 37 38
 39 40 41 42 44 57 62 68 69 70 72])
Bicluster(rows=[63, 86], cols=[ 0  4  6 10 12 13 16 18 21 27 31 32 33 34 38 39 40 43 46 47 50 56 61 63
 66 67])
Bicluster(rows=[63, 87], cols=[ 2  3  4  5  7  9 11 13 15 17 18 19 20 23 25 26 29 32 34 36 39 40 44 46
 47 50 53 55 58 61 62 63 64 65 66 68 69 72 74])
Bicluster(rows=[63, 88], cols=[ 0  5  6 10 14 15 18 20 21 23 25 26 27 30 33 34 44 45 46 47 52 53 54 57
 58 59 60 61 63 64 68 69 70 73 74])
Bicluster(rows=[63, 89], cols=[ 1  5  6  9 10 11 12 16 19 23 24 31 32 35 36 39 41 43 44 47 52 53 57 59
 61 64 68 70 74])
Bicluster(rows=[63, 90], cols=[ 3  5  6  7 14 17 18 25 26 27 28 31 32 34 35 36 39 42 43 44 45 46 49 50
 56 58 63 64 66 67])
Bicluster(rows=[63, 91], cols=[ 1  3  6  7  9 10 11 12 13 15 17 18 19 20 22 32 33 37 38 40 43 44 45 46
 47 51 56 62 65 66 67 72 73])
Bicluster(rows=[63, 92], cols=[ 0 10 14 16 18 24 25 27 33 35 36 38 40 41 46 48 50 51 58 60 62 63 66 68
 69 71 72 73])
Bicluster(rows=[63, 93], cols=[ 0  2  3  5  6  7  8  9 10 12 13 14 15 17 23 28 35 36 44 46 47 49 50 52
 58 59 62 63 66 68 69 73])
Bicluster(rows=[63, 94], cols=[ 0  3  4  6  9 11 12 14 16 17 20 23 24 25 26 27 31 43 44 47 49 50 58 60
 62 63 65 66 69 72 73])
Bicluster(rows=[63, 95], cols=[ 1  3 13 16 19 23 28 33 40 44 45 49 50 56 58 61 62 63 64 66 67 69])
Bicluster(rows=[63, 96], cols=[ 3  5  7 12 18 20 29 30 32 34 38 41 45 50 53 55 58 61 62 63 64 66 69 72
 74])
Bicluster(rows=[63, 97], cols=[ 1  2  9 15 19 21 25 27 28 31 32 33 36 39 43 44 45 49 50 51 53 58 61 62
 63 64 65 68 69 70 71 72 74])
Bicluster(rows=[63, 98], cols=[ 1  2  3  4  7  9 10 11 12 19 23 24 25 26 27 31 32 33 35 39 41 45 46 48
 49 50 61 62 63 64 67 69 72])
Bicluster(rows=[63, 99], cols=[ 0  1  3  4  5  7 13 15 16 21 22 23 24 27 31 37 42 43 47 50 51 52 55 56
 57 58 59 62 63 64 70 72 73 74])
Bicluster(rows=[64, 65], cols=[ 1  2  3  5  6  7  8  9 10 11 13 16 18 19 20 22 24 25 26 27 28 29 30 31
 32 33 34 35 36 37 38 39 40 41 42 43 44 45 46 47 48 49 51 52 53 54 55 56
 58 59 61 62 63 64 67 68 69 71 74])
Bicluster(rows=[64, 66], cols=[ 2  3  6 11 12 13 14 16 18 23 26 31 33 43 45 49 55 58 59 61 62 63 64 65
 67 70 72 73 74])
Bicluster(rows=[64, 67], cols=[ 1  5  6  7  8 11 12 16 19 20 21 22 23 24 26 27 28 29 30 36 37 39 46 50
 52 53 54 56 57 58 59 60 61 62 65 66 67 68 69 72])
Bicluster(rows=[64, 68], cols=[ 2  3  5  6 12 15 16 23 25 27 32 34 35 36 40 43 44 45 46 49 50 56 57 58
 61 64 69 73])
Bicluster(rows=[64, 69], cols=[ 1  4  5  6  8 17 24 28 33 37 38 46 47 48 53 54 58 60 61 62 63 64 67 68
 70 72 73 74])
Bicluster(rows=[64, 70], cols=[ 2 10 11 14 16 18 19 21 22 27 28 31 32 34 38 40 44 48 50 54 56 57 59 60
 61 65 68 69 72])
Bicluster(rows=[64, 71], cols=[ 2  7  8  9 10 11 13 14 18 19 21 22 24 36 39 42 46 50 51 52 54 56 57 58
 61 64 68 69 71 74])
Bicluster(rows=[64, 72], cols=[ 1  3  4  6 10 16 18 20 21 25 31 32 36 41 43 46 48 55 58 59 62 63 64 65
 67 68 72 73 74])
Bicluster(rows=[64, 73], cols=[ 3 12 14 17 19 24 28 35 38 39 40 42 43 46 48 49 50 51 52 53 54 55 56 57
 61 64 68 69 71 74])
Bicluster(rows=[64, 74], cols=[ 0  6 13 16 19 21 22 26 28 33 37 39 41 45 47 50 53 54 56 57 58 60 61 62
 63 67 68 69 70 72])
Bicluster(rows=[64, 75], cols=[ 4 13 15 17 18 22 28 31 32 34 36 37 38 39 44 45 47 53 58 60 63 64 70 73
 74])
Bicluster(rows=[64, 76], cols=[ 2  5  9 11 12 15 16 17 21 24 27 28 30 31 34 36 39 43 44 48 49 50 58 61
 66])
Bicluster(rows=[64, 77], cols=[ 5  7  9 11 16 17 18 19 21 22 25 26 27 31 35 36 37 41 42 45 49 50 54 56
 57 59 60 61 65 66 68 69 72])
Bicluster(rows=[64, 78], cols=[ 1  7  8 10 11 14 16 17 21 22 24 28 32 36 41 44 51 52 54 56 57 58 61 64
 68 71 74])
Bicluster(rows=[64, 79], cols=[ 2  8  9 10 13 14 16 18 19 26 39 43 44 47 50 51 52 53 54 55 56 57 58 61
 64 68 69 71 74])
Bicluster(rows=[64, 80], cols=[ 1  3  5  6  7  8  9 10 13 14 16 21 24 26 30 32 36 42 43 44 47 50 52 54
 56 57 58 61 63 64 68 69 73])
Bicluster(rows=[64, 81], cols=[ 5  6  7 12 16 17 18 19 20 22 26 27 28 29 31 37 39 43 49 50 54 56 57 59
 65 66 68 69 72])
Bicluster(rows=[64, 82], cols=[ 0  2  3  5  8 17 18 19 20 21 23 24 25 26 28 32 38 43 44 46 50 54 56 57
 59 60 61 65 66 68 69 72])
Bicluster(rows=[64, 83], cols=[ 5  8 10 12 15 16 18 21 24 30 31 32 33 35 40 44 47 50 56 57 58 61 63 69])
Bicluster(rows=[64, 84], cols=[ 0  2  8  9 12 13 17 23 26 29 34 35 39 40 42 45 46 47 48 50 52 53 54 56
 57 59 60 61 65 66 68 69 71 72])
Bicluster(rows=[64, 85], cols=[ 7  9 10 12 13 16 18 20 22 24 25 26 27 28 32 33 34 36 37 38 39 40 41 42
 44 50 56 62 66 67 69])
Bicluster(rows=[64, 86], cols=[ 2  4  6  7  9 11 14 15 17 20 22 23 25 27 32 34 43 46 50 61 64 66 73])
Bicluster(rows=[64, 87], cols=[ 3  7  8 17 19 25 29 34 36 39 40 41 47 53 55 58 61 62 63 64 65 67 70 72
 73 74])
Bicluster(rows=[64, 88], cols=[ 0  2  6  9 10 11 13 14 23 25 26 28 30 32 33 34 44 45 46 47 50 52 54 56
 57 58 59 61 62 63 64 67 68 69 71 72 73 74])
Bicluster(rows=[64, 89], cols=[ 0  1  3  4  8  9 10 12 13 15 16 17 18 21 26 35 41 45 48 53 54 58 59 61
 62 63 64 65 67 68 72 74])
Bicluster(rows=[64, 90], cols=[ 0 13 14 16 17 19 26 27 28 29 31 32 34 35 36 39 42 43 44 46 49 53 60 73])
Bicluster(rows=[64, 91], cols=[ 3  4 11 12 18 20 27 31 33 34 36 40 41 45 48 51 54 58 59 61 62 63 64 67
 68 71 72 73 74])
Bicluster(rows=[64, 92], cols=[ 4  7 16 17 18 21 23 24 25 27 35 38 41 46 48 49 54 58 59 61 62 63 64 67
 68 72 73 74])
Bicluster(rows=[64, 93], cols=[ 1  4  5  6  8  9 12 16 18 20 22 24 31 32 38 42 43 46 49 52 54 57 58 61
 64 68 71 73 74])
Bicluster(rows=[64, 94], cols=[ 4  7  8  9 10 11 13 14 15 16 17 20 24 26 28 38 39 44 46 48 50 51 52 53
 54 56 57 61 66 69 71])
Bicluster(rows=[64, 95], cols=[ 3  4  8  9 10 14 17 22 24 25 26 29 31 34 35 42 43 44 46 48 50 56 61 64
 66 69 73 74])
Bicluster(rows=[64, 96], cols=[ 1  3  5  6  7 20 29 30 31 35 40 42 44 50 54 56 57 61 62 66 67 68 69 72])
Bicluster(rows=[64, 97], cols=[ 1  9 18 19 20 23 24 25 27 28 31 33 36 40 43 44 45 49 54 55 58 59 61 62
 63 64 65 67 68 70 72 73 74])
Bicluster(rows=[64, 98], cols=[ 0  5  9 11 12 16 20 24 25 27 31 32 35 36 38 40 45 46 48 60 61 62 67 68
 72])
Bicluster(rows=[64, 99], cols=[ 1  4  5  6  8 12 16 17 20 21 22 24 32 38 39 41 42 46 49 54 56 59 60 63
 67 69 72])
Bicluster(rows=[65, 66], cols=[ 1  5  6  7  8 10 14 16 18 19 21 25 28 31 40 42 43 51 54 55 56 58 59 61
 63 65 68 69 70 71 72 73])
Bicluster(rows=[65, 67], cols=[ 1  2  7  8 14 22 24 27 28 29 30 31 34 36 38 39 41 44 46 48 52 54 56 58
 59 61 63 68 69 70 71 72 73])
Bicluster(rows=[65, 68], cols=[ 0  1  2  4  6  7  9 10 11 13 14 17 18 22 24 25 27 28 32 34 36 37 39 40
 41 42 43 49 50 54 66 68 69 70 72])
Bicluster(rows=[65, 69], cols=[ 3  5  6  8 12 14 28 33 37 38 46 47 48 50 53 55 57 60 62 64 66 67 73 74])
Bicluster(rows=[65, 70], cols=[ 2  5  9 12 15 21 29 31 34 35 37 40 43 47 50 53 55 57 60 62 64 66 67 74])
Bicluster(rows=[65, 71], cols=[ 1  4  6  8  9 11 13 16 17 18 20 22 24 32 35 36 39 42 43 46 54 56 58 59
 60 61 63 64 65 69 70 72 73 74])
Bicluster(rows=[65, 72], cols=[ 0  1  7 17 19 26 27 32 36 39 41 42 51 54 56 58 59 61 63 65 68 69 70 71
 72 73])
Bicluster(rows=[65, 73], cols=[ 3  4  5 15 19 22 23 25 28 35 38 39 40 42 43 45 46 49 51 54 55 56 58 59
 60 61 63 64 65 68 69 70 71 72 73])
Bicluster(rows=[65, 74], cols=[ 5  6  7  8 11 18 22 24 25 27 31 34 41 43 46 48 49 51 64 68 69 70 74])
Bicluster(rows=[65, 75], cols=[ 0  1 13 18 19 21 22 23 28 31 32 34 36 37 38 39 40 44 45 47 50 53 55 57
 60 62 64 66 67 74])
Bicluster(rows=[65, 76], cols=[ 0  2  7  8 11 15 19 21 23 26 30 39 50 54 59 66 67 68 69 70 72])
Bicluster(rows=[65, 77], cols=[ 0  4  5  7  8 10 11 12 18 19 23 25 26 27 31 35 36 37 41 45 49 52 58 61
 63 64 67 68 69 70 73])
Bicluster(rows=[65, 78], cols=[ 2  4  5  6  7  8 11 13 15 22 28 32 36 38 41 42 44 51 53 59 64 65 68 69
 70 71 74])
Bicluster(rows=[65, 79], cols=[ 4  5  7  9 11 12 13 18 20 26 31 35 36 39 41 43 44 45 47 48 51 54 55 56
 58 59 60 61 63 64 65 68 69 70 71 72 73 74])
Bicluster(rows=[65, 80], cols=[ 1  2  3  4  5  6  7  8  9 11 13 15 25 26 30 32 36 38 42 43 47 48 49 53
 54 56 58 59 63 64 68 69 70 72 74])
Bicluster(rows=[65, 81], cols=[ 0  2  6  7  9 10 11 18 19 20 21 22 23 26 27 28 29 31 38 39 43 44 49 52
 56 58 61 63 68 69 70 73])
Bicluster(rows=[65, 82], cols=[ 2  3  4  5  8 10 12 13 14 16 18 19 26 32 35 37 38 40 43 44 45 52 54 56
 58 61 63 68 69 70])
Bicluster(rows=[65, 83], cols=[ 2  9 11 12 13 15 19 21 23 29 30 36 37 39 41 47 48 50 52 57 59 62 65 66
 67 71])
Bicluster(rows=[65, 84], cols=[ 4  5  6  8  9 10 13 19 21 24 26 29 34 35 39 40 42 45 46 47 48 51 54 56
 58 59 61 63 65 68 69 70 71 72 73])
Bicluster(rows=[65, 85], cols=[ 2  7  8  9 14 19 20 21 22 23 24 25 26 27 28 32 33 34 36 37 38 39 40 41
 42 44 57 58 61 62 63 67 69 70])
Bicluster(rows=[65, 86], cols=[ 0  5 12 13 19 21 28 29 36 37 39 44 50 54 59 66 67 68 72])
Bicluster(rows=[65, 87], cols=[ 2  7  8 12 15 19 25 26 29 32 34 36 39 40 44 46 47 50 53 55 57 60 62 66
 67 74])
Bicluster(rows=[65, 88], cols=[ 3  9 10 11 13 15 21 24 25 26 28 30 32 33 34 42 44 45 46 48 50 51 53 54
 59 63 64 65 67 68 69 70 71 74])
Bicluster(rows=[65, 89], cols=[ 0  5  9 10 17 18 31 35 39 41 42 44 46 47 49 51 54 55 56 58 59 60 61 63
 64 65 68 69 70 71 72 73 74])
Bicluster(rows=[65, 90], cols=[ 0  4  6 11 12 13 15 18 21 22 26 28 38 41 42 44 53 54 56 58 59 63 64 68
 69 70 72])
Bicluster(rows=[65, 91], cols=[ 0  1  3  4  6  7  8  9 13 14 15 17 20 22 23 24 31 33 36 37 38 40 42 44
 45 46 47 57 62 66])
Bicluster(rows=[65, 92], cols=[ 1  2  3  4  5  8  9 10 13 16 17 18 19 22 24 26 28 31 32 34 35 36 38 41
 42 44 45 51 54 56 58 59 61 63 65 71 72 73])
Bicluster(rows=[65, 93], cols=[ 0  1  2  5  7  8  9 12 13 15 16 23 24 25 30 37 39 45 48 50 57 58 61 62
 64 67 73])
Bicluster(rows=[65, 94], cols=[ 1  2  5  7  9 12 13 20 21 24 26 28 38 39 44 46 48 51 54 56 58 59 61 63
 65 68 69 70 71 72 73])
Bicluster(rows=[65, 95], cols=[ 0  1  8 15 16 21 22 25 26 29 31 34 35 42 43 44 46 48 53 54 56 58 59 61
 63 64 69 70 72 74])
Bicluster(rows=[65, 96], cols=[ 4  7  8  9 10 11 13 14 16 20 23 29 30 32 34 41 42 45 49 50 53 57 60 62
 64 66 67 73 74])
Bicluster(rows=[65, 97], cols=[ 0  1  2  3  9 12 14 15 16 17 18 19 20 21 25 27 28 31 32 33 36 40 43 44
 45 49 50 52 53 55 60 64 67 74])
Bicluster(rows=[65, 98], cols=[ 0  1  5  6  8  9 15 16 20 21 24 28 32 34 35 37 38 43 54 56 68 69 70 72])
Bicluster(rows=[65, 99], cols=[ 1  4  5  7  8 11 13 14 18 19 22 26 27 28 31 32 38 43 44 55 64 65 67 70
 71 74])
Bicluster(rows=[66, 67], cols=[ 4  6 11 23 26 32 33 40 41 50 52 54 56 57 58 59 61 62 63 66 67 68 69 70
 72])
Bicluster(rows=[66, 68], cols=[ 0  1  2  3  5  7  8  9 11 12 20 24 25 26 28 29 40 41 43 44 50 56 67 69
 70])
Bicluster(rows=[66, 69], cols=[ 0  6  7  8 11 17 23 27 29 30 33 34 36 39 41 50 51 52 53 54 56 57 58 59
 61 62 63 64 65 66 67 68 69 70 71 72 73 74])
Bicluster(rows=[66, 70], cols=[ 2  3  8  9 11 15 16 17 19 20 22 26 28 35 36 40 42 45 47 50 53 56 57 58
 61 62 63 64 66 67 69 70 73 74])
Bicluster(rows=[66, 71], cols=[ 0  2  3  8 10 11 15 18 31 39 42 43 45 47 50 51 52 53 54 56 57 58 59 61
 62 63 64 65 66 67 68 69 70 71 72 73 74])
Bicluster(rows=[66, 72], cols=[ 2  5 10 11 14 22 24 29 30 32 34 37 40 41 50 51 52 53 54 55 56 57 58 59
 60 61 62 63 64 65 66 67 68 69 70 71 72 73 74])
Bicluster(rows=[66, 73], cols=[ 5  9 17 19 20 22 25 26 27 29 30 32 33 34 40 42 45 47 50 51 52 53 54 55
 56 57 58 59 60 61 62 63 64 65 66 67 68 69 70 71 72 73 74])
Bicluster(rows=[66, 74], cols=[ 1  3  9 12 13 15 16 17 20 23 26 27 29 30 31 32 38 39 42 43 47 48 50 52
 54 56 57 58 59 61 62 63 64 66 67 68 69 70 72 73])
Bicluster(rows=[66, 75], cols=[ 2  5  6  8 10 13 16 20 23 29 30 32 33 38 39 40 43 47 49 50 56 57 58 61
 62 63 64 66 67 69 70 73])
Bicluster(rows=[66, 76], cols=[ 1  2  6 10 11 12 15 16 17 22 23 29 30 31 39 42 43 45 47 50 54 56 57 62
 67 68 69 70 72])
Bicluster(rows=[66, 77], cols=[ 4  5  8 10 11 14 15 16 18 19 22 23 24 25 30 31 32 33 34 35 38 39 47 50
 54 56 57 58 61 62 63 64 66 67 68 69 70 72])
Bicluster(rows=[66, 78], cols=[ 0  1  2  3  5  7  8 11 12 17 27 28 30 31 33 42 43 45 47 50 52 54 56 57
 58 59 61 62 63 66 67 68 69 70 72])
Bicluster(rows=[66, 79], cols=[ 0  3  5  6  7  8 10 16 18 22 23 27 30 31 33 39 43 50 51 52 53 54 56 57
 58 59 60 61 62 63 64 65 66 67 68 69 70 71 72 73 74])
Bicluster(rows=[66, 80], cols=[ 0  1  5  7  8  9 16 20 23 27 33 34 37 42 50 54 56 57 62 63 66 67 68 69
 70 72])
Bicluster(rows=[66, 81], cols=[ 7  9 10 12 15 16 17 18 19 21 28 31 33 36 43 47 48 50 54 56 57 58 61 62
 63 64 66 67 68 69 70 72])
Bicluster(rows=[66, 82], cols=[ 2  6  8  9 10 14 15 17 18 19 22 28 29 30 34 36 39 43 45 46 47 50 54 56
 57 58 61 62 63 64 66 67 68 69 70 72])
Bicluster(rows=[66, 83], cols=[ 0  1  3  4  6  7  8  9 10 13 14 15 16 18 22 23 27 28 30 35 37 38 41 45
 47 50 54 56 57 58 61 62 63 66 67 68 69 70 72])
Bicluster(rows=[66, 84], cols=[ 3  5  6  8 10 12 17 19 22 30 35 36 39 40 41 42 44 49 50 51 52 53 54 56
 57 58 59 60 61 62 63 64 65 66 67 68 69 70 71 72 73 74])
Bicluster(rows=[66, 85], cols=[ 0  2  3  5  6 16 18 19 23 25 30 39 40 42 45 50 56 57 58 61 62 63 66 67
 69 70])
Bicluster(rows=[66, 86], cols=[ 0  4  7  8 10 12 13 16 18 22 33 35 42 43 48 50 56 57 62 63 66 67 68 69
 70])
Bicluster(rows=[66, 87], cols=[ 0  1  2  5  6 11 15 16 18 22 24 26 27 28 30 32 33 37 39 40 42 45 46 47
 48 50 52 53 54 55 56 57 58 59 60 61 62 63 64 66 67 68 69 70 71 72 73 74])
Bicluster(rows=[66, 88], cols=[10 11 16 17 18 25 30 31 37 38 42 43 47 50 51 52 54 56 57 58 59 61 62 63
 64 65 66 67 68 69 70 71 72 73])
Bicluster(rows=[66, 89], cols=[ 0  2  3  5  7 12 13 16 18 29 30 34 35 38 39 42 45 48 50 51 52 53 54 55
 56 57 58 59 60 61 62 63 64 65 66 67 68 69 70 71 72 73 74])
Bicluster(rows=[66, 90], cols=[ 6 17 18 20 21 22 23 27 28 29 30 36 42 47 49 50 54 56 57 58 61 62 63 66
 67 68 69 70 72])
Bicluster(rows=[66, 91], cols=[ 0  1  3  5  6  8 10 11 12 17 18 22 25 28 31 33 37 39 45 50 52 53 54 56
 57 58 59 60 61 62 63 64 65 66 67 68 69 70 71 72 73 74])
Bicluster(rows=[66, 92], cols=[ 0  1  5  8 10 16 18 19 22 23 27 28 29 30 31 33 37 39 42 47 49 50 52 53
 54 55 56 57 58 59 60 61 62 63 64 65 66 67 68 69 70 71 72 73 74])
Bicluster(rows=[66, 93], cols=[ 2  9 10 12 13 20 21 23 24 28 29 31 36 39 41 43 50 56 57 61 62 63 66 67
 69 70])
Bicluster(rows=[66, 94], cols=[ 0  2  3  4  5  6  7  8 11 12 15 16 17 18 19 23 27 28 31 35 37 39 45 49
 50 51 52 53 54 55 56 57 58 59 60 61 62 63 64 65 66 67 68 69 70 71 72 73
 74])
Bicluster(rows=[66, 95], cols=[ 3  4  5  6  7  8 12 13 16 17 22 25 27 31 33 42 43 45 47 50 52 54 56 57
 58 59 61 62 63 66 67 68 69 70 72])
Bicluster(rows=[66, 96], cols=[ 0  1  4  9 11 13 14 18 22 24 27 28 30 35 36 37 38 42 50 53 54 56 57 58
 61 62 63 64 66 67 68 69 70 72 73 74])
Bicluster(rows=[66, 97], cols=[ 0  2 12 15 25 29 40 41 42 50 51 52 53 54 55 56 57 58 59 60 61 62 63 64
 65 66 67 68 69 70 71 72 73 74])
Bicluster(rows=[66, 98], cols=[ 1  3  4  8 10 11 12 16 22 23 27 28 33 42 47 49 52 54 56 57 59 62 67 68
 69 70 72])
Bicluster(rows=[66, 99], cols=[ 1  2  3  5  7  9 12 14 15 16 17 19 28 29 45 49 51 52 53 57 59 63 64 65
 66 70 71])
Bicluster(rows=[67, 68], cols=[ 1  2  3  4  5  7  8 10 12 15 17 18 20 28 30 32 36 41 43 45 49 58 61 64
 73])
Bicluster(rows=[67, 69], cols=[ 1  3  4  5  7  8  9 10 11 12 15 19 20 24 25 32 35 43 44 46 47 50 52 54
 56 57 58 59 61 62 63 66 67 68 69 70 72])
Bicluster(rows=[67, 70], cols=[ 2  3  5  8 10 12 22 23 27 28 32 38 42 44 47 49 50 51 52 53 54 55 56 57
 58 59 60 61 62 63 64 65 66 67 68 69 70 71 72 73 74])
Bicluster(rows=[67, 71], cols=[ 1  2  7 10 13 21 22 24 26 28 29 32 34 35 36 37 39 40 43 45 46 49 50 54
 56 57 58 61 62 63 66 67 68 69 70 72])
Bicluster(rows=[67, 72], cols=[ 1  7  9 12 13 15 16 21 27 28 31 35 36 39 40 41 42 43 47 50 51 52 53 54
 55 56 57 58 59 60 61 62 63 64 65 66 67 68 69 70 71 72 73 74])
Bicluster(rows=[67, 73], cols=[ 4 13 22 24 26 31 41 46 47 50 52 54 56 57 58 59 61 62 63 64 66 67 68 69
 70 72 73])
Bicluster(rows=[67, 74], cols=[ 1  2  3  4  6 12 19 21 22 26 28 31 33 34 43 47 49 50 51 52 53 54 55 56
 57 58 59 60 61 62 63 64 65 66 67 68 69 70 71 72 73 74])
Bicluster(rows=[67, 75], cols=[ 3  6  8 12 18 21 22 23 24 27 28 31 32 38 41 44 45 47 52 54 56 57 62 67
 68 69 70 72])
Bicluster(rows=[67, 76], cols=[ 0  2  8  9 10 13 16 17 18 19 25 26 27 30 31 34 37 39 43 44 45 48 49 50
 56 57 62 67 69 70])
Bicluster(rows=[67, 77], cols=[ 2  3  4  5  6  8 11 12 14 16 19 20 21 22 26 27 34 36 37 40 43 47 48 50
 51 52 53 54 55 56 57 58 59 60 61 62 63 64 65 66 67 68 69 70 71 72 73 74])
Bicluster(rows=[67, 78], cols=[ 2  3  7  8  9 10 12 16 19 21 23 26 35 36 38 40 43 44 45 48 50 56 57 58
 61 62 63 66 67 69 70])
Bicluster(rows=[67, 79], cols=[ 3  8 10 13 16 17 19 28 31 35 37 38 39 41 42 44 48 49 50 52 54 56 57 58
 61 62 63 64 66 67 68 69 70 72])
Bicluster(rows=[67, 80], cols=[ 1  2  5  6  7  8 16 21 24 26 30 31 35 36 38 40 41 45 46 48 50 56 57 58
 61 62 63 66 67 69 70])
Bicluster(rows=[67, 81], cols=[ 2  3  5  6  7 12 13 16 19 20 22 26 27 28 31 32 34 35 37 40 41 44 45 46
 47 50 51 52 53 54 55 56 57 58 59 60 61 62 63 64 65 66 67 68 69 70 71 72
 73 74])
Bicluster(rows=[67, 82], cols=[ 1  2  4  5  7  8 11 14 19 20 22 23 24 26 28 36 37 41 48 50 51 52 53 54
 55 56 57 58 59 60 61 62 63 64 65 66 67 68 69 70 71 72 73 74])
Bicluster(rows=[67, 83], cols=[ 2  4  6 11 12 14 19 20 21 23 36 41 46 48 50 51 52 53 54 55 56 57 58 59
 60 61 62 63 64 65 66 67 68 69 70 71 72 73 74])
Bicluster(rows=[67, 84], cols=[ 3  8  9 11 12 13 15 17 18 22 23 24 25 29 33 34 35 37 38 39 46 48 49 50
 51 52 53 54 55 56 57 58 59 60 61 62 63 64 65 66 67 68 69 70 71 72 73 74])
Bicluster(rows=[67, 85], cols=[ 1  3  7  8  9 10 12 13 14 16 17 22 24 27 28 32 33 34 35 37 38 39 41 44
 45 47 49 53 55 60 64 73 74])
Bicluster(rows=[67, 86], cols=[ 1  4  5  6 11 12 14 19 20 21 27 33 36 42 46 47 50 51 52 53 54 55 56 57
 58 59 60 61 62 63 64 65 66 67 68 69 70 71 72 73 74])
Bicluster(rows=[67, 87], cols=[ 1  4  5  7 10 11 13 16 19 20 23 29 35 42 45 50 51 52 53 54 55 56 57 58
 59 60 61 62 63 64 65 66 67 68 69 70 71 72 73 74])
Bicluster(rows=[67, 88], cols=[ 1  2  4  8  9 10 12 13 15 17 18 19 22 24 27 29 30 32 33 34 36 37 44 49
 52 59 65 71])
Bicluster(rows=[67, 89], cols=[ 1  2  6  8  9 15 16 19 23 25 33 36 37 39 40 41 44 45 46 50 52 54 56 57
 58 59 61 62 63 66 67 68 69 70 71 72])
Bicluster(rows=[67, 90], cols=[ 0  5  7 13 15 17 22 25 35 37 38 41 44 45 50 54 56 57 62 63 66 67 68 69
 70])
Bicluster(rows=[67, 91], cols=[ 1  3  7 11 12 17 19 22 23 27 31 32 34 35 36 38 40 42 43 44 45 47 48 50
 52 53 54 55 56 57 58 59 60 61 62 63 64 65 66 67 68 69 70 71 72 73 74])
Bicluster(rows=[67, 92], cols=[ 6  9 10 13 15 16 24 25 30 31 35 38 39 41 47 50 51 52 53 54 55 56 57 58
 59 60 61 62 63 64 65 66 67 68 69 70 71 72 73 74])
Bicluster(rows=[67, 93], cols=[ 1  2  3  5  7  8 12 17 22 24 28 31 32 34 35 37 38 40 43 44 47 48 49 50
 53 55 58 60 61 63 64 66 73 74])
Bicluster(rows=[67, 94], cols=[ 1  9 10 11 13 16 17 18 20 22 24 25 29 31 33 36 39 40 42 44 45 46 47 48
 50 52 53 54 56 57 58 59 60 61 62 63 64 65 66 67 68 69 70 71 72 73 74])
Bicluster(rows=[67, 95], cols=[ 1  3  4  9 10 16 17 18 19 28 29 31 34 35 36 37 40 44 45 48 49 50 54 56
 57 61 62 63 66 67 68 69 70 72])
Bicluster(rows=[67, 96], cols=[ 1  5  6  7 11 15 17 20 29 33 42 44 46 47 48 50 51 52 53 54 55 56 57 58
 59 60 61 62 63 64 65 66 67 68 69 70 71 72 73 74])
Bicluster(rows=[67, 97], cols=[ 1 13 16 21 24 31 32 35 36 37 43 45 46 47 48 49 50 52 53 54 56 57 58 59
 61 62 63 64 66 67 68 69 70 72 73 74])
Bicluster(rows=[67, 98], cols=[ 0  3  7 10 11 13 16 17 18 19 24 25 26 32 34 35 36 38 45 49 50 54 56 57
 62 67 68 69 70 72])
Bicluster(rows=[67, 99], cols=[ 1  2  3  4  5  6  8  9 11 12 16 18 20 22 24 25 26 31 32 34 38 39 40 43
 46 47 50 51 54 56 58 59 60 61 62 67 68 69 72])
Bicluster(rows=[68, 69], cols=[ 0  1  5  8 11 12 17 24 29 38 39 40 46 49 50 51 52 53 54 55 56 57 58 59
 60 61 62 63 64 65 66 67 68 69 70 71 72 73 74])
Bicluster(rows=[68, 70], cols=[ 2  3  5  8 11 13 14 16 18 21 22 27 31 33 38 39 42 45 47 50 51 52 53 54
 55 56 57 58 59 60 61 62 63 64 65 66 67 68 69 70 71 72 73 74])
Bicluster(rows=[68, 71], cols=[ 0  1  2  9 15 17 18 20 21 22 24 28 36 37 38 46 50 51 52 53 54 55 56 57
 58 59 60 61 62 63 64 65 66 67 68 69 70 71 72 73 74])
Bicluster(rows=[68, 72], cols=[ 1 12 15 18 19 24 25 26 28 32 36 37 40 41 42 45 48 58 61 64 73])
Bicluster(rows=[68, 73], cols=[ 5 11 14 16 17 18 19 22 24 27 28 30 31 33 38 39 41 42 51 59 65 71])
Bicluster(rows=[68, 74], cols=[ 6  8 13 15 16 19 22 26 30 40 41 47 50 51 52 53 54 55 56 57 58 59 60 61
 62 63 64 65 66 67 68 69 70 71 72 73 74])
Bicluster(rows=[68, 75], cols=[ 3  6  7  8  9 10 12 13 19 21 23 24 25 27 28 29 30 31 41 44 47 49 50 51
 52 53 54 55 56 57 58 59 60 61 62 63 64 65 66 67 68 69 70 71 72 73 74])
Bicluster(rows=[68, 76], cols=[ 0  1  2  3  4  5  6  7  8  9 10 11 12 13 14 15 16 19 20 22 25 26 27 28
 29 33 34 35 36 37 39 41 42 43 44 45 46 47 49 50 51 52 53 54 55 56 57 58
 59 60 61 62 63 64 65 66 67 68 69 70 71 72 73 74])
Bicluster(rows=[68, 77], cols=[ 4  7  8 10 11 14 15 17 20 22 23 25 26 30 31 35 36 39 40 41 44 47 48 50
 51 52 53 54 55 56 57 58 59 60 61 62 63 64 65 66 67 68 69 70 71 72 73 74])
Bicluster(rows=[68, 78], cols=[ 2  3  4  5  6  8 11 12 13 16 20 22 23 31 32 36 37 41 42 44 50 51 52 53
 54 55 56 57 58 59 60 61 62 63 64 65 66 67 68 69 70 71 72 73 74])
Bicluster(rows=[68, 79], cols=[ 0  3  4  5  6  7 10 11 13 14 15 19 22 24 25 27 29 30 35 36 37 39 41 46
 48 49 51 52 59 65 71])
Bicluster(rows=[68, 80], cols=[ 0  1  2  3  5  6  7  8  9 11 13 16 19 20 25 26 29 31 32 36 37 43 44 46
 49 50 51 52 53 54 55 56 57 58 59 60 61 62 63 64 65 66 67 68 69 70 71 72
 73 74])
Bicluster(rows=[68, 81], cols=[ 5  6  9 10 12 14 15 17 18 20 21 22 27 33 38 40 43 46 47 48 50 51 52 53
 54 55 56 57 58 59 60 61 62 63 64 65 66 67 68 69 70 71 72 73 74])
Bicluster(rows=[68, 82], cols=[ 2  3 10 11 13 14 15 16 17 18 20 21 24 29 30 31 32 33 38 40 43 45 47 48
 49 50 51 52 53 54 55 56 57 58 59 60 61 62 63 64 65 66 67 68 69 70 71 72
 73 74])
Bicluster(rows=[68, 83], cols=[ 0  1  2  3  4  5  8  9 11 12 14 15 16 17 18 19 20 25 28 29 32 35 37 38
 39 40 44 46 48 50 51 52 53 54 55 56 57 58 59 60 61 62 63 64 65 66 67 68
 69 70 71 72 73 74])
Bicluster(rows=[68, 84], cols=[ 0  2  6  7  9 11 14 15 18 20 22 33 38 42 45 46 47 49 50 56 61 63 66 69
 70])
Bicluster(rows=[68, 85], cols=[ 0  1  2  3  6  7  8  9 10 12 15 16 17 18 19 20 21 22 23 24 25 26 27 28
 29 30 31 32 34 35 36 38 41 42 43 44 45 46 48 49 50 51 52 53 54 55 56 57
 58 59 60 61 62 63 64 65 66 67 68 69 70 71 72 73 74])
Bicluster(rows=[68, 86], cols=[ 0  1  2  3  4  6  7  8  9 10 11 12 13 15 16 18 19 20 23 25 26 27 28 30
 31 32 34 35 37 38 39 40 41 42 43 45 46 47 49 50 51 52 53 54 55 56 57 58
 59 60 61 62 63 64 65 66 67 68 69 70 71 72 73 74])
Bicluster(rows=[68, 87], cols=[ 4  5  6 10 14 16 20 22 27 28 29 33 35 37 38 42 45 47 48 53 58 61 64 73
 74])
Bicluster(rows=[68, 88], cols=[ 9 10 11 13 16 23 29 32 37 39 44 46 48 50 51 52 53 54 55 56 57 58 59 60
 61 62 63 64 65 66 67 68 69 70 71 72 73 74])
Bicluster(rows=[68, 89], cols=[ 1  2  6  8 10 16 18 35 41 44 46 49 50 51 52 53 54 55 56 57 58 59 60 61
 62 63 64 65 66 67 68 69 70 71 72 73 74])
Bicluster(rows=[68, 90], cols=[ 3  4  5  6  7 11 13 16 18 22 26 28 29 31 33 35 37 38 41 42 44 50 51 52
 53 54 55 56 57 58 59 60 61 62 63 64 65 66 67 68 69 70 71 72 73 74])
Bicluster(rows=[68, 91], cols=[ 1  2  3  4  6  7  8  9 12 14 17 20 21 22 24 31 36 38 40 45 46 53 55 60
 73 74])
Bicluster(rows=[68, 92], cols=[ 1  2  4  8  9 12 13 16 19 22 23 26 27 31 32 33 36 37 39 42 46 49 53 60
 64 73 74])
Bicluster(rows=[68, 93], cols=[ 0  1  2  3  5  7  8  9 10 12 13 14 15 16 17 18 21 22 23 25 27 28 29 30
 31 32 33 34 36 38 39 40 43 45 47 50 51 52 53 54 55 56 57 58 59 60 61 62
 63 64 65 66 67 68 69 70 71 72 73 74])
Bicluster(rows=[68, 94], cols=[ 0  2  3  6  9 10 14 16 17 18 21 26 29 34 40 44 45 49 53 60 73 74])
Bicluster(rows=[68, 95], cols=[ 1  3  4  8 12 13 16 19 25 28 31 32 34 35 36 37 39 43 44 46 50 51 52 53
 54 55 56 57 58 59 60 61 62 63 64 65 66 67 68 69 70 71 72 73 74])
Bicluster(rows=[68, 96], cols=[ 1  3  5  6  7  8 11 12 13 18 20 21 23 25 31 33 35 37 40 42 46 48 50 51
 52 53 54 55 56 57 58 59 60 61 62 63 64 65 66 67 68 69 70 71 72 73 74])
Bicluster(rows=[68, 97], cols=[ 3  6  7 10 11 14 16 17 20 22 23 26 27 31 32 35 40 44 45 53 64 73 74])
Bicluster(rows=[68, 98], cols=[ 1  2  3  5  6  7  8  9 10 11 12 13 19 20 24 26 27 28 29 30 31 32 34 35
 36 37 38 39 43 44 47 50 51 52 53 54 55 56 57 58 59 60 61 62 63 64 65 66
 67 68 69 70 71 72 73 74])
Bicluster(rows=[68, 99], cols=[ 1  3  5  7 12 13 15 17 20 21 23 24 28 30 33 37 38 40 44 45 46 48 50 52
 54 58 59 60 62 65 67 70 71 72])
Bicluster(rows=[69, 70], cols=[ 5  7 11 12 16 17 20 30 35 37 39 41 47 48 50 51 52 53 54 55 56 57 58 59
 60 61 62 63 64 65 66 67 68 69 70 71 72 73 74])
Bicluster(rows=[69, 71], cols=[ 0  1  3  4  6  7 10 16 17 24 27 28 33 35 46 48 50 51 52 53 54 56 57 58
 59 61 62 63 64 65 66 67 68 69 70 71 72 73])
Bicluster(rows=[69, 72], cols=[ 1  7  9 12 14 15 18 22 23 26 29 36 37 38 43 50 52 53 54 56 57 58 59 61
 62 63 64 65 66 67 68 69 70 71 72 73 74])
Bicluster(rows=[69, 73], cols=[ 0  2  8 22 24 29 31 36 37 41 46 47 50 53 54 56 57 58 61 62 63 64 66 67
 68 69 70 72 73])
Bicluster(rows=[69, 74], cols=[ 0  1  2  6  7  8 10 12 16 28 29 31 32 33 37 38 40 47 50 51 52 53 54 55
 56 57 58 59 60 61 62 63 64 65 66 67 68 69 70 71 72 73 74])
Bicluster(rows=[69, 75], cols=[ 4  8 13 16 18 20 24 29 36 37 44 47 48 49 50 51 52 53 54 56 57 58 59 60
 61 62 63 64 65 66 67 68 69 70 71 72 73 74])
Bicluster(rows=[69, 76], cols=[ 0  1  5  6  8 12 13 24 29 30 38 39 40 46 50 51 52 53 54 55 56 57 58 59
 60 61 62 63 64 65 66 67 68 69 70 71 72 73 74])
Bicluster(rows=[69, 77], cols=[ 4  8 14 20 23 26 28 33 34 36 39 43 45 48 49 50 56 57 58 61 62 63 64 66
 67 69 70])
Bicluster(rows=[69, 78], cols=[ 0  4  5  6  7  8 10 13 14 19 27 30 35 44 46 50 51 52 53 54 55 56 57 58
 59 60 61 62 63 64 65 66 67 68 69 70 71 72 73 74])
Bicluster(rows=[69, 79], cols=[ 3  4  6  7  8 10 14 19 23 26 27 28 29 30 32 33 34 35 36 44 48 50 51 52
 53 54 55 56 57 58 59 60 61 62 63 64 65 66 67 68 69 70 71 72 73 74])
Bicluster(rows=[69, 80], cols=[ 0  6  7 10 13 14 18 22 23 27 28 33 34 48 49 50 52 54 56 57 58 59 61 62
 63 66 67 68 69 70 72])
Bicluster(rows=[69, 81], cols=[ 0  3  4  5  6  7 12 14 19 23 32 36 38 44 46 48 49 50 54 56 57 58 61 62
 63 66 67 68 69 70 72])
Bicluster(rows=[69, 82], cols=[ 3  5  8  9 13 14 17 18 22 24 25 29 30 33 38 39 41 42 47 49 51 52 54 59
 65 68 71 72])
Bicluster(rows=[69, 83], cols=[ 0  5  6  8 11 12 17 24 27 29 30 39 40 46 50 51 52 53 54 56 57 58 59 60
 61 62 63 64 65 66 67 68 69 70 71 72 73 74])
Bicluster(rows=[69, 84], cols=[ 2  3  4  6  8 11 12 15 18 20 24 25 26 35 41 43 46 50 52 53 54 56 57 58
 59 61 62 63 64 66 67 68 69 70 71 72 73 74])
Bicluster(rows=[69, 85], cols=[ 8 11 14 17 24 28 29 37 38 46 49 50 51 52 53 54 55 56 57 58 59 60 61 62
 63 64 65 66 67 68 69 70 71 72 73 74])
Bicluster(rows=[69, 86], cols=[ 0  1  5  6  8 12 14 24 28 29 38 40 46 50 51 52 53 54 55 56 57 58 59 60
 61 62 63 64 65 66 67 68 69 70 71 72 73 74])
Bicluster(rows=[69, 87], cols=[ 0  1  3  8 11 16 17 19 20 22 23 26 31 32 36 44 45 47 49 50 51 52 53 54
 55 56 57 58 59 60 61 62 63 64 65 66 67 68 69 70 71 72 73 74])
Bicluster(rows=[69, 88], cols=[ 0  3  4  6  8 11 16 19 20 27 28 29 33 35 36 39 40 46 47 49 50 54 56 57
 58 61 62 63 64 66 67 68 69 70 72])
Bicluster(rows=[69, 89], cols=[ 1  3  4  6  7  8 15 17 19 20 30 34 44 46 48 49 50 51 52 53 54 55 56 57
 58 59 60 61 62 63 64 65 66 67 68 69 70 71 72 73 74])
Bicluster(rows=[69, 90], cols=[ 4  5  6 10 13 14 19 27 29 30 35 36 38 39 44 48 50 51 52 54 56 57 58 59
 61 62 63 64 65 66 67 68 69 70 71 72 73])
Bicluster(rows=[69, 91], cols=[ 0  3  4  7 11 13 19 26 29 30 32 33 35 37 43 44 48 49 50 52 54 56 57 58
 59 61 62 63 64 66 67 68 69 70 72 73])
Bicluster(rows=[69, 92], cols=[ 0  6  9 10 14 15 16 17 24 26 29 32 35 36 42 45 50 52 54 56 57 58 59 61
 62 63 66 67 68 69 70 71 72])
Bicluster(rows=[69, 93], cols=[ 0  3  7  9 10 11 14 17 25 27 30 32 33 34 37 39 42 44 46 49 51 52 59 65
 71])
Bicluster(rows=[69, 94], cols=[ 0  1  3  7 11 18 23 24 25 26 34 37 38 41 43 44 46 47 50 51 52 53 54 56
 57 58 59 60 61 62 63 64 65 66 67 68 69 70 71 72 73 74])
Bicluster(rows=[69, 95], cols=[ 1  7  8 10 14 19 27 30 33 35 39 44 46 50 51 52 53 54 55 56 57 58 59 60
 61 62 63 64 65 66 67 68 69 70 71 72 73 74])
Bicluster(rows=[69, 96], cols=[ 1  5  6 11 12 15 20 26 27 36 37 40 43 44 45 46 47 48 50 54 56 57 58 61
 62 63 66 67 68 69 70 72])
Bicluster(rows=[69, 97], cols=[ 1 16 19 20 22 24 29 37 38 39 41 46 47 49 50 52 53 54 56 57 58 59 61 62
 63 64 66 67 68 69 70 71 72 73 74])
Bicluster(rows=[69, 98], cols=[ 2  3  6  7 10 11 15 16 19 23 24 25 30 32 35 38 39 42 50 54 56 57 62 63
 66 67 68 69 70 72])
Bicluster(rows=[69, 99], cols=[ 1  5  9 11 12 18 20 24 25 27 28 37 38 40 43 46 47 48 49 50 54 56 58 62
 67 68 72 73 74])
Bicluster(rows=[70, 71], cols=[ 2  7  9 12 16 18 21 23 24 26 30 34 35 38 40 43 44 46 48 50 51 52 53 54
 55 56 57 58 59 60 61 62 63 64 65 66 67 68 69 70 71 72 73 74])
Bicluster(rows=[70, 72], cols=[ 0  2  6 14 16 19 20 21 25 27 28 30 32 33 36 42 45 47 50 52 53 54 56 57
 58 60 61 62 63 64 66 67 68 69 70 72 73 74])
Bicluster(rows=[70, 73], cols=[ 1  3  8 12 24 26 30 32 35 36 49 50 51 52 53 54 55 56 57 58 59 60 61 62
 63 64 65 66 67 68 69 70 71 72 73 74])
Bicluster(rows=[70, 74], cols=[ 3  4  7  9 12 13 14 15 16 18 19 20 21 22 25 26 28 36 37 42 44 46 47 49
 50 51 52 53 54 55 56 57 58 59 60 61 62 63 64 65 66 67 68 69 70 71 72 73
 74])
Bicluster(rows=[70, 75], cols=[ 0  2  3  6  8  9 13 14 15 16 17 20 21 24 25 26 27 31 33 34 37 39 40 46
 47 48 50 51 52 53 54 55 56 57 58 59 60 61 62 63 64 65 66 67 68 69 70 71
 72 73 74])
Bicluster(rows=[70, 76], cols=[ 2  5  8  9 16 17 23 24 26 27 30 31 35 39 48 50 51 52 53 54 55 56 57 58
 59 60 61 62 63 64 65 66 67 68 69 70 71 72 73 74])
Bicluster(rows=[70, 77], cols=[ 0  8 11 12 16 18 19 21 22 24 27 29 31 33 39 42 46 47 50 51 52 53 54 55
 56 57 58 59 60 61 62 63 64 65 66 67 68 69 70 71 72 73 74])
Bicluster(rows=[70, 78], cols=[ 2  5  7  9 13 15 17 21 22 23 24 26 30 31 34 35 39 43 48 50 51 52 53 54
 55 56 57 58 59 60 61 62 63 64 65 66 67 68 69 70 71 72 73 74])
Bicluster(rows=[70, 79], cols=[ 0  1  2  4  6  8 18 21 36 37 38 44 46 50 54 56 57 58 61 62 63 66 67 68
 69 70 72])
Bicluster(rows=[70, 80], cols=[ 2  3  5  8 12 13 15 16 19 21 22 23 24 26 28 30 31 34 35 39 48 50 51 52
 53 54 55 56 57 58 59 60 61 62 63 64 65 66 67 68 69 70 71 72 73 74])
Bicluster(rows=[70, 81], cols=[ 0  1  2  4  5  9 11 12 14 15 16 17 18 19 22 25 27 28 29 33 36 37 38 41
 44 45 46 47 50 51 52 53 54 55 56 57 58 59 60 61 62 63 64 65 66 67 68 69
 70 71 72 73 74])
Bicluster(rows=[70, 82], cols=[ 1  2  3  4  6  8  9 12 13 16 18 19 21 22 28 31 32 33 36 38 39 41 44 45
 47 50 51 52 53 54 55 56 57 58 59 60 61 62 63 64 65 66 67 68 69 70 71 72
 73 74])
Bicluster(rows=[70, 83], cols=[ 2  3  5  7  8 11 12 13 16 17 18 21 23 24 26 30 33 34 38 39 42 43 50 51
 52 53 54 55 56 57 58 59 60 61 62 63 64 65 66 67 68 69 70 71 72 73 74])
Bicluster(rows=[70, 84], cols=[ 1  2  3  8 14 17 18 19 21 22 23 24 25 29 32 36 37 38 42 44 47 48 50 53
 54 56 57 58 60 61 62 63 64 66 67 68 69 70 72 73 74])
Bicluster(rows=[70, 85], cols=[ 2  3  4  8 11 13 16 18 19 21 22 23 24 27 31 34 37 39 42 45 50 51 52 53
 54 55 56 57 58 59 60 61 62 63 64 65 66 67 68 69 70 71 72 73 74])
Bicluster(rows=[70, 86], cols=[ 2  5  7  8  9 13 16 17 18 21 23 24 26 27 31 39 45 47 48 50 51 52 53 54
 55 56 57 58 59 60 61 62 63 64 65 66 67 68 69 70 71 72 73 74])
Bicluster(rows=[70, 87], cols=[ 2  4  6 10 11 12 16 17 18 26 28 29 33 34 40 42 45 50 52 53 54 55 56 57
 58 59 60 61 62 63 64 65 66 67 68 69 70 71 72 73 74])
Bicluster(rows=[70, 88], cols=[ 0  4  6  7  8 11 12 13 15 19 22 23 25 26 30 31 36 39 43 45 46 50 51 52
 53 54 55 56 57 58 59 60 61 62 63 64 65 66 67 68 69 70 71 72 73 74])
Bicluster(rows=[70, 89], cols=[ 2  5  7  8 14 15 16 18 21 24 28 32 33 38 48 50 52 54 56 57 58 59 61 62
 63 66 67 68 69 70 72])
Bicluster(rows=[70, 90], cols=[ 5  9 13 15 17 18 22 23 24 26 30 31 34 35 39 43 48 50 51 52 53 54 55 56
 57 58 59 60 61 62 63 64 65 66 67 68 69 70 71 72 73 74])
Bicluster(rows=[70, 91], cols=[ 7  9 11 13 15 27 31 34 37 40 42 47 48 49 52 54 56 57 59 62 67 68 69 70
 72])
Bicluster(rows=[70, 92], cols=[ 4  7  8 12 16 19 20 21 28 31 32 34 38 43 44 46 47 49 50 53 54 55 56 57
 58 60 61 62 63 64 66 67 68 69 70 72 73 74])
Bicluster(rows=[70, 93], cols=[ 2  3  4  5  6  8  9 11 12 13 14 16 18 19 21 22 24 27 28 32 33 37 38 39
 44 46 48 49 50 51 52 53 54 55 56 57 58 59 60 61 62 63 64 65 66 67 68 69
 70 71 72 73 74])
Bicluster(rows=[70, 94], cols=[ 0  6 10 12 14 15 16 18 25 28 29 30 35 44 45 48 49 50 53 54 56 57 58 61
 62 63 64 66 67 68 69 70 72 73 74])
Bicluster(rows=[70, 95], cols=[ 3  9 13 15 16 23 24 26 30 31 32 34 35 39 48 50 51 52 53 54 55 56 57 58
 59 60 61 62 63 64 65 66 67 68 69 70 71 72 73 74])
Bicluster(rows=[70, 96], cols=[ 0  3  5  9 13 18 21 23 27 28 29 31 34 36 42 44 46 47 50 51 52 53 54 55
 56 57 58 59 60 61 62 63 64 65 66 67 68 69 70 71 72 73 74])
Bicluster(rows=[70, 97], cols=[ 2  4  6 10 11 14 15 16 18 32 34 37 39 41 45 47 50 53 54 56 57 58 61 62
 63 64 66 67 68 69 70 72 73])
Bicluster(rows=[70, 98], cols=[ 2  3  5 11 15 16 17 23 24 26 27 31 39 40 48 50 51 52 53 54 55 56 57 58
 59 60 61 62 63 64 65 66 67 68 69 70 71 72 73 74])
Bicluster(rows=[70, 99], cols=[ 2  3  4  6  8  9 10 12 15 16 17 20 21 23 28 30 31 33 34 37 41 42 43 44
 45 46 48 49 50 53 54 55 62 63 64 66 67 70 72])
Bicluster(rows=[71, 72], cols=[ 0  1  2  3  4  5  6  7 13 16 17 18 19 20 21 23 24 25 26 28 35 36 38 40
 43 48 49 50 52 54 56 57 58 59 61 62 63 66 67 68 69 70 72])
Bicluster(rows=[71, 73], cols=[ 0  4 12 14 20 24 25 26 27 30 31 33 35 37 39 41 42 46 50 51 52 53 54 55
 56 57 58 59 60 61 62 63 64 65 66 67 68 69 70 71 72 73 74])
Bicluster(rows=[71, 74], cols=[ 0  6  7  9 10 11 12 15 16 17 21 28 32 33 44 45 50 51 52 53 54 55 56 57
 58 59 60 61 62 63 64 65 66 67 68 69 70 71 72 73 74])
Bicluster(rows=[71, 75], cols=[ 2  4  5  9 16 21 22 24 26 28 31 32 34 36 40 42 44 45 46 48 50 51 52 53
 54 55 56 57 58 59 60 61 62 63 64 65 66 67 68 69 70 71 72 73 74])
Bicluster(rows=[71, 76], cols=[ 0  1  2  6  9 15 16 18 21 22 23 24 26 28 30 32 33 35 36 40 44 46 49 50
 51 52 53 54 55 56 57 58 59 60 61 62 63 64 65 66 67 68 69 70 71 72 73 74])
Bicluster(rows=[71, 77], cols=[ 1  5 12 13 15 16 17 18 20 21 25 27 28 32 36 45 49 50 51 52 53 54 55 56
 57 58 59 60 61 62 63 64 65 66 67 68 69 70 71 72 73 74])
Bicluster(rows=[71, 78], cols=[ 0  2  3  4  6  7  8 10 11 14 19 20 21 22 23 25 26 27 29 30 32 33 34 35
 36 37 40 43 45 48 49 50 51 52 53 54 55 56 57 58 59 60 61 62 63 64 65 66
 67 68 69 70 71 72 73 74])
Bicluster(rows=[71, 79], cols=[ 2  3  4  7  9 10 13 18 19 20 25 27 28 30 35 37 39 43 48 49 50 51 52 53
 54 55 56 57 58 59 60 61 62 63 64 65 66 67 68 69 70 71 72 73 74])
Bicluster(rows=[71, 80], cols=[ 0  1  4  6  7  9 11 12 16 18 20 21 23 24 26 27 28 31 32 33 34 35 36 40
 41 44 45 46 47 48 49 50 51 52 53 54 55 56 57 58 59 60 61 62 63 64 65 66
 67 68 69 70 71 72 73 74])
Bicluster(rows=[71, 81], cols=[ 0  3  4  5  7  8 11 16 18 19 22 25 26 29 30 33 34 37 40 41 42 45 46 48
 50 54 56 57 62 63 66 67 68 69 70 72])
Bicluster(rows=[71, 82], cols=[ 2  5  9 11 12 15 16 17 18 20 21 25 31 38 40 42 50 51 52 53 54 55 56 57
 58 59 60 61 62 63 64 65 66 67 68 69 70 71 72 73 74])
Bicluster(rows=[71, 83], cols=[ 0  1  2  6  7 10 15 16 17 18 20 21 22 23 24 25 26 27 28 30 34 38 44 45
 46 49 50 51 52 53 54 55 56 57 58 59 60 61 62 63 64 65 66 67 68 69 70 71
 72 73 74])
Bicluster(rows=[71, 84], cols=[ 2  6  9 14 18 19 22 25 26 29 31 32 37 43 46 49 50 54 56 57 58 61 62 63
 66 67 68 69 70 72])
Bicluster(rows=[71, 85], cols=[ 0  2  5  9 15 16 17 18 21 22 24 27 28 33 34 36 38 40 44 46 49 50 51 52
 53 54 55 56 57 58 59 60 61 62 63 64 65 66 67 68 69 70 71 72 73 74])
Bicluster(rows=[71, 86], cols=[ 0  1  2  6  7  9 11 15 16 18 21 22 23 24 26 28 32 33 34 43 44 46 48 49
 50 51 52 53 54 55 56 57 58 59 60 61 62 63 64 65 66 67 68 69 70 71 72 73
 74])
Bicluster(rows=[71, 87], cols=[ 1  2  4  6  9 10 11 13 14 17 18 27 29 30 31 33 35 45 47 49 50 54 56 57
 58 61 62 63 66 67 68 69 70 72])
Bicluster(rows=[71, 88], cols=[ 9 10 11 12 18 20 26 31 32 40 41 42 43 44 46 47 48 49 50 51 52 53 54 55
 56 57 58 59 60 61 62 63 64 65 66 67 68 69 70 71 72 73 74])
Bicluster(rows=[71, 89], cols=[ 0  2  4  9 11 16 17 18 21 25 30 37 44 46 47 48 50 52 54 56 57 58 59 61
 62 63 64 65 66 67 68 69 70 71 72])
Bicluster(rows=[71, 90], cols=[ 0  4  6  7  8  9 10 11 18 19 20 22 23 25 26 27 28 30 31 32 33 34 35 36
 37 40 43 44 45 48 49 50 51 52 53 54 55 56 57 58 59 60 61 62 63 64 65 66
 67 68 69 70 71 72 73 74])
Bicluster(rows=[71, 91], cols=[ 0  3  4  7  8 18 19 20 27 30 31 34 36 39 45 48 50 52 54 56 57 58 61 62
 63 66 67 68 69 70 72])
Bicluster(rows=[71, 92], cols=[ 0  4 13 16 17 18 19 20 24 26 27 30 32 33 36 40 42 48 50 54 56 57 58 61
 62 63 66 67 68 69 70 72])
Bicluster(rows=[71, 93], cols=[ 1  2  9 15 17 18 21 22 24 25 28 34 38 41 42 44 48 50 51 52 53 54 55 56
 57 58 59 60 61 62 63 64 65 66 67 68 69 70 71 72 73 74])
Bicluster(rows=[71, 94], cols=[ 0  1  3  8  9 10 13 14 15 22 23 24 26 29 31 34 39 40 45 46 50 52 54 56
 57 58 59 61 62 63 64 66 67 68 69 70 71 72])
Bicluster(rows=[71, 95], cols=[ 0  1  6  9 10 11 16 18 20 22 23 24 26 27 28 29 30 33 34 35 36 37 40 41
 42 44 45 46 48 49 50 51 52 53 54 55 56 57 58 59 60 61 62 63 64 65 66 67
 68 69 70 71 72 73 74])
Bicluster(rows=[71, 96], cols=[ 1  4  5  6 10 11 14 17 18 19 20 21 32 33 41 44 45 46 49 50 51 52 53 54
 55 56 57 58 59 60 61 62 63 64 65 66 67 68 69 70 71 72 73 74])
Bicluster(rows=[71, 97], cols=[ 1  2  3  7  8  9 10 11 12 13 14 15 18 21 24 26 27 28 30 32 35 36 37 38
 40 41 43 44 46 48 49 50 52 54 56 57 58 59 61 62 63 64 66 67 68 69 70 72
 73])
Bicluster(rows=[71, 98], cols=[ 0  1  2  6  7  9 16 18 23 24 25 26 27 32 33 36 37 40 42 48 49 50 51 52
 53 54 55 56 57 58 59 60 61 62 63 64 65 66 67 68 69 70 71 72 73 74])
Bicluster(rows=[71, 99], cols=[ 1  2  4  7 10 11 15 16 17 20 21 24 26 33 35 37 38 41 47 50 52 58 59 62
 63 65 66 67 70 71 73 74])
Bicluster(rows=[72, 73], cols=[ 5  8 11 12 17 22 29 30 32 34 36 37 38 40 43 44 45 48 49 50 51 52 53 54
 55 56 57 58 59 60 61 62 63 64 65 66 67 68 69 70 71 72 73 74])
Bicluster(rows=[72, 74], cols=[ 1  5 10 11 12 14 16 18 20 21 23 24 25 28 29 31 36 38 42 43 46 47 48 50
 51 52 53 54 55 56 57 58 59 60 61 62 63 64 65 66 67 68 69 70 71 72 73 74])
Bicluster(rows=[72, 75], cols=[ 2 10 11 12 18 21 27 28 29 30 32 36 37 40 42 45 50 52 54 56 57 58 59 61
 62 63 66 67 68 69 70 72])
Bicluster(rows=[72, 76], cols=[ 0  6 12 13 14 16 20 23 24 25 27 28 29 33 35 36 40 41 45 47 49 50 56 57
 62 63 66 67 69 70])
Bicluster(rows=[72, 77], cols=[ 6 10 11 13 14 17 18 20 21 22 24 25 28 30 34 49 50 54 56 57 58 61 62 63
 66 67 68 69 70 72])
Bicluster(rows=[72, 78], cols=[ 0  7  8  9 15 18 19 20 21 24 25 26 31 32 35 36 40 41 42 43 46 47 49 50
 54 56 57 58 61 62 63 66 67 68 69 70 72])
Bicluster(rows=[72, 79], cols=[ 0  2  6  7 13 14 16 18 19 20 23 24 25 28 31 35 39 41 45 46 49 50 52 54
 56 57 58 59 61 62 63 64 66 67 68 69 70 71 72 73])
Bicluster(rows=[72, 80], cols=[ 0  3  6  7  8  9 13 17 18 23 24 25 26 27 30 31 33 39 40 41 42 44 45 46
 47 48 55 60])
Bicluster(rows=[72, 81], cols=[ 0  8 12 13 14 16 23 24 25 26 27 28 33 35 36 41 45 47 49 50 52 53 54 55
 56 57 58 59 60 61 62 63 64 66 67 68 69 70 72 73 74])
Bicluster(rows=[72, 82], cols=[ 0  2 10 14 16 17 21 22 23 25 29 30 31 33 34 38 42 50 52 54 56 57 59 62
 63 66 67 68 69 70 72])
Bicluster(rows=[72, 83], cols=[ 5  9 12 13 14 15 16 19 21 22 29 31 32 34 37 40 48 50 56 58 61 63 66 67
 69 70])
Bicluster(rows=[72, 84], cols=[ 2 10 11 12 13 15 18 19 26 27 31 33 39 42 43 44 45 50 51 52 53 54 55 56
 57 58 59 60 61 62 63 64 65 66 67 68 69 70 71 72 73 74])
Bicluster(rows=[72, 85], cols=[ 0  1  4  6  7  8 12 13 14 15 18 19 23 24 25 26 31 33 35 36 39 41 47 48
 53 55 60 73 74])
Bicluster(rows=[72, 86], cols=[ 0  4  6  8 13 14 19 20 23 24 25 26 29 31 33 35 39 40 43 44 46 53 60 73
 74])
Bicluster(rows=[72, 87], cols=[ 2 10 22 24 25 30 32 36 40 46 50 52 54 56 57 58 59 61 62 63 64 65 66 67
 68 69 70 71 72 73])
Bicluster(rows=[72, 88], cols=[ 0  1  3  4  5  6  8 10 17 19 21 23 24 25 29 32 35 37 45 50 52 53 54 56
 57 58 59 60 61 62 63 64 66 67 68 69 70 72 73 74])
Bicluster(rows=[72, 89], cols=[ 1  2  5 11 20 21 23 26 30 31 32 33 34 36 37 41 43 49 50 51 52 53 54 55
 56 57 58 59 60 61 62 63 64 65 66 67 68 69 70 71 72 73 74])
Bicluster(rows=[72, 90], cols=[ 4  6  9 13 15 18 19 23 25 26 29 33 35 40 41 42 43 46 47 48 50 54 56 57
 61 62 63 66 67 68 69 70 72])
Bicluster(rows=[72, 91], cols=[ 0  3  4  6  7  8  9 15 18 19 20 27 31 36 37 39 41 42 44 46 47 48 50 51
 52 53 54 55 56 57 58 59 60 61 62 63 64 65 66 67 68 69 70 71 72 73 74])
Bicluster(rows=[72, 92], cols=[ 0  4  8  9 13 14 15 16 17 18 20 21 24 25 26 29 36 37 40 41 44 46 47 48
 50 51 52 53 54 55 56 57 58 59 60 61 62 63 64 65 66 67 68 69 70 71 72 73
 74])
Bicluster(rows=[72, 93], cols=[ 0  2  4  6 12 18 20 23 27 28 29 31 32 33 35 36 43 46 50 56 57 58 61 62
 63 66 67 69 70])
Bicluster(rows=[72, 94], cols=[ 0  1  6  7  8 13 16 18 23 25 26 30 31 37 38 39 40 42 43 45 50 51 52 53
 54 55 56 57 58 59 60 61 62 63 64 65 66 67 68 69 70 71 72 73 74])
Bicluster(rows=[72, 95], cols=[ 2  3  4  8 10 11 12 13 14 15 18 21 23 24 27 39 40 42 44 45 46 48 55 60])
Bicluster(rows=[72, 96], cols=[ 1  4  6  8  9 13 17 18 20 21 22 27 29 30 31 33 39 40 42 47 52 54 59 62
 65 68 71 72])
Bicluster(rows=[72, 97], cols=[ 1  2  3  4  6  7 13 16 18 21 26 29 31 32 35 36 38 40 43 45 47 49 50 51
 52 53 54 55 56 57 58 59 60 61 62 63 64 65 66 67 68 69 70 71 72 73 74])
Bicluster(rows=[72, 98], cols=[ 0  1  2 12 14 18 25 31 32 40 41 42 45 47 49 50 54 56 57 62 63 66 67 68
 69 70 72])
Bicluster(rows=[72, 99], cols=[ 1  6 16 20 21 24 26 27 29 30 32 33 35 41 42 45 51 52 53 55 57 59 63 64
 70 71])
Bicluster(rows=[73, 74], cols=[ 4  7  8  9 10 14 17 18 20 25 26 27 29 30 31 32 35 37 42 47 50 54 56 57
 58 61 62 63 64 66 67 68 69 70 72])
Bicluster(rows=[73, 75], cols=[ 1  3  7  8  9 11 12 14 20 25 29 30 33 35 36 37 43 47 48 50 52 54 56 57
 58 59 61 62 63 66 67 68 69 70 72])
Bicluster(rows=[73, 76], cols=[ 2  6  7  8 11 13 14 15 16 19 21 23 27 28 29 31 34 54 56 57 62 67 68 69
 70 72])
Bicluster(rows=[73, 77], cols=[ 4  7  9 10 13 14 18 20 21 27 28 35 40 47 48 50 52 54 56 57 59 62 67 68
 69 70 72])
Bicluster(rows=[73, 78], cols=[ 4  5 14 15 17 18 20 25 27 28 33 37 38 42 47 50 52 54 56 57 58 59 61 62
 63 65 66 67 68 69 70 71 72])
Bicluster(rows=[73, 79], cols=[ 4  5 11 15 21 22 24 25 27 29 30 33 34 35 37 38 39 43 45 50 51 52 53 54
 55 56 57 58 59 60 61 62 63 64 65 66 67 68 69 70 71 72 73 74])
Bicluster(rows=[73, 80], cols=[ 0  3  4  9 12 14 15 18 20 24 25 26 27 29 31 33 34 37 38 41 42 43 50 52
 54 56 57 58 59 61 62 63 66 67 68 69 70 72])
Bicluster(rows=[73, 81], cols=[ 9 10 11 12 13 14 15 17 19 21 23 25 28 33 34 38 39 41 43 46 47 49 50 52
 54 56 57 58 61 62 63 66 67 68 69 70 72])
Bicluster(rows=[73, 82], cols=[ 1  3  8 10 11 16 20 23 29 31 32 36 43 44 45 48 49 50 52 54 56 57 59 62
 63 66 67 68 69 70 71 72])
Bicluster(rows=[73, 83], cols=[ 4  9 12 20 22 24 25 27 28 29 32 34 35 36 37 40 46 48 50 54 56 57 58 61
 62 63 66 67 68 69 70 72])
Bicluster(rows=[73, 84], cols=[ 0  1  3  7  8  9 10 12 20 24 27 28 35 36 41 44 45 46 49 50 51 52 53 54
 55 56 57 58 59 60 61 62 63 64 65 66 67 68 69 70 71 72 73 74])
Bicluster(rows=[73, 85], cols=[ 0  1  3  5  7  8  9 11 12 15 19 21 26 29 30 32 35 42 45 46 49 50 56 57
 62 67 68 69 70])
Bicluster(rows=[73, 86], cols=[ 4 14 17 20 22 25 30 31 35 37 38 42 45 47 54 56 57 62 67 68 69 70 72])
Bicluster(rows=[73, 87], cols=[ 0  4  5  6  7  8 13 15 20 28 36 39 42 44 50 52 53 54 56 57 58 59 61 62
 63 64 66 67 68 69 70 72 73])
Bicluster(rows=[73, 88], cols=[ 0  5  8 12 15 17 20 21 29 31 36 37 41 42 46 50 51 52 54 56 57 58 59 61
 62 63 64 65 66 67 68 69 70 71 72 73])
Bicluster(rows=[73, 89], cols=[ 4  8 10 15 22 24 25 27 30 32 34 37 42 43 45 46 50 51 52 53 54 55 56 57
 58 59 60 61 62 63 64 65 66 67 68 69 70 71 72 73 74])
Bicluster(rows=[73, 90], cols=[ 4 14 15 17 20 21 27 29 31 35 37 38 42 47 50 52 54 56 57 58 59 61 62 63
 65 66 67 68 69 70 71 72])
Bicluster(rows=[73, 91], cols=[ 4  6 15 16 20 21 22 25 28 29 30 39 47 49 50 52 53 54 56 57 58 59 61 62
 63 64 66 67 68 69 70 72 73 74])
Bicluster(rows=[73, 92], cols=[ 0  3  5  7 11 15 19 20 22 24 25 27 28 29 30 33 35 37 38 43 45 47 50 52
 53 54 56 57 58 59 61 62 63 64 66 67 68 69 70 71 72 73 74])
Bicluster(rows=[73, 93], cols=[ 0  3  7 24 25 29 42 43 45 47 49 50 51 52 53 54 55 56 57 58 59 60 61 62
 63 64 65 66 67 68 69 70 71 72 73 74])
Bicluster(rows=[73, 94], cols=[ 2  5  6 18 24 28 31 34 36 38 39 42 46 48 50 51 52 53 54 55 56 57 58 59
 60 61 62 63 64 65 66 67 68 69 70 71 72 73 74])
Bicluster(rows=[73, 95], cols=[ 5 11 14 17 18 20 21 22 24 25 27 30 32 33 35 37 41 42 43 46 47 50 51 52
 54 56 57 58 59 61 62 63 64 65 66 67 68 69 70 71 72 73])
Bicluster(rows=[73, 96], cols=[ 4  7 14 16 19 33 34 35 36 37 39 41 46 47 50 51 52 54 56 57 58 59 61 62
 63 64 65 66 67 68 69 70 71 72])
Bicluster(rows=[73, 97], cols=[ 9 11 12 13 16 18 20 23 24 25 27 29 31 38 46 47 50 51 52 53 54 55 56 57
 58 59 60 61 62 63 64 65 66 67 68 69 70 71 72 73 74])
Bicluster(rows=[73, 98], cols=[14 15 17 18 21 22 24 26 27 28 30 31 35 38 41 43 47 50 52 54 56 57 59 62
 66 67 68 69 70 72])
Bicluster(rows=[73, 99], cols=[ 0  4  8  9 19 24 26 32 35 36 37 43 45 46 50 51 52 54 58 59 62 63 65 66
 67 70 71 72 73 74])
Bicluster(rows=[74, 75], cols=[ 9 13 14 16 19 20 21 22 23 25 29 30 32 35 37 38 41 43 45 46 47 50 51 52
 53 54 55 56 57 58 59 60 61 62 63 64 65 66 67 68 69 70 71 72 73 74])
Bicluster(rows=[74, 76], cols=[ 0  6  8  9 15 16 21 26 29 32 38 41 45 50 51 52 53 54 55 56 57 58 59 60
 61 62 63 64 65 66 67 68 69 70 71 72 73 74])
Bicluster(rows=[74, 77], cols=[ 2  3  8 12 15 16 17 19 21 22 23 26 30 32 34 38 40 41 42 43 45 46 50 51
 52 53 54 55 56 57 58 59 60 61 62 63 64 65 66 67 68 69 70 71 72 73 74])
Bicluster(rows=[74, 78], cols=[ 0  5  6  7  8  9 10 11 15 16 21 22 29 33 38 41 45 50 51 52 53 54 55 56
 57 58 59 60 61 62 63 64 65 66 67 68 69 70 71 72 73 74])
Bicluster(rows=[74, 79], cols=[ 0  5  7  8  9 10 11 15 16 29 33 38 41 42 50 51 52 53 54 55 56 57 58 59
 60 61 62 63 64 65 66 67 68 69 70 71 72 73 74])
Bicluster(rows=[74, 80], cols=[ 6  8 11 12 13 15 16 19 21 22 26 28 29 38 41 45 50 51 52 53 54 55 56 57
 58 59 60 61 62 63 64 65 66 67 68 69 70 71 72 73 74])
Bicluster(rows=[74, 81], cols=[ 1  2  3  4  6  9 14 15 16 19 22 23 24 25 26 28 30 34 36 37 39 40 42 44
 47 50 51 52 53 54 55 56 57 58 59 60 61 62 63 64 65 66 67 68 69 70 71 72
 73 74])
Bicluster(rows=[74, 82], cols=[ 0  1  4  9 12 13 15 16 19 21 22 26 27 28 29 30 34 35 36 37 40 44 47 50
 51 52 53 54 55 56 57 58 59 60 61 62 63 64 65 66 67 68 69 70 71 72 73 74])
Bicluster(rows=[74, 83], cols=[ 0  6  7  8 13 15 16 17 19 21 29 36 40 42 45 50 51 52 53 54 55 56 57 58
 59 60 61 62 63 64 65 66 67 68 69 70 71 72 73 74])
Bicluster(rows=[74, 84], cols=[ 0  3  4 11 17 18 30 31 35 37 39 42 43 45 50 52 53 54 55 56 57 58 59 60
 61 62 63 64 66 67 68 69 70 71 72 73 74])
Bicluster(rows=[74, 85], cols=[ 4  8 13 15 16 17 19 21 22 26 30 35 37 41 50 51 52 53 54 55 56 57 58 59
 60 61 62 63 64 65 66 67 68 69 70 71 72 73 74])
Bicluster(rows=[74, 86], cols=[ 6  8  9 13 15 16 19 21 26 28 29 41 50 51 52 53 54 55 56 57 58 59 60 61
 62 63 64 65 66 67 68 69 70 71 72 73 74])
Bicluster(rows=[74, 87], cols=[ 3  6  9 10 15 16 19 24 25 26 33 34 36 41 44 45 46 50 54 56 57 58 61 62
 63 64 66 67 68 69 70 72])
Bicluster(rows=[74, 88], cols=[ 1  2  3  4  5  7 12 13 15 16 19 21 22 24 25 27 29 34 36 41 50 51 52 53
 54 55 56 57 58 59 60 61 62 63 64 65 66 67 68 69 70 71 72 73 74])
Bicluster(rows=[74, 89], cols=[ 3  6  8 12 16 19 21 24 29 30 32 33 37 39 40 41 42 48 50 54 56 57 58 61
 62 63 64 66 67 68 69 70])
Bicluster(rows=[74, 90], cols=[ 2  3  4 14 19 20 22 24 25 27 28 29 30 31 34 35 36 37 40 43 44 46 47 50
 56 57 58 61 62 63 66 67 69 70])
Bicluster(rows=[74, 91], cols=[ 1  2  3  4 12 13 14 17 19 24 30 31 34 36 39 41 43 44 46 50 52 53 54 55
 56 57 58 59 60 61 62 63 64 65 66 67 68 69 70 71 72 73 74])
Bicluster(rows=[74, 92], cols=[ 1  2  6  7 12 16 20 21 23 25 27 29 30 35 36 39 40 45 46 47 49 50 51 52
 53 54 55 56 57 58 59 60 61 62 63 64 65 66 67 68 69 70 71 72 73 74])
Bicluster(rows=[74, 93], cols=[ 3  4  8 13 14 15 16 17 22 28 29 30 35 36 37 40 41 44 45 46 50 51 52 53
 54 55 56 57 58 59 60 61 62 63 64 65 66 67 68 69 70 71 72 73 74])
Bicluster(rows=[74, 94], cols=[ 2  3 12 14 17 18 22 23 31 33 34 44 49 50 52 53 54 56 57 58 60 61 62 63
 64 66 67 68 69 70 72 73 74])
Bicluster(rows=[74, 95], cols=[ 0  5  6  7  8  9 10 11 13 15 16 19 21 33 38 41 45 50 51 52 53 54 55 56
 57 58 59 60 61 62 63 64 65 66 67 68 69 70 71 72 73 74])
Bicluster(rows=[74, 96], cols=[ 1  2  6  8  9 10 17 21 25 28 30 32 35 36 38 40 41 43 44 45 50 51 52 53
 54 55 56 57 58 59 60 61 62 63 64 65 66 67 68 69 70 71 72 73 74])
Bicluster(rows=[74, 97], cols=[ 5  7 10 11 12 15 16 19 21 28 32 33 34 42 45 50 52 54 56 57 58 59 61 62
 63 64 66 67 68 69 70 71 72])
Bicluster(rows=[74, 98], cols=[ 0  4  6  8 15 16 19 21 26 29 33 41 45 50 51 52 53 54 55 56 57 58 59 60
 61 62 63 64 65 66 67 68 69 70 71 72 73 74])
Bicluster(rows=[74, 99], cols=[ 7 10 11 14 15 16 18 21 22 30 34 36 39 41 43 45 50 52 58 59 60 62 63 65
 66 67 70 71 73 74])
Bicluster(rows=[75, 76], cols=[ 3  7  8  9 12 13 16 17 19 21 22 24 27 28 29 32 41 43 44 47 50 51 52 53
 54 55 56 57 58 59 60 61 62 63 64 65 66 67 68 69 70 71 72 73 74])
Bicluster(rows=[75, 77], cols=[ 0  1  2  5  7  8  9 10 13 16 19 21 23 28 30 32 33 35 38 39 41 43 44 45
 46 47 50 51 52 53 54 55 56 57 58 59 60 61 62 63 64 65 66 67 68 69 70 71
 72 73 74])
Bicluster(rows=[75, 78], cols=[ 1  3  4 12 13 15 17 18 21 22 26 31 34 36 38 39 41 42 44 45 48 50 51 52
 53 54 55 56 57 58 59 60 61 62 63 64 65 66 67 68 69 70 71 72 73 74])
Bicluster(rows=[75, 79], cols=[ 2  3  4  9 15 28 29 31 34 36 38 40 41 44 48 50 51 52 53 54 55 56 57 58
 59 60 61 62 63 64 65 66 67 68 69 70 71 72 73 74])
Bicluster(rows=[75, 80], cols=[ 3  4  9 13 15 18 19 26 29 31 32 34 36 38 39 42 43 44 45 48 50 51 52 53
 54 55 56 57 58 59 60 61 62 63 64 65 66 67 68 69 70 71 72 73 74])
Bicluster(rows=[75, 81], cols=[ 0  2  5  6  7  9 10 12 16 19 23 25 27 30 37 43 46 47 50 51 52 53 54 55
 56 57 58 59 60 61 62 63 64 65 66 67 68 69 70 71 72 73 74])
Bicluster(rows=[75, 82], cols=[ 2  3  5  6  8 10 13 21 24 29 30 31 35 39 42 43 47 49 50 51 52 53 54 55
 56 57 58 59 60 61 62 63 64 65 66 67 68 69 70 71 72 73 74])
Bicluster(rows=[75, 83], cols=[ 2  3  9 12 16 19 21 22 24 26 28 29 33 34 35 39 44 45 50 51 52 53 54 55
 56 57 58 59 60 61 62 63 64 65 66 67 68 69 70 71 72 73 74])
Bicluster(rows=[75, 84], cols=[ 0  1  2  3  7  8  9 10 12 13 15 17 20 22 26 27 31 32 36 38 50 52 54 56
 57 59 62 63 66 67 68 69 70 72])
Bicluster(rows=[75, 85], cols=[ 1  2  3  5  6  7  8  9 10 12 16 19 21 24 28 29 30 31 35 37 39 41 43 44
 49 50 51 52 53 54 55 56 57 58 59 60 61 62 63 64 65 66 67 68 69 70 71 72
 73 74])
Bicluster(rows=[75, 86], cols=[ 3  5  8  9 12 13 16 17 19 21 22 24 26 29 30 39 41 47 48 50 51 52 53 54
 55 56 57 58 59 60 61 62 63 64 65 66 67 68 69 70 71 72 73 74])
Bicluster(rows=[75, 87], cols=[ 3  5  6  7  8  9 14 16 17 19 26 30 32 33 34 35 36 39 40 41 44 49 50 51
 52 53 54 55 56 57 58 59 60 61 62 63 64 65 66 67 68 69 70 71 72 73 74])
Bicluster(rows=[75, 88], cols=[ 0  2  6  8  9 13 15 19 25 26 27 28 29 31 32 33 39 42 44 48 50 51 52 53
 54 55 56 57 58 59 60 61 62 63 64 65 66 67 68 69 70 71 72 73 74])
Bicluster(rows=[75, 89], cols=[ 2  3  4  6  8  9 10 12 14 15 20 21 23 41 42 43 44 45 48 49 50 52 54 56
 57 58 59 61 62 63 64 65 66 67 68 69 70 71 72])
Bicluster(rows=[75, 90], cols=[ 1  3  4  7 13 15 17 22 26 28 29 31 32 34 36 38 39 41 44 45 47 48 50 51
 52 53 54 55 56 57 58 59 60 61 62 63 64 65 66 67 68 69 70 71 72 73 74])
Bicluster(rows=[75, 91], cols=[ 7 10 14 19 27 29 30 33 41 46 47 50 53 54 56 57 58 60 61 62 63 64 66 67
 68 69 70 72 73 74])
Bicluster(rows=[75, 92], cols=[ 0  3  6 10 11 16 17 20 21 24 25 29 30 33 35 39 45 46 47 50 52 53 54 55
 56 57 58 59 60 61 62 63 64 66 67 68 69 70 72 73 74])
Bicluster(rows=[75, 93], cols=[ 0  2  6  7  8  9 10 12 13 21 22 24 27 29 30 35 37 39 41 42 43 46 47 48
 49 50 51 52 53 54 55 56 57 58 59 60 61 62 63 64 65 66 67 68 69 70 71 72
 73 74])
Bicluster(rows=[75, 94], cols=[ 4  5  6  7  8  9 10 15 21 22 25 27 29 36 38 39 43 44 48 49 53 55 60 64
 73 74])
Bicluster(rows=[75, 95], cols=[ 3 13 15 16 17 18 19 22 26 28 31 38 39 42 43 44 45 48 50 51 52 53 54 55
 56 57 58 59 60 61 62 63 64 65 66 67 68 69 70 71 72 73 74])
Bicluster(rows=[75, 96], cols=[ 0  3  4  5  6  7 12 13 21 23 25 27 30 31 32 34 35 38 45 46 47 50 51 52
 53 54 55 56 57 58 59 60 61 62 63 64 65 66 67 68 69 70 71 72 73 74])
Bicluster(rows=[75, 97], cols=[ 5  9 12 14 15 16 23 24 25 27 28 29 30 33 34 35 37 42 43 44 47 49 50 53
 54 56 57 58 61 62 63 64 66 67 68 69 70 72 73])
Bicluster(rows=[75, 98], cols=[ 2  3  6  7  8  9 12 13 16 17 19 22 24 28 29 30 31 39 41 43 44 47 48 50
 51 52 53 54 55 56 57 58 59 60 61 62 63 64 65 66 67 68 69 70 71 72 73 74])
Bicluster(rows=[75, 99], cols=[ 3  6  7 10 12 17 18 22 24 31 35 36 37 47 48 49 50 53 54 55 62 63 64 66
 67 68 72])
Bicluster(rows=[76, 77], cols=[ 1  4  7  8 10 11 13 14 15 18 20 21 25 27 28 31 32 35 36 38 41 47 48 49
 50 51 52 53 54 55 56 57 58 59 60 61 62 63 64 65 66 67 68 69 70 71 72 73
 74])
Bicluster(rows=[76, 78], cols=[ 0  1  2  3  4  5  6 11 12 13 16 17 18 19 20 21 22 24 25 26 30 31 35 36
 37 38 40 41 42 43 45 46 47 48 49 50 51 52 53 54 55 56 57 58 59 60 61 62
 63 64 65 66 67 68 69 70 71 72 73 74])
Bicluster(rows=[76, 79], cols=[ 0  3  4  5  6  8  9 10 13 14 15 16 19 20 21 22 23 24 25 31 32 35 38 39
 41 43 44 46 48 49 52 54 56 57 59 62 67 68 69 70 72])
Bicluster(rows=[76, 80], cols=[ 0  1  2  4  5  6  7  9 10 11 13 14 16 18 20 21 23 24 25 26 29 33 35 36
 37 38 40 41 42 43 44 45 46 48 49 50 51 52 53 54 55 56 57 58 59 60 61 62
 63 64 65 66 67 68 69 70 71 72 73 74])
Bicluster(rows=[76, 81], cols=[ 5  6  9 10 12 15 18 20 22 27 31 43 47 49 50 51 52 53 54 55 56 57 58 59
 60 61 62 63 64 65 66 67 68 69 70 71 72 73 74])
Bicluster(rows=[76, 82], cols=[ 3  8 11 14 15 16 20 29 33 40 42 43 45 46 49 50 51 52 53 54 55 56 57 58
 59 60 61 62 63 64 65 66 67 68 69 70 71 72 73 74])
Bicluster(rows=[76, 83], cols=[ 0  1  2  3  4  5  6  8 10 11 12 14 15 16 18 19 20 21 22 23 24 25 28 29
 30 31 35 37 39 44 45 46 47 49 50 51 52 53 54 55 56 57 58 59 60 61 62 63
 64 65 66 67 68 69 70 71 72 73 74])
Bicluster(rows=[76, 84], cols=[ 3  4  7  8  9 12 13 17 18 22 30 32 34 38 39 48 50 56 57 62 63 66 67 68
 69 70])
Bicluster(rows=[76, 85], cols=[ 1  2  7  8  9 12 15 16 20 22 24 25 26 27 28 29 31 33 34 36 38 40 41 43
 44 46 47 48 49 50 51 52 53 54 55 56 57 58 59 60 61 62 63 64 65 66 67 68
 69 70 71 72 73 74])
Bicluster(rows=[76, 86], cols=[ 0  1  2  3  4  5  6  8  9 10 11 12 14 15 16 17 19 20 21 22 23 24 25 26
 27 28 31 33 34 35 36 37 38 39 40 41 42 43 44 45 46 47 49 50 51 52 53 54
 55 56 57 58 59 60 61 62 63 64 65 66 67 68 69 70 71 72 73 74])
Bicluster(rows=[76, 87], cols=[ 0  2  7  8 17 18 19 37 41 50 51 52 53 54 55 56 57 58 59 60 61 62 63 64
 65 66 67 68 69 70 71 72 73 74])
Bicluster(rows=[76, 88], cols=[ 9 10 11 13 14 18 21 29 37 40 41 44 46 48 49 50 51 52 53 54 55 56 57 58
 59 60 61 62 63 64 65 66 67 68 69 70 71 72 73 74])
Bicluster(rows=[76, 89], cols=[ 0  3  4  5  8  9 12 16 19 24 39 42 44 50 54 56 57 62 63 66 67 68 69 70
 72])
Bicluster(rows=[76, 90], cols=[ 0  1  3  4  5  6  7  9 11 13 14 16 17 18 19 22 23 24 25 26 28 29 30 32
 33 34 35 37 38 39 40 41 42 44 45 46 47 48 50 51 52 53 54 55 56 57 58 59
 60 61 62 63 64 65 66 67 68 69 70 71 72 73 74])
Bicluster(rows=[76, 91], cols=[ 3  4  6  9 10 12 15 17 19 22 27 29 31 34 35 36 38 39 40 44 45 46 48 54
 56 57 62 67 68 69 70 72])
Bicluster(rows=[76, 92], cols=[ 1  4  9 10 13 14 20 21 22 23 25 29 31 33 36 41 42 46 47 54 56 57 62 67
 68 69 70 72])
Bicluster(rows=[76, 93], cols=[ 1  2  5  7  8  9 10 12 13 15 16 22 24 25 27 28 29 31 33 34 38 41 42 43
 45 47 48 50 51 52 53 54 55 56 57 58 59 60 61 62 63 64 65 66 67 68 69 70
 71 72 73 74])
Bicluster(rows=[76, 94], cols=[ 2  3  5  6  9 11 13 16 17 18 23 26 32 39 40 44 45 50 54 56 57 62 67 68
 69 70 72])
Bicluster(rows=[76, 95], cols=[ 0  1  3  4  9 15 16 17 18 19 22 23 24 25 28 30 31 34 35 36 39 40 42 43
 44 46 47 48 49 50 51 52 53 54 55 56 57 58 59 60 61 62 63 64 65 66 67 68
 69 70 71 72 73 74])
Bicluster(rows=[76, 96], cols=[ 3  4  5  6  7 11 12 13 20 27 31 32 33 35 37 40 44 47 48 50 51 52 53 54
 55 56 57 58 59 60 61 62 63 64 65 66 67 68 69 70 71 72 73 74])
Bicluster(rows=[76, 97], cols=[ 3  4  5  6 11 17 22 23 26 27 29 31 33 36 37 40 43 45 48 49 50 54 56 57
 62 67 68 69 70 72])
Bicluster(rows=[76, 98], cols=[ 0  1  5  7  8  9 10 11 12 13 14 15 16 17 18 19 20 21 22 23 24 25 26 27
 28 29 31 33 34 36 41 42 43 44 45 46 47 48 49 50 51 52 53 54 55 56 57 58
 59 60 61 62 63 64 65 66 67 68 69 70 71 72 73 74])
Bicluster(rows=[76, 99], cols=[ 5  8 12 13 15 16 24 29 33 35 40 45 46 50 52 58 59 60 63 65 66 67 70 71
 73 74])
Bicluster(rows=[77, 78], cols=[ 1  4  8 18 20 21 24 25 27 28 31 36 38 39 41 44 45 47 48 49 50 51 52 53
 54 55 56 57 58 59 60 61 62 63 64 65 66 67 68 69 70 71 72 73 74])
Bicluster(rows=[77, 79], cols=[ 2  6  8 14 18 20 24 25 28 42 44 49 50 51 52 53 54 55 56 57 58 59 60 61
 62 63 64 65 66 67 68 69 70 71 72 73 74])
Bicluster(rows=[77, 80], cols=[ 1  7  8  9 12 14 18 19 20 21 22 24 25 27 32 36 38 39 43 45 48 49 50 51
 52 53 54 55 56 57 58 59 60 61 62 63 64 65 66 67 68 69 70 71 72 73 74])
Bicluster(rows=[77, 81], cols=[ 0  2  3  5 10 11 12 15 16 17 18 19 20 22 26 31 33 34 37 40 43 46 47 49
 50 51 52 53 54 55 56 57 58 59 60 61 62 63 64 65 66 67 68 69 70 71 72 73
 74])
Bicluster(rows=[77, 82], cols=[ 2  4  5  8 10 12 14 15 17 18 19 20 21 22 25 26 29 30 33 34 37 39 43 48
 50 51 52 53 54 55 56 57 58 59 60 61 62 63 64 65 66 67 68 69 70 71 72 73
 74])
Bicluster(rows=[77, 83], cols=[ 1  2  4  8  9 10 11 12 14 15 16 17 18 19 20 21 25 27 28 31 33 35 36 39
 40 42 45 47 48 49 50 51 52 53 54 55 56 57 58 59 60 61 62 63 64 65 66 67
 68 69 70 71 72 73 74])
Bicluster(rows=[77, 84], cols=[ 3  7  8  9 10 12 17 24 33 37 42 45 48 50 51 52 53 54 55 56 57 58 59 60
 61 62 63 64 65 66 67 68 69 70 71 72 73 74])
Bicluster(rows=[77, 85], cols=[ 1  5  7  8  9 10 11 14 15 17 18 19 20 21 22 23 25 26 27 29 30 31 35 36
 39 41 43 48 49 50 51 52 53 54 55 56 57 58 59 60 61 62 63 64 65 66 67 68
 69 70 71 72 73 74])
Bicluster(rows=[77, 86], cols=[ 4  5  7  8 10 14 15 18 20 21 24 25 27 31 32 35 36 38 39 41 47 49 50 51
 52 53 54 55 56 57 58 59 60 61 62 63 64 65 66 67 68 69 70 71 72 73 74])
Bicluster(rows=[77, 87], cols=[ 2  3  6  7  8 13 15 17 18 20 23 26 34 41 45 49 50 54 56 57 62 63 66 67
 68 69 70 72])
Bicluster(rows=[77, 88], cols=[ 0  2  3  9 10 11 12 13 14 15 18 19 20 21 22 23 28 32 34 39 48 49 50 51
 52 53 54 55 56 57 58 59 60 61 62 63 64 65 66 67 68 69 70 71 72 73 74])
Bicluster(rows=[77, 89], cols=[ 0  5  8  9 10 12 16 18 19 20 21 28 30 31 34 35 38 40 41 42 49 50 54 56
 57 58 61 62 63 66 67 68 69 70 72])
Bicluster(rows=[77, 90], cols=[ 1  5  7 13 14 18 20 24 25 27 28 32 35 38 39 41 44 45 47 49 50 51 52 53
 54 55 56 57 58 59 60 61 62 63 64 65 66 67 68 69 70 71 72 73 74])
Bicluster(rows=[77, 91], cols=[ 3  9 10 11 12 19 25 29 30 36 41 46 47 49 50 52 53 54 55 56 57 58 60 61
 62 63 64 66 67 68 69 70 72 73 74])
Bicluster(rows=[77, 92], cols=[ 2  5  8  9 10 12 14 15 18 19 21 22 23 26 30 31 33 35 36 39 40 41 42 45
 47 48 50 53 56 58 60 61 63 64 66 69 70 73 74])
Bicluster(rows=[77, 93], cols=[ 0  1  7  8 10 11 12 15 17 19 22 23 24 25 26 30 31 33 36 39 40 43 46 47
 50 51 52 53 54 55 56 57 58 59 60 61 62 63 64 65 66 67 68 69 70 71 72 73
 74])
Bicluster(rows=[77, 94], cols=[ 6 13 18 28 30 33 36 45 48 50 52 54 56 57 59 62 63 66 67 68 69 70 72])
Bicluster(rows=[77, 95], cols=[ 4  6 15 20 24 25 27 28 31 35 36 39 44 45 47 48 49 50 51 52 53 54 55 56
 57 58 59 60 61 62 63 64 65 66 67 68 69 70 71 72 73 74])
Bicluster(rows=[77, 96], cols=[ 0  5  7  8 13 17 18 20 23 29 30 31 32 35 38 45 47 48 49 50 51 52 53 54
 55 56 57 58 59 60 61 62 63 64 65 66 67 68 69 70 71 72 73 74])
Bicluster(rows=[77, 97], cols=[ 0  6 12 13 15 18 19 20 25 27 29 32 39 42 45 47 49 50 52 54 56 57 58 61
 62 63 66 67 68 69 70 72])
Bicluster(rows=[77, 98], cols=[ 2  4  7  8  9 10 11 13 14 15 16 18 20 21 25 27 28 31 35 36 39 43 44 45
 47 49 50 51 52 53 54 55 56 57 58 59 60 61 62 63 64 65 66 67 68 69 70 71
 72 73 74])
Bicluster(rows=[77, 99], cols=[ 0  2  6  7 10 16 17 20 22 23 28 29 30 35 41 43 48 49 54 56 58 59 60 61
 62 65 67 71 72])
Bicluster(rows=[78, 79], cols=[ 0  3  4  5  7  8 15 16 19 20 24 25 27 29 30 31 33 34 35 38 41 44 46 48
 49 50 51 52 53 54 56 57 58 59 61 62 63 64 65 66 67 68 69 70 71 72 73 74])
Bicluster(rows=[78, 80], cols=[ 0  1  2  4  5  6  7  8 11 13 14 15 16 18 20 21 24 25 26 27 29 31 32 33
 34 35 36 37 38 39 40 41 42 45 46 48 49 50 51 52 53 54 55 56 57 58 59 60
 61 62 63 64 65 66 67 68 69 70 71 72 73 74])
Bicluster(rows=[78, 81], cols=[ 5  6 12 22 43 49 50 51 52 53 54 55 56 57 58 59 60 61 62 63 64 65 66 67
 68 69 70 71 72 73 74])
Bicluster(rows=[78, 82], cols=[ 0  3  9 11 16 20 21 25 31 32 39 40 42 46 50 51 52 53 54 55 56 57 58 59
 60 61 62 63 64 65 66 67 68 69 70 71 72 73 74])
Bicluster(rows=[78, 83], cols=[ 0  1  3  4  5  6  7  8 18 20 21 22 23 24 25 26 27 28 29 30 32 34 37 39
 45 46 47 49 50 51 52 53 54 55 56 57 58 59 60 61 62 63 64 65 66 67 68 69
 70 71 72 73 74])
Bicluster(rows=[78, 84], cols=[ 1  5  6 13 14 15 16 19 22 23 26 29 31 37 38 43 44 47 49 50 54 56 57 58
 61 62 63 66 67 68 69 70 72])
Bicluster(rows=[78, 85], cols=[ 1  2  6  8 12 14 20 21 22 23 25 27 31 32 33 34 36 39 40 41 47 49 50 51
 52 53 54 55 56 57 58 59 60 61 62 63 64 65 66 67 68 69 70 71 72 73 74])
Bicluster(rows=[78, 86], cols=[ 0  2  3  6  7  8 11 12 13 14 17 20 21 23 24 25 26 29 31 32 33 34 37 38
 40 41 42 43 46 47 49 50 51 52 53 54 55 56 57 58 59 60 61 62 63 64 65 66
 67 68 69 70 71 72 73 74])
Bicluster(rows=[78, 87], cols=[ 1  2  4  5 10 11 14 15 16 19 20 21 23 27 28 30 32 33 35 36 37 41 45 49
 58 64 73])
Bicluster(rows=[78, 88], cols=[ 7 13 15 16 17 18 20 21 26 28 29 31 32 37 39 40 41 42 43 47 48 49 50 51
 52 53 54 55 56 57 58 59 60 61 62 63 64 65 66 67 68 69 70 71 72 73 74])
Bicluster(rows=[78, 89], cols=[ 0  3  4  5  7 12 19 21 24 30 40 42 45 50 52 54 56 57 58 59 61 62 63 66
 67 68 69 70 71 72])
Bicluster(rows=[78, 90], cols=[ 0  1  2  3  4  5  6  9 10 11 13 14 15 16 17 18 19 20 22 23 24 25 26 27
 30 31 34 35 36 37 38 39 40 41 42 43 44 45 46 47 48 49 50 51 52 53 54 55
 56 57 58 59 60 61 62 63 64 65 66 67 68 69 70 71 72 73 74])
Bicluster(rows=[78, 91], cols=[ 1  2  3  4  8 12 14 15 17 19 23 24 28 31 33 35 36 38 40 41 43 45 46 48
 50 54 56 57 58 61 62 63 66 67 68 69 70 72])
Bicluster(rows=[78, 92], cols=[ 1  4  5  6  8 13 15 20 21 25 26 27 28 30 33 40 41 44 46 47 50 54 56 57
 58 61 62 63 66 67 68 69 70 72])
Bicluster(rows=[78, 93], cols=[ 1  2  5  8 13 16 22 23 24 25 29 31 32 39 41 45 47 48 50 51 52 53 54 55
 56 57 58 59 60 61 62 63 64 65 66 67 68 69 70 71 72 73 74])
Bicluster(rows=[78, 94], cols=[ 0  2  3  5  7  8 10 12 14 16 17 18 22 26 28 29 31 34 40 45 50 52 54 56
 57 58 59 61 62 63 66 67 68 69 70 72])
Bicluster(rows=[78, 95], cols=[ 0  3  4  5  8 10 12 13 14 15 17 18 19 20 24 25 26 27 30 31 32 33 34 35
 36 40 42 43 44 45 46 47 48 49 50 51 52 53 54 55 56 57 58 59 60 61 62 63
 64 65 66 67 68 69 70 71 72 73 74])
Bicluster(rows=[78, 96], cols=[ 3  4  6  8  9 10 11 12 13 14 16 20 23 31 32 34 37 38 40 41 45 47 48 49
 50 51 52 53 54 55 56 57 58 59 60 61 62 63 64 65 66 67 68 69 70 71 72 73
 74])
Bicluster(rows=[78, 97], cols=[ 5  7 10 11 14 16 18 21 25 26 27 30 31 33 35 36 39 43 45 47 48 49 50 54
 56 57 58 61 62 63 66 67 68 69 70 72])
Bicluster(rows=[78, 98], cols=[ 0  1  3  5  6  8 12 13 14 15 17 18 20 21 23 25 27 28 29 31 32 33 36 39
 41 42 44 45 46 47 48 49 50 51 52 53 54 55 56 57 58 59 60 61 62 63 64 65
 66 67 68 69 70 71 72 73 74])
Bicluster(rows=[78, 99], cols=[ 1  2  3  5  7 10 12 21 22 23 24 28 32 33 38 40 42 44 45 46 48 52 57 59
 63 65 66 70 71 73 74])
Bicluster(rows=[79, 80], cols=[ 4  5  9 10 11 14 16 17 21 23 24 25 27 29 33 34 35 36 38 43 46 47 48 49
 50 51 52 54 56 57 59 62 63 65 66 67 68 69 70 71 72])
Bicluster(rows=[79, 81], cols=[ 3  4 13 14 15 16 18 19 21 23 24 25 30 31 32 35 36 37 41 43 44 50 54 56
 57 58 61 62 63 66 67 68 69 70 72])
Bicluster(rows=[79, 82], cols=[ 1  4  6  8 10 12 14 15 18 21 22 24 26 29 30 35 36 42 43 44 45 49 50 54
 56 57 58 61 62 63 64 66 67 68 69 70 72])
Bicluster(rows=[79, 83], cols=[ 0  2  3  4  5  6  7 10 14 16 18 19 21 22 23 24 25 26 27 29 34 37 42 44
 49 51 52 54 56 57 59 62 65 67 68 69 70 71 72])
Bicluster(rows=[79, 84], cols=[ 1  2  3  4  5  8  9 13 18 21 22 26 30 32 37 38 39 45 48 50 52 53 54 56
 57 58 59 61 62 63 64 66 67 68 69 70 71 72 73 74])
Bicluster(rows=[79, 85], cols=[ 0  1  3  7  9 12 15 16 19 21 22 24 27 29 30 33 34 36 38 40 41 43 44 45
 46 47 48 51 52 59 65 71])
Bicluster(rows=[79, 86], cols=[ 0  4  6  7 10 11 15 16 19 21 22 23 25 26 27 28 30 33 34 35 37 38 41 44
 45 46 49 51 52 54 59 65 71 72])
Bicluster(rows=[79, 87], cols=[ 2  3  8 18 19 21 23 25 32 34 36 40 41 42 44 50 51 52 53 54 55 56 57 58
 59 60 61 62 63 64 65 66 67 68 69 70 71 72 73 74])
Bicluster(rows=[79, 88], cols=[ 3  4  8 19 24 25 33 35 36 38 42 48 50 54 56 57 58 61 62 63 64 66 67 68
 69 70 72])
Bicluster(rows=[79, 89], cols=[ 0  2  3  4  5  7  8  9 11 16 18 19 21 24 30 37 39 41 43 44 47 49 50 51
 52 53 54 55 56 57 58 59 60 61 62 63 64 65 66 67 68 69 70 71 72 73 74])
Bicluster(rows=[79, 90], cols=[ 0  3  4  6 10 12 14 15 16 18 19 21 24 25 27 28 29 30 34 35 36 37 41 44
 46 50 51 52 54 56 57 58 59 61 62 63 64 65 66 67 68 69 70 71 72])
Bicluster(rows=[79, 91], cols=[ 3  4  6  9 15 18 19 20 21 22 24 26 29 30 31 32 33 35 38 39 40 42 44 46
 48 50 52 54 56 57 58 59 61 62 63 64 66 67 68 69 70 72])
Bicluster(rows=[79, 92], cols=[ 1 10 12 13 14 16 18 21 22 24 25 26 27 29 30 31 32 33 35 36 38 41 45 46
 50 52 54 56 57 58 59 61 62 63 64 66 67 68 69 70 72 73])
Bicluster(rows=[79, 93], cols=[ 2  3  4  6 11 15 18 20 21 26 28 30 31 35 36 37 43 44 45 46 50 56 57 58
 61 62 63 66 67 69 70])
Bicluster(rows=[79, 94], cols=[ 0  3  5  6  7  9 10 13 16 21 23 27 29 31 32 34 39 42 44 50 52 53 54 56
 57 58 59 61 62 63 64 65 66 67 68 69 70 71 72 73 74])
Bicluster(rows=[79, 95], cols=[ 0  3  5  6  7  8  9 10 11 14 15 16 21 22 23 24 25 27 28 30 31 33 35 37
 38 43 48 49 50 51 52 53 54 56 57 58 59 60 61 62 63 64 65 66 67 68 69 70
 71 72 73 74])
Bicluster(rows=[79, 96], cols=[ 4  8  9 10 14 16 18 19 20 31 34 38 41 42 49 50 51 52 53 54 55 56 57 58
 59 60 61 62 63 64 65 66 67 68 69 70 71 72 73 74])
Bicluster(rows=[79, 97], cols=[ 2  3  5  6  7  9 13 16 17 18 20 22 23 25 27 30 31 33 35 37 40 43 48 49
 50 51 52 53 54 56 57 58 59 60 61 62 63 64 65 66 67 68 69 70 71 72 73 74])
Bicluster(rows=[79, 98], cols=[ 0  2  3  8  9 10 13 15 19 20 21 22 23 25 29 30 31 33 37 40 41 43 44 46
 49 50 51 52 54 56 57 59 62 63 65 66 67 68 69 70 71 72])
Bicluster(rows=[79, 99], cols=[ 3  5  7  8 10 11 13 15 16 24 26 35 37 42 44 46 47 48 52 57 59 63 64 65
 66 70 71])
Bicluster(rows=[80, 81], cols=[ 5  6  9 10 18 19 22 28 43 49 50 51 52 53 54 55 56 57 58 59 60 61 62 63
 64 65 66 67 68 69 70 71 72 73 74])
Bicluster(rows=[80, 82], cols=[ 3 11 12 14 16 19 20 21 22 23 31 39 40 42 43 46 49 50 51 52 53 54 55 56
 57 58 59 60 61 62 63 64 65 66 67 68 69 70 71 72 73 74])
Bicluster(rows=[80, 83], cols=[ 0  1  3  4  5  6  7  8  9 10 12 16 18 19 20 21 23 24 25 27 29 32 34 37
 39 44 45 46 47 49 50 51 52 53 54 55 56 57 58 59 60 61 62 63 64 65 66 67
 68 69 70 71 72 73 74])
Bicluster(rows=[80, 84], cols=[ 1  2  5  8 10 11 13 14 16 18 20 23 25 26 27 29 32 33 36 38 41 42 45 53
 73 74])
Bicluster(rows=[80, 85], cols=[ 0  3  6  7  8  9 14 16 19 21 24 25 27 31 32 33 34 36 39 40 43 44 46 47
 48 49 50 51 52 53 54 55 56 57 58 59 60 61 62 63 64 65 66 67 68 69 70 71
 72 73 74])
Bicluster(rows=[80, 86], cols=[ 0  1  2  5  6  7  8  9 10 11 13 14 16 18 20 21 24 25 26 27 28 29 31 32
 33 37 38 39 40 42 44 46 49 50 51 52 53 54 55 56 57 58 59 60 61 62 63 64
 65 66 67 68 69 70 71 72 73 74])
Bicluster(rows=[80, 87], cols=[ 0  2  8 18 26 34 37 41 50 51 52 53 54 55 56 57 58 59 60 61 62 63 64 65
 66 67 68 69 70 71 72 73 74])
Bicluster(rows=[80, 88], cols=[ 9 10 11 12 13 14 15 16 17 18 19 20 21 22 26 29 30 31 32 37 39 40 41 42
 44 46 47 48 49 50 51 52 53 54 55 56 57 58 59 60 61 62 63 64 65 66 67 68
 69 70 71 72 73 74])
Bicluster(rows=[80, 89], cols=[ 0  4  5  6  7  9 11 15 16 21 24 28 34 40 42 43 44 47 49 50 54 56 57 58
 61 62 63 66 67 68 69 70 72])
Bicluster(rows=[80, 90], cols=[ 2  4  5  6  7 10 11 13 14 15 16 18 20 23 24 25 26 27 29 31 32 33 34 35
 36 37 38 39 40 42 44 45 46 48 50 51 52 53 54 55 56 57 58 59 60 61 62 63
 64 65 66 67 68 69 70 71 72 73 74])
Bicluster(rows=[80, 91], cols=[ 0  4 10 13 15 17 18 20 25 29 31 36 42 50 54 56 57 58 61 62 63 66 67 68
 69 70 72])
Bicluster(rows=[80, 92], cols=[ 1  8  9 10 12 13 15 17 19 25 26 28 31 32 34 35 36 38 40 41 44 46 47 48
 55])
Bicluster(rows=[80, 93], cols=[ 0  1  2  3  5  7  8  9 10 12 13 16 19 24 25 28 29 39 41 42 43 44 45 48
 50 51 52 53 54 55 56 57 58 59 60 61 62 63 64 65 66 67 68 69 70 71 72 73
 74])
Bicluster(rows=[80, 94], cols=[ 0  5  6  7  8 11 13 16 18 19 20 21 24 26 29 35 38 39 40 41 42 43 47 49
 53 60 73 74])
Bicluster(rows=[80, 95], cols=[ 1  2  3  8 10 11 13 14 15 16 18 19 20 23 24 25 26 27 33 35 36 39 40 41
 42 43 44 45 46 48 50 51 52 53 54 55 56 57 58 59 60 61 62 63 64 65 66 67
 68 69 70 71 72 73 74])
Bicluster(rows=[80, 96], cols=[ 4  5  6  7  8 11 13 20 25 31 32 33 34 37 40 41 44 45 48 50 51 52 53 54
 55 56 57 58 59 60 61 62 63 64 65 66 67 68 69 70 71 72 73 74])
Bicluster(rows=[80, 97], cols=[ 4  5  7  9 10 12 13 16 19 23 25 26 28 32 33 36 39 40 41 43 44 48 49 50
 54 56 57 62 63 66 67 68 69 70 72])
Bicluster(rows=[80, 98], cols=[ 1  3  5  6  7  8  9 10 13 14 15 16 18 19 20 21 23 24 26 27 29 31 32 33
 36 38 39 41 42 43 45 46 48 50 51 52 53 54 55 56 57 58 59 60 61 62 63 64
 65 66 67 68 69 70 71 72 73 74])
Bicluster(rows=[80, 99], cols=[ 1  3  4  5  7 10 11 13 20 21 22 24 26 33 35 40 41 46 47 50 52 58 59 60
 63 65 66 67 70 71 73 74])
Bicluster(rows=[81, 82], cols=[ 1  2  4  5  9 10 15 17 18 19 20 24 26 28 33 36 37 38 39 41 43 44 47 48
 49 50 51 52 53 54 55 56 57 58 59 60 61 62 63 64 65 66 67 68 69 70 71 72
 73 74])
Bicluster(rows=[81, 83], cols=[ 2  5  6 10 11 12 15 16 17 18 19 31 33 38 40 41 48 49 50 51 52 53 54 55
 56 57 58 59 60 61 62 63 64 65 66 67 68 69 70 71 72 73 74])
Bicluster(rows=[81, 84], cols=[ 1  6  9 10 12 14 17 18 19 21 22 26 29 32 36 37 38 39 44 47 50 53 54 56
 57 58 60 61 62 63 64 66 67 68 69 70 72 73 74])
Bicluster(rows=[81, 85], cols=[ 2  4  6  9 10 11 12 15 16 17 18 19 20 22 27 37 43 46 48 49 50 51 52 53
 54 55 56 57 58 59 60 61 62 63 64 65 66 67 68 69 70 71 72 73 74])
Bicluster(rows=[81, 86], cols=[ 5  6  9 10 12 15 16 18 20 22 27 43 44 47 49 50 51 52 53 54 55 56 57 58
 59 60 61 62 63 64 65 66 67 68 69 70 71 72 73 74])
Bicluster(rows=[81, 87], cols=[ 4  7  9 11 13 15 16 18 20 30 35 39 42 45 49 50 51 52 53 54 55 56 57 58
 59 60 61 62 63 64 65 66 67 68 69 70 71 72 73 74])
Bicluster(rows=[81, 88], cols=[ 0  1  2  3  4  8  9 10 18 19 22 24 25 34 35 44 45 46 48 49 50 51 52 53
 54 55 56 57 58 59 60 61 62 63 64 65 66 67 68 69 70 71 72 73 74])
Bicluster(rows=[81, 89], cols=[ 1  2  6 10 13 18 23 29 31 32 33 36 46 49 50 51 52 53 54 55 56 57 58 59
 60 61 62 63 64 65 66 67 68 69 70 71 72 73 74])
Bicluster(rows=[81, 90], cols=[ 0  1  4  5  8 11 14 17 18 19 21 22 24 25 26 28 30 33 34 36 37 38 40 44
 45 47 48 50 54 56 57 62 63 66 67 68 69 70])
Bicluster(rows=[81, 91], cols=[ 0  1  3  4  7  8 10 15 18 19 21 24 27 31 32 34 35 39 44 45 47 48 49 50
 52 53 54 55 56 57 58 59 60 61 62 63 64 65 66 67 68 69 70 71 72 73 74])
Bicluster(rows=[81, 92], cols=[ 0  1  6  8 13 14 16 18 21 23 24 25 30 31 32 36 38 39 41 42 43 47 48 50
 51 52 53 54 55 56 57 58 59 60 61 62 63 64 65 66 67 68 69 70 71 72 73 74])
Bicluster(rows=[81, 93], cols=[ 0  4  5  9 10 11 12 14 15 17 18 19 20 21 22 26 27 30 31 33 36 37 38 40
 43 44 46 50 51 52 53 54 55 56 57 58 59 60 61 62 63 64 65 66 67 68 69 70
 71 72 73 74])
Bicluster(rows=[81, 94], cols=[ 0  2  3  7  8 14 16 20 21 22 26 28 29 31 32 34 39 40 44 45 50 53 54 56
 57 58 61 62 63 64 66 67 68 69 70 72 73 74])
Bicluster(rows=[81, 95], cols=[ 0  2 11 14 15 16 17 24 26 29 31 37 40 41 43 45 46 47 50 54 56 57 62 63
 66 67 68 69 70 72])
Bicluster(rows=[81, 96], cols=[ 0  5  6  7 12 18 20 21 25 26 27 28 29 30 36 44 46 47 48 49 50 51 52 53
 54 55 56 57 58 59 60 61 62 63 64 65 66 67 68 69 70 71 72 73 74])
Bicluster(rows=[81, 97], cols=[ 3  7  8  9 11 16 18 20 23 25 26 30 31 37 41 43 45 47 50 54 56 57 58 61
 62 63 64 66 67 68 69 70 72 73])
Bicluster(rows=[81, 98], cols=[ 2  5  6  9 10 12 16 18 20 43 47 49 50 51 52 53 54 55 56 57 58 59 60 61
 62 63 64 65 66 67 68 69 70 71 72 73 74])
Bicluster(rows=[81, 99], cols=[ 0  2  5 10 12 14 15 16 17 20 22 30 31 34 36 38 39 48 49 54 56 58 59 60
 61 62 65 67 71 72])
Bicluster(rows=[82, 83], cols=[ 2  3 13 14 15 16 17 18 20 21 25 29 32 36 38 41 46 48 50 51 52 53 54 55
 56 57 58 59 60 61 62 63 64 65 66 67 68 69 70 71 72 73 74])
Bicluster(rows=[82, 84], cols=[ 1  3  4  5 11 13 17 19 20 21 26 30 33 36 38 39 40 44 45 47 50 54 56 57
 58 61 62 63 64 66 67 68 69 70 72 73])
Bicluster(rows=[82, 85], cols=[ 2  3  4  5 10 13 15 17 18 19 20 21 24 25 29 30 31 32 35 38 39 40 43 45
 48 49 50 51 52 53 54 55 56 57 58 59 60 61 62 63 64 65 66 67 68 69 70 71
 72 73 74])
Bicluster(rows=[82, 86], cols=[ 3  5 11 13 15 16 18 20 30 31 40 42 43 45 46 50 51 52 53 54 55 56 57 58
 59 60 61 62 63 64 65 66 67 68 69 70 71 72 73 74])
Bicluster(rows=[82, 87], cols=[ 4  5  6 12 15 18 22 23 25 28 30 35 39 47 49 50 51 52 53 54 55 56 57 58
 59 60 61 62 63 64 65 66 67 68 69 70 71 72 73 74])
Bicluster(rows=[82, 88], cols=[ 1  6 11 12 14 16 18 19 22 27 29 31 34 39 40 42 44 48 50 51 52 53 54 55
 56 57 58 59 60 61 62 63 64 65 66 67 68 69 70 71 72 73 74])
Bicluster(rows=[82, 89], cols=[ 2  7  8 10 12 18 19 20 21 27 32 33 34 35 37 43 44 49 50 52 54 56 57 59
 62 67 68 69 70 72])
Bicluster(rows=[82, 90], cols=[ 0  3  5  9 11 14 16 18 25 29 31 33 40 42 46 50 51 52 53 54 55 56 57 58
 59 60 61 62 63 64 65 66 67 68 69 70 71 72 73 74])
Bicluster(rows=[82, 91], cols=[ 4  6  8 10 13 15 17 18 22 26 28 29 30 35 38 39 44 50 53 54 56 57 58 61
 62 63 64 66 67 68 69 70 72 73 74])
Bicluster(rows=[82, 92], cols=[ 1  3  8 10 12 14 18 19 21 22 24 26 28 29 30 35 36 38 39 41 44 48 50 52
 53 54 56 57 58 59 60 61 62 63 64 66 67 68 69 70 72 73 74])
Bicluster(rows=[82, 93], cols=[ 2  3  4  6 10 13 15 16 17 18 19 21 25 26 29 30 32 33 35 36 37 38 39 40
 42 43 44 45 50 51 52 53 54 55 56 57 58 59 60 61 62 63 64 65 66 67 68 69
 70 71 72 73 74])
Bicluster(rows=[82, 94], cols=[ 2  3  5  6  8 11 12 13 17 18 20 21 27 28 29 42 45 46 53 55 58 60 61 64
 73 74])
Bicluster(rows=[82, 95], cols=[ 0  3  9 13 16 23 25 31 32 40 42 43 46 50 51 52 53 54 55 56 57 58 59 60
 61 62 63 64 65 66 67 68 69 70 71 72 73 74])
Bicluster(rows=[82, 96], cols=[ 3  5  9 11 16 17 18 20 21 22 26 28 29 30 31 33 36 40 44 48 50 51 52 53
 54 55 56 57 58 59 60 61 62 63 64 65 66 67 68 69 70 71 72 73 74])
Bicluster(rows=[82, 97], cols=[ 0  2  7 15 24 26 29 35 36 37 42 46 47 48 50 52 54 56 57 58 59 61 62 63
 66 67 68 69 70 72])
Bicluster(rows=[82, 98], cols=[ 0  2  3  4 11 20 24 25 30 31 38 39 42 43 46 50 51 52 53 54 55 56 57 58
 59 60 61 62 63 64 65 66 67 68 69 70 71 72 73 74])
Bicluster(rows=[82, 99], cols=[ 0  3  4  5  6  9 10 13 16 24 26 28 31 33 35 40 41 42 44 45 47 50 53 54
 55 62 63 64 66 67 70 72])
Bicluster(rows=[83, 84], cols=[ 0  3  4  6  7  8 10 14 15 18 19 20 21 23 27 31 34 35 36 39 45 46 53 58
 61 64 73 74])
Bicluster(rows=[83, 85], cols=[ 0  1  2  3  8  9 11 12 13 15 16 17 18 19 20 21 24 25 27 29 32 34 35 39
 42 44 46 47 48 49 50 51 52 53 54 55 56 57 58 59 60 61 62 63 64 65 66 67
 68 69 70 71 72 73 74])
Bicluster(rows=[83, 86], cols=[ 0  1  3  4  5  6  7  8 10 12 13 15 16 18 19 20 21 22 23 24 25 26 27 32
 34 35 36 37 39 44 46 47 49 50 51 52 53 54 55 56 57 58 59 60 61 62 63 64
 65 66 67 68 69 70 71 72 73 74])
Bicluster(rows=[83, 87], cols=[ 0  8  9 11 15 18 23 26 33 37 42 50 53 56 57 58 61 62 63 64 66 67 68 69
 70 73 74])
Bicluster(rows=[83, 88], cols=[ 2  7  9 10 11 14 18 20 21 26 28 29 32 37 39 43 44 46 47 49 50 51 52 53
 54 55 56 57 58 59 60 61 62 63 64 65 66 67 68 69 70 71 72 73 74])
Bicluster(rows=[83, 89], cols=[ 0  2  3  4  5  7 12 13 16 17 19 21 24 25 27 31 34 35 36 37 38 44 47 50
 54 56 57 62 63 66 67 68 69 70 72])
Bicluster(rows=[83, 90], cols=[ 0  1  3  4  5  6 10 16 18 20 22 23 24 25 27 28 29 30 34 35 37 39 44 45
 46 47 49 50 51 52 53 54 55 56 57 58 59 60 61 62 63 64 65 66 67 68 69 70
 71 72 73 74])
Bicluster(rows=[83, 91], cols=[ 2  9 12 15 17 18 19 23 25 29 31 33 37 38 49 53 58 61 63 64 66 73 74])
Bicluster(rows=[83, 92], cols=[ 6  7  9 13 14 15 16 18 21 24 29 33 34 35 36 37 39 40 41 42 45 48 53 55
 58 60 61 64 73 74])
Bicluster(rows=[83, 93], cols=[ 1  2  3  5  8 10 11 12 14 15 16 17 18 24 25 29 31 32 34 35 36 39 40 44
 45 47 50 51 52 53 54 55 56 57 58 59 60 61 62 63 64 65 66 67 68 69 70 71
 72 73 74])
Bicluster(rows=[83, 94], cols=[ 3  5  6  7  8 10 11 16 18 23 27 28 29 33 34 36 41 42 44 45 48 49 52 54
 56 57 59 62 67 68 69 70 72])
Bicluster(rows=[83, 95], cols=[ 0  1  3  4  6  8 10 13 16 19 20 22 23 24 25 26 27 28 30 31 32 34 36 39
 44 45 46 47 49 50 51 52 53 54 55 56 57 58 59 60 61 62 63 64 65 66 67 68
 69 70 71 72 73 74])
Bicluster(rows=[83, 96], cols=[ 3  4  8 10 12 31 32 34 35 37 40 42 45 48 49 50 51 52 53 54 55 56 57 58
 59 60 61 62 63 64 65 66 67 68 69 70 71 72 73 74])
Bicluster(rows=[83, 97], cols=[ 2  3  5  6  8 10 12 15 16 18 19 22 23 32 35 37 42 44 49 50 54 56 57 62
 63 66 67 68 69 70 72])
Bicluster(rows=[83, 98], cols=[ 0  1  2  3  4  5  6  8  9 10 11 12 16 18 19 20 21 22 23 24 25 27 28 29
 32 35 36 39 44 45 46 47 49 50 51 52 53 54 55 56 57 58 59 60 61 62 63 64
 65 66 67 68 69 70 71 72 73 74])
Bicluster(rows=[83, 99], cols=[ 2  3  5  7 10 12 15 16 17 20 24 26 28 31 32 42 46 47 48 50 52 58 59 60
 65 66 67 70 71 73 74])
Bicluster(rows=[84, 85], cols=[ 3  5  8  9 12 13 15 18 19 21 22 26 30 33 34 37 39 40 42 43 53 58 61 63
 64 66 73 74])
Bicluster(rows=[84, 86], cols=[ 3  4  5  7  9 13 15 17 18 19 21 24 30 33 36 39 42 44 47 48 53 64 73 74])
Bicluster(rows=[84, 87], cols=[ 0  2  4  6  7  8  9 13 14 22 23 29 30 31 35 38 39 41 42 43 47 50 51 52
 53 54 55 56 57 58 59 60 61 62 63 64 65 66 67 68 69 70 71 72 73 74])
Bicluster(rows=[84, 88], cols=[ 3  4  6  8 10 11 12 20 23 34 35 38 40 41 45 46 48 50 51 52 53 54 55 56
 57 58 59 60 61 62 63 64 65 66 67 68 69 70 71 72 73 74])
Bicluster(rows=[84, 89], cols=[ 2  3  4  5  8  9 10 12 15 20 25 28 30 35 37 39 41 42 46 50 52 53 54 56
 57 58 59 60 61 62 63 64 66 67 68 69 70 71 72 73 74])
Bicluster(rows=[84, 90], cols=[ 1  7 13 14 15 16 17 18 19 22 26 31 32 36 37 38 42 43 44 47 50 54 56 57
 62 63 66 67 68 69 70 72])
Bicluster(rows=[84, 91], cols=[ 0  3  4  9 10 11 12 14 16 17 18 21 22 23 30 32 34 38 39 41 42 43 48 50
 51 52 53 54 55 56 57 58 59 60 61 62 63 64 65 66 67 68 69 70 71 72 73 74])
Bicluster(rows=[84, 92], cols=[ 1  6  7 13 15 18 19 21 26 30 32 34 35 36 38 39 44 45 50 51 52 53 54 55
 56 57 58 59 60 61 62 63 64 65 66 67 68 69 70 71 72 73 74])
Bicluster(rows=[84, 93], cols=[ 3  4  7  8 10 12 17 19 21 24 26 30 33 34 35 37 41 45 48 49 50 53 54 56
 57 58 61 62 63 64 66 67 68 69 70 72 73 74])
Bicluster(rows=[84, 94], cols=[ 3  5  9 11 13 14 17 18 19 21 24 25 26 31 32 33 39 41 42 43 46 48 49 50
 51 52 53 54 55 56 57 58 59 60 61 62 63 64 65 66 67 68 69 70 71 72 73 74])
Bicluster(rows=[84, 95], cols=[ 0  1  2  6  8  9 10 11 12 15 16 17 18 19 20 22 25 27 30 31 32 33 35 36
 39 41 42 43 44 45 47 49 55 60])
Bicluster(rows=[84, 96], cols=[ 6  7 11 15 17 22 23 26 30 33 35 41 42 43 46 48 50 51 52 53 54 55 56 57
 58 59 60 61 62 63 64 65 66 67 68 69 70 71 72 73 74])
Bicluster(rows=[84, 97], cols=[ 2  5 13 14 18 22 24 26 30 37 46 48 49 50 52 53 54 55 56 57 58 59 60 61
 62 63 64 65 66 67 68 69 70 71 72 73 74])
Bicluster(rows=[84, 98], cols=[ 0  3  8 16 19 23 26 30 35 36 38 39 40 43 45 46 47 48 53 64 73 74])
Bicluster(rows=[84, 99], cols=[ 7  8  9 11 12 14 18 20 23 24 25 30 33 34 36 39 41 42 43 45 46 50 51 54
 58 59 62 63 66 67 70 72 73 74])
Bicluster(rows=[85, 86], cols=[ 0  2  5  6  7  8  9 10 12 13 14 15 16 18 19 20 21 23 24 25 27 28 30 31
 32 33 34 35 38 39 40 41 44 45 46 49 50 51 52 53 54 55 56 57 58 59 60 61
 62 63 64 65 66 67 68 69 70 71 72 73 74])
Bicluster(rows=[85, 87], cols=[ 0  4  5  7  8  9 11 15 18 41 50 52 53 54 55 56 57 58 59 60 61 62 63 64
 65 66 67 68 69 70 71 72 73 74])
Bicluster(rows=[85, 88], cols=[ 6  9 14 18 19 23 32 39 40 44 45 46 47 48 49 50 51 52 53 54 55 56 57 58
 59 60 61 62 63 64 65 66 67 68 69 70 71 72 73 74])
Bicluster(rows=[85, 89], cols=[ 0  2  3  6  9 10 13 16 17 18 21 23 24 25 27 29 34 35 43 44 46 47 54 57
 62 68 72])
Bicluster(rows=[85, 90], cols=[ 1  7 14 18 22 25 27 28 29 31 34 38 39 40 41 42 44 47 50 51 52 53 54 55
 56 57 58 59 60 61 62 63 64 65 66 67 68 69 70 71 72 73 74])
Bicluster(rows=[85, 91], cols=[ 2  3  6  7  9 12 17 18 20 21 22 25 27 34 35 36 38 39 43 44 45 46 47 53
 58 60 64 73 74])
Bicluster(rows=[85, 92], cols=[ 2  4  5  8  9 11 13 14 19 22 23 24 25 26 31 32 34 36 38 41 42 44 46 47
 53 58 60 61 64 73 74])
Bicluster(rows=[85, 93], cols=[ 0  1  2  3  4  6  7  8  9 10 11 12 15 16 17 18 19 20 21 22 23 24 25 27
 28 30 31 32 34 35 36 37 38 39 43 44 47 50 51 52 53 54 55 56 57 58 59 60
 61 62 63 64 65 66 67 68 69 70 71 72 73 74])
Bicluster(rows=[85, 94], cols=[ 0  2  3  6  9 10 13 16 18 19 20 21 23 24 26 29 33 38 39 43 44 45 47 50
 56 58 61 63 64 66 69 70])
Bicluster(rows=[85, 95], cols=[ 1  3 12 13 14 16 25 28 31 32 33 34 36 40 43 44 46 47 50 51 52 53 54 55
 56 57 58 59 60 61 62 63 64 65 66 67 68 69 70 71 72 73 74])
Bicluster(rows=[85, 96], cols=[ 3  5  6  7  8 12 14 18 20 21 23 31 33 35 40 42 44 46 47 48 50 51 52 53
 54 55 56 57 58 59 60 61 62 63 64 65 66 67 68 69 70 71 72 73 74])
Bicluster(rows=[85, 97], cols=[ 4  5  6  9 10 12 13 16 17 18 20 23 24 26 28 30 34 35 36 38 44 45 50 56
 58 61 63 66 67 69 70])
Bicluster(rows=[85, 98], cols=[ 1  2  3  4  6  7  8  9 10 11 12 14 16 19 20 24 25 26 27 30 31 32 33 34
 35 36 38 39 40 43 47 49 50 51 52 53 54 55 56 57 58 59 60 61 62 63 64 65
 66 67 68 69 70 71 72 73 74])
Bicluster(rows=[85, 99], cols=[ 3  6  7  8 10 14 16 19 24 26 27 31 32 34 35 38 44 46 50 54 62 63 64 66
 67 68 70])
Bicluster(rows=[86, 87], cols=[ 0  1  2  8 15 17 18 19 26 37 41 50 51 52 53 54 55 56 57 58 59 60 61 62
 63 64 65 66 67 68 69 70 71 72 73 74])
Bicluster(rows=[86, 88], cols=[ 9 10 11 13 14 18 26 29 32 37 39 40 44 45 46 49 50 51 52 53 54 55 56 57
 58 59 60 61 62 63 64 65 66 67 68 69 70 71 72 73 74])
Bicluster(rows=[86, 89], cols=[ 0  3  7 11 12 16 18 19 21 24 35 36 37 42 44 48 54 56 57 62 67 68 69 70
 72])
Bicluster(rows=[86, 90], cols=[ 3  5  6  9 11 13 14 16 17 18 19 22 23 24 25 26 31 32 34 35 37 38 39 40
 41 42 43 46 47 48 50 51 52 53 54 55 56 57 58 59 60 61 62 63 64 65 66 67
 68 69 70 71 72 73 74])
Bicluster(rows=[86, 91], cols=[ 1  2  3  4  8 10 12 13 14 17 18 19 24 30 32 33 34 38 40 43 46 47 54 56
 57 62 67 68 69 70 72])
Bicluster(rows=[86, 92], cols=[ 0  1  4  5  8  9 10 12 13 14 19 23 24 25 27 28 29 31 32 38 40 44 46 53
 60 73 74])
Bicluster(rows=[86, 93], cols=[ 1  2  5  7  8  9 10 12 13 15 16 18 22 23 24 25 27 28 29 30 31 32 34 36
 38 39 40 44 47 48 50 51 52 53 54 55 56 57 58 59 60 61 62 63 64 65 66 67
 68 69 70 71 72 73 74])
Bicluster(rows=[86, 94], cols=[ 0  1  2  3  7  8  9 14 15 16 17 26 30 31 34 36 40 50 54 56 57 62 67 68
 69 70 72])
Bicluster(rows=[86, 95], cols=[ 1  3  4  8  9 13 14 16 17 19 22 24 25 28 31 32 33 34 36 39 40 43 44 46
 47 49 50 51 52 53 54 55 56 57 58 59 60 61 62 63 64 65 66 67 68 69 70 71
 72 73 74])
Bicluster(rows=[86, 96], cols=[ 1  3  5  6  8 11 12 13 18 20 23 25 31 32 33 35 37 40 42 44 47 50 51 52
 53 54 55 56 57 58 59 60 61 62 63 64 65 66 67 68 69 70 71 72 73 74])
Bicluster(rows=[86, 97], cols=[ 1  3  7 11 14 15 16 18 19 22 25 26 27 28 32 33 37 40 44 47 49 50 54 56
 57 62 66 67 68 69 70 72])
Bicluster(rows=[86, 98], cols=[ 0  1  3  5  6  7  8  9 10 12 14 16 17 18 19 20 21 22 23 25 26 27 29 30
 31 32 33 34 35 36 38 39 41 42 46 47 48 49 50 51 52 53 54 55 56 57 58 59
 60 61 62 63 64 65 66 67 68 69 70 71 72 73 74])
Bicluster(rows=[86, 99], cols=[ 1  3  7 12 15 16 21 23 24 33 38 40 50 52 59 60 63 65 66 67 70 71 73 74])
Bicluster(rows=[87, 88], cols=[ 1  4  6  9 11 12 17 18 26 27 33 35 37 38 39 41 45 50 51 52 53 54 55 56
 57 58 59 60 61 62 63 64 65 66 67 68 69 70 71 72 73 74])
Bicluster(rows=[87, 89], cols=[ 1  2  3  6  8 13 18 19 24 29 31 33 38 40 41 43 44 49 50 51 52 53 54 55
 56 57 58 59 60 61 62 63 64 65 66 67 68 69 70 71 72 73 74])
Bicluster(rows=[87, 90], cols=[ 7 17 18 19 26 36 37 41 50 51 52 53 54 55 56 57 58 59 60 61 62 63 64 65
 66 67 68 69 70 71 72 73 74])
Bicluster(rows=[87, 91], cols=[ 0  1  4  6  7  9 11 14 15 18 20 28 33 35 37 39 41 43 45 50 51 52 53 54
 55 56 57 58 59 60 61 62 63 64 65 66 67 68 69 70 71 72 73 74])
Bicluster(rows=[87, 92], cols=[ 0  3  7 12 13 15 16 17 18 22 27 28 30 33 34 35 37 39 50 51 52 53 54 55
 56 57 58 59 60 61 62 63 64 65 66 67 68 69 70 71 72 73 74])
Bicluster(rows=[87, 93], cols=[ 0  2  4  7  8 11 15 18 20 35 41 49 50 51 52 53 54 55 56 57 58 59 60 61
 62 63 64 65 66 67 68 69 70 71 72 73 74])
Bicluster(rows=[87, 94], cols=[ 1  5  6  9 10 11 12 13 14 16 20 28 29 31 36 37 41 43 45 50 52 53 54 55
 56 57 58 59 60 61 62 63 64 65 66 67 68 69 70 71 72 73 74])
Bicluster(rows=[87, 95], cols=[ 1  4  6  9 10 15 16 19 27 29 30 33 35 38 39 42 45 49 50 54 56 57 58 61
 62 63 66 67 68 69 70 72])
Bicluster(rows=[87, 96], cols=[ 1  5  7  8 11 18 20 22 24 27 28 29 30 32 34 35 37 41 42 43 50 51 52 53
 54 55 56 57 58 59 60 61 62 63 64 65 66 67 68 69 70 71 72 73 74])
Bicluster(rows=[87, 97], cols=[ 1  2  6  9 10 11 13 14 16 19 20 22 27 30 34 35 45 49 50 52 53 54 56 57
 58 59 60 61 62 63 64 66 67 68 69 70 71 72 73 74])
Bicluster(rows=[87, 98], cols=[ 7  8  9 11 17 18 19 37 41 50 51 52 53 54 55 56 57 58 59 60 61 62 63 64
 65 66 67 68 69 70 71 72 73 74])
Bicluster(rows=[87, 99], cols=[ 1  7 14 15 16 26 27 30 31 37 41 42 43 44 50 51 54 56 58 62 67 72 73 74])
Bicluster(rows=[88, 89], cols=[ 9 10 13 17 18 20 21 22 25 26 27 28 29 32 34 37 39 44 48 49 50 53 58 61
 63 64 66 73])
Bicluster(rows=[88, 90], cols=[11 13 14 15 16 18 20 21 26 28 29 31 32 39 40 43 44 47 49 50 51 52 53 54
 55 56 57 58 59 60 61 62 63 64 65 66 67 68 69 70 71 72 73 74])
Bicluster(rows=[88, 91], cols=[ 0  1  2  3  4  6  8  9 11 12 19 22 33 34 35 37 49 50 52 53 54 55 56 57
 58 59 60 61 62 63 64 66 67 68 69 70 71 72 73 74])
Bicluster(rows=[88, 92], cols=[ 1  2  4  7  8 12 17 18 22 25 27 33 37 39 43 50 53 54 55 56 57 58 60 61
 62 63 64 66 67 68 69 70 72 73 74])
Bicluster(rows=[88, 93], cols=[ 0  4  6  9 10 13 16 19 23 29 32 39 41 42 44 47 48 50 51 52 53 54 55 56
 57 58 59 60 61 62 63 64 65 66 67 68 69 70 71 72 73 74])
Bicluster(rows=[88, 94], cols=[ 1  4  5  7  9 11 16 17 18 21 22 24 26 28 29 31 33 35 36 40 43 44 46 51
 52 54 59 65 68 71 72])
Bicluster(rows=[88, 95], cols=[ 5  7 10 13 14 15 17 18 20 21 26 28 32 39 40 41 42 44 46 47 48 49 50 51
 52 53 54 55 56 57 58 59 60 61 62 63 64 65 66 67 68 69 70 71 72 73 74])
Bicluster(rows=[88, 96], cols=[ 1  3  4  6  8 12 17 21 23 25 26 28 29 38 43 44 46 48 52 54 57 59 62 67
 68 72])
Bicluster(rows=[88, 97], cols=[ 1  5  7  9 12 16 18 19 26 31 34 44 46 48 49 50 52 54 56 57 58 59 61 62
 63 65 66 67 68 69 70 71 72])
Bicluster(rows=[88, 98], cols=[ 9 10 11 13 14 15 18 21 28 29 31 32 39 40 41 42 44 48 49 50 51 52 53 54
 55 56 57 58 59 60 61 62 63 64 65 66 67 68 69 70 71 72 73 74])
Bicluster(rows=[88, 99], cols=[ 0  1  2  8 10 13 20 22 23 26 27 28 34 36 41 44 45 46 47 49 50 51 54 58
 59 60 62 67 70 71 72 73 74])
Bicluster(rows=[89, 90], cols=[ 3  4  5 11 15 25 27 34 37 42 48 50 54 56 57 58 61 62 63 66 67 68 69 70
 72])
Bicluster(rows=[89, 91], cols=[ 1 10 13 14 17 18 20 28 29 31 36 38 41 49 50 51 52 53 54 55 56 57 58 59
 60 61 62 63 64 65 66 67 68 69 70 71 72 73 74])
Bicluster(rows=[89, 92], cols=[ 0  6 15 16 17 18 21 22 24 25 27 31 39 43 48 50 52 53 54 56 57 58 59 61
 62 63 64 66 67 68 69 70 71 72 73])
Bicluster(rows=[89, 93], cols=[ 2  8 10 16 17 23 26 31 32 33 36 42 43 50 54 56 57 58 61 62 63 64 66 67
 68 69 70 73])
Bicluster(rows=[89, 94], cols=[ 1  4 14 17 23 26 28 29 30 35 46 50 51 52 53 54 55 56 57 58 59 60 61 62
 63 64 65 66 67 68 69 70 71 72 73 74])
Bicluster(rows=[89, 95], cols=[ 0  5  7  9 11 12 16 19 24 30 32 36 37 40 42 44 45 46 50 52 54 56 57 58
 59 61 62 63 64 65 66 67 68 69 70 71 72 73])
Bicluster(rows=[89, 96], cols=[ 1  6  8  9 12 16 17 18 19 24 26 29 35 36 41 43 46 49 50 51 52 53 54 55
 56 57 58 59 60 61 62 63 64 65 66 67 68 69 70 71 72 73 74])
Bicluster(rows=[89, 97], cols=[ 0  1  2 12 13 14 19 21 23 26 31 32 36 42 43 44 46 50 52 53 54 56 57 58
 59 60 61 62 63 64 65 66 67 68 69 70 71 72 73 74])
Bicluster(rows=[89, 98], cols=[ 2  3  5  6  9 12 15 16 19 22 24 25 30 36 43 48 50 54 56 57 62 66 67 68
 69 70 72])
Bicluster(rows=[89, 99], cols=[ 1  2  8  9 10 13 16 20 21 25 26 30 33 39 46 50 54 55 62 63 66 67 70 72
 73])
Bicluster(rows=[90, 91], cols=[ 2  3  4 15 18 19 21 24 29 32 34 41 42 44 45 46 48 50 54 56 57 58 61 62
 63 66 67 68 69 70 72])
Bicluster(rows=[90, 92], cols=[ 1  2  6  9 12 13 14 15 18 20 25 27 29 30 32 35 36 38 40 41 46 47 48 50
 54 56 57 58 61 62 63 66 67 68 69 70 72])
Bicluster(rows=[90, 93], cols=[ 1  5  7  9 13 16 18 22 24 25 29 33 34 38 39 40 45 47 48 50 51 52 53 54
 55 56 57 58 59 60 61 62 63 64 65 66 67 68 69 70 71 72 73 74])
Bicluster(rows=[90, 94], cols=[ 0  2  3  8  9 10 12 16 21 22 31 34 38 40 44 45 49 50 54 56 57 58 61 62
 63 66 67 68 69 70 72])
Bicluster(rows=[90, 95], cols=[ 0  2  3  4  8  9 10 12 13 14 15 16 17 19 20 21 22 23 24 25 27 28 30 34
 35 37 39 40 43 44 45 46 47 48 49 50 51 52 53 54 55 56 57 58 59 60 61 62
 63 64 65 66 67 68 69 70 71 72 73 74])
Bicluster(rows=[90, 96], cols=[ 3  4  5  6  7  9 10 11 13 18 31 32 33 34 35 37 40 42 45 47 49 50 51 52
 53 54 55 56 57 58 59 60 61 62 63 64 65 66 67 68 69 70 71 72 73 74])
Bicluster(rows=[90, 97], cols=[ 8 10 11 16 18 25 26 27 29 30 32 35 37 45 47 49 50 54 56 57 58 61 62 63
 66 67 68 69 70 72])
Bicluster(rows=[90, 98], cols=[ 0  3  5  6  7 11 13 14 15 17 18 19 21 23 25 26 27 28 29 31 32 35 37 38
 39 41 42 44 45 46 47 48 49 50 51 52 53 54 55 56 57 58 59 60 61 62 63 64
 65 66 67 68 69 70 71 72 73 74])
Bicluster(rows=[90, 99], cols=[ 4  5 10 13 20 26 28 33 35 37 38 40 44 46 49 50 52 58 59 60 63 65 66 67
 70 71 73 74])
Bicluster(rows=[91, 92], cols=[ 0  1  2  5  8  9 10 15 18 22 26 28 29 30 31 32 33 36 37 38 39 40 46 47
 48 50 51 52 53 54 55 56 57 58 59 60 61 62 63 64 65 66 67 68 69 70 71 72
 73 74])
Bicluster(rows=[91, 93], cols=[ 1  3  7  9 10 12 13 14 15 17 21 22 25 26 29 31 32 34 35 38 39 40 41 43
 44 47 53 58 60 61 64 73 74])
Bicluster(rows=[91, 94], cols=[ 0  2  3  6  7  8  9 11 12 14 17 18 20 21 31 32 34 37 39 41 42 43 44 45
 47 50 51 52 53 54 55 56 57 58 59 60 61 62 63 64 65 66 67 68 69 70 71 72
 73 74])
Bicluster(rows=[91, 95], cols=[ 1  3  4  5  8 13 14 15 17 19 21 22 24 25 26 31 33 34 35 36 39 40 44 46
 48 50 54 56 57 61 62 63 66 67 68 69 70 72])
Bicluster(rows=[91, 96], cols=[ 1  7 11 17 18 21 22 26 27 28 37 42 44 47 48 49 50 53 54 55 56 57 58 60
 61 62 63 64 66 67 68 69 70 72 73 74])
Bicluster(rows=[91, 97], cols=[ 3  6  7  8 14 17 18 20 22 25 27 30 31 33 36 40 45 47 50 52 53 54 55 56
 57 58 59 60 61 62 63 64 65 66 67 68 69 70 71 72 73 74])
Bicluster(rows=[91, 98], cols=[ 1  7  8 10 11 12 14 15 17 20 21 30 31 33 34 44 45 46 48 50 54 56 57 62
 67 68 69 70 72])
Bicluster(rows=[91, 99], cols=[ 0  1  2  3  8 15 17 21 22 24 26 27 28 29 30 31 32 33 34 38 40 45 48 51
 52 53 55 57 59 64 65 71])
Bicluster(rows=[92, 93], cols=[ 4 10 11 15 16 19 20 26 29 30 31 34 36 38 39 40 44 45 47 49 50 53 56 58
 61 63 64 66 69 73 74])
Bicluster(rows=[92, 94], cols=[ 0  2  5  8  9 12 13 16 19 24 26 28 37 38 40 49 50 51 52 53 54 55 56 57
 58 59 60 61 62 63 64 65 66 67 68 69 70 71 72 73 74])
Bicluster(rows=[92, 95], cols=[ 2  5  8  9 11 12 15 16 20 22 26 27 30 31 33 34 35 39 40 42 43 46 47 50
 54 56 57 58 61 62 63 66 67 68 69 70 72])
Bicluster(rows=[92, 96], cols=[ 0  2  3  6 15 18 21 22 26 30 31 34 36 37 45 47 50 51 52 53 54 55 56 57
 58 59 60 61 62 63 64 65 66 67 68 69 70 71 72 73 74])
Bicluster(rows=[92, 97], cols=[ 4  5 13 16 18 22 23 24 25 26 27 29 30 31 33 34 35 40 47 50 52 53 54 56
 57 58 59 60 61 62 63 64 65 66 67 68 69 70 71 72 73 74])
Bicluster(rows=[92, 98], cols=[ 6  8 10 13 15 16 21 22 24 25 27 33 34 35 41 42 43 44 46 47 48 50 54 56
 57 62 63 66 67 68 69 70 72])
Bicluster(rows=[92, 99], cols=[ 0  1  4  5  8 11 12 13 15 16 20 21 26 28 29 31 33 34 38 40 43 44 46 49
 51 52 53 55 57 59 63 64 66 70 71])
Bicluster(rows=[93, 94], cols=[ 0  1  3  6 14 17 18 19 21 22 23 31 38 40 41 44 47 48 49 50 56 57 58 61
 62 63 64 66 67 68 69 70 73])
Bicluster(rows=[93, 95], cols=[ 1  3  8  9 13 16 24 25 31 32 34 36 39 41 42 43 47 48 50 51 52 53 54 55
 56 57 58 59 60 61 62 63 64 65 66 67 68 69 70 71 72 73 74])
Bicluster(rows=[93, 96], cols=[ 5  7  8 13 17 18 21 23 27 30 31 33 35 40 41 44 46 47 50 51 52 53 54 55
 56 57 58 59 60 61 62 63 64 65 66 67 68 69 70 71 72 73 74])
Bicluster(rows=[93, 97], cols=[ 1  2  3  4  6  9 14 17 18 23 27 29 30 31 32 35 42 43 47 50 56 58 61 63
 64 66 67 69 70])
Bicluster(rows=[93, 98], cols=[ 1  2  3  4  5  7  8  9 10 12 13 24 25 27 29 30 31 32 34 36 38 39 41 42
 43 45 47 48 50 51 52 53 54 55 56 57 58 59 60 61 62 63 64 65 66 67 68 69
 70 71 72 73 74])
Bicluster(rows=[93, 99], cols=[ 1  2  3  4  6  8 11 12 15 16 19 20 22 26 28 29 32 33 34 35 37 38 40 44
 48 49 50 53 54 62 63 64 66 67 70 72])
Bicluster(rows=[94, 95], cols=[ 1  6  8  9 10 12 14 16 17 18 21 23 27 31 34 36 40 44 45 49 50 52 54 56
 57 58 61 62 63 66 67 68 69 70 72])
Bicluster(rows=[94, 96], cols=[ 1  3  8 10 12 13 14 19 20 31 39 40 42 45 46 48 49 50 52 54 56 57 59 62
 63 66 67 68 69 70 72])
Bicluster(rows=[94, 97], cols=[ 1  3  5  6  7  8 10 11 13 14 15 16 17 18 20 23 24 26 31 36 38 40 45 46
 48 50 51 52 53 54 55 56 57 58 59 60 61 62 63 64 65 66 67 68 69 70 71 72
 73 74])
Bicluster(rows=[94, 98], cols=[ 4  5  8 11 12 13 14 17 18 21 23 24 25 26 28 29 31 36 38 45 49 50 54 56
 57 62 63 66 67 68 69 70 72])
