Dataset shape: (100, 75)
[[-1.82564243 -1.30595433 -1.72946052 ...  2.33320996  0.06300466
  -0.04891973]
 [ 1.31363361  0.68295858  1.19691066 ...  1.06332978 -0.12654434
   1.08174239]
 [-2.26189611  0.44523803 -1.76086994 ...  0.04444562  0.2702733
  -0.22477099]
 ...
 [ 0.88216473  0.72265186 -0.8825984  ... -0.38680541 -0.63105016
   2.19451922]
 [ 0.32483042 -1.12783983  1.26588276 ...  0.73416806  0.96370115
  -1.69167489]
 [ 0.17172956  0.52528398  0.81385729 ... -0.69373217  2.6572274
  -2.13298015]]
normal BCCA:
0.9089376543808542
0.9003664500808164
0.9025792057235219
0.9078928842088771
0.902792716491009
0.9056752914157915
0.9071032060796758
0.9090536290789646
0.9074737951965196
0.9051245869409191
0.9026135561357697
0.9015179126329352
0.9046011267980902
0.9022393129818989
0.9045330053666156
0.9019451723527636
0.9004381931709826
0.9059550428377035
0.9019636676479864
0.9030780105652633
0.9042490949683112
0.9080274041771947
0.9014200084539494
0.9086575859043189
0.9081169636668166
0.9031588691378525
0.9076652378226984
0.9009528167350329
0.9014675896789258
0.9045245277492764
0.9041738885185354
0.906640518501556
0.905755845012256
0.9091393811151557
0.9002770973973853
0.9046961620593755
0.9083221127578892
0.904186714230721
0.9092213866343679
0.9043084511548051
0.9103704852148228
0.901794538031657
0.9060984226104609
0.9045241249037221
0.9058376053883632
0.9034185743762114
0.9063114137336252
0.9060590675679078
0.9043599221234583
0.9054890547419038
0.9063683952350048
0.9024813831998446
0.9059152027142523
0.9037136029319659
0.9060125640187277
0.901104923701876
0.9031055707392376
0.9063569879381279
0.9038406695852476
0.9043304318988235
0.9000407418808863
0.9040253770952492
0.9010252437579868
0.9079720562690381
0.9032632100920671
0.9034313187917465
0.9032444115018582
0.9029794390169633
0.9031942646518953
0.9044970239596077
0.9002056625195537
0.9067593907119925
0.9009076526991638
0.9016380558319661
0.9076699046630252
0.9054667837301948
0.9039917199001397
0.9005931325576734
0.907070177395675
0.9010564744759927
0.9038168839479841
0.9023005384114468
0.9019556199633918
0.9072470151414174
0.9008851051663964
0.9046503250616516
0.9026996235792667
0.907487260763401
0.9020839637295414
0.9071958909363046
0.9102193706580758
0.9115269210515401
0.9068335531221379
0.904461513853291
0.905894810681926
0.9049144886730368
0.9031048762537178
0.902019110664121
0.9006673032371316
0.9137476305774591
0.9024508350392125
0.908821160623084
0.9040898963666145
0.904001574612607
0.9064865279477552
0.9035521337544311
0.9108263129088567
0.9060760105585586
0.9082253483763068
0.9008529628364694
0.9154238890083717
0.9125853345709118
0.9057810233960311
0.9055183090898501
0.9099581042755318
0.9017360397690188
0.9010647842480483
0.9022822801873366
0.9026834090508146
0.9074256585794177
0.904942943387157
0.9033793152756502
0.9038874485645864
0.9080872243626397
0.9048336570559979
0.9010047720874397
0.907292078558563
0.9074018452739723
0.9059025546099304
0.9009179581846799
0.9082995093078405
0.902092225862091
0.9028710746527994
0.9037308444915518
0.9012404287652531
0.9073835274769768
0.9091258965275061
0.9042401473430461
0.9033973096727609
0.9011456269219027
0.9103791054194157
0.9044922055105761
0.910483028043577
0.9002347441519979
0.9000395013249525
0.9036310484745008
0.9078002677949389
0.9005537921604346
0.9019903178761293
0.9096053900361761
0.9033274862529062
0.9044335262627582
0.9054649921050263
0.9058898656788846
0.9027193216098438
0.9070471154880886
0.9089484800859225
0.9064877449348873
0.902568644533596
0.9068847752082796
0.9016801358079605
0.9053109339949046
0.9093188421233762
0.9106978622460709
0.9093696663646016
0.9024183363748424
0.9003860542681527
0.9024904107752147
0.9018148080830087
0.9001414584492651
0.9089038484715786
0.9016811102727181
0.9006867265809296
0.9050771742762119
0.9020790469166292
0.910706105512013
0.9015195542446917
0.905754678243361
0.9001001050221976
0.9040218414212784
0.9045708928402397
0.9040455709411165
0.9024598884322483
0.9073567789316426
0.9090234482727133
0.9047604113408169
0.9029460017723837
0.9055767657987452
0.9046359713857862
0.902297518142821
0.9105262435756715
0.9046504155511577
0.9043232880770841
0.9069649510255879
0.9050411800784465
0.906588502872794
0.9087992033757054
0.9026389297177522
0.9125177385329006
0.909844933310781
0.9000578089527402
0.9018570008405169
0.9125891901374704
0.9017173654331512
0.9047762426380476
0.9058819581431193
0.9084526658704147
0.9067055028357653
0.9014479561239835
0.9120989830391089
0.9050135824909886
0.907687687244531
0.9020253242563355
0.9129048559400359
0.9045167011837498
0.9018795998910211
0.9027588198292873
0.9043841721029748
0.9109955357073571
0.9001418549734049
0.9029680782317795
0.9005476137337063
0.9054949257894974
0.9014063938405056
0.9042488032563909
0.9047479445719606
0.9062147904281076
0.9049136881417054
0.90957669211942
0.9055938829511334
0.905815065539525
0.9097668670485516
0.903553387420503
0.9015302188671747
0.9046525804757268
0.9018798730180018
0.9036636708572493
0.9026807926632107
0.9047433952933338
0.9003431014543148
0.9040826146998483
0.9001356458204738
0.9044086548124844
0.9037199859251751
0.9025868012668752
0.9074276745678513
0.9054208486767888
0.9008687422703758
0.9078247133995988
0.9021237842989843
0.9002606291443368
0.9075252003037547
0.9001597519120953
0.9097692868369279
0.9057381422617394
0.9005979267500721
0.9034327627633646
0.9017086536488536
0.9103998125428946
0.9036087386907264
0.9028876914181265
0.9054026516674953
0.9061881043231345
0.9012961699795521
0.9040811815492832
0.9076777891242473
0.9061644197778034
0.9080207367966837
0.9000988985782347
0.9093640243185038
0.9100542919391542
0.9066117054159262
0.9005875505951182
0.9078792323665531
0.904831201274615
0.9095523002904619
0.9033952557823521
0.9044960826428735
0.9013344628795145
0.9069458605390444
0.9070856068142099
0.9012984244706659
0.9104165914236355
0.9110655161244456
0.9038375741753991
0.9063685125436379
0.9063557376724666
0.9000471254668035
0.9057582475779422
0.9059962419025531
0.901591133679556
0.9057564353044592
0.9018689140931725
0.906347201773503
0.9039104174113503
0.9046816243454574
0.9105845670694719
0.9064549780224586
0.901914025435332
0.9028255021633267
0.9100327408014968
0.9095963878620033
0.9033472819860338
0.9031776013658739
0.9043705618901691
0.906425301279953
0.9044448771675654
0.905153488488668
0.9037772564575143
0.9073857887457976
0.9008280456631641
0.9037544740971902
0.9064564675215933
0.9013786010301412
0.9118781192702333
0.905474009518743
0.9081501921939458
0.9038959932782016
0.9017267121468752
0.9037632811507246
0.9056270778526614
0.9069233881165684
0.9017532192250334
0.9105246167830016
0.908121017514943
0.9023548258269486
0.9004901250709665
0.9074575332110364
0.9038468806233633
0.9032812657540565
0.9037407083322683
0.9063306577987152
0.9051670949420597
0.9037170397205075
0.9049759087692345
0.9076048998412615
0.9042122418009583
0.9045486832299754
0.9060158783996743
0.9067519200978886
0.9024086033253784
0.9022065425736049
0.9071624926885552
0.9026585388701582
0.902969072269851
0.9040962913362999
0.9012674511837414
0.90350561103149
0.9055702736416161
0.9060761569639343
0.9004336309717819
0.90419375282936
0.9081951072582842
0.9004294070972478
0.9071099196123158
0.9094136068631228
0.9093890443195431
0.9026407865003518
0.9020978307523749
0.9015359302397533
0.9025120621677889
0.9118601582782376
0.9018721962354704
0.9040224128735128
0.9076640147044249
0.9012980094415552
0.9003091482132215
0.9091268728838011
0.9039694400020059
0.902130152165361
0.9003776774530992
0.9093125209831364
0.9044469646844273
0.9023348135891188
0.9074057344836044
0.90599975503172
0.906696814138955
0.9063971045845002
0.9048634332081799
0.9042479515823265
0.9060149446092609
0.9030600002781449
0.9057092532719897
0.903840602790198
0.9090740293557424
0.900716927127791
0.9023631401028598
0.9051567763951969
0.9016487214507279
0.9041641663365058
0.9052046774326962
0.9067013509862574
0.9062096273473601
0.9076287745684997
0.9042463001821552
0.9040589247347144
0.9115302345918742
0.9009001336348418
0.9046886911040783
0.9015261645497493
0.909777627354169
0.9095508022704978
0.9007611459042644
0.9067141654333046
0.9036686935983314
0.9066362575219871
0.9062554974693631
0.9080348368490135
0.9099294424314599
0.9039421488770559
0.902401157567608
0.9033245754182726
0.907344533471712
0.9020807302819484
0.9193282552498758
0.9041758532861035
0.9071194817788799
0.9028379743182557
0.901631852506177
0.903587393849595
0.9031107794982254
0.9083614664159254
0.9066102749105474
0.9013888027901503
0.904176946830003
0.9057011337170314
0.9058621698907763
0.9026024307218233
0.9034430203749478
0.9086914438600373
0.9031448732963603
0.9073826600194135
0.9066507776599806
0.9009019106114493
0.903050511766909
0.9029431557658778
0.9022958023614381
0.9008232846339934
0.9033233010672626
0.903234305039617
0.903521101804596
0.9078049397096088
0.9026533373285194
0.9000767038709709
0.9008906600825349
0.9090070839579744
0.9080935770742573
0.9058772459417609
0.901216674839948
0.9115695105509338
0.9000891433406579
0.9023334608926079
0.9049832962363593
0.9043857411343352
0.9045937581161977
0.9033281744210396
0.9039215762620105
0.9108050633464769
0.9051012267814974
0.9046818134057034
0.905123616361622
0.9033861135980971
0.9004741946645517
0.9010655692948389
0.9012534755233312
0.9012277736962614
0.9057654952601434
0.9056552251987917
0.903093839949059
0.9008690454524446
0.9023790740076589
0.9011694294525203
0.9035417647414841
0.9068260545846365
0.9043276435322182
0.9075279197545632
0.9003326076646188
0.9104410245685042
0.9034074576985307
0.9130275825729263
0.9026752186004805
0.909650106502984
0.9016613166518929
0.903655347744313
0.9056717930311917
0.901377736488505
0.9031027357121889
0.9116366515528302
0.9003918317954975
0.9021786781795078
0.9019573904932223
0.9086583302929127
0.9024926668275464
0.9038842432674555
0.9074324034286521
0.9103579428607456
0.9062940958030523
0.9075115655364242
0.9037459888324544
0.9002670821357717
0.9085324453419048
0.9082753542456551
0.9084316555528817
0.9030059756980262
0.9051961968487735
0.90288450068732
0.9006338349935056
0.9010597760472342
0.9043703946817058
0.9008334545586132
0.9047944727716783
0.9111548869687028
0.9024794802613397
0.908710069044147
0.9012752800366782
0.911503938291569
0.9061479806129421
0.9038950671268617
0.902199067106931
0.9056317008026267
0.9010130303231251
0.9073263131509668
0.9005345575250214
0.9035364259929937
0.9035140772761383
0.90055967068156
0.9018158852038587
0.9044923189532819
0.9037400079721447
0.9064604403323173
0.903421790538196
0.9103438720063165
0.901672506781511
0.9093349032707962
0.9063055712689942
0.9013258758227544
0.9040569330142655
0.9064343928152274
0.9077818405534491
0.9039923565271937
0.9035170115789045
0.9011592601281952
0.9070533672153357
0.9009871491229666
0.9011864718106098
0.902998230755586
0.9051322802605034
0.9026633248539585
0.9037087202893495
0.9001852199033213
0.9022938767424882
0.9005868642167865
0.905988661579448
0.9024524992306386
0.9031707695655468
0.9019852402019146
0.9068806283868238
0.9064791778173237
0.9052179631688527
0.9020862291812567
0.9021780371187631
0.9068697485277164
0.9007274074883292
0.9070089547722467
0.904462462079374
0.9028280313085529
0.9084162281627479
0.9037395795119467
0.907369184049036
0.9028635160956197
0.9010511470005534
0.9053501180960576
0.9010380384071356
0.9043966200060286
0.9005526001955851
0.9020028933062232
0.9059357847912409
0.9028819210071433
0.9031876044283503
0.9087707616615479
0.9075329230632653
0.9046954918766882
0.908447428704251
0.9012071085977337
0.9016180059497314
0.9086165108997792
0.9077591400016756
0.9018014557687032
0.9105642702370164
0.9044886730494283
0.9012233378277495
0.9024699190448006
0.9035310066890779
0.9027950090911269
0.9122552778231546
0.9070864313211982
0.9062666512582865
0.90206761177555
0.9092089964955022
0.9016833581365736
0.9055711123596187
0.902033731234469
0.9027744520650509
0.9049481517589133
0.9006171287179365
0.9058930777399261
0.9022878231440632
0.9033262173797909
0.9032218395839303
0.9017489390319211
0.9038695588693301
0.9043654426573622
0.9075591585223405
0.9036327241296985
0.9007410128761582
0.9027531628521349
0.9007625488758878
0.9075373040295447
0.9023394271887357
0.9009211628358562
0.9057592224199086
0.9026748473523614
0.9072836560181469
0.9008815338314122
0.9008059724710951
0.9017585475280795
0.9031953684924532
0.9070576348070142
0.910616952811725
0.9053379801631246
0.9007926964148995
0.9029503135903537
0.9016281204595084
0.9015538843818965
0.9024360127906436
0.9062283546080914
0.9017616523569977
0.9051508589494475
0.9039806200183943
0.9064676009878345
0.9036008044881559
0.9067207778407561
0.9004803290274264
0.9093470356318183
0.9052529349234745
0.900705495958389
0.9050865378513818
0.9036672950450355
0.9102505759348806
0.9064849631007582
0.9085096254545437
0.9037616600976044
0.906823413991529
0.9087655249088089
0.9033058203847991
0.902195662192432
0.9008424692181719
0.9075221479914296
0.9058498420948526
0.9128069703149667
0.9065910482089601
0.90565305094902
0.9102447978955251
0.9054653469192374
0.9023181755994125
0.908776790426539
0.9003993422048056
0.9087771342646959
0.9029695597424764
0.9026658137270138
0.908288326342394
0.9000478305786123
0.916390480946656
0.9054180263086029
0.9122659501882755
0.9024662670264266
0.905249244047228
0.9109578924585882
0.9005799944476096
0.9004739814114883
0.9018639490385009
0.9088690560997302
0.9070355965355031
0.9106786998876831
0.9012728819884356
0.9134149606863703
0.9071288829659427
0.9054528308151155
0.910298240814408
0.9031575629563964
0.9035818742859517
0.9077273536045293
0.9072150910026892
0.9021297712464135
0.9053833558133415
0.9025544979791801
0.9089921312418
0.9030192840806492
0.9036460556036756
0.9098142699444838
0.9140581440054775
0.9057226308710846
0.905234099679161
0.9018969668730615
0.9108817701247028
0.903189848339856
0.9039064023873022
0.9085386414570962
0.9058936037414058
0.9046281133103262
0.9067087112277944
0.9110166112982514
0.9002599632549949
0.9002751575082232
0.9015985598172719
0.9126780761154492
0.9031972464998426
0.9025112087926768
0.9042952138109013
0.9073453634127943
0.9097998376206102
0.9148386413873886
0.9063467294175012
0.9048252301683413
0.9037249722867279
0.9003644117779082
0.9030462470257818
0.905594128319235
0.9086113519181563
0.9046021046702031
0.9028564272119003
0.9018865601890795
0.9029228273181674
0.9010025092928261
0.9030118697199119
0.9085048089713672
0.9009481457168157
0.9009690576699015
0.9027403007458663
0.9052545157053947
0.9024153710488543
0.907246214328791
0.9094988688599822
0.9013714958713284
0.9013988052688454
0.9060474071844324
0.9065374043467688
0.905229712837955
0.9003557188084058
0.9035456663420871
0.9084265780081618
0.9032648878383249
0.9092469661230935
0.902276192243791
0.9059577214581097
0.9005961870681393
0.9007102957566053
0.9030950167243448
0.9089330396938561
0.9077902105348356
0.9103270848574246
0.9079130868195887
0.9116070000256633
0.908033714432313
0.9083564281682144
0.9050362433033023
0.9047372688699654
0.9145090077364094
0.9039866542972248
0.9200115451484563
0.9017701476315766
0.9025346272128688
0.9096346349982712
0.9066265350601913
0.9005853300310767
0.909165793897295
0.9023672010175452
0.9121873937471717
0.9064816669014115
0.9019255620445735
0.9010650660784784
0.9097170958190969
0.9072694819635777
0.9040531757557639
0.9144673091257599
0.9040616780199364
0.9006344773748146
0.906318852757043
0.9039922999175077
0.9058324930561539
0.9005562022403648
0.9031251079771575
0.9040817138289622
0.9094977209214583
0.9065695938472668
0.9040292648677013
0.9000309819384144
0.9054350903112165
0.9086629063598924
0.903358655074729
0.9030163530581701
0.9012722465732064
0.9036963570420851
0.9073332607620547
0.9027152260379134
0.9000575201906383
0.9002934245745438
0.9002647146051416
0.9004518715866433
0.9025406144796188
0.9017173758966991
0.9034363060294353
0.9065125240593084
0.9085595005678708
0.9012003472341448
0.9075360163512787
0.9011727368341944
0.9007220654078053
0.901625358010536
0.9024390076782741
0.9067004253020331
0.9058220730936098
0.900384361129041
0.9065909703081685
0.9122722746021803
0.9021267121279838
0.9081400256455168
0.9032256843180526
0.9106711969774782
0.906286026017731
0.9066274188244647
0.9064174232016705
0.9002418272943368
0.9050484282038737
0.9100279538833456
0.9073806476877542
0.902867744208242
0.9010622899147461
0.9071463214492563
0.9075158230616692
0.9022130011685456
0.9073731116534256
0.9113686619498809
0.9022268634964328
0.9016960831164892
0.9020278000277592
0.9054442490527908
0.9045472609288544
0.9017660936247306
0.904664830981132
0.9047026589710039
0.9053106564105576
0.9037523178916989
0.9041031206962552
0.9049019999752695
0.9023828182467695
0.9092717620585047
0.9153990004969133
0.9026238305768146
0.9132804164428665
0.9051670464149161
0.9067502256127261
0.9018030504867827
0.9063524156355935
0.9034513397965647
0.9038250218472164
0.904570527012823
0.9056319013358407
0.9018544540707005
0.900981788745083
0.9056637105191192
0.9006342636074993
0.9026421168183959
0.905440159025659
0.9090049292214184
0.9019741051488661
0.903168876101711
0.9106162208736936
0.9031501242168788
0.9052036810369917
0.9084861149167329
0.9053915175707411
0.9051850541132167
0.9043906749183608
0.9065163233488124
0.9022393613351608
0.9048366614375051
0.9043862156916761
0.9072135607361614
0.90699520275608
0.9022659947966211
0.9157433170564614
0.9061692832822916
0.9006279119769045
0.9071020231783927
0.9046348704042546
0.9033929357462165
0.9005855721306267
0.9016767537293986
0.9041223914796852
0.9034153328510429
0.9025017063791955
0.9009958706075677
0.9008053817376265
0.9023781910244044
0.907481135276001
0.9010384596745151
0.9075682289339634
0.9009163793290859
0.9104158283574905
0.9033143155543103
0.905718713576333
0.9023728463749314
0.9064308888082547
0.9024623964715182
0.9062082165577261
0.9051095204435389
0.9061046013341761
0.9007558856177583
0.9037402549644834
0.9078847117445783
0.9023975030015318
0.9030895871809608
0.9060302754349877
0.9077555690445169
0.9080128781442948
0.9051533878754318
0.9066569071779202
0.9036076172711327
0.9003916160429835
0.9067395798778427
0.9000224204285203
0.9051349130977404
0.9061705596063956
0.905122204059243
0.9003736349795095
0.904544529087596
0.9036776164246044
0.9055222969744962
0.9095402084588781
0.9032630134546926
0.9061902923619652
0.9008722641771689
0.9024173537214892
0.90269380422195
0.9048156709437052
0.9094253597256697
0.9039773179774239
0.9062755970799885
0.9042724780559747
0.905853205106974
0.9022744979844998
0.9016119089442032
0.9071965626712758
0.9010307834968284
0.905542296913866
0.9112509804778048
0.9068123655967013
0.900892647586368
0.9038180709039949
0.9060109495758125
0.9028102588157187
0.906029877659498
0.9012113923572811
0.9053679316265477
0.90285591007015
0.9072960321353702
0.9069224376654942
0.9047132584619034
0.901535228096955
0.9069320099207936
0.905096578823096
0.9080605644316664
0.9052490334195481
0.9014308431048725
0.9027361700445204
0.9018879764793859
0.9038137165802146
0.9112655478289865
0.9063151056497577
0.9009543510608824
0.9121977424786045
0.9146023513666957
0.9041199737763396
0.9045467685186659
0.9020954413170185
0.9031086023496027
0.901973500966524
0.9060713823671506
0.9015604442551061
0.9064030375835895
0.9014416893793831
0.903978922239483
0.9067612764472757
0.9118081181136566
0.9054718320010489
0.9022219763290193
0.9012062039761138
0.9080588567847369
0.9182551944212859
0.9017608453679676
0.9023728666116599
0.9007460748474712
0.9063795548843171
0.9145763399710886
0.9000491881392788
0.9005043566421851
0.9031845877234439
0.9092828960380708
0.9107505025559335
0.9113802814787075
0.9063301113248066
0.90083782351367
0.9027142806708919
0.9088324072823445
0.91032690609264
0.9006446892075474
0.9063174633138467
0.9067990867467446
0.9016913226857098
0.9110330351040111
0.9003293967914592
0.9047296446871225
0.9086273004708887
0.9003805836753606
0.9036385283017301
0.9033773425590458
0.9013090058683446
0.9074716130758117
0.9009154446865788
0.9073335642821392
0.901666154074896
0.9013036719156499
0.9054158998544364
0.9035120826751358
0.9004782413303363
0.9034876893526043
0.9055686253591285
0.9093120662060522
0.9058439690649093
0.9055450289808331
0.9032547889919103
0.9034794089248581
0.9000397212965682
0.9023155628513995
0.9031678808299278
0.9031308771361828
0.9055558002862542
0.9048866751190473
0.9080743814690808
0.902644037609016
0.9039109069067139
0.9015979254091356
0.9025745992005969
0.9059154919487319
0.9060171393106464
0.9073514729858877
0.9059811656588889
0.9006582415894088
0.9091410106954557
0.908653989452944
0.9030416882546841
0.907281956288005
0.9062331632266902
0.9042911412355134
0.90257759104937
0.9043646664993193
0.9005950937382227
0.9065502330518913
0.9091328547058318
0.9067687954499779
0.9057403427459775
0.9008830505063233
0.9025224783413446
0.906970111502033
0.9025241504954696
0.9021625705440827
0.9070049480026664
0.9053423926254975
0.9047369464356338
0.9046355568864631
0.9072177242897476
0.9009621901205744
0.9040416787104166
0.9142354224472841
0.9140779243203677
0.9057853391430816
0.900411722907738
0.9016379469545439
0.9071489610958251
0.9038208354021003
0.9004519352437544
0.9070444434106454
0.9054132674929244
0.9038235708587108
0.9019864203703234
0.9018334190979576
0.9050850372659441
0.9011584440005249
0.9027615837359427
0.9083999612647977
0.906191051222285
0.9016062409075962
0.9025904761843594
0.906894467475154
0.9060582006512716
0.9024393609818019
0.9020578502982303
0.9007770789880504
0.9076613773627926
0.9026670514348922
0.9003991916286482
0.9054837397669048
0.9022136168904181
0.9064991392434396
0.9021106093939556
0.9028613723710476
0.9019751023661668
0.9065426772990689
0.9001372310584334
0.9007636973023306
0.9022981204780574
0.9035464302555346
0.9006865977043136
0.9034567769880116
0.9042570430958156
0.9058430285292813
0.9051389775587403
0.9336764445665152
0.9078254014512148
0.9096940853297616
0.9044204963451355
0.90993403210953
0.900630079532891
0.9005843361265048
0.9044994520866441
0.9004259991170411
0.9023454153765489
0.9000629115414349
0.9028414789556533
0.9029503820470043
0.9122948114796787
0.9029055482632127
0.9019906744949789
0.9045898886642301
0.9126199883376014
0.9013408987977419
0.907733945121176
0.9092364791205368
0.9131405117465191
0.9009107436873977
0.9020514740046075
0.9057994822390115
0.9157344980669415
0.9035283839727953
0.9028425363816859
0.9038332318766069
0.9062540537060886
0.9085234230551879
0.9002070156738907
0.9062017021150932
0.9047793504811519
0.9093467217300943
0.9023929084254945
0.9117630744248906
0.9004836050445315
0.913267948140314
0.9004210872634495
0.9033718451498393
0.9076092327406551
0.9114608388121781
0.9056831346268468
0.9002912259028337
0.9003217972072761
0.9071196685341236
0.9068182609085012
0.9023427777184162
0.9004384421991212
0.904337486895284
0.9075824011081022
0.9023086349478018
0.9058875562599795
0.9089056252291492
0.9089415785945293
0.9049141762172492
0.9059107875715978
0.9069575229082275
0.9061486126310411
0.9058581646583094
0.9027816211243418
0.905100654842376
0.9008414710734015
0.9042343153831851
0.9061716438702462
0.9064951674318883
0.9020012418806015
0.9043131706248674
0.9015900933335158
0.90421785950142
0.9021427274295073
0.9055248707157495
0.9017130312378819
0.9002584055101495
0.9076090530172333
0.9033929265609607
0.9074142330862236
0.9054320388798868
0.9034600552992867
0.9025246385206166
0.9147016242351413
0.9135494016384023
0.9074194731189048
0.9156792795559898
0.9018170261374886
0.9069110442139025
0.9096105999736451
0.9064127946910495
0.9012232278930378
0.9069853559454926
0.9018130436790838
0.9000544959320411
0.9032998618685876
0.9068392955685973
0.9003037287275393
0.9104111725049769
0.9034314681909117
0.9002290143070225
0.9061443191273413
0.9045168956854103
0.9075120831913326
0.9015303206660935
0.9046417286845205
0.9038361649190003
0.9031332421164598
0.9011968211943562
0.9178414819163974
0.9053841810915669
0.9010162227642953
0.9089623066449757
0.9044587872242245
0.9005180828668089
0.9006627432794208
0.9066995025793935
0.9033474352053255
0.9033085375318557
0.9068507844925744
0.9066359992290259
0.9045215309264519
0.9060985109321746
0.9024260174631494
0.9064808053947071
0.9064718482557748
0.900213731216357
0.9062672700912936
0.9011328983628615
0.9031563372877062
0.9051245032926134
0.905654916587849
0.9036997481059137
0.904118382078624
0.9121835418611999
0.905298835301418
0.9036977184302145
0.9036739487564406
0.9008606231501721
0.9014882808985234
0.901066018276457
0.9019147895704503
0.9077308526630274
0.9045410582503332
0.9090464283036604
0.9006396349150451
0.9019420707771668
0.90775626617015
0.9007493288182353
0.9021481058402112
0.9071208131000714
0.9053732032155727
0.9077853298339539
0.903473388451288
0.9066600767297834
0.9009097675388928
0.9057794495014975
0.9016212483055024
0.9047670723844664
0.9003609626236815
0.9042291354015194
0.9008365175187327
0.9037616744308882
0.9089005492604725
0.9028427285372251
0.9058517228882952
0.9000021387042635
0.9005854176658998
0.9060613206332973
0.9103206998287258
0.9005393402894691
0.906894020780554
0.9096729392170704
0.9094183403651501
0.9042854300634566
0.9074560172666385
0.9036474467876303
0.9039194287564892
0.9090309777505885
0.9110504867975533
0.9034503069455179
0.9047566907062868
0.900796892212929
0.9107306753115947
0.9013516015091534
0.9003060993338564
0.9015162471181796
0.9038182456112152
0.9071105116780479
0.902762212237915
0.9041024193146978
0.9015739352857355
0.9053561072134332
0.9051358220722131
0.9062947000496755
0.9027080391737953
0.9011108506356215
0.9032340532944919
0.9120353828143699
0.9054486215555949
0.9070359755977583
0.9006915092272373
0.9000637812761244
0.9074370198689934
0.904413932008483
0.9031782777245897
0.9045981630563815
0.9031794423577613
0.9064934578522894
0.9057169041575255
0.9034414245500784
0.9069734450678807
0.9059423784580775
0.9002405098767526
0.9077349560053992
0.9012228820718922
0.9052697672515857
0.9119331010765668
0.9037562560970264
0.9041420935250742
0.9015924319541604
0.9016259611306572
0.9029374436891595
0.903895920780842
0.9041486360674723
0.9000840332251387
0.9005351262904135
0.9006485509903911
0.9045904464392622
0.9008690862062793
0.9037318230478647
0.9024174841214101
0.900966653264887
0.9025540109774611
0.9104778464877822
0.9038071496897047
0.9052668553306256
0.9059248756954537
0.9072827409006518
0.9058292209155366
0.9046126029987258
0.9030640629316652
0.900138911259118
0.9039605786448951
0.9094361075749827
0.9005566431150563
0.9005214102285889
0.9048178484432059
0.9041211872365316
0.9078925677349433
0.9006334471743205
0.9093335279486398
0.9031156271685192
0.9072932995262267
0.9065643384220011
0.9031687329401664
0.9074140665748257
0.9025413337956713
0.9054472276844536
0.9135520973476369
0.907813680142074
0.9119487402764752
0.9008684819804307
0.9101825986939958
0.9018487854147356
0.9041065134246419
0.9002079591072665
0.9081241899799797
0.9003594289128508
0.9119909696887291
0.9063759045597622
0.9000198354812303
0.903114972584181
0.9097823611526881
0.9028577514464996
0.911154458937636
0.9005361716498168
0.9018378682739856
0.9074093156334402
0.9056150658421402
0.900576542594202
0.9048056271016062
0.9058456175841083
0.906127377075437
0.9020124619113911
0.9056174563794321
0.9002371572354172
0.9005350692897416
0.9029095151275008
0.9068194029477367
0.9023444099411666
0.9073041366736716
0.9044604145818433
0.9097943075049328
0.9010705299071036
0.9046564012916682
0.9113301633229663
0.9097254743962906
0.9016570314376104
0.9048639236411932
0.9034165988463
0.9067513571008501
0.9072592860082631
0.9014442958098264
0.9003122000606881
0.9039072018886241
0.910084884842743
0.9042831030304471
0.9123449248171409
0.9032618133302293
0.9018016609658063
0.9137817240323655
0.9026557346605322
0.9001567960864792
0.9080089760318447
0.9045454420676501
0.9015888205899647
0.9020791769769795
0.9004638834557304
0.9089255192790126
0.9032903640607757
0.9038138748619834
0.9063297478063559
0.9074470031867431
0.9082926296413805
0.9052417533770957
0.9034151367519675
0.9033996083937837
0.9101826581364089
0.9091282076352363
0.9065532340752798
0.9057145949871452
0.9010847176029935
0.9002476088545417
0.9055315655243253
0.906973206215766
0.902503562016092
0.9051632688988097
0.9050272393378426
0.9011341457665033
0.9014503954806247
0.9059279183641931
0.9103626011201124
0.9059900908181563
0.9073403618621152
0.9068959580039572
0.9042332454743642
0.91576055162723
0.9059660506380142
0.9055368888233618
0.9082306211463652
0.9072220931823808
0.9068720544340336
0.9044223076825089
0.9078721428204208
0.9082528341384751
0.9075351005910506
0.9055545709884847
0.90749370852457
0.9028515156342685
0.9054439449859023
0.9019292477527379
0.9056798301370108
0.9044290438975466
0.9081085899180876
0.9024381987185158
0.9008867298408384
0.9085969781738008
0.9037599419335339
0.9033603666489194
0.900878396450351
0.9000898938636012
0.9048527035189344
0.9048547544113339
0.9002601578667642
0.9065850477520946
0.9008060528012024
0.9070273334842149
0.9017422433303658
0.903373608130117
0.9010874272928494
0.9053873675191656
0.9175480603161813
0.9045257997768632
0.9007399752107507
0.903263752860577
0.9061160929879251
0.9031337166012853
0.9052106072984902
0.9082684740513187
0.9030280482668323
0.9068453568310572
0.9115775654699768
0.9067890075286992
0.9092024558695679
0.9049850978626071
0.901421471546278
0.9038521394836384
0.9030917138105805
0.901526783524917
0.9020515180230008
0.90637016720304
0.9045735378059697
0.9066980151853837
0.9026279468386617
0.9090177742807382
0.901730822096716
0.9133983561256696
0.9078878895100103
0.90254526514823
0.9001599105069285
0.912350135437641
0.9006768042787116
0.9061319989850548
0.9026245648526966
0.9022609796748509
0.9001350661875556
0.9063646685103985
0.9059177133119016
0.9054626697911823
0.9000816744071165
0.9068069312119634
0.9079824171291353
0.9021853249769037
0.9048768748207006
0.9059973587589006
0.904314533522603
0.9008564658266577
0.9072174011661474
0.9065217670061735
0.9086738961049267
0.9000072503996567
0.9051849751576961
0.9000654075143775
0.9041863943247441
0.9046445615600054
0.9053478138138127
0.9054842685522249
0.904867790025402
0.905500970769295
0.9052520493184932
0.9012038545246955
0.9056384127951942
0.9081172304769862
0.9024151585949413
0.9031888595050342
0.9042931630210337
0.903713946252476
0.9137921032914795
0.9072790276039159
0.9001087097200061
0.9069208499427506
0.9026359407872926
0.9061656036070638
0.9064498991854241
0.9054360980272786
0.9001474459615297
0.9033932779727237
0.9036466638139842
0.9003737464235484
0.9049860974964221
0.9020046762036167
0.9063471522134703
0.9046503426146187
0.9015077910705565
0.9022289222973902
0.9062365652330017
0.9054046958568661
0.9065538515005243
0.9043312110949921
0.9040826242856964
0.9036502297921647
0.9082244044818224
0.9073384636031777
0.906840394566197
0.9014817323445276
0.9045349590745437
0.9097802787294101
0.9056272607260228
0.9027618329326815
0.9017187051378184
0.9077172222944816
0.9071530401859089
0.9018555616786148
0.908206361440093
0.903234666931511
0.9040927918533134
0.9005459254878778
0.9058669303327112
0.9061673127732335
0.9073536084376633
0.9028259153977148
0.9057154095462183
0.9069909275018377
0.9010902209028625
0.9064902371340366
0.9061053062635325
0.9062052588161797
0.9033833596975622
0.9099428567203824
0.9061557793815255
0.9077938147456194
0.9044055849590148
0.9000573577933009
0.9042816646194631
0.9072003136389302
0.9069364525394422
0.9067747161142551
0.9111804818189417
0.9074148889833381
0.9055226867868241
0.9035744193492768
0.901421539653489
0.9094015215950532
0.9102275247626083
0.9018026729773506
0.9248411125504412
0.904864747544408
0.9011224254700965
0.9081223741983792
0.9042745829960659
0.9000545133034651
0.9032837664339636
0.9029068467543899
0.9015898217530223
0.9030693052536372
0.9026281130029912
0.9015463783181263
0.9042243481792737
0.9016254560336168
0.904829939935487
0.9041814508588384
0.9028778314158241
0.9071565328899936
0.9072502419120643
0.9075365383352231
0.9003350291070251
0.901268042989785
0.9135993281087442
0.9078195468782474
0.9038870501716862
0.9050113628844372
0.9034234246189353
0.9001931571641767
0.9043269128283661
0.9114255288797636
0.9095423891959573
0.9017387440967584
0.9034723536467285
0.9051220557647555
0.9009125692486212
0.9040140962980812
0.900400220494732
0.9033604668284969
0.9067712023275237
0.9049598337157988
0.9056610676535216
0.9028221954919011
0.901445138253566
0.9028919112296772
0.903466732115496
0.9075188253210346
0.9017263094778187
0.9007873494239957
0.9034942528022571
0.9042159730692305
0.901302668498655
0.9056380422196378
0.9034100443128881
0.9041385234581245
0.9109396573712358
0.9016339582262798
0.9050159647209794
0.907381459248038
0.9024967766480457
0.9059817071248902
0.9082742178230656
0.9026072593672498
0.9040176971164805
0.9049848489685138
0.9035365371453669
0.9040558760850946
0.9052033995032871
0.9046307946835517
0.9027494454755235
0.9089682704804137
0.921842512769994
0.907033892826022
0.9078814451848763
0.9134432875821863
0.90297898797645
0.9088038866889059
0.9071823362940954
0.9151327664608985
0.9093961836186252
0.9057468349856012
0.9047504663808403
0.9067631862146837
0.9075202589577589
0.9015244263046542
0.9081403522039465
0.9001477404414935
0.9084629180596788
0.9041817993257141
0.9020253393115208
0.9036173172399395
0.9047931724630258
0.9069457727646081
0.9003387570534211
0.9049446141456444
0.9004556089785581
0.9084180235762307
0.9056901303230062
0.9131679785008003
0.9039731621391605
0.9005140171099532
0.9052658396636514
0.9001882192192016
0.9019149988585595
0.9028545224879903
0.9082112435259543
0.905515697992796
0.9016681524252623
0.903628438637049
0.9020167986148201
0.9054455712797802
0.9010346996121473
0.9008856007822764
0.9032069807693531
0.9114430683046801
0.9027077859204653
0.904170377437995
0.9047581351431452
0.9020491128319339
0.9061981186651554
0.9015047873436238
0.903077412387893
0.9055519168922177
0.9002971535147558
0.9053140453455604
0.9001207992011563
0.9074196033678223
0.9064534627739981
0.9045949702557733
0.9067159289256883
0.9099828541240599
0.9034975299215107
0.9008576860153307
0.9078226591452566
0.9073465655007871
0.9020038205379838
0.9084276032890239
0.903366367931938
0.9039767552684865
0.9067731024608496
0.909059274154065
0.9023166623524617
0.906471753474748
0.902101451668787
0.9096678164526427
0.9000331543947498
0.9077596033180361
0.901043568475633
0.9076455775501198
0.9053079033560508
0.9102664350018154
0.9049636529583196
0.9152594297467375
0.9032260991532597
0.9199158452752703
0.9071473533989731
0.900418471660489
0.9006712396446245
0.90592022499577
0.9017845794424462
0.900261592053546
0.9009089640492272
0.9045928387925326
0.9037801898946828
0.9016050466039904
0.9058669796698822
0.9029294556842672
0.9035069886576436
0.9019602318931345
0.9040558926433516
0.910217030180739
0.9089083816683362
0.9006306316253483
0.9083932873931575
0.9045876351457637
0.9054092414691124
0.9036412008996654
0.9024217960688309
0.9046062347004707
0.9053060941811165
0.9015929322793275
0.9040501167035355
0.9000533953558253
0.9036169095502431
0.9022556193889565
0.9038257728483158
0.9029321500907712
0.9019784420214362
0.903585771475755
0.9057669363430542
0.9075099908522862
0.9008640862314081
0.9038447414468344
0.9048615154507231
0.904462480353573
0.9076247587093993
0.9040208868447728
0.9015609512243989
0.9011933963265424
0.9076777853063019
0.9080189542119059
0.9058990395283136
0.9083051493377434
0.9012631653025046
0.9039445486247778
0.9040810643570866
0.9033802253907344
0.9062121859551671
0.9020588603463459
0.9032003355295527
0.9094443690648538
0.9027738753461547
0.9058752240680596
0.903897634178559
0.9027833078339159
0.9062623961889694
0.9050656215734583
0.9007140763284658
0.9077220693571749
0.9031686042481039
0.9038156950959172
0.9059101212457592
0.9053031351175592
0.9062431125463628
0.9031436316734776
0.9015407586160445
0.901692556547496
0.9021523311297369
0.9109227137962239
0.9017176744115807
0.9025500242585173
0.9021234564478533
0.9035731384287822
0.9027558444384698
0.9073425455169308
0.9070364903281699
0.905172727740448
0.911359566000446
0.9095765067022143
0.9116763997295455
0.9027827885313939
0.9038648610215969
0.9027463917057612
0.9062161870398744
0.9044683651526965
0.9010223245965617
0.9058663654587229
0.9000529074028019
0.9036028277425076
0.9002722673668819
0.9045709912789266
0.9041591537901877
0.9014690800367389
0.9065002198675547
0.9078285530373101
0.9071140063912251
0.9034798301810111
0.9072785177911424
0.9010641008959007
0.9059912610025016
0.9002424287414903
0.9032580432755586
0.9031012259963457
0.9025688522040193
0.9028159163851783
0.9052623459238801
0.9048693841214924
0.9023805334332112
0.9083883765628555
0.905857566272664
0.9045817936033747
0.9014466703660337
0.9025119796556376
0.9017115691761145
0.9030448308623863
0.9081175976464033
0.909661992685656
0.9000741157356311
0.9074223566192281
0.9019194259973955
0.9086437303263867
0.9052511861532042
0.9035226481556117
0.9043396909165222
0.9041997070085849
0.9026781521721812
0.900264356633609
0.903897434253259
0.9082274717481837
0.9021386884863731
0.9030533914375388
0.9076397553884091
0.9026423607896955
0.9044606365171519
0.9052176293453562
0.9006950524549979
0.9156327008859192
0.902443095368183
0.90004892965917
0.9011708725309103
0.9019982989389234
0.9070941583096769
0.9084805070547284
0.9019287019061442
0.9111266569025896
0.9049338365924434
0.9058125074311755
0.9002990657026251
0.9017294670922108
0.9045819520204024
0.9044227651748724
0.9016468280690907
0.9080421875328896
0.9038117205153813
0.9047398112894138
0.9052577385466324
0.9002023817995471
0.9061775557684795
0.9083079931144223
0.9084895858058775
0.9053484167514315
0.9059069676414355
0.9128170572160244
0.9052953296847633
0.9029239982866328
0.9035279439223328
0.9081531073945067
0.9072752429486396
0.9038685379322268
0.9049325773024696
0.9015109160657241
0.9004117881953815
0.9035826886132851
0.901455898886676
0.9087628864404459
0.9075755323758806
0.9094446775164939
0.9013542478700253
0.9087985832770346
0.9088668509186631
0.9039314783531749
0.9068103813171355
0.9064432880297876
0.9004459484161381
0.9032839866015524
0.9031269242300077
0.9055353206745853
0.904522577237024
0.9005762286646215
0.9023071624097729
0.9020128778660158
0.90205772050474
0.9024203880868604
0.9133543646636603
0.9078303649870384
0.9015371697024231
0.9035091859565625
0.9006690548352847
0.9001777304412547
0.9088651962375
0.9000789194269229
0.9004077399108985
0.90196425665163
0.9007459280908033
0.9064170934632103
0.9039160821300621
0.9052465204394876
0.9024601532359054
0.9040040019276535
0.9016521243611535
0.9065150968787377
0.9070201533489074
0.9002678130624434
0.9005487155359502
0.9098778476676133
0.9065233264715287
0.911302626977101
0.9017391804316285
0.9049773682096087
0.9067299914399324
0.9012890667300706
0.9003356266678307
0.9063673671443656
0.9065803253418916
0.9078142398184996
0.904953406577703
0.9081425342418249
0.9017455239538656
0.9012841274215139
0.9047143401696681
0.9081997645136509
0.907423060415125
0.9080026746119015
0.9067571561155635
0.9051323213268692
0.9065693979493649
0.9026618991717262
0.9034720101516335
0.9141888915031812
0.9081538448313222
0.9033763114323792
0.9021124787186151
0.904900381795695
0.902729807681946
0.904545850156713
0.9017262228888729
0.9054176460436467
0.9034333500345879
0.9054553072906607
0.9049125429923675
0.9095988936584879
0.9046133646049004
0.9060495199129558
0.9000446156284893
0.9007400045870849
0.9052862931968487
0.9041898701050548
0.9010363009446521
0.9040929627393625
0.9021038443867595
0.9047007268857075
0.9064831977873464
0.9092635119186658
0.9046585023033681
0.9046597571586162
0.9010584966363192
0.9021290429014273
0.902428755658682
0.9026438841251273
0.9004812892682107
0.9015436557768635
0.9100996866909521
0.9047009546749443
0.9056203524622555
0.9018722995277549
0.9030497003209248
0.9029886498573532
0.9007064692697344
0.9022742862041689
0.9104106190066439
0.9024995341173747
0.9036162871654239
0.9006261307927629
0.9046555964689531
0.9087856420300732
0.9054247643370136
0.9015311667220497
0.9035616874156881
0.9002907428904656
0.9074649613638792
0.9040810444928618
0.9024660367244302
0.9017186490948542
0.9072509914778348
0.9049477007948555
0.9043900452348391
0.9081408859192374
0.9067659107592928
0.9030842911335017
0.9243219813839667
0.900318413396158
0.905700952653717
0.905174061449077
0.9168240166189993
0.9052045733613472
0.9065301756925267
0.9069204013481511
0.9047368712931141
0.9077572438350561
0.9093263544183239
0.9042410665864103
0.9040084925685962
0.9019631143279814
0.9053231599891015
0.9106571268514596
0.9060112123916217
0.9084064086979552
0.9082034087912961
0.9002858673727823
0.9042249503563032
0.9057137546396274
0.9012666192593534
0.9002680330809848
0.9005507596427377
0.9017468959304831
0.9081250199238359
0.9063677504604213
0.9021486544791332
0.9041801535562182
0.9150155057563326
0.9040762626928953
0.90185401409122
0.902299073901884
0.9006569506871727
0.9037609286016232
0.9028432587890239
0.9021572128589871
0.9014996026870413
0.9016877111940288
0.9003674761478159
0.902592427956659
0.9008925155228955
0.9043470517731137
0.9017455413283572
0.9011857371651106
0.9036155795231791
0.9039854493074152
0.9036404443217467
0.9082960180314402
0.9023087989248593
0.9005081622353822
0.9032465134517547
0.906618065117119
0.9065906600066126
0.9017924872769664
0.9035045705225615
0.9090059377196438
0.9013856996143645
0.9054772984218191
0.903700095299701
0.9020905140824869
0.9038545998228286
0.9042458816317123
0.9078344730509165
0.9206607277068237
0.9064177902728752
0.9062670186879971
0.9003627412966673
0.9099023305528431
0.9021981810453997
0.900496428242304
0.905951095980333
0.9029681861298356
0.9081024104908638
0.9059852774488072
0.9066444727677794
0.9039095709505867
0.9014183612252908
0.9029128083155139
0.904395245225756
0.903467097025937
0.9003482332000422
0.9079560859960879
0.908311081204032
0.9024519325184094
0.9056552119877921
0.9037727615797487
0.9054701315219392
0.9068283977971122
0.9011053452108944
0.9027348666783381
0.9010034276817478
0.9042143484061671
0.9011012257748742
0.9031616488350505
0.9048804661974078
0.9079850190872392
0.9021232685667302
0.9046993643732837
0.9021141703320651
0.9067834066290101
0.9078301276178287
0.9016193551918302
0.9068191198721631
0.9078493749602504
0.9008782371463366
0.903024890363019
0.9149894102303721
0.9001005673494527
0.9077382148375398
0.910397187516615
0.9025851094397281
0.9078760318410652
0.9055650657300776
0.9028636251760721
0.9009180132246511
0.9011408456853155
0.9058333255899561
0.9053721124909481
0.908604113828857
0.9011564777518847
0.9050966745296588
0.9056485064718849
0.9038741278329486
0.9027569824033445
0.9038660776972333
0.9024428574009986
0.9074273950762957
0.9076972839574052
0.9055812166164634
0.9054821667637477
0.900551644583726
0.903505533673997
0.9056570368845014
0.9049159830576805
0.9002079954225667
0.9110943374395153
0.9061962059146627
0.9080099825016689
0.9086286717996367
0.9087271889970997
0.9041419513984409
0.9061833127071772
0.9046143121170581
0.9039576306725166
0.903824050615172
0.9014899299044877
0.9060436128680904
0.910016009008719
0.9122650778924447
0.9071697102411223
0.9008029847345799
0.9077109381682533
0.9064967168507412
0.9014186345669704
0.9094386583595857
0.9017018786567776
0.9008508641447611
0.9035399526950768
0.904280661776569
0.907891152909241
0.9083698639687303
0.9058865784049422
0.9004259502361917
0.9060612049316495
0.9050455253207157
0.9015859307594137
0.9114703766588279
0.9042722596172388
0.9080107580800113
0.9024599659835515
0.9057517090413553
0.9091980835473452
0.902230235289364
0.9037485268629046
0.9043590463799652
0.9063090003566393
0.9026710583862241
0.903985291855589
0.9012473154100169
0.908888143774579
0.9021681712008163
0.9070797200642332
0.9035975722102548
0.9107065612143251
0.9045173268105965
0.9095180726663303
0.9001782435339859
0.9059196518418249
0.9047291087336541
0.9058511168083608
0.9005251002768514
0.9011142896991587
0.9019516713677134
0.9010905069702886
0.9062021978782981
0.9043288227581426
0.9055539485720903
0.9060518627631534
0.9057684727575033
0.9043578138027655
0.9012936952854862
0.9046251646375327
0.907255210411185
0.900723831987308
0.9047762183561708
0.9034288154055554
0.901662900705916
0.9091946446182374
0.9048289915165401
0.9024763710372123
0.905433828015061
0.9008193484852773
0.9008974424134284
0.9077694166910187
0.9076514110922337
0.9065991219476682
0.905850586753234
0.9029025973749097
0.9020994175460583
0.902560469034332
0.9245576391131703
0.9089903768915139
0.902309868449437
0.9111354645565676
0.9057145435910845
0.9069209335805251
0.9050684251607829
0.9094285274773164
0.904582309796107
0.9098263324505875
0.9012906325559865
0.9060008786443664
0.9101425513239577
0.9057902381134236
0.905718857787708
0.9073553964372272
0.9060657821989343
0.9074917933961955
0.9073691403383185
0.9053278649205836
0.9038399637747138
0.9049197331662149
0.9083074641492775
0.9080579741779431
0.9065492752329127
0.9051365231131782
0.9090967749651316
0.9038749165455763
0.9042730118561016
0.9030606391848433
0.900515907384199
0.9057280048985942
0.9057286422880653
0.9011198738950904
0.9039522357786214
0.9059003714838793
0.9095305783696919
0.907442276041046
0.9039677355823246
0.9036114833849331
0.9018305400781387
0.9043095628612968
0.9060649605189951
0.9092495525134343
0.9025294693347617
0.9043134297463268
0.9009952230508709
0.9072659970868628
0.9010612889764699
0.9088160757758208
0.9013490127857372
0.9052487497508444
0.9071728902093298
0.9030943811170827
0.9046547921519255
0.9032920589379613
0.9100737671517224
0.9018588357329951
0.9005399047385868
0.9031744622130898
0.9060428608567681
0.9036704716656582
0.9042972020937363
0.9002724100010566
0.9012991386963306
0.9092166400204702
0.9031733964772422
0.9062192846660274
0.9029842014429331
0.902665763379721
0.9095145884334096
0.9067725634622604
0.9075451626624217
0.9011590090438042
0.9020258378025974
0.9061174228382279
0.9080629042858762
0.9046360083089143
0.9076678988278841
0.9074828632986479
0.9022819432274459
0.9025602995698372
0.9014641024124835
0.9080978456319005
0.9061399315676564
0.9041570269859145
0.9063144820583249
0.9043724150176561
0.9007382494936063
0.9044390376791477
0.9010876745473829
0.9032995873986345
0.9043841059140599
0.9046306805699704
0.9073468989627387
0.904532852775084
0.9022719024707231
0.9018057396434042
0.90697535612873
0.9035097332044042
0.9006960375020242
0.9056921385342617
0.902494313535038
0.9040298210789043
0.9046265105578217
0.9042570566565881
0.9001498455092055
0.9065913911981042
0.9013441866898655
0.9019367597132316
0.901320319165455
0.9038694185555509
0.9060112115722876
0.9019095400832041
0.9013495939109543
0.9090877672078947
0.9051228997104755
0.9007987791565334
0.9112354678021216
0.9022954206909526
0.9006486789815579
0.9070783999415882
0.9076461424951286
0.9084525141496571
0.9015743265749131
0.9077965448768165
0.9055288696687367
0.9049041627645811
0.9070383848978683
0.9062855601469497
0.9119724954666637
0.9065507688985377
0.9065589160606623
0.9036730257740591
0.9000578366245188
0.9047099364661796
0.9074140821128281
0.9033721634401454
0.9060059337692206
0.9127927603652382
0.9059142305070326
0.9068102946019168
0.9020349435285668
0.9004560181896101
0.9055254420197053
0.9080849566922949
0.9052797781050096
0.9052869927536868
0.9007464817210218
0.9037686214481461
0.907272527499877
0.9040115295595286
0.9045156177920103
0.904474429556306
0.9100208482602874
0.9012789338957935
0.9007027672687458
0.9042701327997811
0.9006311910135728
0.9084972374769683
0.907731345049068
0.9021603639748642
0.9088754503918266
0.900795504529604
0.9058692124725659
0.9059523070270091
0.906068764563916
0.9035738814284826
0.9067797708003289
0.9021284433498437
0.905352095475906
0.9014516161042113
0.9043391699187169
0.9077872322597552
0.9067943061049109
0.9080287720035572
0.9013329122970373
0.9057734605256484
0.9066457472605708
0.9045403482388933
0.9119885869998732
0.9066880290394183
0.9030029532229815
0.9019635609200618
0.9135570854392513
0.9046393862420924
0.9014237694783233
0.9004240903582046
0.9055810563332855
0.9080101889485946
0.903250652303205
0.9095887081495969
0.9032403011610993
0.9001989763021576
0.9101139492269679
0.9061015472955493
0.9015841190604551
0.9037325012152331
0.9030647594317007
0.9012411024499657
0.9015159168062127
0.9026420019794646
0.9074051997072426
0.9123286458499418
0.9058852137376279
0.9024763975512925
0.904535506039277
0.9049349620627573
0.9046882774321328
0.9080757951391004
0.9092217585740916
0.9066699602924517
0.9048199135847999
0.9058355016808144
0.9136431726263061
0.9070692487049922
0.90098296129816
0.9046977968927273
0.9093119826224162
0.9017854813959746
0.9001988741022353
0.9055331019264449
0.9037928559288516
0.9050557227385104
0.9011566214361524
0.907614534805448
0.9063554260760261
0.9000904376380421
0.900524191114741
0.901782368650557
0.9107687740066264
0.9047820473196555
0.9023052788464597
0.9033006184688592
0.9038372435401485
0.9022105870757908
0.9063406185152466
0.907247597724688
0.900258220123343
0.9020310884895996
0.9081964501858676
0.9048707383295967
0.9021561360675199
0.9109199041853117
0.9001806681229534
0.9025746419937697
0.9061468705950483
0.9002079486996325
0.9039478968410001
0.903683423142401
0.9067385913140914
0.9005881385105936
0.9058081747221632
0.9011101476309539
0.9038591537768513
0.9048147980560224
0.9034435504226985
0.9006798621633447
0.9059747417281118
0.9045682399624699
0.9011612345356677
0.9065898173374531
0.9024477594059446
0.9026910645431152
0.9003719901539324
0.9026913267211755
0.905093538902665
0.906281928069202
0.9008426106709261
0.9047035150032813
0.9096263743238615
0.9025646416717671
0.9032601094689231
0.905010342261171
0.9084511093801569
0.9015663478500661
0.9087957773576265
0.9027739320797038
0.9053480820083314
0.9002942243899816
0.9047855704921769
0.9042913070551484
0.9111104299670337
0.905471218930775
0.9005471174490306
0.9038498508416881
0.9062163602284848
0.9110733588556509
0.9024969742674362
0.9085163977640174
0.9005179456199683
0.900054540487913
0.9058249685416057
0.9041570920609295
0.9140272459244351
0.9029587119668578
0.907333109147677
0.9030726285758351
0.9029965191111271
0.9066796649183725
0.900385709305061
0.905187950595007
0.9007896778108434
0.907799306804628
0.9022193756235017
0.9008901383254395
0.9026531248472865
0.9054325883167069
0.9048314949263905
0.9036765107435348
0.9051690105841074
0.9002789347728508
0.9047059102905618
0.9034641878662218
0.9051725395768769
0.9060490611184854
0.9068739186794421
0.9051787882424204
0.9077146507504577
0.9036830808614001
0.9072057728057749
0.9025176667370225
0.9002032342374712
0.9026945834825024
0.9036324540450431
0.900671407301383
0.9038798481823691
0.900590378984813
0.9037417894732199
0.9051582178549734
0.9018524992911279
0.9064102283530101
0.9021738497343901
0.9035681292594678
0.9029596332277375
0.9005573282021071
0.9038458457457694
0.9053868408963005
0.9067689856571348
0.9032752750681278
0.903522365534606
0.9028723008894738
0.9072864279604855
0.9009297958052209
0.9029316592863984
0.9069805994746328
0.9110792092997916
0.9024518149488887
0.9019168878568675
0.9054625742497096
0.9076933656470754
0.9000983082140105
0.9035892211722855
0.9094128707673954
0.9062134208672605
0.9027081225166825
0.9084468089049591
0.9026217443196503
0.912453959963354
0.9095450800185763
0.9097470542534909
0.9077932390179408
0.9010917927329759
0.9060836290084167
0.9033892257275327
0.9021421663873851
0.9033588632086476
0.9013294556950993
0.9017889245734817
0.9041712250521592
0.9036029054806559
0.904448985578298
0.9080655481857225
0.9038624197824332
0.902432601460119
0.9029242080373738
0.9000084252205032
0.9048977980679495
0.9005475523172395
0.9024360179604732
0.908513919582391
0.9076381869304582
0.9066219510237029
0.9001971976150503
0.9044452392738319
0.9015359342885901
0.9030525516813215
0.9005210450878709
0.9080530896441619
0.9070339884444212
0.9047573226532388
0.906421123931812
0.9048340597886521
0.9090111042087742
0.9033371123812479
0.9055298920648855
0.9010183184015084
0.909708522542614
0.9005824278728702
0.9002940889535332
0.9052169118583332
0.9054748418356672
0.9054339212193125
0.9046438762087831
0.9093361564816804
0.9064920783064239
0.9017880311528774
0.9011128886729444
0.9081372124630129
0.907034140533935
0.9070861142367138
0.9038897556711071
0.9032601606546871
0.903709304623181
0.9041022466752388
0.901496888462242
0.9025106897235002
0.909071635694499
0.9062868780015549
0.9060918045102637
0.9058108076753756
0.9042489563311981
0.9078741391588016
0.9036344800941102
0.9114144783307405
0.9005876181797527
0.903329074503827
0.9040201470786697
0.9052543116186257
0.9037044175238086
0.9046140677858718
0.9008276240890435
0.902945383165247
0.9095186432675118
0.9014867969913823
0.9003488960977728
0.907119158679564
0.9066600598781909
0.9029973044933712
0.9014357320485551
0.9051686683857347
0.905668228109282
0.9049212075442734
0.9001839825770928
0.9037922869158241
0.9008829016836227
0.9080684764355292
0.9069499641039342
0.9054156726474748
0.9015452181937867
0.910509869521521
0.9100571935611127
0.9112282792583054
0.9029889026111044
0.902992232588778
0.9099980795941098
0.9060167547229837
0.9061675844452213
0.903461211678161
0.9059640392681763
0.9055861031308426
0.9037875749585135
0.907813281728722
0.9013303915319293
0.901359908772101
0.9082856063448029
0.9028307189689951
0.9020290634821104
0.9050537915235513
0.900045525735426
0.902920800856213
0.9029113610995221
0.9006201817670869
0.9082081707610095
0.9048120730514729
0.9073546937838124
0.9032857932875712
0.9051909012996737
0.9087898556323748
0.9069851713857281
0.9032227526438952
0.9027819530051434
0.9001342345603532
0.9107086602932993
0.9092785346489374
0.9013356442959684
0.9087569633159643
0.9038808772713504
0.9032935632153535
0.9011190046505066
0.908164153186903
0.9043184487229409
0.9012802236382261
0.9071231382806207
0.9012791436151152
0.9048263308434856
0.9093245175882501
0.9072602460445273
0.911578732757316
0.9029412827380174
0.9031953532662869
0.9061113546993798
0.9074188178279348
0.9045053600256889
0.9073203127174719
0.9040895654617506
0.9016004319786936
0.9061901838277302
0.9000431394241326
0.9034693181066268
0.901573990395197
0.9026243452421279
0.908939694285308
0.9050583914295293
0.9114475891120691
0.9125914094456921
0.9057431592399761
0.9018837263113472
0.9019581685807792
0.9058536232074483
0.9081679650833541
0.9056125609856087
0.9129111676710137
0.9067447172653237
0.9030416510467035
0.901314714653098
0.9073605672470685
0.9042525760818451
0.9009889602025869
0.9079767002992707
0.9027674620673415
0.905250964182506
0.9042137051840289
0.9055741746516582
0.9023433220260396
0.9136374156268514
0.9041468139304846
0.9037219919476961
0.903277891624732
0.9014206894574133
0.9027230960918861
0.9087130835640713
0.9001789013570476
0.9066754056460717
0.9075632612903117
0.9047591229118526
0.9000155905211212
0.9018988030951243
0.9007565609048862
0.9017404154708192
0.9001148613409627
0.9055292246747986
0.9025368773674294
0.9033363892169243
0.9046381370418205
0.9050206091991
0.9032444502301405
0.9091361854713924
0.9041273087489636
0.9073248295292563
0.9074261542410371
0.9077330652743976
0.9047542069883805
0.9030859353216514
0.9049240496509914
0.9038097302717718
0.9014773774185656
0.9065703644265343
0.9057512796674739
0.9007471354186083
0.9000769774627584
0.9004937579958122
0.903663914504187
0.904292544473642
0.9108180897827699
0.9009926505237035
0.902456332993835
0.9087584795413464
0.902011835617551
0.9044944075655036
0.900188227893601
0.9099829572263696
0.9020740126528101
0.9023882508710878
0.9089459738424706
0.9011897473878665
0.9046637454889529
0.9062470218332762
0.9039641996981319
0.9057571663149024
0.9030478476059574
0.9053547378973738
0.9051354731809789
0.9052850311642803
0.9036639344833887
0.9054591506828206
0.9023789913269209
0.9145701492648411
0.9071499022730741
0.9005870566043374
0.9001503392288139
0.9085508872302216
0.9044706788145925
0.9016754661969195
0.9005359378668322
0.9042241295739752
0.9101648317677872
0.9094876938793699
0.9051187973831859
0.908189448232432
0.9090429743867671
0.9075845170733332
0.9003697453691847
0.909106684123299
0.9045171863466946
0.9093334367925034
0.9047242643365588
0.9060654793951063
0.9036897923791116
0.9109494279355688
0.9019550019559202
0.9048281015396352
0.910952780152532
0.9040684320823196
0.9133256743179383
0.9036117866548197
0.905955955242827
0.9010158811837227
0.9064832327626787
0.9068060031781098
0.9022208478141097
0.9042217830154503
0.9012735755191553
0.9044517488656996
0.9063773473315304
0.9020812708713694
0.9044519505667202
0.9100524504667632
0.9075208524626087
0.9004896278503303
0.9053328962927673
0.9049398022030217
0.9060502598383314
0.9065940779987894
0.9065043552979272
0.9055054150607955
0.9028346414589116
0.9118276949811659
0.902987857565383
0.9060852809351877
0.9052877857668753
0.9044896933210221
0.9012708172100343
0.902049212075049
0.9010205959524042
0.9099140697254855
0.9024506400280166
0.9078079892176671
0.9016872986626611
0.9002955495355457
0.9022824209069277
0.9053715521599734
0.9021270828892031
0.9084300998027217
0.9068183215246021
0.9024771502612099
0.9041640811709559
0.9021239591902057
0.9056566923878985
0.9038669584737923
0.9163131272119691
0.9081282504519176
0.9022068036213294
0.9085602826079239
0.9088179736279584
0.9076618834388305
0.9040088256731096
0.9039089836200939
0.9113413276557288
0.9044651682733557
0.9000300632287078
0.903070851825002
0.9065762809975574
0.9020822182121553
0.9091788513185048
0.9090118507342182
0.9069631566634951
0.9034085310021263
0.9028142752224012
0.9054708250527989
0.9020755046659694
0.9032392420545976
0.9054236301437336
0.9025707506875285
0.9048198671574003
0.9005681529064112
0.9052176964143448
0.9078887872690449
0.9010349751414709
0.904504331736989
0.9080880249017957
0.9058080333323806
0.9019287832059203
0.9005043740520475
0.9037284293248679
0.9049722276319352
0.9092255837299331
0.9018526343599278
0.9063510852257111
0.9032911853998411
0.9002117025705615
0.9062915479315303
0.9000016451294659
0.9071174146316598
0.9159457144524427
0.9037088261054601
0.9028421900460111
0.9037668495015087
0.9052207726669115
0.9061351064785277
0.9032115859785494
0.9064581063204623
0.9031811248111831
0.9046556229976838
0.9065066734448272
0.9083250980577511
0.9055580431587966
0.9026601409347891
0.9046166650227104
0.9019148751383375
0.904321583974169
0.9137741274639921
0.9094705481328921
0.9029217399577789
0.9036929775828021
0.9004385249564995
0.9092021716373768
0.9089953592642896
0.9073965678110765
0.9016335270151057
0.9049177117312953
0.9055162860558231
0.9002498268793652
0.9023435416508475
0.9067172563483072
0.9077562222155948
0.900526006426828
0.9116311874390738
0.9052117720804544
0.9058210761371499
0.9119848078508617
0.9060952342095494
0.9080046963050526
0.9076205726236833
0.9064664523243338
0.9026930072941833
0.9056486944837958
0.9101687646542588
0.9020257608701666
0.9055136280809177
0.9083649180795116
0.9023006377770073
0.9033558649210329
0.9080107533437057
0.9062773883999004
0.9039511685049187
0.9003857031623907
0.9086579267786913
0.9132607079682218
0.9061796364778852
0.9006711518816396
0.9041723377863221
0.9218910317702859
0.9035184477714565
0.9061159761802948
0.9069511185199457
0.9050297786435169
0.9004605825081999
0.9021722286731191
0.9050571554071236
0.9003035181588814
0.9059241084375257
0.9034896673663368
0.912750293123825
0.903566029735581
0.9018430323585339
0.9049008548611878
0.9021910314787266
0.90507912122602
0.903905887250357
0.9031620181964182
0.9054246967281356
0.9058750456840389
0.9027268366644469
0.9051774462697116
0.9041197021991911
0.9029817967359735
0.9111991354783738
0.9057797475420906
0.9048441442424113
0.9036551181046718
0.9067770767899365
0.9066538795820218
0.9025640324127071
0.9025107170143636
0.913977512723684
0.9048114035290421
0.9075809134694579
0.905819241018481
0.9011149012248758
0.9017607444560272
0.9055075184576323
0.9021458928665568
0.9055804376498378
0.912530112316134
0.904513068268387
0.9128733261951947
0.9032297049580686
0.9077361595590071
0.9013808653721362
0.9017763018762519
0.902546597551563
0.916918611978394
0.9011417570544235
0.9058130628693936
0.9097679495387211
0.907885029219618
0.9015401435120411
0.9084154249738194
0.902401644096671
0.9111279227309341
0.9007172716950799
0.9010670081225626
0.9026326391501086
0.9054548522389461
0.9111174128758025
0.9056303494486444
0.9077061004720208
0.9098824135446967
0.9001159741072066
0.9070043547399408
0.9059880554188254
0.901495584138242
0.9100174377330753
0.9072812452171986
0.902921031542844
0.9040988210330648
0.9060474198560711
0.9035850359511755
0.9010937323005195
0.902048930182198
0.9004759832994796
0.9115827081195862
0.9016022778745951
0.9041218900891861
0.9013549521553138
0.9003133164825251
0.9035524905523197
0.9013583580635677
0.90071823024058
0.9000885097123774
0.9031284959774531
0.9057471995511779
0.9085096728502764
0.9053792385929152
0.9050597635673719
0.900718831668306
0.903254903743862
0.9091976036261694
0.9096727026183938
0.9005405751924309
0.9107343643255327
0.9060403686239923
0.9060428215779618
0.9038324223822866
0.9084165428877161
0.9020265556570514
0.911005069604311
0.9031674165956206
0.9081946477836114
0.9035951552355006
0.9085887581425109
0.9073877549903615
0.9060799593560293
0.9041027990016972
0.9019463770369738
0.9059806794768382
0.907449578039692
0.9008779274413059
0.9029440166147135
0.9014849812169308
0.9096332912949039
0.9071428700955224
0.905680312425819
0.9073249962606655
0.9071942179415596
0.9026167960319562
0.9016925885578425
0.9055819691173759
0.9011140032147609
0.9086285745925202
0.9041176994398654
0.9033542009542255
0.900432589744609
0.9028645618793919
0.904764987737796
0.9000614704687678
0.9003543113788406
0.9105784370455803
0.9003307902346285
0.904542359490697
0.9040335004591635
0.900553910235049
0.9050274077912908
0.9041140463473685
0.9044003545448268
0.9032541501719666
0.9027117692504134
0.9096914336783005
0.9123960100788393
0.9061852487695597
0.9087613298810534
0.9292059874777443
0.9134604697490387
0.9052172011073776
0.9138815909401937
0.9044615362949694
0.904627831095588
0.9032462724472201
0.9041444927621337
0.9041500790388096
0.902753225026901
0.9015550329845318
0.9013018496907688
0.9072098649487229
0.9035207296376362
0.9055449448608283
0.9095823001525637
0.9094828908601591
0.9101450116191457
0.9013545827136057
0.9017205012744928
0.9075326367446461
0.9024324848249159
0.9027197058849484
0.9073941075492271
0.9086805312066603
0.9063366483540657
0.9053669091985845
0.904886668177503
0.9036526334090839
0.9006077465890766
0.9065633759776476
0.900522626796008
0.9096038154125934
0.9031816906858617
0.9081852675797139
0.9132616112448818
0.9026115355931003
0.9076453555517717
0.9026107152638871
0.9012612156938886
0.9051701510360735
0.9034102969125913
0.9025623722852361
0.9054259649040546
0.9083980932949524
0.9019391748255744
0.9008640171793286
0.900279562591637
0.901145794136452
0.9073623561565044
0.9065171792024148
0.9061276563134356
0.9109294081924474
0.9081909222858872
0.9032991217283844
0.9050046554004163
0.9052171312234952
0.9078551198449069
0.9003862691120906
0.9055142334778907
0.91053643636976
0.9058379334647528
0.9074360421691094
0.9014991326684467
0.9044195059125895
0.9055986261237813
0.9236173425641805
0.9041767434979829
0.9042974954676929
0.9077396649089751
0.9003974195661192
0.9096974960582276
0.9059675455482842
0.9019399247059737
0.9028755275825258
0.9081366888981607
0.9028517444791492
0.905924686008473
0.900525441140906
0.9047291356149635
0.9002153077297356
0.9041147950867028
0.9072708064262093
0.9037029727648466
0.9044886956728261
0.9009839327652064
0.9011420208461184
0.9014605281534644
0.9148711872189915
0.9010212909153088
0.9053413784879106
0.9030525909744185
0.9084586604082834
0.9083006201223213
0.9057011352688037
0.9063897679342687
0.9006731947141857
0.902179709812094
0.9015377700626185
0.9034537054058368
0.9019253908044694
0.9048505462777955
0.900165655481442
0.9057327863193616
0.900410452048494
0.907982636001678
0.9101810320443132
0.9031697717979322
0.9013240962448278
0.9046860291826163
0.9154285891369753
0.9087588432560139
0.9021711977950221
0.9083599703131899
0.9045340802718934
0.9041111614830197
0.9082685441234013
0.9072947438557876
0.9023120035303881
0.9057852339114731
0.9067735668611457
0.9084941083584028
0.9011119907530922
0.9052315536349734
0.9052490678267203
0.9046335264970394
0.9021967215998856
0.905965312639484
0.9008229847108012
0.9079311675632774
0.905480180126952
0.905397801723426
0.9017435899209134
0.9051293006168378
0.9063718408075547
0.9064005221107174
0.904474711750842
0.9033494690960474
0.9002894397932839
0.9032981694835998
0.9072981136581598
0.9090831649001135
0.9064933922091037
0.9068710571564125
0.9022401728327946
0.9043084765495093
0.9007113097160871
0.9022679986768994
0.9064922792124512
0.908440787140443
0.9020729151294098
0.9003241080237823
0.904481467196982
0.9004849015809159
0.9030564070773749
0.9019973262092028
0.9033634717124336
0.9055414861867839
0.9019331508877939
0.9014150706062257
0.9026378983300781
0.9017062057285338
0.9043248476054206
0.9065627011666992
0.9081030170973818
0.9073638392507782
0.9058896958628159
0.9004277509918299
0.9000619447793591
0.904016400998343
0.9045247472254436
0.9052820093128521
0.9162767524531764
0.9048905477751978
0.9006998363473158
0.9051418413491744
0.913473809961052
0.9064839948732595
0.9031956492905141
0.9024235394148459
0.9023211249621346
0.9027369536479238
0.9005053357063425
0.9034434341360202
0.9093531966180328
0.9009227758471269
0.9082213931104157
0.9028791728423222
0.9032965377867868
0.9046972281698161
0.9026786345036117
0.907823496826846
0.9016351940820204
0.901764898849659
0.9032141833525227
0.900592066934838
0.9030084028932586
0.9051660483593159
0.9093151449683377
0.9009586550451223
0.9055719590629524
0.9026147856495748
0.9099512138626681
0.9123799005502128
0.9003695383308868
0.903293926011962
0.9069672900092218
0.9087614446036799
0.9026335855826083
0.9017979855062578
0.9060094730508774
0.9038920991352787
0.9000527000940336
0.9043918462108738
0.9081239695395136
0.9032141142334447
0.9013182937929723
0.9043622168758007
0.9017922311644893
0.904589597349291
0.9069731320783238
0.9090932735180586
0.9103801662666164
0.9026577110162379
0.9038531983343638
0.9003717953894863
0.9014143868543557
0.9060368859076722
0.9021490595211521
0.906726546896982
0.9035089367636975
0.9057045392476872
0.9012172319885939
0.9017305820647565
0.9057169426599222
0.9024216474546364
0.9041662387686611
0.9088709578299055
0.9050615789443082
0.91100703102976
0.9020776551048909
0.9052776629006636
0.9048583916126444
0.9028929167228252
0.900451777962432
0.9029208831098642
0.9018460197979814
0.901188730589082
0.903637952519772
0.9029342887023233
0.9081838308381573
0.9083132776544548
0.9066473481945496
0.9065811123633081
0.904472708199376
0.9068080806853726
0.9062963133438047
0.9077722855057387
0.90689675979532
0.902454039046138
0.900541854145836
0.9093671161110146
0.9004643520361466
0.904714780098485
0.9029147336344336
0.9059468779027401
0.9022083537813894
0.9028423209091997
0.9059073859715466
0.9082878057334854
0.9008851755547361
0.9070827824849554
0.9037686743523506
0.901798050703031
0.9067085204496381
0.9052981856954614
0.901881455739082
0.9014424265480494
0.9079527565487615
0.9038058689024311
0.9062125463537256
0.9014181776788239
0.9032056953183865
0.9026011009584791
0.9044489371136436
0.9051661256435403
0.9033193000285256
0.9005182210988459
0.9030045088361712
0.9044010339945984
0.9023978951817275
0.9025298803267201
0.9064610732992873
0.9006679385600135
0.9035466062088859
0.904362621456826
0.9047079994728594
0.9034573961682905
0.9075139008496867
0.9037047021888044
0.9044325886356565
0.9011071120407222
0.9022047638359945
0.9042649451970428
0.9060370666642035
0.905476351638513
0.9038629841650084
0.9015160100742903
0.9068064141450678
0.9047769810194596
0.902827524203097
0.9035078532667218
0.902759053068552
0.9075124838469989
0.9050426589000349
0.9040014312894908
0.9008537314162609
0.9023847157862774
0.9038525416693204
0.904201168299794
0.9085851132407585
0.9011008389732552
0.905137657245377
0.9126025978212712
0.9063908249250197
0.904305718675528
0.9075143401986993
0.9001452374516942
0.9069102737609067
0.9048567256164134
0.9027717163496937
0.9069065624420478
0.9162014799440109
0.9033497300189395
0.9029397455460457
0.9032391788109967
0.90168926505873
0.9075548426280319
0.9001330301232886
0.9188571972201685
0.9069030564986725
0.9110674830124873
0.9056181556918804
0.9229528076000423
0.9114865049273817
0.9048889232299578
0.90520443176697
0.9081119029003056
0.9042886392357428
0.906191110606631
0.9108701492192668
0.9054980203901745
0.9072968071500285
0.9018881688221021
0.9071539875638261
0.9049304569812344
0.9003764156298748
0.9213357004402966
0.9017867851500442
0.9018491946634247
0.9066968050371509
0.9022624388698538
0.9016342721696783
0.9076856679224632
0.9039005388965654
0.9016818535049048
0.9066136998242549
0.900503872815605
0.9100607542644156
0.9027892459008751
0.9005811121305655
0.903200932391106
0.9021967185534865
0.9074813132543548
0.9126898270461853
0.9108260020735772
0.9056541125038278
0.9040108218398498
0.9108917332646664
0.901619855172523
0.9051114880853339
0.9069328507830919
0.9037372745283822
0.9053176675884391
0.9079589723519976
0.9044787279213293
0.9059368644267517
0.9018337862527345
0.9076066292917564
0.9041708034013617
0.9038265642370931
0.9047425406376706
0.9103975455530503
0.9045514554181673
0.9053008188703405
0.9017269445138518
0.9044219864472004
0.9003082356877183
0.9020426910262214
0.904487719672438
0.9014852901442185
0.9058690692652522
0.9043793436520374
0.9059595341252902
0.9034980394392197
0.9046526483382414
0.902383385429981
0.9018351849026577
0.9004782327844073
0.9020183496869152
0.9070354788628691
0.9058993700475754
0.9029737353096416
0.9041781765972394
0.9032399202825472
0.9059928382765994
0.9030264740635199
0.9052377541479859
0.9054851015288271
0.9110037896288098
0.909766670157917
0.9096361432888881
0.9058149780154416
0.9059220892397302
0.9060385927405595
0.9010102297480228
0.9050257201518583
0.9036084429960807
0.903004834744309
0.9030084279314643
0.9047120405898735
0.9065452675320634
0.9024677907529302
0.9011835897258159
0.9039793789562445
0.9035249204666927
0.9009128723395357
0.9036295740944967
0.9051689132576616
0.9060049804547383
0.9119158181849069
0.9083751806063889
0.9097762888327874
0.907752043997524
0.9112076197916078
0.900567508130761
0.9019098025339483
0.90797664042884
0.905639235993617
0.906840801502757
0.9062052283375065
0.9047217402936517
0.9057487892040424
0.9010523894860175
0.9005101240020033
0.9078404106964757
0.901450212331883
0.9020422908444587
0.9056262621385621
0.9044873778246447
0.901704192195859
0.9055248092109814
0.9019510951119973
0.9046937364733101
0.9109520613155453
0.9022499423084381
0.9068952068610144
0.9016247065293811
0.9083297153407335
0.9021627129049414
0.9012440767223406
0.9052078956600278
0.9039846497296405
0.9057984596825582
0.9002212960058287
0.9027973391559324
0.9019103717099464
0.9023854743529797
0.9064336851583983
0.902837333907896
0.9096284943264589
0.9033288274577539
0.9010895379955981
0.9031231906316768
0.9042101416826193
0.9049094947280915
0.9034644762066003
0.9036586835018704
0.9021576892404052
0.9042426503578778
0.9074054977853601
0.9033583452359559
0.9032054318287847
0.9029870873390181
0.9016969727220874
0.909875623132409
0.907535917954895
0.9047023513872814
0.9004748724898836
0.9060849343613312
0.9021433304964612
0.9050444402084061
0.9023541943939345
0.9022087775850811
0.9001225242660383
0.907538691741775
0.9002778501088979
0.9000732506874556
0.9014630299382889
0.9038319837427428
0.9047790218061597
0.9036584227856985
0.90406490748844
0.9101752884622114
0.903433427261949
0.9072572923797702
0.9056649885713792
0.902973718108687
0.9034726964839782
0.9056542594477803
0.9030725381814408
0.9078606018030497
0.9047455565786983
0.9025844038657329
0.9013675299709145
0.9020191342649863
0.9015492913033893
0.9018869416539429
0.9071111679447634
0.9052979018053193
0.9120928327883469
0.9098545646494189
0.9040378230306839
0.9007685601473824
0.9151336428282972
0.9027316192935182
0.9007256177442748
0.9029660428932872
0.901029550267802
0.9005067081516855
0.921355550646665
0.9105720328475194
0.9016076703678795
0.9026326679199501
0.9051925029493566
0.9004987947830961
0.9113269687636016
0.9018361453537042
0.9127251617584603
0.9037226274029131
0.9054088603345273
0.903046889709912
0.9011667862702775
0.909742188726669
0.9039751303355865
0.9017603248891958
0.9035539271578249
0.9052052798292254
0.9027485350784601
0.9002879240966966
0.9037665132868459
0.906248855783061
0.9038031367272747
0.9021673742088685
0.903574288320412
0.902723727404245
0.9014045419635943
0.9041889778282124
0.9045798505687587
0.9034794230712595
0.9030192750613364
0.904972376305368
0.9058084708379972
0.9024603042160172
0.9034517274759378
0.9004969692906407
0.9007276031877177
0.906015770505965
0.9028278137474776
0.9031832829996158
0.9030044643183981
0.9005553861936983
0.9024614579969465
0.9050361505566282
0.9006764789418976
0.9044195761250688
0.9073282402680837
0.9009035779071284
0.9022809672792926
0.904972352838549
0.9016445771737404
0.9017895708523914
0.9040045225822114
0.9083554538714256
0.904886927699082
0.9059660649551792
0.9076056627947586
0.901508316016004
0.9009897319095248
0.9033192925375353
0.9059856118450701
0.9064691597974351
0.9062995463727721
0.9021913437353707
0.9017030175136163
0.9050004373750988
0.9045943968791819
0.9036435325630389
0.9056250583207008
0.9049657879475914
0.9051694824470631
0.9038647859467185
0.9030614306596703
0.9048615081625442
0.903652658678288
0.9003614400058181
0.901006095475597
0.9056688979064852
0.9003278367605144
0.903389104858048
0.9054332878621008
0.9023679526062117
0.9006694607628913
0.9029248268458993
0.908370656735798
0.901732692296652
0.9047616380085413
0.9058460811134367
0.9054572285116399
0.9011451224188414
0.904895074158076
0.9041847935357356
0.9010263776427153
0.9064616795312278
0.9029622345298737
0.9028960975293133
0.9004018032149206
0.9036764889531743
0.9049299448558499
0.9063841404579414
0.9117588778642163
0.9021752479823519
0.9062405538997296
0.9042573744371151
0.9019136416107577
0.9078333450943562
0.904749014991587
0.9002166615370722
0.9038749217153859
0.9053717134166606
0.9027250549398071
0.9256451298180157
0.90644513743966
0.9032037519498408
0.9015356048741818
0.9011013552893153
0.9000845207716064
0.9007591011518521
0.9098686389951933
0.9056097395768513
0.9046022690933133
0.9010097578856073
0.9023021652231997
0.9034592353176573
0.9099284784624171
0.9098091475950127
0.9086508122624302
0.9077270590935159
0.9048795365832977
0.9069696248940528
0.9030036380740746
0.9017267030577943
0.9005215594383874
0.905970391440881
0.9009666940970444
0.9071358659665766
0.9036617793868581
0.9019347253314689
0.9031780693716751
0.9012543908871747
0.902523501791965
0.9028849693196234
0.900757799134178
0.902815512010923
0.9002230008455584
0.9026773520287537
0.9087929647708428
0.9063466638254394
0.9076534806703598
0.9007326139263986
0.9105172603410291
0.9118505045744429
0.9056701649687635
0.9010353895798395
0.9086676002821745
0.9005550238386092
0.9028321152957466
0.9033362254411808
0.9067887540152022
0.9067720237042723
0.9048867343611007
0.9009724240336866
0.9026577072576497
0.9053255505363473
0.9006094708562045
0.904471005827734
0.9004086639601782
0.9000213913635055
0.9056206809766603
0.9015183784808141
0.9060664135239064
0.9012928853804557
0.9028206153959414
0.902048776135799
0.9073740145265999
0.9029474641863164
0.9114468903549598
0.9040686017198982
0.905045254146888
0.9018909734390333
0.902763058219232
0.9046767278316633
0.9129591333996794
0.9081825376283252
0.9004821003383927
0.9013174458694473
0.9049023833676382
0.9006632547356476
0.9022721287570465
0.9042439859537711
0.9032130540165083
0.9036947856746752
0.9010829766280166
0.9075418160203242
0.9026459062731605
0.9043649930452919
0.9010126688563621
0.9108277662156163
0.9044161314889488
0.9120165717092321
0.9026516175660613
0.9043290063787489
0.9008538473632481
0.9097085205632146
0.9075066197851898
0.9060542185715432
0.9036246978065341
0.9028934811928245
0.9020503660282427
0.9213998803995243
0.901646503819818
0.905738503964588
0.9048279345167343
0.9069029760118871
0.9027794382859226
0.9012478422945691
0.9069804170532981
0.9067653860830499
0.9021847806041436
0.9051714652647133
0.9012132401214926
0.9000499573946474
0.9021006716470356
0.9042882511738088
0.90178661169566
0.9009670061209164
0.9064930465147392
0.9065999309033869
0.9014745369868318
0.9079128991041548
0.9085019382799496
0.9030837413780536
0.9071843859351999
0.9024286142752591
0.9075205137609611
0.9086213096141063
0.9053272933218053
0.9016146640875148
0.9030710337375807
0.9014870693037762
0.9040981361116611
0.9041826480623535
0.9071678411004181
0.9002896610879444
0.9013297281995694
0.9043477952392678
0.9039047680514776
0.9033965534859087
0.9052530228756013
0.9007116814936664
0.9072845225115793
0.9032478840365251
0.9042265774213316
0.9072218086351459
0.9051641339332727
0.9012834231430128
0.9085773151640053
0.9045636484636648
0.9065633478453752
0.9123302684556459
0.9043733376418892
0.9088651782292151
0.9004905831198394
0.9047608956135307
0.9008548341563836
0.9025890353554953
0.9069182653662516
0.9012164009980129
0.9058598986241775
0.9011104165736548
0.9085998688970262
0.9035114363056412
0.9022847043660212
0.9049778020438951
0.9017670070067401
0.9112345530349654
0.9007287452555091
0.9047583626157665
0.9058580027586308
0.9057481871854561
0.9054492102734616
0.9033941155416152
0.9021769581072936
0.9043776165896058
0.9063904376558705
0.9055722574432071
0.903586294683301
0.9075830374900086
0.9053175607957903
0.9062022028684291
0.9059374738950184
0.9063142872114256
0.9018965286442563
0.9067104425471961
0.9045754862174509
0.9039818840348784
0.9036907410227254
0.9029245187887157
0.9047745927384823
0.9081801599530146
0.9061653002058095
0.9071654558578471
0.9042707990220266
0.9032674774691158
0.9031768723224489
0.9062952805544622
0.9065079451473196
0.9001331217157817
0.9037318803968635
0.9031469460552948
0.9029626645019887
0.9093718624584574
0.9026749704834376
0.90270639308491
0.9015595785445402
0.9021479813239657
0.9011416028263094
0.9041087449122694
0.9061266233818291
0.9047977409382622
0.9020150066499176
0.9129622953889704
0.9068368504284834
0.9032707621877074
0.9029880622080104
0.9003575780654172
0.9014359585044703
0.9017667710591953
0.9049092538361903
0.9031628254697626
0.9039521845788338
0.9051716629278149
0.9030220677774062
0.9012291229678895
0.9070092270903196
0.9100622369688042
0.9047322986973694
0.9052811054322119
0.9075526656554866
0.9007681337205582
0.9008637571338957
0.906774649804406
0.9102074835796702
0.9015777847779359
0.903762771938489
0.9055237217954749
0.9038593103238746
0.9011858627037028
0.9154046500537748
0.9016001235415839
0.9006416552465581
0.9037533622132546
0.9103799376711904
0.9034956292834975
0.9079270710409141
0.9057987097043735
0.9091172830569081
0.9059563859718943
0.904399078969218
0.9073625839318133
0.9034609015618024
0.9012740124921637
0.9058862086430622
0.902864847608086
0.9027444752662213
0.9023676944526315
0.9035046561095227
0.9032362937711711
0.904549838643535
0.9018538205560047
0.9000876601995853
0.9069163738972347
0.9048660669724577
0.9042419338614093
0.9049528438843832
0.906061497476142
0.9039973447082167
0.9036255157088183
0.9021748055072482
0.9053829361806904
0.9061071040094645
0.9005238365409731
0.9078395499072065
0.9033392766566668
0.901269265501809
0.9022498907350299
0.9078611926339897
0.9032944072993138
0.9034717212935045
0.9047631204373258
0.9081791262722058
0.9047138378885186
0.9028452327038502
0.9029546904913591
0.90094488155102
0.9060218745703275
0.902599509834767
0.9066157179360516
0.9014353845856246
0.9052336951679516
0.9032526507486216
0.9031546493991686
0.9005029390675716
0.9039830223278769
0.9017557478386852
0.9053004219960789
0.9004622224102071
0.9052204363163174
0.9056747443478657
0.9068897447755382
0.9026644605907416
0.9071192274687185
0.9105695799421687
0.909377727587242
0.9000130546697779
0.9038225187658598
0.9031510458398921
0.9056179767597656
0.903238053265091
0.9084842732748362
0.9016805676553483
0.9004208251971525
0.9056630220984893
0.9047267432966501
0.9035908143503415
0.9043647503335717
0.9038991541588776
0.9097926502684573
0.9054836858790778
0.9066280566388502
0.9055475277514305
0.9042958606326195
0.9077524242045842
0.9070549302839346
0.9065726185019084
0.9015889254688249
0.9003539235385322
0.9000812767864367
0.9070835849905955
0.9040397480460631
0.9117954306329074
0.904677241054216
0.9021682852128785
0.9004334128503166
0.9008074891777625
0.9089041292330404
0.9096703449558098
0.9026730093650661
0.9059657591376689
0.9000874091782487
0.9084820746109351
0.903691777937169
0.9063519788183666
0.904326227392002
0.9030886721721624
0.9074300924023887
0.901530630619265
0.9017527283341624
0.9015337116374267
0.9064293902367783
0.902065144502628
0.9057295078979269
0.9080799038949745
0.9075983059223691
0.9019812271471177
0.906604488217722
0.9001967185104354
0.9038911559855324
0.9053563546368112
0.9001789006291772
0.9062690095532243
0.9070574980687218
0.9058493036089122
0.9072252572871241
0.9017338328545457
0.9008772401226398
0.9064732543036317
0.9064797146238809
0.9041037552349144
0.9001716985236037
0.9058107029295931
0.9087049560742834
0.9065336028976797
0.9021285581400573
0.9044548622304707
0.9051971099999381
0.9022768017783597
0.9062014012966864
0.9030924213339532
0.903406517378867
0.9032866238462026
0.9002760703696048
0.9009567591490898
0.904218670244767
0.9014099568478378
0.9003810450459659
0.9054483856956239
0.9069740033148419
0.9021994622944658
0.9032652803886423
0.9040725517715613
0.9057536359524724
0.9023780823235273
0.9006005210416552
0.9046633231374626
0.9059917734028232
0.9103596086524756
0.9023187271107524
0.9049660650964744
0.9053965048141802
0.9006107021465062
0.9052503795292448
0.9004043800335866
0.9049944251343099
0.9047994706779965
0.9119582548221433
0.9046945056354211
0.9069856558517282
0.9031015922798132
0.9014369329101708
0.9036946169066997
0.9095716736034575
0.9036608043477778
0.9044132451077943
0.9036858293485358
0.9043739404048015
0.9052617723547097
0.9009312939786062
0.9053929803489182
0.9038570504745459
0.9130549640800126
0.9046228592316831
0.9088832732439593
0.9020516045416039
0.9049782081011164
0.9179862133721299
0.9069584788918527
0.9049037988257409
0.902431303497129
0.902765590140171
0.9006295867526545
0.91245555529813
0.903232970724283
0.9027978149339677
0.9069614600995899
0.900214766733334
0.9059937736930844
0.9081994269251248
0.9075931358569268
0.9076028683000924
0.903829971040132
0.9019135215884284
0.9092897676461666
0.9012351946060114
0.9017215680012259
0.9047438770994966
0.9056962695878205
0.9005438997870341
0.9074425058098446
0.9056674986575916
0.9005176892064963
0.9039612973927589
0.9005759274959503
0.9007541009271459
0.9051085431226527
0.9007880751256816
0.9029804162337468
0.9051955943120575
0.9046870754259697
0.9011140438234266
0.9044374958972826
0.9087291140985123
0.9020691371083651
0.9102605920072144
0.904403819246535
0.9133291645119976
0.9065961992390423
0.9102542304029811
0.9022170244580666
0.904951709160567
0.9056653713665015
0.9073585533523967
0.9016076026204598
0.9027641164205913
0.9003220207380142
0.9035534714377694
0.9047439039205324
0.9000005178210475
0.9046471466614201
0.9064774599720221
0.9041886559151403
0.9064829691739335
0.907010057795324
0.9047524043476709
0.9037693292400555
0.9061748623926582
0.9075474200895961
0.9104206498141797
0.9021957342098453
0.902939080019173
0.9028390112731919
0.901417991615321
0.9087643854298515
0.9007731660964733
0.9060424114294993
0.9025082950559674
0.90781997174621
0.9072370919729941
0.9086026075949005
0.9076922137862674
0.9040783545447829
0.9065919148361701
0.9021774509635111
0.9046084377520168
0.9030787581624002
0.9001295071441549
0.9070272914131398
0.9067330338821985
0.9019915034378715
0.9026761642363843
0.9014249803838216
0.9002805562736026
0.900448231455385
0.9057762807948072
0.9015192506734642
0.9079067541820318
0.9011219236667845
0.9077518157608971
0.9056638418115542
0.901904370362839
0.9119329495034564
0.9002478624816576
0.9026500842636779
0.9038802045792489
0.9064635582884454
0.903242466666965
0.9066220490007456
0.9047145011836745
0.9016819621249932
0.9108067931106925
0.9106870571418935
0.9046127939366577
0.9033028550716221
0.9041968589224597
0.906907802897852
0.90562904305274
0.9031850853916168
0.9052877066260507
0.9023206533266697
0.902795447272878
0.9023394950478084
0.9016052774223999
0.9000023430882536
0.9017072394448902
0.9053687718240762
0.9082586706617406
0.90605500326157
0.9026656381812052
0.9019896838230593
0.9081011245634322
0.9077377917580995
0.9069663183175183
0.9023854906570015
0.9048347439115788
0.9041553088034034
0.9031103343681794
0.9084189790448157
0.9148887441994826
0.9007337003903433
0.9037130520862705
0.9034788073032147
0.9026247378059877
0.9003179888264835
0.9018053118349435
0.905867352005987
0.9064782599451272
0.9016374951582455
0.9013055364996064
0.9020299880383249
0.907028357609619
0.9057980810745137
0.9037686207718071
0.9058270423881788
0.9011499869278535
0.9036724668179966
0.9075465099446655
0.903803157732534
0.9002504480910716
0.900208511623793
0.9101839491540076
0.9035370434828948
0.9059129749609521
0.9096627613405873
0.9020881495277093
0.9011237970233128
0.9061464073167738
0.906238066454249
0.9025449160432772
0.9084975373670711
0.9036827375600895
0.9098473065556492
0.9004488392786649
0.9026854882193703
0.9084977171250891
0.9010852405015888
0.9025812452712626
0.9015321201978381
0.9179445613754202
0.9038896471882494
0.9015105082111752
0.9002097276575985
0.9108654530418131
0.9040772962979036
0.9014448277743881
0.9005719431717004
0.9052935169589943
0.9047411962681009
0.9069941572553878
0.9115437110372696
0.9066432054856166
0.9042413297263799
0.9024721045578474
0.9057079588724876
0.9036614126067195
0.9098930293573918
0.9006784385674864
0.9032750330427162
0.9009124275774069
0.9024196334782524
0.9098939776002937
0.9057913259038277
0.901392530044279
0.901976908508124
0.9022809553598126
0.9108552460434962
0.9003518234869291
0.9115814317652478
0.9050337403423883
0.9039796374352252
0.9003937598975733
0.9033624113404415
0.9050642084590064
0.9065769224768244
0.9093155714307793
0.9030176051044342
0.9044305500743286
0.90044858624663
0.9058005783386484
0.9095044987733458
0.9030409657982165
0.907199419011709
0.9047499005629135
0.9011008087304441
0.9023506819936687
0.9103291122775368
0.900279565791183
0.9068497980126278
0.908184639483203
0.9120655471651589
0.9054558870787899
0.9007309340128146
0.903078064283732
0.906265862935057
0.9083353363573464
0.904242847576758
0.924279049323066
0.905643800370548
0.9025611294208895
0.9003944639543278
0.9046336177444949
0.9128989865863723
0.9035652360248198
0.9008815782469115
0.9043893711097217
0.9018734652986379
0.9053019169969633
0.9075504563568353
0.9066501947760276
0.9013432570764532
0.90125574926889
0.9025267871851405
0.9065891428467028
0.9048863346019757
0.9087105966979244
0.9028912051354537
0.9149217102580558
0.9053854942936639
0.9045092365373796
0.9019948588891467
0.9004642456000012
0.9023437238004419
0.9043377903347237
0.9141582535994605
0.9038425742948694
0.9087607047657582
0.9024194004605652
0.9094297257421186
0.9008759508403341
0.9058191923817338
0.9054815732799161
0.9042070083118785
0.9093606963222606
0.9014547865169499
0.9044861330657765
0.9078661434552999
0.907169238075824
0.900860910881119
0.901951136586593
0.901709853050322
0.9137346529758281
0.9037074526199881
0.9078944259922819
0.9051349023043165
0.9011821275309947
0.9040804201932866
0.9055414839064759
0.9029339463093333
0.9023447398625521
0.9048109890306654
0.910124218607031
0.9029185381462833
0.9061356582144482
0.9023276739232735
0.9061967931703281
0.9014642526854236
0.9048471336200912
0.9027062481374668
0.9008260779282878
0.9003477738451707
0.9041977470750576
0.9012554914806856
0.9063081330633098
0.9080193678495333
0.9057652210978473
0.9000715077809204
0.900243707570854
0.9033473341188202
0.9039300896871497
0.9013211321675416
0.901535666451478
0.9037306848650114
0.9096078188723853
0.9148717512337557
0.9044046908236444
0.9086198600665076
0.910263305969733
0.907117576437683
0.911410008497363
0.9064327918628269
0.906156137292742
0.901119903526186
0.9060975830802758
0.9027213473070506
0.9091290618592562
0.9048059072379863
0.9066251426016932
0.9114892938343072
0.9023781529129957
0.9007734437185234
0.9017671635596132
0.9094384475092564
0.9114581764617397
0.9056710276153495
0.9061760306500816
0.9065448875508143
0.9061210884164305
0.9115810687351571
0.9056710651406591
0.9021382028370887
0.9043744893627971
0.9003785735349322
0.9034194548509465
0.9039356118555674
0.9030683610719031
0.901561460036132
0.9084988975641934
0.9055053104419776
0.9108244347745369
0.9013503575665643
0.9053871069565992
0.9126328977085602
0.9006077214530702
0.9045271855358251
0.9068032440976663
0.9000928644889851
0.9133828516069595
0.9069030224769759
0.9029216613805788
0.9082206196542373
0.901120564578565
0.9035979195020868
0.900576896159214
0.9081727411418735
0.9058943170056206
0.9023922176970466
0.9038194536416955
0.9057326970991073
0.9106330110269671
0.9028300525463213
0.9021395404494689
0.9067795893325726
0.9039446788494799
0.9097330180798373
0.9106369091916481
0.9024240916335051
0.9049283252406541
0.9099401689085492
0.9041849655757873
0.9015773487200756
0.9068062591396668
0.9089487048304186
0.9026148793314347
0.9085890709255875
0.9030095077929143
0.9069119769169306
0.9093543948080898
0.9145225934784424
0.90674512840409
0.9079345748145707
0.9014947180569424
0.9046810068216512
0.9020193450162772
0.9049975922219937
0.9059145088309534
0.9016262749262908
0.9042167260076049
0.904162122306989
0.9038746036038554
0.905157699504006
0.9102935451527904
0.9027302376279293
0.9032907216750459
0.9044099592762007
0.9027114638042749
0.9072234337773001
0.9073352348114216
0.9022228668438381
0.9055556816011019
0.9032427234872767
0.9003944055461552
0.9017796080355899
0.9076305510000553
0.9056356631197534
0.9033752325738525
0.90013906749395
0.9068148084189704
0.9049248469638494
0.9278312635570696
0.9021362763384652
0.9029798027456695
0.9083279576380026
0.9044348968157405
0.9045769855631055
0.9003531476085394
0.9066741384946015
0.9071122852295024
0.9069513839922823
0.903284606504616
0.9023149724820467
0.9022393520995939
0.9017490478668909
0.9069681562743609
0.9034488461625194
0.9050123152132714
0.905031282523638
0.9073649451219425
0.905722083758264
0.9030183238292981
0.9005602685773435
0.9027073869134524
0.9061184090366211
0.9070415229230366
0.9067307896852708
0.9072302287176234
0.9070921847219937
0.901903552386479
0.9031094761741616
0.9024518362752711
0.9005066505212054
0.9017624467469835
0.9005579847597884
0.9077247037185938
0.9186054435953613
0.9083500420926004
0.9050566457124666
0.9043157880123487
0.9007492207169611
0.9107938438537534
0.908780723328412
0.9246094527134984
0.9105524076280106
0.9028413596432447
0.9034804201246998
0.9088420138434592
0.901355561891954
0.9127526004238926
0.9001876330227413
0.9005579479846256
0.9020465859091793
0.9039654511438143
0.901306400178074
0.9057219807194685
0.9022002427002976
0.9120987404444956
0.9021831783309333
0.9032179398756309
0.9076857673999603
0.9117859007204564
0.9061079542879759
0.906769610780472
0.9070971514023629
0.9055204630981716
0.9014087258001813
0.908832485551483
0.9048015007772693
0.9035450417236952
0.9005155087950384
0.9063546250819426
0.9100342743350059
0.9056286142333314
0.9069466435734022
0.9016325506248212
0.9027869638075908
0.9003351977636973
0.901726124383643
0.905614317801017
0.9035700375028929
0.9110001478208029
0.906233782772901
0.9061273101583653
0.9073872837267238
0.9025774934724032
0.9117891184383357
0.9081371203883843
0.9053624768354631
0.9011950536886835
0.9033598583395466
0.9057251369891431
0.9016279405703942
0.9075040353726015
0.9025088358835929
0.9060086098952261
0.9010466081218212
0.90182156171268
0.9031985217805334
0.9033772061698409
0.9061819311753262
0.9068379390249424
0.9009796967042792
0.9014652680285882
0.9021377829869347
0.9004895550715312
0.9030118040032339
0.9030244559152472
0.9070076688719296
0.9017572970812086
0.9094447681078484
0.900949191339674
0.9050868651814897
0.9014419193184946
0.900329009556431
0.90715028289305
0.9085431429302269
0.902012575874563
0.9088520431860291
0.9024346356115891
0.9062044910559796
0.9029767254705794
0.9070785034243884
0.916616332277081
0.9006647197165095
0.9034345301753686
0.9021066205287105
0.9021327889115205
0.9034843107177356
0.9111630784094087
0.9071041733777991
0.9100969148769797
0.9040827949594529
0.9099906305146348
0.9084249765543726
0.904604046939399
0.9013167713797281
0.9058931502818625
0.9075709913755509
0.9138864662711631
0.9064457594003076
0.9000142901725224
0.9058260433179883
0.9012305789871881
0.9064085959135434
0.9036966552045652
0.9015412936367148
0.9003886922032069
0.9027905697173033
0.90426772341816
0.9056170624575496
0.9011170933873287
0.9012037968722567
0.9046587604864516
0.9057138768953559
0.9012169378306605
0.907312254010004
0.9055389971982654
0.91174431843495
0.9030090270032667
0.9016854241855232
0.9053633081324205
0.906077703047514
0.9023277039099693
0.9033202018020958
0.9110468011498243
0.9051806650383339
0.9024081474768519
0.906853223629508
0.9001765436720096
0.9086268969268804
0.9038397662352746
0.9002033455869828
0.906928448675179
0.9010545084923968
0.9054977756649902
0.9051867331972787
0.9072149991177644
0.9082314527729833
0.9022180666298484
0.9021373302038634
0.9013588953770169
0.9101198363230065
0.9005809848787802
0.9008101179530671
0.9032677174086451
0.9063892921568233
0.9038092068869089
0.908421965446535
0.9044874729130359
0.9039281460767485
0.9074866732110763
0.9068217235181237
0.9089046776429303
0.9085958563122455
0.9025104964433305
0.9017188282009434
0.9087844246303937
0.9023700325407826
0.9075429985105117
0.9028627572652044
0.9068994657440261
0.9044515853263454
0.9182927826188242
0.9001023554934262
0.9007709675759603
0.9012742319870696
0.9071423966534775
0.9001624173537
0.9077744488968541
0.9013312382968107
0.9044861220797347
0.9019852526292075
0.9015667030187137
0.9052075578785425
0.9123031108006416
0.9042732151608831
0.9068030672876936
0.9004647164903601
0.9107259049619054
Bicluster(rows=[0, 1], cols=[ 0  1  2  3  4  5  6  7  8  9 10 11 12 13 14 15 16 17 18 19 20 21 22 23
 24 28 33 34 35 38 39 41 43 44 45 46 47 49 50 51 52 53 57 68 70 73])
Bicluster(rows=[0, 2], cols=[ 0  2  5  7  9 10 14 15 17 20 25 26 27 30 32 37 38 40 42 43 44 46 48 49
 52 53 54 55 63 65 67 70 73 74])
Bicluster(rows=[0, 3], cols=[ 0  1  2  3  4  5  6  7  9 10 11 12 13 14 15 17 19 20 22 23 26 30 31 37
 39 40 42 43 45 46 48 49 50 54 57 59 69 70 73 74])
Bicluster(rows=[0, 4], cols=[ 0  1  2  3  4  5  6  7  8  9 10 11 12 13 14 15 16 17 18 19 20 22 23 27
 29 32 33 34 42 47 48 49 50 52 56 57 58 61 64 65 66 72 73])
Bicluster(rows=[0, 5], cols=[ 0  2  5  9 10 14 15 17 20 26 30 31 34 35 39 40 43 44 45 47 49 50 54 55
 58 59 62 63 65 67 69 70 73 74])
Bicluster(rows=[0, 6], cols=[ 1  3  4  6  7  8  9 11 12 13 14 16 17 19 22 23 28 32 33 34 35 36 38 42
 44 48 56 64 65 67 68 69])
Bicluster(rows=[0, 7], cols=[ 6  8 16 18 21 22 29 31 32 37 39 44 45 50 52 55 60 61 62 66 70 72 73])
Bicluster(rows=[0, 8], cols=[ 0  1  2  3  4  5  6  7  8  9 10 11 12 13 14 15 16 17 18 19 20 21 22 23
 24 26 31 32 35 37 38 39 43 44 48 49 50 51 53 58 60 63 64 65 69 74])
Bicluster(rows=[0, 9], cols=[ 0  1  2  3  4  5  6  7  8  9 10 11 12 13 14 15 16 17 18 19 20 21 22 23
 24 26 27 28 31 36 37 38 43 49 50 52 55 60 70 74])
Bicluster(rows=[0, 10], cols=[ 1  3  6  8 11 12 13 16 18 21 22 23 28 31 33 38 44 45 46 49 53 54 56 57
 58 63 67])
Bicluster(rows=[0, 11], cols=[ 0  1  2  3  4  5  6  7  8  9 10 11 12 13 14 15 16 17 18 19 20 21 22 23
 25 26 27 29 32 34 38 46 48 50 55 56 57 58 60 62 65 69 73 74])
Bicluster(rows=[0, 12], cols=[ 0  2  5  7  9 10 14 15 17 20 25 26 28 29 36 41 44 45 47 48 49 50 51 55
 58 61 62 64 65 66])
Bicluster(rows=[0, 13], cols=[ 0  1  2  3  4  5  6  7  8  9 10 11 12 13 14 15 16 17 19 20 22 23 35 39
 45 46 50 52 55 56 57 62 67 71])
Bicluster(rows=[0, 14], cols=[ 1  3  6  8 12 13 16 22 23 27 28 30 31 33 34 35 38 39 45 47 48 51 57 58
 59 61 62 63 64 67 70 73 74])
Bicluster(rows=[0, 15], cols=[ 1  3  6  8 12 13 16 18 21 22 23 26 28 31 33 34 35 38 40 45 46 47 48 51
 52 56 60 67 68 69 70])
Bicluster(rows=[0, 16], cols=[ 0  2  4  5  7  9 10 11 13 14 15 17 19 20 26 28 32 35 36 37 38 39 40 44
 46 48 49 50 51 52 54 55 58 59 60 61 70 73 74])
Bicluster(rows=[0, 17], cols=[ 1  3  4  6  8 11 12 13 16 19 22 23 26 27 30 33 34 35 37 41 43 45 46 49
 50 53 55 57 58 59 72])
Bicluster(rows=[0, 18], cols=[ 0  2  5  7  9 10 14 15 17 19 20 25 27 30 32 33 35 37 42 47 48 50 52 53
 58 62 63 66 67 71 74])
Bicluster(rows=[0, 19], cols=[ 1  3  4  6  7  8 11 12 13 14 16 18 19 22 23 29 30 31 33 37 39 40 41 42
 44 45 48 51 52 57 58 59 60 63 64 68 69 74])
Bicluster(rows=[0, 20], cols=[ 0  1  2  3  4  5  6  7  8  9 10 11 12 13 14 15 16 17 18 19 20 21 22 23
 24 25 27 29 33 34 36 39 41 42 47 50 52 55 57 59 66 67 69 70 71 72 74])
Bicluster(rows=[0, 21], cols=[ 1  3  4  6  8 11 12 13 16 19 22 23 29 31 34 36 37 39 41 44 46 54 57 61
 62 66 67 70 71])
Bicluster(rows=[0, 22], cols=[ 0  2  5  7  9 10 14 15 17 20 25 26 27 28 33 34 37 39 40 44 45 48 49 50
 51 53 56 60 65 68 73])
Bicluster(rows=[0, 23], cols=[ 1  3  4  6  8 11 12 13 16 19 22 23 26 27 30 35 36 37 42 43 45 48 51 54
 55 59 61 68 70 73 74])
Bicluster(rows=[0, 24], cols=[ 0  1  2  3  4  5  6  7  8  9 10 11 12 13 14 15 16 17 18 19 20 21 22 23
 24 27 31 35 36 38 41 42 43 44 46 53 55 56 59 60 61 63 64 66 67 68 69 74])
Bicluster(rows=[0, 25], cols=[ 0  2  4  5  7  9 10 11 13 14 15 17 19 20 27 28 31 32 33 34 35 36 37 40
 42 46 49 51 52 54 55 61 64 65 67 73 74])
Bicluster(rows=[0, 26], cols=[ 0  2  4  5  7  9 10 11 14 15 17 19 20 27 28 30 31 32 34 36 38 40 45 49
 58 64 68 74])
Bicluster(rows=[0, 27], cols=[ 1  3  6  8 12 13 16 18 21 22 23 27 31 35 36 39 41 49 55 59 60 61 64 72
 73 74])
Bicluster(rows=[0, 28], cols=[ 1  2  3  4  6  7  8  9 11 12 13 14 16 17 19 22 23 27 28 31 32 33 34 35
 37 39 42 43 46 47 51 59 60 63 64 65 69 70 73 74])
Bicluster(rows=[0, 29], cols=[ 0  2  5  7  9 10 14 15 17 20 26 30 34 37 39 42 43 44 45 49 50 51 54 55
 56 57 59 62 63 65 69 70])
Bicluster(rows=[0, 30], cols=[ 1  3  4  6  7  8  9 11 12 13 14 16 19 22 23 27 28 31 32 33 36 37 39 42
 43 44 45 48 50 54 55 58 61 64 65 67 70 73])
Bicluster(rows=[0, 31], cols=[ 1  2  3  4  6  7  8  9 11 12 13 14 17 19 22 23 26 30 31 32 33 35 36 37
 38 41 45 48 49 50 51 54 58 59 62 64 70 73 74])
Bicluster(rows=[0, 32], cols=[ 0  2  4  5  7  9 10 11 12 13 14 15 17 19 20 26 32 33 37 46 49 51 58 60
 62 64 70 74])
Bicluster(rows=[0, 33], cols=[ 2  3  4  6  7  8 14 15 16 26 32 33 34 35 36 37 38 43 46 48 49 50 53 55
 56 57 58 62 70 74])
Bicluster(rows=[0, 34], cols=[ 1  3  5  6  7  8 14 16 17 19 23 26 28 30 31 32 33 35 49 51 53 56 62 63
 66 73 74])
Bicluster(rows=[0, 35], cols=[ 0  1  2  4  5  7  8  9 10 11 12 13 14 15 17 18 19 22 23 26 28 30 31 32
 33 35 38 44 49 50 53 57 60 64 68 69])
Bicluster(rows=[0, 36], cols=[ 0  1  2  4  5  6  8  9 10 13 15 16 17 18 19 22 23 24 26 31 32 33 34 35
 38 44 49 53 56 57 69])
Bicluster(rows=[0, 37], cols=[ 2  3  8 14 16 17 18 19 20 26 27 32 33 34 36 37 42 45 46 48 49 52 53 57
 58 60 64 65 69 70])
Bicluster(rows=[0, 38], cols=[ 0  2  4  7  8 12 14 16 20 23 27 31 32 33 34 36 37 42 45 46 48 49 50 55
 56 57 59 61 63 69 71])
Bicluster(rows=[0, 39], cols=[ 2  4  5  6  7  8 11 13 18 21 22 23 24 27 31 32 33 34 36 37 42 45 46 48
 49 51 53 57 58 61 63 65 68 69 70 73])
Bicluster(rows=[0, 40], cols=[ 4  5  6  7 13 18 25 26 27 28 30 35 36 38 39 40 42 44 45 46 47 48 53 55
 61 63 64 66 69 73])
Bicluster(rows=[0, 41], cols=[ 1  3  8 16 19 21 24 26 27 32 33 34 35 36 38 42 45 46 48 49 50 52 53 56
 57 58 61 65 74])
Bicluster(rows=[0, 42], cols=[ 1  7  9 12 21 22 23 27 31 32 33 34 36 40 42 46 48 49 59 62 63 65 66 67
 68 70 71 72 73 74])
Bicluster(rows=[0, 43], cols=[ 2  4  5  7  8  9 11 13 15 16 20 21 27 31 36 37 42 45 46 48 49 50 51 53
 58 64 70])
Bicluster(rows=[0, 44], cols=[ 1  2  3 11 14 15 17 19 20 21 23 26 27 28 35 36 38 39 40 42 43 45 46 47
 51 53 55 57 58 60 64 69 70 74])
Bicluster(rows=[0, 45], cols=[ 1  3  6 18 21 23 25 26 28 30 36 37 39 40 41 46 47 48 52 55 57 58 60 65
 67 68 73])
Bicluster(rows=[0, 46], cols=[ 0  1  2  3  4  5 11 12 14 16 18 23 24 25 28 30 36 37 39 40 41 46 47 48
 50 56 57 58 64 69 70 74])
Bicluster(rows=[0, 47], cols=[ 0  3  9 18 22 25 26 27 28 30 36 39 40 42 44 46 47 48 50 51 55 58 59 65
 68 69 70 72 73])
Bicluster(rows=[0, 48], cols=[ 0  2  3  4  5  6  7  8  9 10 12 13 14 15 16 17 18 20 21 23 26 28 30 31
 32 33 35 37 38 41 44 49 50 52 56 57 58])
Bicluster(rows=[0, 49], cols=[ 0  1  2  3  4  5  6  7  8 10 11 12 13 15 18 20 21 23 26 27 32 33 34 35
 36 38 40 42 45 46 48 49 53 60 63 74])
Bicluster(rows=[0, 50], cols=[ 0  1  2  3  6  7  8  9 10 12 13 15 16 17 19 21 22 23 24 26 28 30 32 33
 35 37 41 44 48 49 56 57 58 69])
Bicluster(rows=[0, 51], cols=[ 2  3  4  5  6  8 11 12 17 18 21 22 23 24 26 31 32 33 35 38 44 49 56 57
 60 64 69])
Bicluster(rows=[0, 52], cols=[ 2  3  4  7 11 12 14 15 16 21 22 23 24 25 26 27 28 30 35 36 39 40 42 44
 45 46 47 48 50 51 56 58 60 63 68 69 74])
Bicluster(rows=[0, 53], cols=[ 4  7  8  9 11 12 14 15 16 19 23 28 30 31 32 33 34 35 51 54 56 59 62 64
 65 68 74])
Bicluster(rows=[0, 54], cols=[ 1  3  5  7  8 10 12 13 17 19 23 24 25 26 27 28 30 35 36 39 40 42 45 46
 47 48 52 56 57 60 64 65 68 69])
Bicluster(rows=[0, 55], cols=[ 0  3  4  9 11 14 21 22 23 25 30 37 39 41 47 48 49 51 52 54 58 60 61 62
 63 64 65 67 70 72 73])
Bicluster(rows=[0, 56], cols=[ 1  2  3  5  6  8  9 14 15 17 18 19 20 23 26 27 32 33 35 36 38 40 42 43
 45 46 47 48 49 50 52 53 57 62 64 68 70 74])
Bicluster(rows=[0, 57], cols=[ 0  2  6  7 11 12 14 16 17 19 21 22 24 25 26 27 28 30 35 36 39 40 42 43
 45 46 47 48 50 52 57 58 60 61 62 65 68])
Bicluster(rows=[0, 58], cols=[ 0  4  5  6  8 11 14 15 19 20 22 23 24 26 28 30 32 33 35 37 41 44 48 49
 50 51 53 56 58 60 64 65 68 69 73])
Bicluster(rows=[0, 59], cols=[ 0  1  3 10 12 13 15 16 17 19 20 22 23 31 32 33 34 35 38 44 50 64 69])
Bicluster(rows=[0, 60], cols=[ 0  1  2  3  4  5  7  8  9 10 11 12 13 14 15 17 18 19 20 22 23 26 28 30
 31 32 33 35 38 41 44 49 56 57 64 68 69])
Bicluster(rows=[0, 61], cols=[ 2  3  5  6  7  8 11 12 14 15 16 18 19 20 21 22 27 31 36 37 42 45 46 48
 49 58 60 64 69])
Bicluster(rows=[0, 62], cols=[ 1  4  6  7  9 10 11 12 14 15 17 18 20 21 22 23 24 26 27 32 33 34 35 36
 38 40 42 45 46 48 49 56 57 58 60 64 65 68])
Bicluster(rows=[0, 63], cols=[ 1  2  6  7  8  9 10 11 12 13 16 17 18 19 20 22 23 24 26 31 32 33 35 38
 44 53 60 64 69])
Bicluster(rows=[0, 64], cols=[ 2  5  7 12 14 17 20 24 26 28 32 33 35 37 38 41 44 48 49 50 53 57 58 60
 63 68 69 73 74])
Bicluster(rows=[0, 65], cols=[ 1  6  9 12 14 16 18 20 24 31 32 33 34 36 37 42 45 46 48 49 52 55 58 64
 67 69 70])
Bicluster(rows=[0, 66], cols=[ 3  4  6  8 13 15 19 26 32 34 37 38 41 42 43 48 49 51 54 55 59 61 62 63
 67 70 73 74])
Bicluster(rows=[0, 67], cols=[ 0  1  2  5  8  9 10 12 16 21 25 26 31 33 34 36 37 38 41 44 45 51 52 54
 55 59 61 63 67 70 73 74])
Bicluster(rows=[0, 68], cols=[ 4  6  8 16 21 22 24 27 30 32 34 35 40 47 49 54 55 59 61 62 63 67 73])
Bicluster(rows=[0, 69], cols=[ 1  3  6  7 10 17 18 19 21 24 26 27 31 38 40 42 43 46 49 50 51 53 54 58
 59 60 63 67 69 73])
Bicluster(rows=[0, 70], cols=[ 1  3  4  7  9 10 11 12 13 15 20 21 22 23 25 27 28 32 34 38 39 40 41 42
 43 46 48 49 55 59 61 62 63 65 73])
Bicluster(rows=[0, 71], cols=[ 2  7  9 13 16 17 20 24 25 26 27 30 32 35 40 43 48 50 53 54 57 58 59 63
 67 69 73])
Bicluster(rows=[0, 72], cols=[ 0  2  4  5  6  8 13 14 18 19 21 27 30 35 36 37 41 43 46 49 51 55 59 61
 62 63 65 70 73 74])
Bicluster(rows=[0, 73], cols=[ 1  4  5 12 13 16 18 20 31 33 38 41 48 51 52 54 55 59 61 62 63 67 70 73
 74])
Bicluster(rows=[0, 74], cols=[ 0  2  9 11 15 22 24 27 30 34 37 40 45 51 52 53 55 58 59 60 69 71 72 74])
Bicluster(rows=[0, 75], cols=[ 0  1  3  7  8  9 11 13 15 20 21 24 32 34 35 39 40 41 46 49 50 51 52 61
 64 65 68 70 74])
Bicluster(rows=[0, 76], cols=[ 0  1  3  4  5  6  7  8  9 13 17 21 22 23 27 28 34 37 38 39 43 47 48 50
 55 59 61 62 64 65 68])
Bicluster(rows=[0, 77], cols=[ 2  3  7  9 10 20 21 23 25 27 30 31 33 34 37 42 46 49 51 55 59 61 62 63
 65 73 74])
Bicluster(rows=[0, 78], cols=[ 3  6  7 13 16 17 18 22 24 26 30 32 33 34 35 37 41 42 43 45 50 51 52 63
 65 70 73 74])
Bicluster(rows=[0, 79], cols=[ 1  2 10 11 12 14 19 22 23 24 25 26 27 29 30 31 35 42 46 50 53 54 57 58
 59 60 63 67 69 73])
Bicluster(rows=[0, 80], cols=[ 5  7  8 12 14 19 24 27 28 30 32 38 41 42 46 51 55 59 61 62 63 73 74])
Bicluster(rows=[0, 81], cols=[ 0  1  5  9 11 16 21 23 24 25 27 28 29 30 32 36 38 39 42 46 47 48 54 55
 59 61 62 66 67 70 72 74])
Bicluster(rows=[0, 82], cols=[ 1  6  8  9 10 17 20 22 23 27 30 32 34 35 36 38 39 40 41 44 45 47 49 51
 52 55 61 62 66 70 71 72 74])
Bicluster(rows=[0, 83], cols=[ 0  1  3  6  8 10 13 14 15 18 19 21 22 23 26 30 32 34 36 37 38 43 45 46
 49 50 51 52 59 61 65 70 73 74])
Bicluster(rows=[0, 84], cols=[ 3  7  8 10 11 12 14 16 19 22 27 28 31 32 33 34 35 40 43 46 47 49 54 55
 59 61 62 63 66 67 73])
Bicluster(rows=[0, 85], cols=[ 0  1  2  3  4  6  8 10 11 12 14 17 19 20 23 27 28 30 32 35 37 38 39 41
 42 43 47 48 49 55 59 61 62 63 64 65 68 73])
Bicluster(rows=[0, 86], cols=[ 3  5  6  7  8  9 11 12 13 14 17 18 21 24 27 31 32 33 34 35 38 40 45 48
 49 53 56 57 64 69])
Bicluster(rows=[0, 87], cols=[ 1  2  5  6  9 10 14 15 16 19 21 26 27 29 30 31 33 34 35 36 37 38 40 41
 42 43 44 45 46 48 51 52 53 55 58 59 60 69 71 72])
Bicluster(rows=[0, 88], cols=[ 1  2  4  5  6  7  8  9 10 14 16 17 18 27 31 32 35 36 37 38 40 42 44 45
 47 48 49 50 54 57 63 67 71 73])
Bicluster(rows=[0, 89], cols=[ 2  3  4  5  6  7  8  9 10 11 15 16 19 20 21 24 32 41 44 51 55 59 61 62
 63 65 70 73 74])
Bicluster(rows=[0, 90], cols=[ 1  4  6  7 21 23 24 25 29 32 34 40 42 45 46 47 48 49 50 51 52 53 54 58
 59 60 63 67 69 73])
Bicluster(rows=[0, 91], cols=[ 1  4  6  9 11 12 14 19 20 21 23 32 33 35 36 41 45 49 50 51 52 58 65 70
 73 74])
Bicluster(rows=[0, 92], cols=[ 3  4  5  7  8 11 12 14 16 21 22 24 25 27 30 31 33 35 36 41 42 44 45 49
 51 52 53 55 58 59 60 61 66 69 70 71 72 74])
Bicluster(rows=[0, 93], cols=[ 0  2  3  4  7  9 11 14 15 16 18 19 23 31 33 34 35 42 44 47 51 52 53 55
 58 60 61 62 66 70 71 72 74])
Bicluster(rows=[0, 94], cols=[ 0  1  2  4 11 12 13 15 16 19 20 21 22 24 26 32 37 41 50 54 57 59 63 67
 71 73])
Bicluster(rows=[0, 95], cols=[ 6  7  9 10 11 12 16 19 22 23 24 26 28 32 33 36 37 38 42 43 48 49 50 54
 57 63 65 67 73])
Bicluster(rows=[0, 96], cols=[ 5 10 13 22 23 27 28 29 36 42 51 52 53 55 58 59 60 61 67 69 70 71 72 74])
Bicluster(rows=[0, 97], cols=[ 0  1  3  5 10 15 18 21 22 23 24 25 26 27 29 30 31 34 37 39 41 43 47 48
 49 50 57 63 67 71 73])
Bicluster(rows=[0, 98], cols=[ 1  3  4 11 20 22 25 26 27 28 29 30 34 35 36 38 41 43 44 45 46 48 49 50
 53 54 57 58 59 63 67 69 73])
Bicluster(rows=[0, 99], cols=[ 1  2  3  4  7 14 15 16 18 19 23 24 25 26 27 28 31 33 35 41 42 44 45 51
 54 55 57 59 60 65 69])
Bicluster(rows=[1, 2], cols=[ 0  1  2  3  4  5  6  7  8  9 10 11 12 13 14 15 16 17 18 19 20 21 22 23
 24 30 36 41 50 55 57 61 63 67 68 71 74])
Bicluster(rows=[1, 3], cols=[ 0  2  4  5  7  9 10 11 13 14 15 17 19 20 25 33 34 39 42 43 45 49 50 52
 53 54 55 58 59 61 62 63 64 65 67 70 71 73])
Bicluster(rows=[1, 4], cols=[ 0  1  2  3  4  5  6  7  8  9 10 11 12 13 14 15 16 17 18 19 20 21 22 23
 24 25 35 36 39 46 48 54 57 59 63 64 71 74])
Bicluster(rows=[1, 5], cols=[ 0  2  4  5  7  9 10 11 12 13 14 15 17 19 20 25 33 38 40 41 46 48 52 54
 55 57 59 60 63 66 67 70 71 72 73 74])
Bicluster(rows=[1, 6], cols=[ 0  1  2  3  4  5  6  7  8  9 10 11 12 13 14 15 16 17 18 19 20 21 22 23
 24 30 31 32 39 45 48 49 55 58 61 62 64 65 68 71 72 74])
Bicluster(rows=[1, 7], cols=[ 0  1  2  3  4  5  6  7  8  9 10 11 12 13 14 15 16 17 18 19 20 21 22 23
 24 26 30 35 42 43 48 50 53 55 66 67 68 70 71 72 74])
Bicluster(rows=[1, 8], cols=[ 0  1  2  3  4  5  6  7  8  9 10 11 12 13 14 15 16 17 18 19 20 21 22 23
 24 27 30 35 36 38 39 40 43 44 45 49 53 55 57 58 59 61 62 66 67 69 70 72])
Bicluster(rows=[1, 9], cols=[ 0  1  2  3  4  5  6  7  8  9 10 11 12 13 14 15 16 17 18 19 20 21 22 23
 24 28 29 34 38 40 41 43 45 49 50 52 53 57 58 59 62 63 66 67 72])
Bicluster(rows=[1, 10], cols=[ 1  3  6  8 16 18 21 22 23 24 28 29 30 32 33 38 43 44 48 49 52 57 58 59
 60 61 65 66 69])
Bicluster(rows=[1, 11], cols=[ 0  1  2  3  4  5  6  7  8  9 10 11 12 13 14 15 16 17 18 19 20 21 22 23
 24 26 30 31 32 35 44 47 57 59 64 65 66 67 70 71 72])
Bicluster(rows=[1, 12], cols=[ 0  1  2  3  4  5  6  7  8  9 10 11 12 13 14 15 16 17 19 20 22 23 30 35
 36 42 43 53 55 56 57 61 64 68 71 73])
Bicluster(rows=[1, 13], cols=[ 1  3  6  8 12 13 16 18 21 22 23 27 31 33 38 41 42 43 50 55 57 59 60 64
 69 70 73])
Bicluster(rows=[1, 14], cols=[ 0  1  2  3  4  5  6  7  8  9 10 11 12 13 14 15 16 17 18 19 20 21 22 23
 24 26 36 37 48 50 55 65 66 72 74])
Bicluster(rows=[1, 15], cols=[ 0  1  2  3  4  5  6  7  8  9 10 11 12 13 14 15 16 17 18 19 20 21 22 23
 24 25 26 32 36 39 43 44 49 50 53 54 55 56 61 62 63 64 66 71 74])
Bicluster(rows=[1, 16], cols=[ 0  1  2  3  4  5  7  9 10 11 12 13 14 15 17 19 20 22 23 28 30 34 36 38
 39 40 41 42 43 50 54 57 59 61 62 63 67 70])
Bicluster(rows=[1, 17], cols=[ 2  4  7  9 11 13 14 17 19 20 25 27 32 33 34 35 37 38 40 41 42 43 45 48
 49 50 52 54 56 65 66 67 68 69 74])
Bicluster(rows=[1, 18], cols=[ 1  3  6  8 12 16 22 23 26 27 28 29 30 33 34 35 36 39 41 42 44 45 46 51
 52 57 58 60 62 63 64 66 71 72])
Bicluster(rows=[1, 19], cols=[ 1  3  4  6  8 11 12 13 16 19 22 23 26 32 33 36 39 41 44 45 51 52 55 57
 61 62 64 66 67 68])
Bicluster(rows=[1, 20], cols=[ 0  1  2  3  4  5  6  7  8  9 10 11 12 13 14 15 16 17 18 19 20 21 22 23
 24 27 29 30 33 34 35 36 37 38 39 40 41 42 45 49 50 52 57 58 59 64 68 70])
Bicluster(rows=[1, 21], cols=[ 1  3  6  8 11 12 13 22 23 26 29 30 34 36 37 38 39 41 42 47 52 54 58 59
 60 61 63 65 70])
Bicluster(rows=[1, 22], cols=[ 0  1  2  3  4  5  6  7  8  9 10 11 12 13 14 15 16 17 18 19 20 21 22 23
 24 30 37 40 49 57 62 68 71 72 74])
Bicluster(rows=[1, 23], cols=[ 2  4  7  9 11 13 14 17 19 20 27 33 34 35 37 38 40 42 43 45 46 47 52 53
 54 57 60 61 62 63 67 68 70 73])
Bicluster(rows=[1, 24], cols=[ 1  3  6  8 16 18 21 22 23 32 33 37 40 45 47 49 51 52 56 58 62 65 66 70
 71 73 74])
Bicluster(rows=[1, 25], cols=[ 0  1  2  3  4  5  6  7  8  9 10 11 12 13 14 15 16 17 18 19 20 21 22 23
 24 27 30 36 38 40 42 43 50 55 57 61 63 66 71])
Bicluster(rows=[1, 26], cols=[ 4  7  9 11 13 14 19 25 26 32 33 42 53 54 59 61 63 64 65 66 67 69 70 72
 73 74])
Bicluster(rows=[1, 27], cols=[ 0  1  2  3  4  5  6  7  8  9 10 11 12 13 14 15 16 17 18 19 20 21 22 23
 24 28 30 32 34 36 37 41 43 63 68 70 74])
Bicluster(rows=[1, 28], cols=[ 1  3  4  7  9 11 12 13 14 17 19 22 23 26 29 33 34 35 39 40 43 45 47 54
 56 57 58 61 62 71])
Bicluster(rows=[1, 29], cols=[ 0  1  2  3  4  5  6  7  8  9 10 11 12 13 14 15 16 17 18 19 20 21 22 23
 24 30 37 41 42 48 50 53 55 62 63 66 71 72 73 74])
Bicluster(rows=[1, 30], cols=[ 0  2  4  5  7  9 10 11 13 14 15 17 19 20 25 26 27 28 29 33 34 35 36 37
 39 40 41 44 45 49 50 51 52 53 54 56 60 64 66 70 72 73])
Bicluster(rows=[1, 31], cols=[ 0  2  4  5  7  9 10 11 14 15 17 19 20 25 34 35 40 41 43 45 49 52 54 57
 61 63 67 70 71 73])
Bicluster(rows=[1, 32], cols=[ 0  2  5  7  9 10 14 15 17 20 25 33 40 42 43 46 48 49 51 54 55 57 63 64
 70])
Bicluster(rows=[1, 33], cols=[ 3  6 11 14 19 20 27 28 29 33 34 35 36 38 39 40 41 42 43 44 45 49 50 54
 60 63 65 67 69 70 71 73])
Bicluster(rows=[1, 34], cols=[ 0  1  3  6  8  9 11 12 13 16 18 19 23 24 25 27 36 40 42 45 53 55 59 61
 63 64 66 68 70 71 72 74])
Bicluster(rows=[1, 35], cols=[ 1  3  4  6  7  8  9 11 12 13 14 15 16 17 18 19 22 23 28 33 34 35 36 38
 40 44 49 50 53 55 62 68 71 72 74])
Bicluster(rows=[1, 36], cols=[ 0  1  2  3  4  5  6  8 13 16 17 18 19 22 23 24 28 34 35 36 38 40 44 49
 50 55 59 61 62 63 64 66 67 72])
Bicluster(rows=[1, 37], cols=[ 3 14 16 17 18 20 29 30 33 34 39 46 47 50 52 54 56 58 61 62 67 71])
Bicluster(rows=[1, 38], cols=[11 13 15 16 17 19 22 28 33 34 35 36 37 38 40 44 49 50 51 53 54 56 57 62
 63 65 68 72])
Bicluster(rows=[1, 39], cols=[ 0  1  3  8  9 15 17 18 21 22 23 24 28 34 35 37 38 48 50 52 57 60 62 64
 66 71])
Bicluster(rows=[1, 40], cols=[ 4  5  6  7 13 18 22 27 28 29 33 34 35 38 42 43 45 49 51 52 53 56 58 60
 61 62 64 67 73 74])
Bicluster(rows=[1, 41], cols=[ 4  6  7 11 12 13 14 18 22 23 24 28 34 35 37 38 40 44 49 50 55 56 57 59
 62 67 68 70 71 73 74])
Bicluster(rows=[1, 42], cols=[ 0  1  3  4  5  8 10 13 14 15 17 19 20 21 22 23 28 34 35 37 38 40 44 49
 53 54 55 61 63 64 66 72 74])
Bicluster(rows=[1, 43], cols=[ 2  3  5  6  7  8 11 13 15 20 23 24 25 27 36 40 42 45 50 55 57 66 70])
Bicluster(rows=[1, 44], cols=[ 1  2 11 14 15 17 19 20 23 28 29 33 34 35 38 39 43 46 47 51 53 57 58 59
 61 64 70 73])
Bicluster(rows=[1, 45], cols=[ 2  7  9 10 11 12 14 16 19 20 22 27 30 36 40 42 45 49 50 51 53 54 55 62
 70 71 74])
Bicluster(rows=[1, 46], cols=[ 0  2  3  4  5  7  8 11 12 13 14 15 16 18 22 27 28 33 34 35 36 38 40 41
 42 44 49 55 61 62 63 64 66 67 68 70 71 72])
Bicluster(rows=[1, 47], cols=[ 1  4  8 13 14 19 20 21 23 27 30 36 40 41 42 45 49 50 54 55 58 60 67 70
 71 72 73 74])
Bicluster(rows=[1, 48], cols=[ 0  2  3  4  5  6  7  8  9 10 12 13 14 15 16 17 18 20 21 23 27 28 33 34
 35 36 38 40 41 44 49 50 52 53 55 57 62 63 64 67 68 71 72 74])
Bicluster(rows=[1, 49], cols=[ 0  2  6  7 12 13 16 18 20 21 23 24 28 29 33 34 35 38 39 43 46 47 50 53
 54 56 57 64 67 70])
Bicluster(rows=[1, 50], cols=[ 0  1  2  3  6  7  8  9 10 12 13 16 17 19 21 22 23 24 27 28 33 34 35 36
 38 40 41 42 44 49 50 53 55 63 64 66 68 71 74])
Bicluster(rows=[1, 51], cols=[ 2  3  4  5  6  8 11 12 18 21 22 23 24 28 34 35 36 38 40 44 49 50 53 55
 61 62 67 70 74])
Bicluster(rows=[1, 52], cols=[ 2  3  7 11 14 15 16 18 21 22 23 27 28 29 33 34 35 38 39 42 44 45 50 52
 55 57 62 68])
Bicluster(rows=[1, 53], cols=[ 1  4  6  7  8  9 11 12 13 14 15 17 18 19 20 21 22 23 24 37 43 44 48 53
 54 55 59 63 64 68 72])
Bicluster(rows=[1, 54], cols=[ 1  3  7  8 12 13 17 18 19 23 24 28 29 33 34 35 38 39 43 46 47 52 55 58
 61 62 63 67 68 71 74])
Bicluster(rows=[1, 55], cols=[ 0  1  3  8  9 11 14 16 18 22 24 28 34 35 37 38 40 44 49 50 53 55 61 62
 63 64 67 70])
Bicluster(rows=[1, 56], cols=[ 1  2  5  6  8  9 14 15 18 19 20 24 28 29 33 34 35 38 39 43 46 47 51 52
 53 55 56 57 59 60 61 64 65 66 68])
Bicluster(rows=[1, 57], cols=[ 0  2  3  6  7 10 11 12 14 16 19 21 22 24 28 29 33 34 35 38 39 43 46 47
 50 52 55 56 57 59 64 66 67 68 69 70 71 73])
Bicluster(rows=[1, 58], cols=[ 0  4  5  6  8 11 14 15 19 20 22 23 24 27 28 33 34 35 36 38 40 41 42 44
 49 50 53 61 64 66 67 68 70 72 73 74])
Bicluster(rows=[1, 59], cols=[ 0  1 10 12 13 15 16 17 19 22 28 34 35 37 38 40 44 49 55 62 63 65 67 68
 72 74])
Bicluster(rows=[1, 60], cols=[ 1  2  3  4  5  7  8  9 10 11 12 13 14 15 17 18 19 20 22 23 28 33 34 35
 36 38 40 41 44 49 53 59 63 66 67 68 71 72 74])
Bicluster(rows=[1, 61], cols=[ 0  1  4  6 11 13 16 18 22 23 24 28 34 37 38 44 50 53 59 61 63 67 68 72])
Bicluster(rows=[1, 62], cols=[ 1  4  7  9 10 11 12 14 15 20 21 22 23 28 29 33 34 35 38 39 46 47 53 54
 55 57 59 64 66 67 71 73 74])
Bicluster(rows=[1, 63], cols=[ 1  2  3  4  6  7  9 10 11 12 13 17 18 19 20 22 23 28 34 35 37 38 40 44
 49 55 57 63 68 70 71 74])
Bicluster(rows=[1, 64], cols=[ 2  4  5  6  7 12 14 16 17 20 24 27 28 33 34 35 36 38 40 41 42 43 44 49
 50 55 64 65 68 72 73])
Bicluster(rows=[1, 65], cols=[ 3  5  7 13 21 24 27 28 33 34 35 36 38 40 41 42 44 49 50 54 57 59 62 69
 70 72 73 74])
Bicluster(rows=[1, 66], cols=[ 2  4  7 11 13 15 17 20 24 25 27 31 33 35 37 38 45 51 52 56 58 69])
Bicluster(rows=[1, 67], cols=[ 1  5  8  9 12 18 21 24 27 35 36 38 40 41 42 45 48 50 53 54 57 59 61 62
 70 73])
Bicluster(rows=[1, 68], cols=[ 1  2  5  7 11 12 13 14 15 20 25 26 27 30 32 33 41 43 48 50 53 55 57 59
 61 62 63 67 70])
Bicluster(rows=[1, 69], cols=[ 0  4  6 11 14 18 20 21 23 24 26 28 32 33 35 39 44 47 49 50 55 57 61 62
 63 64 66 68 70 71 72])
Bicluster(rows=[1, 70], cols=[ 3  4  7  8  9 10 11 12 13 14 15 17 20 21 22 26 27 28 36 38 39 41 42 43
 45 46 49 51 52 58 59 60 67 68 69 73])
Bicluster(rows=[1, 71], cols=[ 0  3  4  8 11 14 16 18 19 21 23 24 25 27 28 30 35 40 41 43 44 46 47 50
 51 52 57 58 59 60 63 64 69 71 72])
Bicluster(rows=[1, 72], cols=[ 0  1  2  3  4  5  9 11 12 14 15 16 17 19 22 23 24 25 26 27 28 33 34 37
 48 50 53 55 57 61 62 63 68 70 71])
Bicluster(rows=[1, 73], cols=[ 1  3  6  8 11 12 14 16 17 18 21 23 24 34 35 40 41 42 43 45 49 53 64 66
 68 71 72 74])
Bicluster(rows=[1, 74], cols=[ 5  6  7  8 16 21 27 29 35 36 38 41 43 44 45 46 47 48 49 50 51 52 58 59
 60 63 64 67 68 69 71 73])
Bicluster(rows=[1, 75], cols=[ 0  1  3  7  8  9 11 13 15 21 24 26 27 33 34 35 36 37 39 41 42 48 49 52
 57 58 59 63 67 68 69 71 73])
Bicluster(rows=[1, 76], cols=[ 0  1  3  4  5  6  7  8  9 13 16 17 21 22 23 28 30 32 34 36 38 39 42 43
 47 51 52 58 59 60 63 64 67 68 69 71 73])
Bicluster(rows=[1, 77], cols=[ 0  4  6  8 15 18 19 25 27 28 29 30 31 32 33 39 41 44 45 47 48 49 50 54
 55 57 59 61 62 66 73 74])
Bicluster(rows=[1, 78], cols=[ 0  4 12 19 20 24 27 30 33 34 36 38 39 40 50 53 55 61 62 63 67 68])
Bicluster(rows=[1, 79], cols=[ 5  6  7  9 15 16 17 18 24 27 30 31 32 35 37 41 42 43 47 51 52 58 59 60
 63 67 68 69 71 73])
Bicluster(rows=[1, 80], cols=[ 1  5  6 11 12 13 14 22 25 27 28 29 33 35 40 42 44 48 50 55 57 59 61 62
 63 67 68 70 71])
Bicluster(rows=[1, 81], cols=[ 0  5  7  8  9 11 13 15 20 27 29 30 33 34 36 41 42 50 53 54 57 59 61 62
 70 73])
Bicluster(rows=[1, 82], cols=[ 0  2  3  4  6 11 13 14 16 19 23 26 30 33 34 37 38 40 43 48 49 53 64 65
 66 72 74])
Bicluster(rows=[1, 83], cols=[ 0  1  3  6  8 10 13 14 15 18 19 22 25 33 38 40 42 43 46 48 51 52 54 56
 58 60 69 73])
Bicluster(rows=[1, 84], cols=[ 3  7  8 10 11 12 14 16 18 19 22 25 28 33 36 40 41 49 51 52 54 56 58 60
 69 73])
Bicluster(rows=[1, 85], cols=[ 0  1  2  3  4  5  6  8  9 10 11 12 13 14 17 19 20 23 24 26 27 28 38 41
 43 49 51 52 58 59 60 63 67 68 69 71 73])
Bicluster(rows=[1, 86], cols=[ 2  6 11 12 15 18 19 20 36 42 43 46 48 50 52 57 59 61 62 63 67 68 70 71])
Bicluster(rows=[1, 87], cols=[ 3  8 11 13 17 18 24 27 28 30 33 35 36 38 39 40 42 45 47 49 50 51 52 55
 57 58 60 64 65 69 72])
Bicluster(rows=[1, 88], cols=[ 3 11 13 18 19 22 27 28 33 35 36 38 39 40 41 42 46 49 50 51 52 58 59 60
 63 64 69 71 72])
Bicluster(rows=[1, 89], cols=[ 2  3  4  5  6  7  8  9 10 11 15 16 19 20 21 22 24 26 27 31 36 41 42 44
 45 48 51 52 54 56 58 60 67 69 73])
Bicluster(rows=[1, 90], cols=[ 1  3  4  6  7 12 18 21 23 24 27 29 33 35 36 37 38 40 42 43 44 45 49 50
 53 54 55 57 59 61 62 70 73])
Bicluster(rows=[1, 91], cols=[ 0  1  2  5  6  7 10 12 13 16 17 21 24 26 27 28 29 34 40 41 42 43 44 55
 63 64 66 68 71 72 74])
Bicluster(rows=[1, 92], cols=[ 3  4  5  7  8 11 12 14 16 21 22 24 26 27 32 34 36 37 38 39 40 41 42 44
 45 47 48 49 53 56 57 61 62 70])
Bicluster(rows=[1, 93], cols=[ 1  8 22 28 29 33 34 35 36 41 42 45 46 49 50 55 57 61 62 63 64 68 70 71
 72])
Bicluster(rows=[1, 94], cols=[ 4  5  8  9 10 11 14 16 17 19 21 22 23 25 26 27 29 31 34 35 36 37 39 40
 41 42 43 44 45 47 49 50 52 55 57 58 60 61 62 65 66 69])
Bicluster(rows=[1, 95], cols=[ 0  1  2  4  5  8 13 14 15 16 17 25 27 35 37 38 40 41 43 49 50 51 52 57
 58 59 60 64 69 72])
Bicluster(rows=[1, 96], cols=[ 2  5  7 12 13 14 18 21 22 23 25 27 30 33 34 35 36 38 40 42 43 45 46 50
 53 54 55 57 59 61 62 73])
Bicluster(rows=[1, 97], cols=[ 2  3  4  8  9 11 12 13 14 16 17 18 19 21 22 24 27 30 33 34 38 42 43 45
 49 50 51 52 57 58 59 60 63 64 69 71 72])
Bicluster(rows=[1, 98], cols=[ 2  6  8  9 10 12 13 14 16 18 19 21 23 27 30 34 35 36 37 38 42 43 47 49
 50 51 52 57 58 59 60 63 64 69 71 72])
Bicluster(rows=[1, 99], cols=[ 1  2  4  7  8 14 15 18 19 21 22 23 24 28 30 33 34 35 36 37 40 41 42 45
 48 52 53 54 56 57 58 59 61 63 67 71])
Bicluster(rows=[2, 3], cols=[ 1  3  6  8 16 18 21 22 23 26 29 34 35 36 37 43 44 45 46 48 49 50 53 55
 57 59 62 63 64 69 70 72])
Bicluster(rows=[2, 4], cols=[ 0  1  2  3  4  5  6  7  8  9 10 11 12 13 14 15 16 17 18 19 20 21 22 23
 24 28 36 38 44 57 62 70 71 74])
Bicluster(rows=[2, 5], cols=[ 0  1  2  3  4  5  6  7  8  9 10 11 12 13 14 15 16 17 18 19 20 21 22 23
 24 26 29 30 34 36 37 40 41 43 44 48 49 54 55 57 59 63 64 65 66 67 69 70
 71 72 73 74])
Bicluster(rows=[2, 6], cols=[ 0  1  2  3  4  5  6  7  8  9 10 11 12 13 14 15 16 17 18 19 20 21 22 23
 24 25 26 47 49 51 52 55 56 58 61 68 69 71 72 73])
Bicluster(rows=[2, 7], cols=[ 0  1  2  3  4  5  6  7  8  9 10 11 12 13 14 15 16 17 18 19 20 21 22 23
 24 25 30 31 34 35 37 38 39 42 44 46 49 50 51 53 54 55 57 59 60 62 65 67
 68 69 71 73 74])
Bicluster(rows=[2, 8], cols=[ 0  1  2  3  4  5  6  7  8  9 10 11 12 13 14 15 16 17 18 19 20 21 22 23
 24 25 29 30 31 35 36 42 52 54 55 56 60 61 62 64 67 70 73])
Bicluster(rows=[2, 9], cols=[ 0  1  2  3  4  5  6  7  8  9 10 11 12 13 14 15 16 17 18 19 20 21 22 23
 24 28 30 36 39 44 46 47 48 49 51 54 56 57 58 66 67 73])
Bicluster(rows=[2, 10], cols=[ 4 11 13 19 29 34 36 38 39 41 42 43 44 46 49 50 51 52 53 54 55 59 62 63
 64 65 67 69 70 74])
Bicluster(rows=[2, 11], cols=[ 1  3  6  8 16 22 23 27 30 31 32 36 38 40 41 42 43 46 48 49 50 54 56 57
 62 63 66 67 68 72 74])
Bicluster(rows=[2, 12], cols=[ 0  1  2  3  4  5  6  7  8  9 10 11 12 13 14 15 16 17 18 19 20 21 22 23
 24 26 29 32 35 37 38 39 41 42 44 47 48 49 51 52 55 56 57 59 60 62 63 65
 66 68 70 71 73 74])
Bicluster(rows=[2, 13], cols=[ 4  7  9 11 14 19 26 31 32 36 38 40 43 45 48 49 51 58 59 61 63 65 66 68
 69 70])
Bicluster(rows=[2, 14], cols=[ 0  1  2  3  4  5  6  7  8  9 10 11 12 13 14 15 16 17 18 19 20 21 22 23
 24 25 26 29 31 32 34 39 40 41 45 46 47 48 50 51 52 53 55 57 59 60 63 66
 70])
Bicluster(rows=[2, 15], cols=[ 0  1  2  3  4  5  6  7  8  9 10 11 12 13 14 15 16 17 18 19 20 21 22 23
 24 26 27 29 31 34 36 38 45 47 48 51 55 60 61 62 70 71 74])
Bicluster(rows=[2, 16], cols=[ 0  1  2  3  4  5  6  7  8  9 10 11 12 13 14 15 16 17 18 19 20 21 22 23
 24 25 26 29 30 31 32 35 37 38 40 41 42 44 45 46 48 49 50 52 56 57 59 60
 61 62 64 66 67 68 69 72 73 74])
Bicluster(rows=[2, 17], cols=[ 0  1  2  3  4  5  6  7  8  9 10 11 12 13 14 15 16 17 18 19 20 21 22 23
 24 34 37 41 47 49 51 57 61 62 70 73 74])
Bicluster(rows=[2, 18], cols=[ 0  1  2  3  4  5  6  7  8  9 10 11 12 13 14 15 16 17 18 19 20 21 22 23
 24 27 29 30 32 34 36 37 38 42 45 48 52 53 55 56 57 61 62 63 64 66 67 68
 69 72 74])
Bicluster(rows=[2, 19], cols=[ 0  1  2  3  4  5  6  7  8  9 10 11 12 13 14 15 16 17 18 19 20 21 22 23
 24 27 31 35 37 41 48 50 54 55 60 62 64 66 67 68 69 73])
Bicluster(rows=[2, 20], cols=[ 0  2  4  5  7  9 10 11 12 13 14 15 17 19 20 25 27 28 31 33 34 35 36 40
 41 42 49 50 51 54 56 58 61 65 67 68 69 74])
Bicluster(rows=[2, 21], cols=[ 0  1  2  3  4  5  6  7  8  9 10 11 12 13 14 15 16 17 18 19 20 21 22 23
 24 30 31 34 35 37 39 41 42 44 46 52 57 59 62 63 70 72])
Bicluster(rows=[2, 22], cols=[ 0  1  2  3  4  5  6  7  8  9 10 11 12 13 14 15 16 17 18 19 20 21 22 23
 24 25 26 27 29 30 32 33 34 36 37 40 46 47 48 49 50 51 53 54 57 58 59 60
 62 64 65 66 67 68 69 70 71 72 73 74])
Bicluster(rows=[2, 23], cols=[ 1  3  6  8 16 18 21 22 23 26 27 30 32 34 38 40 41 44 46 47 49 52 55 59
 63 65 66 69 72 74])
Bicluster(rows=[2, 24], cols=[ 0  1  2  3  4  5  6  7  8  9 10 11 12 13 14 15 16 17 18 19 20 21 22 23
 24 26 28 29 31 35 39 40 49 53 54 60 69 72])
Bicluster(rows=[2, 25], cols=[ 0  1  2  3  4  5  6  7  8  9 10 11 12 13 14 15 16 17 18 19 20 21 22 23
 24 25 29 32 33 34 36 37 39 40 42 44 46 47 49 51 52 54 55 56 57 58 60 61
 62 65 68 70 71 72 73 74])
Bicluster(rows=[2, 26], cols=[ 0  1  2  3  4  5  6  7  8  9 10 11 12 13 14 15 16 17 18 19 20 21 22 23
 24 25 26 29 32 34 36 38 39 40 41 44 48 51 52 53 56 62 63 64 66 70 72 74])
Bicluster(rows=[2, 27], cols=[ 0  1  2  3  4  5  6  7  8  9 10 11 12 13 14 15 16 17 18 19 20 21 22 23
 24 25 31 33 38 40 41 42 48 49 58 60 62 63 64 67 74])
Bicluster(rows=[2, 28], cols=[ 1  3  6  8 16 18 22 23 29 30 32 34 37 39 40 41 44 46 47 49 55 59 66 68
 70 72 74])
Bicluster(rows=[2, 29], cols=[ 0  1  2  3  4  5  6  7  8  9 10 11 12 13 14 15 16 17 18 19 20 21 22 23
 24 26 29 30 31 33 37 39 40 41 42 43 44 46 47 48 49 50 51 52 54 63 64 65
 67 69 70 71 72 74])
Bicluster(rows=[2, 30], cols=[ 0  2  5  9 14 15 17 20 27 29 30 32 34 35 41 42 47 48 49 53 54 55 56 61
 65 67 68 69 70])
Bicluster(rows=[2, 31], cols=[ 6  8 16 18 21 22 24 25 26 27 29 31 32 37 38 41 43 44 45 46 48 49 50 51
 53 60 63 68 69 70])
Bicluster(rows=[2, 32], cols=[ 1  3  6  8 16 18 22 23 26 30 32 35 36 37 40 41 43 46 49 51 55 60 62 63
 65 70 74])
Bicluster(rows=[2, 33], cols=[ 2 11 14 15 18 19 21 22 24 25 27 29 30 31 33 35 36 40 42 50 51 52 53 54
 59 63 64 65 66 67 71 73])
Bicluster(rows=[2, 34], cols=[ 7 12 13 14 17 19 20 22 26 30 32 34 38 39 45 47 48 49 50 52 53 55 57 58
 63 66 67 68 69 71 72 73 74])
Bicluster(rows=[2, 35], cols=[ 4  7  8  9 11 12 13 14 17 19 22 25 28 29 31 33 35 37 40 41 45 46 48 51
 52 53 55 59 60 64 65 66 68 69 70 71])
Bicluster(rows=[2, 36], cols=[ 1  2  4 13 16 18 19 21 22 23 25 27 28 29 31 33 35 37 40 41 45 46 50 51
 53 55 60 61 65 66 67 72 73])
Bicluster(rows=[2, 37], cols=[ 4  7 10 11 16 18 24 26 30 32 34 39 47 48 49 52 54 55 57 61 63 64 65 67
 69 70 72 73 74])
Bicluster(rows=[2, 38], cols=[ 0  2  3  4  7 13 14 18 20 22 24 26 27 29 37 39 40 42 46 47 48 49 53 58
 59 60 61 62 63 68 72])
Bicluster(rows=[2, 39], cols=[ 1  3  6  8 18 19 21 22 25 27 28 29 31 33 35 37 40 41 45 46 48 54 56 57
 58 63 66 67 70 73])
Bicluster(rows=[2, 40], cols=[ 2  3  6  9 10 14 17 18 20 22 26 27 29 30 32 34 37 38 39 40 41 43 44 46
 48 49 52 63 64 65 67 71 72 73])
Bicluster(rows=[2, 41], cols=[ 1  3  4  7  8 11 12 13 14 16 30 32 34 37 45 46 48 49 50 54 55 56 57 60
 66 67 71 72 73])
Bicluster(rows=[2, 42], cols=[ 1  4  8 10 13 14 17 19 21 22 23 24 25 27 28 29 31 33 35 37 40 41 45 46
 48 52 57 59 61 62 63 65 69 70 73 74])
Bicluster(rows=[2, 43], cols=[ 8 10 16 18 19 21 23 25 27 28 29 33 35 37 40 41 45 46 48 50 51 64 66 67
 68 70 72])
Bicluster(rows=[2, 44], cols=[ 2  4  5  6  8 12 13 14 15 17 20 26 27 29 32 34 38 40 42 43 51 53 55 59
 67 68 70 71 72 74])
Bicluster(rows=[2, 45], cols=[ 1  2  3  4  6  9 10 11 13 14 18 20 21 23 26 27 29 32 37 39 42 46 47 48
 49 52 53 54 57 62 66 71 72])
Bicluster(rows=[2, 46], cols=[ 0  2  5  7  8 13 14 15 19 22 25 27 28 29 31 33 35 37 40 41 45 46 62 63
 67 68 69 74])
Bicluster(rows=[2, 47], cols=[ 3  4 13 19 20 24 26 27 29 32 34 37 38 39 40 41 43 46 48 49 50 52 54 58
 59 61 63 66 69 71 73])
Bicluster(rows=[2, 48], cols=[ 0  2  4  5  6  7 10 12 13 14 16 17 18 20 25 27 28 29 31 33 35 37 40 41
 42 45 46 50 54 55 57 58 59 62 63 65 67 68 69 70 74])
Bicluster(rows=[2, 49], cols=[ 2  3  4  7 13 20 22 30 31 33 34 36 38 43 51 52 53 54 55 56 57 59 63 65
 66 70 72])
Bicluster(rows=[2, 50], cols=[ 0  2  3  6 12 13 19 22 25 27 28 31 35 36 41 42 50 52 54 55 57 59 60 62
 63 65 66 68 69 70 71 72 73])
Bicluster(rows=[2, 51], cols=[ 2  4  5 11 12 13 25 28 29 33 35 37 40 45 46 48 50 51 54 55 59 65 66 69
 72 73])
Bicluster(rows=[2, 52], cols=[ 0  2  8  9 14 15 17 19 26 27 29 32 34 37 38 39 41 43 44 46 48 49 51 53
 63 65 74])
Bicluster(rows=[2, 53], cols=[ 6  8 12 16 18 21 23 24 25 27 28 29 33 35 37 40 41 45 46 48 50 52 56 57
 67 68 70 72 73])
Bicluster(rows=[2, 54], cols=[ 3  6  7  9 13 16 19 21 22 23 25 31 33 35 36 54 55 58 59 60 63 66 67 69
 70 71 72])
Bicluster(rows=[2, 55], cols=[ 0  2 10 15 17 19 20 25 26 28 32 33 35 39 47 49 51 53 54 61 62 66 67 68
 69 70 71])
Bicluster(rows=[2, 56], cols=[ 2  9 11 14 15 16 17 19 20 22 30 31 33 34 36 38 40 42 43 44 50 53 55 56
 59 63 72 74])
Bicluster(rows=[2, 57], cols=[ 1  2  7  8 10 11 14 19 25 30 31 33 35 36 42 50 51 54 55 56 59 60 61 63
 70 71 72 73 74])
Bicluster(rows=[2, 58], cols=[ 0  1  4  5 11 13 14 15 18 19 20 25 27 28 29 31 33 35 37 40 41 45 46 48
 50 52 53 55 59 60 62 65 67 70 73 74])
Bicluster(rows=[2, 59], cols=[ 1  8 12 13 16 18 19 20 22 25 27 28 29 31 33 35 37 40 41 45 46 51 52 54
 55 56 59 63 65 66 67 68 70 72 73 74])
Bicluster(rows=[2, 60], cols=[ 2  3  4  7 11 12 14 19 20 23 25 27 28 29 31 33 35 37 40 41 45 46 51 52
 60 62 63 65 67 68 69 71 72])
Bicluster(rows=[2, 61], cols=[ 0  3  4  8  9 11 12 22 25 28 32 33 35 39 47 49 51 54 59 60 62 65 69 70
 71 74])
Bicluster(rows=[2, 62], cols=[ 1  6 13 18 22 26 30 32 34 38 39 45 46 47 48 49 54 55 56 57 61 63 64 65
 67 72 73])
Bicluster(rows=[2, 63], cols=[ 3  6  9 11 12 13 19 25 28 29 33 35 37 40 45 46 48 50 52 53 55 60 62 63
 65 66 67 68 69 71 72 73 74])
Bicluster(rows=[2, 64], cols=[ 3  4  8 11 12 13 15 18 19 21 22 26 27 29 32 37 39 41 46 47 48 49 50 54
 55 57 60 61 64 67 68 71 72])
Bicluster(rows=[2, 65], cols=[ 1  2  5 10 16 17 19 22 23 25 28 33 35 37 40 45 46 48 54 58 60 61 64 66
 68 70 71 73])
Bicluster(rows=[2, 66], cols=[ 2  7 11 15 16 17 20 21 31 33 38 39 42 47 48 50 54 55 56 57 60 63 64 66
 67 69 72 73 74])
Bicluster(rows=[2, 67], cols=[ 0  2  3  4  5 10 11 14 19 20 23 26 37 38 44 50 51 52 53 54 55 59 60 62
 63 64 66 67 69 70 72 73 74])
Bicluster(rows=[2, 68], cols=[ 6  9 10 12 16 17 19 21 23 25 28 29 30 31 35 36 37 38 40 41 42 47 51 52
 53 55 59 60 62 63 65 68 69 70 71 72 74])
Bicluster(rows=[2, 69], cols=[ 2  7  9 13 15 17 19 23 27 29 34 38 39 40 42 43 45 46 47 50 52 53 54 55
 59 60 62 63 66 67 68 70 72 73 74])
Bicluster(rows=[2, 70], cols=[ 4  6  7  9 10 14 15 16 17 20 25 26 27 29 30 31 32 38 41 42 43 44 47 49
 54 56 57 58 61 63 68 71 72 73])
Bicluster(rows=[2, 71], cols=[ 2  3  7  9 17 22 27 29 30 31 32 33 34 38 39 40 41 43 45 47 48 51 52 53
 54 55 59 62 63 67 70 72 73])
Bicluster(rows=[2, 72], cols=[ 1  2  3  4  5 12 14 16 19 22 23 26 28 31 32 37 39 41 42 43 44 46 47 50
 54 56 57 58 61 63 66 67 68 72 73])
Bicluster(rows=[2, 73], cols=[ 3  4  6  7 12 13 23 26 27 29 32 36 37 38 39 40 43 44 45 47 49 56 57 58
 61 64 67 73])
Bicluster(rows=[2, 74], cols=[ 0  2  8  9 12 13 15 16 19 27 31 32 33 38 43 47 51 52 53 54 55 59 62 63
 64 67 70 72 73])
Bicluster(rows=[2, 75], cols=[ 1  8 17 25 28 30 34 36 40 42 46 50 51 52 53 55 60 62 63 64 66 69 70 72
 73 74])
Bicluster(rows=[2, 76], cols=[ 0  4  5  6  7  9 13 16 18 24 28 29 30 31 32 38 42 45 46 49 56 63 71 72
 73])
Bicluster(rows=[2, 77], cols=[ 2  6  7  8  9 10 12 13 20 25 26 27 29 30 33 35 37 39 42 47 50 54 56 57
 58 61 63 66 67 68 71 72 73])
Bicluster(rows=[2, 78], cols=[ 0  3  4  6  8 12 16 18 19 20 22 23 25 26 27 28 29 32 33 34 40 43 45 51
 52 55 59 60 62 63 65 68 69 70 71 72 74])
Bicluster(rows=[2, 79], cols=[ 6 11 14 16 18 19 20 21 22 25 26 28 33 42 46 50 51 52 53 55 56 60 62 64
 66 69 70 72 73 74])
Bicluster(rows=[2, 80], cols=[ 1  3  7 11 13 14 16 18 19 21 27 32 33 35 38 39 40 41 42 46 47 48 50 54
 55 57 63 66 67 68 72 73])
Bicluster(rows=[2, 81], cols=[ 0  4  7  9 10 12 13 22 26 27 29 33 34 39 41 45 46 48 50 52 54 55 59 60
 62 63 66 67 68 69 70 72 73 74])
Bicluster(rows=[2, 82], cols=[ 4 10 11 12 13 17 19 20 27 29 30 39 44 47 49 50 51 52 53 54 55 62 63 64
 66 67 70 72 73 74])
Bicluster(rows=[2, 83], cols=[ 0  2  5  7  9 10 11 12 14 15 26 30 32 33 37 38 39 41 43 47 49 50 55 57
 59 63 65 66 69 71 72 74])
Bicluster(rows=[2, 84], cols=[ 1  6 23 24 26 27 31 33 35 36 37 40 48 50 51 52 53 54 55 59 60 62 63 65
 66 67 68 69 70 72 73 74])
Bicluster(rows=[2, 85], cols=[ 0  2  4  9 11 13 14 17 19 20 22 27 30 32 37 38 41 42 43 44 45 48 49 50
 57 58 61 63 65 66 71 72 73])
Bicluster(rows=[2, 86], cols=[ 2  6  8 11 12 15 19 32 39 42 44 49 50 54 57 58 61 63 66 68 72 73])
Bicluster(rows=[2, 87], cols=[ 3  4 13 14 19 23 26 27 30 32 37 39 41 43 44 46 47 48 50 51 52 53 55 62
 64 66 67 70 72 73])
Bicluster(rows=[2, 88], cols=[ 1  6  8 12 18 21 24 30 31 35 36 39 43 46 50 51 52 53 55 56 57 60 62 66
 69 70 74])
Bicluster(rows=[2, 89], cols=[ 1  2  9 10 11 12 13 15 19 20 23 26 29 31 32 40 41 45 46 50 54 55 56 57
 58 61 63 66 67 68 72 73])
Bicluster(rows=[2, 90], cols=[ 3  6 11 12 13 17 19 21 26 28 30 36 38 40 43 45 46 47 50 55 57 58 59 61
 63 65 66 71 72])
Bicluster(rows=[2, 91], cols=[ 1  6 10 12 13 17 24 25 28 32 40 45 47 49 51 52 53 55 59 60 62 63 65 68
 69 70 71 72 74])
Bicluster(rows=[2, 92], cols=[ 1  6 13 21 22 24 27 28 30 34 35 36 38 39 42 44 47 50 55 57 58 59 61 65
 66])
Bicluster(rows=[2, 93], cols=[ 0  1  2  7  8  9 12 13 14 17 22 36 39 42 44 45 50 52 53 55 56 57 60 62
 64 66 69 70 74])
Bicluster(rows=[2, 94], cols=[ 7 11 13 27 32 37 39 40 41 43 46 47 48 49 50 51 52 53 54 55 62 63 67 70
 72 73])
Bicluster(rows=[2, 95], cols=[ 1  7  8 11 12 16 18 19 21 23 25 27 30 31 33 36 38 40 42 44 50 51 52 53
 55 56 62 64 66 70])
Bicluster(rows=[2, 96], cols=[ 1  2  3  5  6  8 12 16 24 31 33 37 39 42 47 50 51 52 53 55 56 60 62 64
 66 69 70 72 73 74])
Bicluster(rows=[2, 97], cols=[ 1  2  4  6  7 13 14 17 19 23 26 32 33 34 36 37 38 39 40 42 43 47 48 49
 50 55 57 58 59 61 65 66])
Bicluster(rows=[2, 98], cols=[ 4 11 12 13 23 26 27 30 32 33 34 39 41 43 44 47 48 49 51 52 53 54 59 62
 63 67 70 72 73])
Bicluster(rows=[2, 99], cols=[ 1  4  6  7  8 14 15 19 22 25 28 29 30 33 35 37 39 40 41 42 46 48 57 58
 62 63 64 66 67 69 70 71])
Bicluster(rows=[3, 4], cols=[ 0  1  2  3  4  5  6  7  8  9 10 11 12 13 14 15 16 17 18 19 20 21 22 23
 24 25 26 31 35 36 41 42 43 49 50 53 56 57 60 61 63 64 65 66 68 69 71 73])
Bicluster(rows=[3, 5], cols=[ 0  2  5  9 10 14 15 17 20 25 26 28 30 31 32 34 38 39 40 43 45 49 50 52
 56 59 61 66 69 70 71 72 73 74])
Bicluster(rows=[3, 6], cols=[ 0  1  2  3  4  5  6  7  8  9 10 11 12 13 14 15 16 17 18 19 20 21 22 23
 24 28 29 34 37 42 47 51 53 56 57 60 69 71])
Bicluster(rows=[3, 7], cols=[ 1  3  4  6  8 11 12 13 16 18 21 22 23 26 28 34 35 40 44 46 47 48 49 55
 56 57 58 59 60 61 62 66 69 71 72])
Bicluster(rows=[3, 8], cols=[ 0  2  4  5  7  9 11 13 14 15 17 19 20 26 29 31 37 39 45 46 48 49 56 58
 59 61 67 68 74])
Bicluster(rows=[3, 9], cols=[ 0  2  4  5  7  9 10 14 15 17 19 20 25 26 30 31 40 44 45 47 49 51 52 53
 54 58 59 61 62 63 66 67 73 74])
Bicluster(rows=[3, 10], cols=[ 0  2  4  5  7  9 10 11 13 14 15 17 19 20 25 27 29 31 43 48 51 53 56 57
 60 61 62 66 69 70 73])
Bicluster(rows=[3, 11], cols=[ 0  1  2  3  4  5  6  7  8  9 10 11 12 13 14 15 16 17 18 19 20 21 22 23
 24 33 35 36 46 48 51 53 60 63 66 68 69 71 72 73])
Bicluster(rows=[3, 12], cols=[ 0  1  2  3  4  5  6  7  8  9 10 11 12 13 14 15 16 17 18 19 20 21 22 23
 24 33 35 36 47 50 51 69 71 72])
Bicluster(rows=[3, 13], cols=[ 0  1  2  3  4  5  6  7  8  9 10 11 12 13 14 15 16 17 18 19 20 21 22 23
 24 25 28 35 37 41 43 47 49 51 53 56 57 58 61 63 64 66 68 69 72 74])
Bicluster(rows=[3, 14], cols=[ 1  3  6  8 12 13 16 18 21 22 23 24 25 26 30 31 32 33 34 39 42 44 45 46
 48 50 53 54 55 57 59 66 70 73 74])
Bicluster(rows=[3, 15], cols=[ 0  1  2  3  4  5  6  7  8  9 10 11 12 13 14 15 16 17 18 19 20 21 22 23
 24 25 29 36 37 40 46 47 51 57 58 60 66 67 71 72 73])
Bicluster(rows=[3, 16], cols=[ 0  2  5  7  9 14 15 17 19 20 28 34 37 39 40 46 53 54 59 62 63 66 67 70
 72])
Bicluster(rows=[3, 17], cols=[ 1  3  4  6  7  8  9 11 12 13 14 16 18 19 21 22 23 24 25 26 28 30 31 33
 34 37 38 39 40 42 45 49 51 52 54 57 65 66 67 68 74])
Bicluster(rows=[3, 18], cols=[ 1  3  6  8 12 16 18 21 22 23 24 25 28 31 33 36 37 39 40 41 45 47 53 55
 57 58 59 63 69 73])
Bicluster(rows=[3, 19], cols=[ 0  1  2  3  4  5  6  7  8  9 10 11 12 13 14 15 16 17 18 19 20 21 22 23
 24 25 27 34 35 40 41 42 43 47 51 53 55 56 57 59 60 64 69 70 72])
Bicluster(rows=[3, 20], cols=[ 0  2  4  5  7  9 10 11 12 13 14 15 17 19 20 26 32 33 34 39 44 48 50 51
 53 56 57 58 59 64 65 66 67 69 70])
Bicluster(rows=[3, 21], cols=[ 0  1  2  3  4  5  6  7  8  9 10 11 12 13 14 15 16 17 18 19 20 21 22 23
 24 25 29 35 40 44 48 49 53 55 56 57 62 63 65 66 67 68 73 74])
Bicluster(rows=[3, 22], cols=[ 6  8 16 18 21 24 25 26 28 32 33 34 36 37 38 41 43 44 48 49 50 54 57 59
 62 66 67 68 70 72 73 74])
Bicluster(rows=[3, 23], cols=[ 0  1  2  3  4  5  6  7  8  9 10 11 12 13 14 15 16 17 18 19 20 21 22 23
 24 26 28 29 30 31 32 33 34 37 38 40 42 43 45 48 52 53 56 58 62 63 66 67
 69 70 72 73 74])
Bicluster(rows=[3, 24], cols=[ 0  1  2  3  4  5  6  7  8  9 10 11 12 13 14 15 16 17 18 19 20 21 22 23
 24 29 30 33 34 35 45 48 50 58 60 68 70])
Bicluster(rows=[3, 25], cols=[ 0  2  5  9 10 14 15 17 20 26 28 31 34 37 42 46 48 49 51 54 58 62 63 68
 71 73 74])
Bicluster(rows=[3, 26], cols=[ 0  1  2  3  4  5  6  7  8  9 10 11 12 13 14 15 16 17 18 19 20 21 22 23
 24 27 29 36 37 41 43 44 47 50 51 55 61 63 64 65])
Bicluster(rows=[3, 27], cols=[ 0  1  2  3  4  5  6  7  8  9 10 11 12 13 14 15 16 17 18 19 20 21 22 23
 24 25 26 29 32 36 37 39 41 44 47 50 53 56 59 60 61 63 64 69 72 73])
Bicluster(rows=[3, 28], cols=[ 0  1  2  3  4  5  6  7  8  9 10 11 12 13 14 15 16 17 18 19 20 21 22 23
 24 25 31 34 37 39 42 43 44 45 46 51 53 54 55 57 58 59 61 62 67 68 69 70
 71 72 73 74])
Bicluster(rows=[3, 29], cols=[ 1  3  6  8 16 18 21 22 23 24 25 29 34 37 41 43 44 46 48 49 50 51 58 61
 66 69 71 72])
Bicluster(rows=[3, 30], cols=[ 0  1  2  3  4  5  6  7  8  9 10 11 12 13 14 15 16 17 18 19 20 21 22 23
 24 25 28 30 31 33 34 37 38 39 40 42 43 45 48 49 50 52 53 54 59 68 69 70
 73 74])
Bicluster(rows=[3, 31], cols=[ 0  1  2  3  4  5  6  7  8  9 10 11 12 13 14 15 16 17 18 19 20 21 22 23
 24 25 26 28 29 30 33 34 37 40 42 44 45 46 47 48 49 50 52 55 56 57 58 61
 63 66 67 68 69 70 71 72 73 74])
Bicluster(rows=[3, 32], cols=[ 0  1  2  3  4  5  6  7  8  9 10 11 12 13 14 15 16 17 18 19 20 21 22 23
 24 25 31 33 34 35 36 37 43 44 46 47 49 53 54 55 56 62 63 69 70 72 74])
Bicluster(rows=[3, 33], cols=[ 2  4  7 15 23 26 28 30 33 34 37 39 40 42 45 48 51 54 56 59 67 70 73 74])
Bicluster(rows=[3, 34], cols=[ 1  3  5  6  7  8 10 14 15 16 18 19 23 24 25 27 28 34 36 41 47 55 56 58
 60 62 63 66 67 68 69 71 72 73 74])
Bicluster(rows=[3, 35], cols=[ 0  1  2  3  4  5  6  7  9 10 11 13 14 15 16 19 20 21 23 24 26 27 29 30
 31 32 33 38 39 41 49 51 55 56 57 61 62 65 66 69 71])
Bicluster(rows=[3, 36], cols=[ 0  2  3  4  5  6  8  9 10 13 15 17 19 23 26 27 29 30 31 32 33 38 39 41
 49 50 54 56 57 59 60 61 62 65 67 68 74])
Bicluster(rows=[3, 37], cols=[ 0  2  3  5 14 16 18 19 20 24 25 31 37 42 45 48 49 51 55 57 63 64 66 68
 69 70 72])
Bicluster(rows=[3, 38], cols=[ 1  3 11 13 15 17 18 19 24 26 29 30 31 33 34 37 41 46 49 53 54 59 62 63
 65 70 72 74])
Bicluster(rows=[3, 39], cols=[ 0  1  3  9 10 14 15 16 17 20 27 28 31 34 36 41 47 51 53 55 56 62 64 68
 69 71 72 74])
Bicluster(rows=[3, 40], cols=[ 4  5  7 11 23 26 28 33 34 37 40 42 48 49 57 58 61 62 67 69 72 73])
Bicluster(rows=[3, 41], cols=[ 2  6 11 12 13 18 20 22 23 26 27 30 31 33 34 36 38 47 54 55 58 59 60 64
 67 71 72 73])
Bicluster(rows=[3, 42], cols=[ 0  3  4  5  6 13 14 15 16 18 19 20 26 27 29 30 31 33 36 38 39 41 49 53
 57 59 60 63 64 68 69 73])
Bicluster(rows=[3, 43], cols=[ 0  1  3  6 12 14 17 19 24 26 27 28 29 30 31 33 34 36 41 49 50 51 52 54
 55 56 57 59 60 61 62 66 67 71 73])
Bicluster(rows=[3, 44], cols=[ 0  1  2  3 10 11 14 15 17 18 19 20 21 23 26 28 33 34 39 40 42 43 44 45
 48 56 57 59 60 61 63 64 66 67 68 69 70 72])
Bicluster(rows=[3, 45], cols=[ 0  1  3  5  6 13 15 18 21 23 26 29 30 31 33 34 37 41 46 49 50 53 56 57
 60 62 65 72 73 74])
Bicluster(rows=[3, 46], cols=[ 0  1  2  3  4  5  6 11 12 14 15 21 23 26 30 32 33 37 38 39 40 42 46 48
 50 51 53 55 56 57 61 62 64 65 67 68 69 70 71 72 74])
Bicluster(rows=[3, 47], cols=[ 0  5  6 12 16 22 24 26 28 30 33 34 37 40 42 46 48 49 50 53 59 60 61 63
 66 67 69 73 74])
Bicluster(rows=[3, 48], cols=[ 0  2  4  5  7  8 10 13 14 15 17 20 26 30 32 33 37 38 39 40 42 46 48 52
 53 54 56 58 60 62 63 64 65 67 68])
Bicluster(rows=[3, 49], cols=[ 0  2  4  5  6  7 10 12 13 15 16 20 23 26 28 33 34 40 42 43 44 45 48 49
 50 51 54 55 61 64 65 66 68 74])
Bicluster(rows=[3, 50], cols=[ 1  7  8  9 10 12 13 15 16 17 18 19 20 23 26 30 32 33 37 38 39 40 46 48
 50 51 53 54 55 56 57 60 63 64 65 66 69 72])
Bicluster(rows=[3, 51], cols=[ 2  3  4  6  8 11 17 20 22 23 26 27 29 30 31 32 33 38 39 41 49 50 51 53
 55 56 57 62 64 66 69 72 73])
Bicluster(rows=[3, 52], cols=[ 0  2  3  7  9 10 11 14 16 17 21 22 23 24 26 30 32 33 34 37 39 40 42 45
 48 50 52 53 55 60 66 67 72 74])
Bicluster(rows=[3, 53], cols=[ 1  2  4  5  6  7  8  9 11 12 13 14 16 17 18 20 21 22 23 24 31 35 37 42
 45 46 47 49 50 56 57 60 61 63 65 70])
Bicluster(rows=[3, 54], cols=[ 0  1  5  7  8 10 12 13 17 19 23 26 28 30 32 33 34 39 40 42 45 48 51 53
 55 57 58 60 61 62 63 64 65 66 67 69 72])
Bicluster(rows=[3, 55], cols=[ 0  2  3  8 10 14 15 17 20 21 22 23 26 27 29 30 31 33 34 36 38 41 49 50
 53 54 55 56 57 62 63 64 65 66 67 68 70])
Bicluster(rows=[3, 56], cols=[ 1  2  3  5  6  8  9 13 14 15 19 20 23 26 28 30 33 34 39 40 42 43 45 48
 55 57 59 61 64 65 66 70 72 74])
Bicluster(rows=[3, 57], cols=[ 0  2  3  7 11 12 14 16 17 19 20 23 26 28 33 34 37 40 42 43 45 46 48 49
 50 51 53 55 57 61 62 63 64 71 72])
Bicluster(rows=[3, 58], cols=[ 0  3  4 11 12 14 15 16 20 21 26 30 32 33 37 38 39 40 42 46 48 56 61 62
 63 66 67 69 70 72 73])
Bicluster(rows=[3, 59], cols=[ 0  3  5  6 10 13 15 17 19 21 23 26 29 30 31 32 33 37 38 39 40 41 46 49
 51 54 55 59 63 65 66 67 68 72])
Bicluster(rows=[3, 60], cols=[ 0  1  4  5  6  7  8  9 10 11 13 14 15 16 17 19 20 21 26 30 32 33 37 38
 39 40 41 46 48 50 51 53 56 57 59 61 63 67 69 71 72])
Bicluster(rows=[3, 61], cols=[ 0  1  4  9 13 16 21 23 26 27 30 31 33 36 38 47 49 51 52 53 54 56 59 63
 66 67 71 74])
Bicluster(rows=[3, 62], cols=[ 3  6  7  9 10 11 15 17 20 23 26 28 33 34 39 40 43 44 45 48 50 51 53 55
 56 59 67 71 72 73])
Bicluster(rows=[3, 63], cols=[ 0  1  2  8  9 10 11 16 17 19 20 21 22 26 27 29 30 31 32 33 36 38 39 41
 49 50 55 56 59 65 66 67 69 70 71 72 73])
Bicluster(rows=[3, 64], cols=[ 2  3  5  7  8 10 14 17 18 20 21 22 23 26 28 30 31 33 34 37 40 42 46 48
 49 51 55 56 57 64 65 66 69 73 74])
Bicluster(rows=[3, 65], cols=[ 6  8  9 12 14 15 16 25 31 37 40 42 45 48 49 51 52 59 62 63 64 65 66 68
 69 70])
Bicluster(rows=[3, 66], cols=[ 0  2  3  4  6  7  8 10 13 15 17 19 20 25 29 33 41 42 47 53 54 59 61 62
 66 67 68 70 72 73])
Bicluster(rows=[3, 67], cols=[ 0  1  2  6  8  9 10 12 14 16 20 29 31 37 41 45 47 54 55 59 61 62 66 67
 68 69 72 73])
Bicluster(rows=[3, 68], cols=[ 2  5  6  7  8 11 13 14 15 16 20 21 23 29 33 35 36 37 53 54 55 59 61 62
 66 67 68 70 72 73])
Bicluster(rows=[3, 69], cols=[ 1  3  5  7  8 10 16 17 22 25 26 31 32 34 40 41 42 43 46 47 49 50 51 54
 55 59 61 62 66 67 68 69 72 73])
Bicluster(rows=[3, 70], cols=[ 1  3  4  5  7  9 11 12 13 14 15 17 22 23 24 28 29 35 36 39 40 42 43 44
 47 48 52 58 59 63 66 67 70 71 72 73 74])
Bicluster(rows=[3, 71], cols=[ 1  2  6  7  9 13 17 20 33 34 43 47 49 50 51 54 55 56 57 59 66 67 68 69
 72 73])
Bicluster(rows=[3, 72], cols=[ 4  6  7  8  9 10 11 12 13 14 15 17 18 19 20 21 22 23 28 33 34 41 44 50
 51 55 56 57 61 63 69 71])
Bicluster(rows=[3, 73], cols=[ 0  1  2  4  9 10 11 12 13 15 16 17 18 19 21 24 35 50 53 54 55 59 61 62
 66 67 68 69 72 73])
Bicluster(rows=[3, 74], cols=[ 0  1  2  9 11 15 17 20 22 29 33 39 43 44 47 48 49 50 51 54 55 56 57 61
 66 67 68 69 72 73])
Bicluster(rows=[3, 75], cols=[ 1  2  3  4  5  7  8  9 11 13 19 20 21 24 25 27 33 36 38 39 41 46 47 50
 53 55 56 58 61 62 63 64 65 66 70 71 74])
Bicluster(rows=[3, 76], cols=[ 1  2  3  4  7  8  9 10 11 13 14 17 20 22 23 25 28 29 31 34 35 36 37 39
 43 44 52 56 58 59 63 64 66 71 72 74])
Bicluster(rows=[3, 77], cols=[ 2  5  7  9 10 17 20 21 23 28 32 42 44 46 47 48 49 53 58 59 62 66 67 70
 72 73 74])
Bicluster(rows=[3, 78], cols=[ 3  5  6  7 10 11 13 14 16 18 22 25 26 29 30 41 44 45 46 47 53 54 55 59
 61 62 66 67 68 70 72 73])
Bicluster(rows=[3, 79], cols=[ 1  2 10 11 12 14 19 23 30 32 33 38 40 42 46 50 51 54 55 56 57 59 60 61
 66 68 69 72 73])
Bicluster(rows=[3, 80], cols=[ 0  2  8 11 12 14 24 26 28 30 31 33 36 41 42 46 53 55 56 58 59 61 62 63
 66 67 70 71 72 74])
Bicluster(rows=[3, 81], cols=[ 1  5  6  7  9 11 15 16 18 20 23 25 31 33 34 37 46 54 55 59 61 62 66 67
 68 69 72 73])
Bicluster(rows=[3, 82], cols=[ 0  1  3  4  5  6 11 13 14 15 19 22 23 29 35 37 41 44 47 48 50 51 54 55
 56 57 59 66 67 68 69 72 73])
Bicluster(rows=[3, 83], cols=[ 1  2  3  5  6  7  8  9 14 17 18 21 22 23 27 30 33 43 44 45 46 47 49 53
 55 56 58 59 61 62 63 66 67 70 71 72 74])
Bicluster(rows=[3, 84], cols=[ 3  7  8 10 11 12 14 16 17 19 22 24 26 28 29 31 36 37 44 46 48 53 54 58
 59 62 66 67 68 70 72 73 74])
Bicluster(rows=[3, 85], cols=[ 1  2  4  5  6  8  9 10 11 12 13 14 16 19 23 25 28 36 37 42 43 44 52 56
 58 59 63 66 70 71 72 74])
Bicluster(rows=[3, 86], cols=[ 0  3  5  7  8  9 10 13 16 23 25 30 31 34 38 39 43 44 47 48 49 50 51 54
 55 56 57 61 63 67 68 69 72])
Bicluster(rows=[3, 87], cols=[ 0  1  4  6  7  9 12 14 16 20 21 22 41 44 49 50 54 56 57 60 67 68 72 73])
Bicluster(rows=[3, 88], cols=[ 0  3 11 13 15 20 21 22 24 26 27 28 29 30 31 33 36 37 39 41 44 47 49 50
 52 55 56 58 63 64 65 66 74])
Bicluster(rows=[3, 89], cols=[ 3  6  8 11 13 16 17 19 21 22 25 27 29 34 35 36 37 41 47 49 53 55 56 59
 61 62 63 66 70 71 72 74])
Bicluster(rows=[3, 90], cols=[ 0  9 11 16 19 22 25 29 30 32 35 39 40 41 43 46 47 48 49 52 56 58 59 63
 66 71 72 74])
Bicluster(rows=[3, 91], cols=[ 0  1  2  4  6  7 11 12 13 15 23 24 26 27 31 45 49 50 53 55 56 61 62 63
 66 67 69 72])
Bicluster(rows=[3, 92], cols=[ 0  1  2  3  8  9 10 15 16 17 19 20 21 22 24 25 35 36 41 44 50 54 55 56
 57 60 67 68 72 73])
Bicluster(rows=[3, 93], cols=[ 1  5  8 10 13 22 24 25 26 27 30 31 33 34 36 38 40 41 44 45 47 50 51 53
 55 57 61 62 64 65 69 70])
Bicluster(rows=[3, 94], cols=[ 0  2  4  5  8  9 11 13 15 16 19 20 21 22 23 24 25 30 34 38 39 41 42 43
 46 49 51 55 57 58 61 62 70 74])
Bicluster(rows=[3, 95], cols=[ 0  1  2  3  4  8 13 14 15 17 18 21 25 29 36 41 43 44 47 50 55 56 58 61
 62 64 65 66 70 74])
Bicluster(rows=[3, 96], cols=[ 2  5  7 10 13 14 23 25 26 28 33 34 37 40 42 44 45 47 48 51 54 55 59 61
 62 66 68 69 72 73])
Bicluster(rows=[3, 97], cols=[ 2  4  7  8 11 12 13 14 16 17 19 20 25 28 31 33 34 37 40 42 43 45 47 49
 52 56 58 59 63 64 65 66 74])
Bicluster(rows=[3, 98], cols=[ 0  5  9 12 13 14 16 18 19 21 23 24 25 27 28 31 34 36 40 42 43 44 48 49
 50 52 55 56 58 64 65 66 74])
Bicluster(rows=[3, 99], cols=[ 2  3  4  7  9 14 16 19 23 28 29 31 32 33 34 36 41 42 45 46 47 52 53 54
 57 58 59 61 63 66 68 69 71])
Bicluster(rows=[4, 5], cols=[ 1  3  6  8 12 16 18 21 22 23 27 31 34 38 40 43 44 45 46 48 49 50 54 57
 58 60 61 62 63 67 69 70])
Bicluster(rows=[4, 6], cols=[ 0  1  2  3  4  5  6  7  8  9 10 11 12 13 14 15 16 17 18 19 20 21 22 23
 24 25 32 33 34 39 40 42 43 45 48 50 51 56 60 64 65 71 74])
Bicluster(rows=[4, 7], cols=[ 1  3  4  6  8 11 12 13 16 19 22 23 26 27 33 34 35 40 45 48 49 56 57 60
 62 64 65 71])
Bicluster(rows=[4, 8], cols=[ 0  1  2  3  4  5  6  7  8  9 10 11 12 13 14 15 16 17 18 19 20 21 22 23
 24 33 34 35 37 39 46 62 70])
Bicluster(rows=[4, 9], cols=[ 2  4  7  9 11 13 14 17 19 20 25 27 33 40 50 51 52 62 63 68])
Bicluster(rows=[4, 10], cols=[ 1  2  3  4  6  7  8  9 11 12 13 14 16 17 19 20 22 23 25 28 37 38 40 44
 48 54 56 57 59 60 66 72 73])
Bicluster(rows=[4, 11], cols=[ 0  1  2  3  4  5  6  7  8  9 10 11 12 13 14 15 16 17 18 19 20 21 22 23
 24 27 28 29 34 35 37 40 48 50 51 53 56 57 58 59 63 66 67 68 71])
Bicluster(rows=[4, 12], cols=[ 1  3  4  6  7  8 11 12 13 16 19 22 23 25 27 28 35 36 38 40 44 45 50 57
 58 60 62 65 69 72])
Bicluster(rows=[4, 13], cols=[ 0  1  2  3  4  5  6  7  8  9 10 11 12 13 14 15 16 17 18 19 20 21 22 23
 24 29 32 33 35 40 41 43 45 46 47 48 49 53 55 56 57 61 65 66 68 69 70])
Bicluster(rows=[4, 14], cols=[ 1  3  4  6  8 11 12 13 16 18 19 21 22 23 24 25 27 33 34 36 40 43 44 47
 48 49 56 57 58 61 63 64 68 70])
Bicluster(rows=[4, 15], cols=[ 0  1  2  3  4  5  6  7  8  9 10 11 12 13 14 15 16 17 18 19 20 21 22 23
 24 25 28 30 32 36 38 40 41 45 52 54 57 58 62 64 70 71 73 74])
Bicluster(rows=[4, 16], cols=[ 0  2  4  5  7  9 10 11 12 13 14 15 17 19 20 35 37 39 41 45 46 54 55 59
 60 63])
Bicluster(rows=[4, 17], cols=[ 1  2  3  4  6  7  8  9 11 12 13 14 15 16 17 18 19 20 21 22 23 24 25 26
 27 28 33 34 40 43 44 47 49 50 51 57 58 62 67 69 70 72])
Bicluster(rows=[4, 18], cols=[ 0  2  5  7  9 14 15 17 20 26 27 32 33 43 44 45 47 48 51 52 58 59 60 66
 69])
Bicluster(rows=[4, 19], cols=[ 0  1  2  3  4  5  6  7  8  9 10 11 12 13 14 15 16 17 18 19 20 21 22 23
 24 25 28 29 33 36 42 43 46 52 53 54 56 57 58 60 62 64 67])
Bicluster(rows=[4, 20], cols=[ 1  3  4  6  7  8 11 12 13 14 16 19 22 23 26 27 31 33 34 37 40 43 44 45
 46 47 48 51 52 56 57 61 66])
Bicluster(rows=[4, 21], cols=[ 0  1  2  3  4  5  6  7  8  9 10 11 12 13 14 15 16 17 18 19 20 21 22 23
 24 25 27 28 32 34 36 38 40 43 44 45 47 48 49 50 51 52 56 57 58 59 62 63
 64 67 69 70 73])
Bicluster(rows=[4, 22], cols=[ 1  3  6  8 16 18 21 22 23 24 25 31 33 34 40 41 42 44 45 47 48 50 57 58
 61 62 64 68 69])
Bicluster(rows=[4, 23], cols=[ 0  1  2  3  4  5  6  7  8  9 10 11 12 13 14 15 16 17 18 19 20 21 22 23
 24 25 27 28 32 33 34 40 47 49 50 52 56 58 62 63 67 70])
Bicluster(rows=[4, 24], cols=[ 0  1  2  3  4  5  6  7  8  9 10 11 12 13 14 15 16 17 18 19 20 21 22 23
 24 28 33 34 37 40 46 47 48 52 55 56 58 64 70])
Bicluster(rows=[4, 25], cols=[ 4  7  9 11 13 14 19 26 27 32 33 34 40 43 45 48 50 52 56 58 59 62 63 64
 65 69 71])
Bicluster(rows=[4, 26], cols=[ 1  3  4  6  7  8 11 12 13 16 18 19 21 22 23 24 25 28 33 34 36 43 44 45
 50 52 56 62 63 64 69 70 73 74])
Bicluster(rows=[4, 27], cols=[ 0  2  4  5  7  9 10 11 13 14 15 17 19 20 33 34 36 37 40 43 44 46 52 55
 56 58 59 62 63 64 66 67 70 74])
Bicluster(rows=[4, 28], cols=[ 0  1  2  3  4  5  6  7  8  9 10 11 12 13 14 15 16 17 18 19 20 21 22 23
 24 25 27 32 33 34 38 40 47 48 49 58 62 64 65 67 70 71 73])
Bicluster(rows=[4, 29], cols=[ 0  1  2  3  4  5  6  7  8  9 10 11 12 13 14 15 16 17 18 19 20 21 22 23
 24 25 28 36 44 45 51 56 58 59 65 71 74])
Bicluster(rows=[4, 30], cols=[ 0  1  2  3  4  5  6  7  8  9 10 11 12 13 14 15 16 17 18 19 20 21 22 23
 24 25 27 32 33 34 40 42 47 48 49 50 52 58 61 62 64 65 68 69 70 73])
Bicluster(rows=[4, 31], cols=[ 0  1  2  3  4  5  6  7  8  9 10 11 12 13 14 15 16 17 18 19 20 21 22 23
 24 25 26 33 43 48 49 50 53 58 61 63 64 66 68 69 71 73])
Bicluster(rows=[4, 32], cols=[ 0  1  2  3  4  5  6  7  8  9 10 11 12 13 14 15 16 17 18 19 20 21 22 23
 24 25 26 28 31 35 38 40 42 43 47 49 52 53 58 59 63 64 72])
Bicluster(rows=[4, 33], cols=[ 0  1  5 10 13 18 21 22 25 28 32 33 34 36 38 40 44 45 50 52 53 55 58 60
 61 63 64 67 70 72 74])
Bicluster(rows=[4, 34], cols=[ 1  3  5  6  7  8 10 14 15 16 18 19 23 24 25 32 33 34 37 41 43 50 56 59
 60 63 66 71 73])
Bicluster(rows=[4, 35], cols=[ 5  8 12 20 22 27 30 35 40 42 52 53 56 58 61 62 64 65 68 69 72 73])
Bicluster(rows=[4, 36], cols=[ 1  7  9 12 14 15 16 18 20 24 27 30 35 40 42 48 50 52 53 54 56 59 62 66
 67 70 74])
Bicluster(rows=[4, 37], cols=[ 0  2  3  5  9 14 16 18 19 24 25 27 28 32 33 34 38 40 42 48 49 52 57 58
 59 62 63 64 65 67 68 74])
Bicluster(rows=[4, 38], cols=[ 0  2  6  7  8 20 21 23 25 27 28 32 33 34 38 40 42 47 48 49 51 56 61 62
 67 68 70])
Bicluster(rows=[4, 39], cols=[ 0  4  6  7 10 11 13 18 20 21 23 25 28 32 33 38 40 42 47 48 49 56 57 58
 60 61 62 65 66 71 73])
Bicluster(rows=[4, 40], cols=[ 0  2  3  6  8 10 12 14 15 18 20 22 25 28 32 36 38 44 45 50 54 58 65 67
 68 71])
Bicluster(rows=[4, 41], cols=[ 0  1  2  3  5  8  9 10 15 16 17 19 20 21 24 25 27 28 32 33 34 38 40 42
 47 48 49 51 57 61 62 65 67 68 69])
Bicluster(rows=[4, 42], cols=[ 1  2  4  5  8 14 15 20 22 23 27 30 35 40 42 50 55 57 59 63 65 66 70 74])
Bicluster(rows=[4, 43], cols=[ 2  5  7 11 13 15 16 18 20 21 25 29 30 31 32 33 35 47 48 49 50 54 59 61
 62 64 65 67 68 72])
Bicluster(rows=[4, 44], cols=[ 2  3 10 11 14 15 17 18 19 20 21 23 26 29 31 42 43 47 56 64 66 68 73])
Bicluster(rows=[4, 45], cols=[ 0  2  5  7  8  9 10 11 12 14 16 17 19 20 25 28 32 33 38 40 44 56 58 61
 64 68 71 74])
Bicluster(rows=[4, 46], cols=[ 0  1  2  3  4  6 11 12 14 15 21 23 26 27 31 45 47 48 49 51 56 57 58 59
 63 64 65 71])
Bicluster(rows=[4, 47], cols=[ 0  5  6 12 16 22 24 26 27 31 42 43 47 48 49 50 58 60 62 63 65 69 72 73])
Bicluster(rows=[4, 48], cols=[ 0  2  3  4  5  7  8 10 13 14 15 17 20 23 24 30 35 37 39 41 45 46 54 55
 56 59 61 64 65 70 74])
Bicluster(rows=[4, 49], cols=[ 0  1  3  4  5  7  8 10 11 13 15 18 20 21 23 28 37 38 41 46 52 54 57 60
 65 67 69 70 73])
Bicluster(rows=[4, 50], cols=[ 2  7  9 10 13 15 17 18 19 20 23 26 27 31 45 47 48 49 56 58 62 63 64 65
 67 70 71 74])
Bicluster(rows=[4, 51], cols=[ 2  3  4  5  6  7 11 12 13 17 18 19 20 21 23 24 30 35 36 52 56 57 58 59
 60 64 67 68 71 74])
Bicluster(rows=[4, 52], cols=[ 0  3  7  9 10 11 14 16 17 21 22 23 24 26 27 31 42 43 47 48 49 58 59 60
 62 66])
Bicluster(rows=[4, 53], cols=[ 1  2  5  6  8  9 11 12 13 14 17 18 20 21 22 24 25 27 28 32 33 38 40 42
 48 49 50 51 52 54 56 57 58 59 60 61 63 64 67 71 73 74])
Bicluster(rows=[4, 54], cols=[ 0  1  2  5  7  8 10 12 13 15 17 19 23 26 27 31 42 43 47 48 49 52 57 59
 63 64 65 67 70])
Bicluster(rows=[4, 55], cols=[ 0  2  3  8 10 11 14 15 17 20 21 22 23 26 36 40 41 47 49 50 52 56 58 59
 61 63 64 65 66 68 69 72])
Bicluster(rows=[4, 56], cols=[ 2  5  6  8  9 11 14 15 18 19 20 21 24 37 41 44 46 57 58 59 60 64 65 67])
Bicluster(rows=[4, 57], cols=[ 0  2  3  7 11 12 14 16 17 19 20 23 26 27 31 42 43 47 48 49 50 52 58 61
 67 69 70 71 74])
Bicluster(rows=[4, 58], cols=[ 2  3  4  6  8 11 15 19 20 21 22 23 26 31 40 45 47 48 49 50 52 54 56 58
 59 62 64 70 73 74])
Bicluster(rows=[4, 59], cols=[ 2  7  8 18 22 27 30 32 35 40 42 48 56 58 60 61 62 71 73])
Bicluster(rows=[4, 60], cols=[ 0  3  4  7  8  9 12 17 18 21 22 24 26 31 36 40 47 48 49 51 54 55 56 57
 63 64 65 67 71])
Bicluster(rows=[4, 61], cols=[ 3  5  6  7  8 10 12 14 15 17 20 22 24 25 29 30 31 32 33 35 47 49 54 58
 59 65 67 68 70 72 73 74])
Bicluster(rows=[4, 62], cols=[ 1  4  7  9 10 12 14 15 20 21 22 35 38 39 50 54 56 57 59 61 64 68 69 70
 71 74])
Bicluster(rows=[4, 63], cols=[ 0  3  4  6  7 10 11 12 13 17 18 19 23 24 27 30 35 42 51 53 56 58 59 60
 61 62 64 65 67 69 74])
Bicluster(rows=[4, 64], cols=[ 0  4  5  6  9 10 12 13 16 20 24 30 35 37 39 41 45 46 53 56 57 68 69])
Bicluster(rows=[4, 65], cols=[ 0  2  3 10 13 17 19 32 33 34 36 40 43 45 55 56 58 61 62 69 70 71 73])
Bicluster(rows=[4, 66], cols=[ 0  2  3  4  6  7  8 10 13 15 17 20 25 26 31 32 34 42 44 48 50 52 61 66
 68 69 73])
Bicluster(rows=[4, 67], cols=[ 2  4  8 14 20 26 28 33 34 39 40 41 46 50 52 58 61 66 69 70 72])
Bicluster(rows=[4, 68], cols=[ 2  5  7 11 12 13 14 15 20 23 24 27 35 38 39 40 43 46 47 50 52 58 61 66
 68 69 73])
Bicluster(rows=[4, 69], cols=[ 1  3  5  7 10 16 17 19 22 25 26 27 28 36 37 41 42 43 49 50 52 58 62 68
 70 73])
Bicluster(rows=[4, 70], cols=[ 1  3  4  5  7  8  9 11 12 13 14 17 22 23 24 27 31 32 36 48 50 53 61 63
 64 65 66 67 69 71 73])
Bicluster(rows=[4, 71], cols=[ 5 10 12 13 15 16 18 23 25 28 31 32 34 36 37 40 46 49 51 56 57 60 63 65
 68])
Bicluster(rows=[4, 72], cols=[ 9 10 11 12 15 17 21 22 23 31 36 37 39 44 45 49 50 53 61 63 64 65 66 67
 69 71 73])
Bicluster(rows=[4, 73], cols=[ 0  1  2  4  8  9 10 11 12 13 15 16 17 18 19 21 24 28 33 35 38 39 44 46
 50 52 58 61 66 68 69 70 73])
Bicluster(rows=[4, 74], cols=[ 3  4  6  7 10 12 13 14 18 19 24 31 32 36 37 38 44 45 46 48 49 51 56 57
 59 60 63 65 68])
Bicluster(rows=[4, 75], cols=[ 0  1  2  3  7  8  9 11 13 15 20 21 24 25 30 31 35 36 39 41 45 46 48 55
 59 64 67 71])
Bicluster(rows=[4, 76], cols=[ 1  2  3  6  7  8 10 11 13 14 17 20 21 22 23 25 26 27 34 35 36 38 44 46
 47 50 52 53 56 61 63 64 65 69 71])
Bicluster(rows=[4, 77], cols=[ 6 11 12 13 14 16 18 27 28 33 36 37 39 42 43 45 48 49 50 52 53 56 61 63
 64 65 66 67 69 71])
Bicluster(rows=[4, 78], cols=[ 3  5  6  8 10 11 14 15 16 18 22 25 26 31 33 34 36 38 39 40 41 42 43 44
 50 52 58 61 66 68 69 73])
Bicluster(rows=[4, 79], cols=[ 0  5  6  7  9 16 17 22 23 24 25 32 34 39 40 48 49 51 57 59 60 63 64 67
 71])
Bicluster(rows=[4, 80], cols=[ 0  2  8 11 12 13 14 22 24 25 26 27 29 31 32 36 38 40 41 42 45 50 53 61
 64 66 67 69 71 73])
Bicluster(rows=[4, 81], cols=[ 0  1  5  6  9 11 16 18 20 23 26 27 29 31 32 38 40 42 44 45 47 48 61 66
 69 72])
Bicluster(rows=[4, 82], cols=[ 0  1  3  4  5  6 11 13 14 15 19 22 23 25 28 36 38 41 46 48 50 58 62 68
 70 73 74])
Bicluster(rows=[4, 83], cols=[ 2  3  5  7  9 11 12 16 17 24 27 30 31 34 36 38 40 46 47 48 55 59 60 64
 67 71])
Bicluster(rows=[4, 84], cols=[ 3  7  8 12 13 16 17 19 20 22 24 26 27 30 32 33 36 38 40 44 45 47 48 50
 52 53 61 66 68 69 73])
Bicluster(rows=[4, 85], cols=[ 1  2  3  4  5  6  8  9 10 11 12 13 14 16 19 23 27 32 36 42 44 45 46 47
 48 50 53 61 63 64 65 66 67 69 71 73])
Bicluster(rows=[4, 86], cols=[ 0 10 11 12 14 19 20 21 24 26 30 35 36 39 42 43 44 47 50 52 53 56 61 63
 64 65 66 67 69 71 73])
Bicluster(rows=[4, 87], cols=[ 4  5  6  9 14 15 16 21 22 27 28 29 33 38 40 41 42 45 50 51 60 62 66 72
 74])
Bicluster(rows=[4, 88], cols=[ 0  1  4  6  8 14 15 16 20 27 28 32 34 39 40 46 47 56 57 68 73])
Bicluster(rows=[4, 89], cols=[ 3  6  8 11 13 16 17 19 21 22 25 28 30 31 32 35 39 40 45 49 50 52 53 61
 63 64 65 66 67 69 71 73])
Bicluster(rows=[4, 90], cols=[ 2  3  6 10 12 14 20 21 26 29 31 32 36 37 40 42 43 49 50 51 57 58 60 62
 68 73 74])
Bicluster(rows=[4, 91], cols=[ 0  4  6  7 11 12 13 14 15 19 23 24 25 26 28 31 37 46 47 49 50 52 61 69
 73])
Bicluster(rows=[4, 92], cols=[ 0  1  2  6  9 10 13 17 19 20 23 25 26 29 31 38 43 44 45 49 52 53 54 57
 58 59 62 69])
Bicluster(rows=[4, 93], cols=[ 0  2  3  4  6  7  9 11 14 15 16 19 20 21 28 33 34 37 40 42 45 46 47 48
 50 52 58 61 66 69 70 72])
Bicluster(rows=[4, 94], cols=[ 0  2  3  4  5  8  9 11 13 15 16 19 20 21 22 23 24 25 28 31 33 34 36 45
 47 52 54 57 58 59 62])
Bicluster(rows=[4, 95], cols=[ 0  1  2  3  4  8 13 14 15 17 18 21 25 27 28 32 33 34 36 40 46 49 50 53
 54 56 61 63 65 69])
Bicluster(rows=[4, 96], cols=[ 1  3  4  6  8  9 15 16 18 19 21 26 28 30 31 32 33 34 37 39 40 55 56 59
 63 64 65 67 68])
Bicluster(rows=[4, 97], cols=[ 2  4  7  8 11 12 13 14 16 17 19 20 25 32 34 42 43 46 48 49 50 53 54 56
 61 63 65 66])
Bicluster(rows=[4, 98], cols=[ 0  5  8  9 12 13 14 15 16 18 21 23 24 25 28 32 34 36 37 40 44 45 47 48
 49 52 53 54 56 59 61 69])
Bicluster(rows=[4, 99], cols=[ 5  6 11 12 17 18 21 24 25 30 32 34 37 41 44 45 46 51 52 58 59 60 64])
Bicluster(rows=[5, 6], cols=[ 0  1  2  3  4  5  6  7  8  9 10 11 12 13 14 15 16 17 18 19 20 21 22 23
 24 26 27 35 40 46 47 49 55 56 60 62 68 69 71 72 73])
Bicluster(rows=[5, 7], cols=[ 0  1  2  3  4  5  6  7  8  9 10 11 12 13 14 15 16 17 18 19 20 21 22 23
 24 27 28 29 30 32 34 37 39 40 42 45 47 49 52 53 54 55 56 57 58 60 61 65
 66 67 69 70 73 74])
Bicluster(rows=[5, 8], cols=[ 0  1  2  3  4  5  6  7  8  9 10 11 12 13 14 15 16 17 18 19 20 21 22 23
 24 29 32 34 36 46 52 53 54 55 62 64 66 67 70 72 73])
Bicluster(rows=[5, 9], cols=[ 0  1  2  3  4  5  6  7  8  9 10 11 12 13 14 15 16 17 18 19 20 21 22 23
 24 30 31 35 36 38 39 44 53 54 59 60 61 62 63 64 66 67 72 73])
Bicluster(rows=[5, 10], cols=[ 4  7  9 11 14 19 25 28 29 31 35 36 37 43 45 48 49 56 61 63 64 65 67 68
 69 74])
Bicluster(rows=[5, 11], cols=[ 1  3  6  8 12 13 22 23 25 26 27 36 37 39 40 45 48 50 57 63 65 66 67 70
 72 74])
Bicluster(rows=[5, 12], cols=[ 0  1  2  3  4  5  6  7  8  9 10 11 12 13 14 15 16 17 18 19 20 21 22 23
 24 26 27 32 36 37 38 39 40 41 44 45 47 48 49 50 52 53 55 57 58 59 62 65
 71])
Bicluster(rows=[5, 13], cols=[ 0  1  2  3  4  5  6  7  8  9 10 11 12 13 14 15 16 17 18 19 20 21 22 23
 24 27 39 46 48 49 52 56 57 64 72 73])
Bicluster(rows=[5, 14], cols=[ 0  1  2  3  4  5  6  7  8  9 10 11 12 13 14 15 16 17 18 19 20 21 22 23
 24 26 27 28 29 34 35 40 41 43 44 48 49 52 55 56 57 59 61 63 65 66 69 70
 72 74])
Bicluster(rows=[5, 15], cols=[ 0  1  2  3  4  5  6  7  8  9 10 11 12 13 14 15 16 17 18 19 20 21 22 23
 24 25 26 27 28 29 34 35 36 42 48 51 55 62 68 71 74])
Bicluster(rows=[5, 16], cols=[ 0  1  2  3  4  5  6  7  8  9 10 11 12 13 14 15 16 17 18 19 20 21 22 23
 24 26 27 37 38 40 41 44 45 47 48 49 52 53 54 55 56 57 58 59 62 63 64 67
 70 72 73 74])
Bicluster(rows=[5, 17], cols=[ 0  1  2  3  4  5  6  7  8  9 10 11 12 13 14 15 16 17 18 19 20 21 22 23
 24 27 28 29 31 32 34 37 41 43 44 49 50 53 57 58 62 66 70 73 74])
Bicluster(rows=[5, 18], cols=[ 0  1  2  3  4  5  6  7  8  9 10 11 12 13 14 15 16 17 18 19 20 21 22 23
 24 28 29 31 34 35 36 37 38 47 49 50 51 52 54 55 57 58 62 63 64 65 67 72
 74])
Bicluster(rows=[5, 19], cols=[ 0  1  2  3  4  5  6  7  8  9 10 11 12 13 14 15 16 17 18 19 20 21 22 23
 24 25 28 32 35 37 41 46 47 48 51 54 55 57 58 61 62 64 66 67 68 69 72])
Bicluster(rows=[5, 20], cols=[ 0  1  2  3  4  5  6  7  8  9 10 11 12 13 14 15 16 17 18 19 20 21 22 23
 24 33 36 38 40 41 42 45 49 53 54 57 60 65 68 73])
Bicluster(rows=[5, 21], cols=[ 0  1  2  3  4  5  6  7  8  9 10 11 12 13 14 15 16 17 18 19 20 21 22 23
 24 25 27 28 30 31 33 34 37 41 56 57 58 59 61 63 72])
Bicluster(rows=[5, 22], cols=[ 0  1  2  3  4  5  6  7  8  9 10 11 12 13 14 15 16 17 18 19 20 21 22 23
 24 26 28 29 31 34 35 36 39 40 44 48 52 56 57 59 61 62 63 64 65 66 67 69
 71 72 73 74])
Bicluster(rows=[5, 23], cols=[ 0  1  2  3  4  5  6  7  8  9 10 11 12 13 14 15 16 17 18 19 20 21 22 23
 24 25 27 28 29 31 34 43 48 56 61 63 69])
Bicluster(rows=[5, 24], cols=[ 0  1  2  3  4  5  7  9 10 11 12 13 14 15 17 19 20 23 25 26 29 32 36 38
 39 40 42 46 49 50 51 58 62 69 72])
Bicluster(rows=[5, 25], cols=[ 0  1  2  3  4  5  6  7  8  9 10 11 12 13 14 15 16 17 18 19 20 21 22 23
 24 31 34 35 36 37 38 39 40 44 45 47 49 52 53 54 55 56 57 63 66 68 71 73
 74])
Bicluster(rows=[5, 26], cols=[ 0  1  2  3  4  5  6  7  8  9 10 11 12 13 14 15 16 17 18 19 20 21 22 23
 24 26 29 30 31 32 34 35 36 39 41 44 47 48 50 56 58 61 62 63 64 66 72 74])
Bicluster(rows=[5, 27], cols=[ 0  1  2  3  4  5  6  7  8  9 10 11 12 13 14 15 16 17 18 19 20 21 22 23
 24 27 29 33 38 40 41 47 49 51 52 56 63 67 69 70 74])
Bicluster(rows=[5, 28], cols=[ 0  1  2  3  4  5  6  7  8  9 10 11 12 13 14 15 16 17 18 19 20 21 22 23
 24 25 26 34 43 51 52 61 65 66 69 71])
Bicluster(rows=[5, 29], cols=[ 0  1  2  3  4  5  6  7  8  9 10 11 12 13 14 15 16 17 18 19 20 21 22 23
 24 26 27 28 30 32 34 35 37 39 40 41 42 43 44 45 48 54 59 61 64 65 66 67
 69 70 71 72 74])
Bicluster(rows=[5, 30], cols=[ 0  1  2  3  4  5  6  7  8  9 10 11 12 13 14 15 16 17 18 19 20 21 22 23
 24 25 26 43 46 50 51 58 62 66 72])
Bicluster(rows=[5, 31], cols=[ 0  2  5 10 15 17 20 25 27 28 29 30 34 35 36 40 45 50 52 53 54 56 58 61
 62 66 67 69 71 72 73 74])
Bicluster(rows=[5, 32], cols=[ 0  1  2  3  4  5  6  7  8  9 10 11 12 13 14 15 16 17 18 19 20 21 22 23
 24 25 28 36 38 39 51 58 59 61 68 69 73])
Bicluster(rows=[5, 33], cols=[ 2  3  7 11 14 15 18 19 21 22 24 30 37 38 39 41 44 45 47 54 56 57 59 60
 61 63 64 65 67 68 70 73])
Bicluster(rows=[5, 34], cols=[ 1  2  3  4  6  8  9 11 12 13 16 18 23 24 26 28 32 34 35 36 39 42 43 46
 47 50 52 53 54 55 58 60 63 65 66 67 72 73 74])
Bicluster(rows=[5, 35], cols=[ 1  3  6 12 16 23 25 26 28 34 35 37 40 50 52 53 54 55 57 59 66 67 70])
Bicluster(rows=[5, 36], cols=[ 0  1  2  4  5  9 10 16 17 18 19 21 27 29 32 33 39 40 47 48 50 51 54 56
 59 62 65 66 67 68 72 73])
Bicluster(rows=[5, 37], cols=[ 0  1  2  4  6  9 11 14 19 20 22 23 25 26 28 34 35 36 39 42 46 47 50 52
 55 61 63 68 69 70 72 74])
Bicluster(rows=[5, 38], cols=[ 0  2  4  7 12 14 20 22 24 25 26 28 34 35 36 37 39 40 42 46 47 50 51 56
 57 59 60 68 69 74])
Bicluster(rows=[5, 39], cols=[ 4  6  7  9 14 15 17 23 26 27 30 31 38 48 49 52 53 55 56 57 59 60 62 65
 68 69 71 72])
Bicluster(rows=[5, 40], cols=[ 2  3  6  9 10 14 17 18 20 22 26 28 29 31 34 35 40 41 43 44 45 48 49 51
 53 54 58 62 63 64 65 67 71 72 73])
Bicluster(rows=[5, 41], cols=[ 0  5  6  9 10 12 17 18 22 23 25 26 34 35 36 39 42 46 47 50 51 55 58 59
 60 64 65 67 68 72])
Bicluster(rows=[5, 42], cols=[ 1  4  8 10 13 14 17 19 21 22 23 24 29 30 32 37 38 39 40 47 50 53 54 56
 57 58 59 63 66 68 69 70 72 73 74])
Bicluster(rows=[5, 43], cols=[ 2  3  5  6  7 11 13 20 23 24 25 26 28 34 35 36 39 40 42 46 47 55 59 60
 65 66 67 68])
Bicluster(rows=[5, 44], cols=[ 2  4  8 14 15 16 17 20 22 32 36 39 42 43 46 47 56 59 61 63 66 67 69 70
 71 73 74])
Bicluster(rows=[5, 45], cols=[ 1  2  3  4  6  9 10 13 14 18 20 21 23 25 26 28 29 31 34 35 37 40 41 49
 50 54 56 57 68 69 70 71 72])
Bicluster(rows=[5, 46], cols=[ 0  2  5  7  8 13 14 15 19 22 30 32 33 37 38 39 41 47 50 51 53 56 58 63
 65 67 69 70 72 74])
Bicluster(rows=[5, 47], cols=[ 3  7 11 14 16 17 19 20 22 24 25 26 28 29 31 34 35 40 41 43 45 48 49 56
 60 62 63 68 69 70 71 73])
Bicluster(rows=[5, 48], cols=[ 0  2  4  5  6  7 10 12 14 16 17 18 20 30 32 33 37 38 39 41 45 47 51 52
 54 55 56 57 59 61 63 65 67 72 74])
Bicluster(rows=[5, 49], cols=[ 0  4  5 10 11 15 17 19 22 26 28 32 34 35 36 39 42 43 46 47 50 51 54 55
 57 58 63 65 66 68 72])
Bicluster(rows=[5, 50], cols=[ 0  2  3  7  9 12 19 22 30 32 37 38 39 41 45 47 55 56 57 61 63 65 66 71
 73])
Bicluster(rows=[5, 51], cols=[ 3  7  8  9 12 13 14 16 19 22 23 25 26 28 34 35 37 40 52 55 57 59 66 67
 68 72])
Bicluster(rows=[5, 52], cols=[ 1  2  6  7  9 13 14 15 30 32 37 38 39 41 45 47 50 52 57 58 61 67 72])
Bicluster(rows=[5, 53], cols=[ 1  4  6  7  8  9 11 12 13 14 15 18 19 21 22 23 24 26 27 29 30 31 38 39
 40 48 49 50 53 54 55 56 57 58 60 61 63 67 72])
Bicluster(rows=[5, 54], cols=[ 1  3  6  8  9 12 13 16 18 19 21 23 30 32 33 36 38 42 46 52 53 54 56 57
 59 62 63 67 70 71 74])
Bicluster(rows=[5, 55], cols=[ 1  7  8 13 21 22 25 26 28 34 35 36 39 40 42 46 47 52 55 57 61 63 64 66
 69 73])
Bicluster(rows=[5, 56], cols=[ 2  5  9 11 14 15 16 19 20 21 22 30 32 36 38 39 42 44 46 47 52 55 57 58
 59 60 61 63 65 66 70 72 73 74])
Bicluster(rows=[5, 57], cols=[ 1  2  6  7  8 10 11 14 18 19 22 30 32 33 36 38 42 44 46 52 53 55 57 59
 62 63 66 70 71 73 74])
Bicluster(rows=[5, 58], cols=[ 0  1  4  5 11 14 18 19 20 30 32 33 37 38 39 41 45 47 52 56 66 67 69 70
 72 74])
Bicluster(rows=[5, 59], cols=[ 1  8 12 13 16 18 19 20 22 29 30 32 37 38 39 40 47 53 55 59 60 61 62 63
 65 67 73])
Bicluster(rows=[5, 60], cols=[ 2  4  5  7  9 10 15 17 20 23 29 30 32 37 38 39 40 47 50 56 58 59 61 63
 65 66 69 71 72])
Bicluster(rows=[5, 61], cols=[ 1  2  6  7 14 16 19 21 23 25 26 28 34 35 36 39 42 46 47 50 53 59 62 64
 66 67 68 69 70 73 74])
Bicluster(rows=[5, 62], cols=[ 1  4  7  8  9 13 14 15 16 17 20 32 36 38 39 42 43 46 47 50 55 56 57 59
 61 63 66 67 71 72 73 74])
Bicluster(rows=[5, 63], cols=[ 3  6  8 12 13 14 16 21 23 25 26 28 34 35 36 39 42 46 47 52 54 59 62 63
 64 67 68 70 72 73])
Bicluster(rows=[5, 64], cols=[ 3  4  8  9 11 12 13 15 18 19 21 22 25 26 28 29 31 34 35 40 41 43 45 48
 49 50 52 53 55 56 57 58 62 64 66 67 70 71])
Bicluster(rows=[5, 65], cols=[ 4  9 11 14 15 21 22 23 24 25 26 28 34 35 36 39 42 46 47 57 58 59 60 61
 62 65 66 68 69 73])
Bicluster(rows=[5, 66], cols=[ 2  7 11 15 16 17 20 21 25 26 27 29 43 45 49 52 54 55 57 59 62 64 67 68
 70 73 74])
Bicluster(rows=[5, 67], cols=[ 0  2  3  4  5 10 11 14 19 20 23 26 27 28 29 31 34 44 54 55 57 58 59 63
 64 66 67 68 69 73 74])
Bicluster(rows=[5, 68], cols=[ 6  8  9 10 12 13 16 17 19 21 23 27 29 32 36 39 40 41 43 44 50 55 56 58
 59 61 63 65 66 69 71 72 74])
Bicluster(rows=[5, 69], cols=[ 0  1  3  6 11 13 14 20 26 27 30 33 34 36 39 43 52 53 55 56 57 59 62 65
 66 70 71 72 74])
Bicluster(rows=[5, 70], cols=[ 0  8 19 21 24 30 31 32 33 36 38 40 44 45 50 54 55 56 58 59 61 63 64 66
 67 68 69 72 73])
Bicluster(rows=[5, 71], cols=[ 0  4 11 12 14 16 19 23 26 29 31 34 36 39 40 41 42 46 47 49 52 53 55 56
 57 59 60 62 63 65 66 71 72 73])
Bicluster(rows=[5, 72], cols=[ 1  2  3  4  5 11 12 14 19 22 23 25 26 29 30 33 40 43 44 45 48 52 53 55
 57 59 62 63 67 70 73])
Bicluster(rows=[5, 73], cols=[ 3  4  5  6  8 11 12 13 19 20 23 25 26 28 29 31 36 37 40 41 43 49 52 53
 54 57 62 64 67 68 70])
Bicluster(rows=[5, 74], cols=[ 0  2  4  6  8 12 13 15 16 17 19 20 21 26 29 33 35 41 43 45 50 54 56 58
 59 61 63 64 66 67 68 73])
Bicluster(rows=[5, 75], cols=[ 0  2  4  6  7  9 11 15 16 19 20 22 25 27 29 33 34 38 40 43 49 52 53 55
 56 57 59 62 65 66 70 71 72])
Bicluster(rows=[5, 76], cols=[ 0  5  7  9 11 12 13 14 17 25 29 33 34 35 37 39 41 47 49 52 53 55 56 57
 59 62 63 65 66 70 71 72 73])
Bicluster(rows=[5, 77], cols=[ 2  6  7  8  9 10 12 13 20 24 26 30 31 32 34 41 42 45 46 52 53 60 62 63
 67 73])
Bicluster(rows=[5, 78], cols=[ 5  9 10 11 12 14 21 25 29 30 34 40 42 48 52 53 54 55 57 59 62 63 67 68
 70 73 74])
Bicluster(rows=[5, 79], cols=[ 6 11 14 16 18 19 20 21 22 26 30 31 32 36 38 45 47 54 55 57 59 64 66 67
 68 69 73 74])
Bicluster(rows=[5, 80], cols=[ 1  3  4  6  8 20 22 24 26 29 32 35 36 38 43 49 54 55 57 59 67 68 70 73
 74])
Bicluster(rows=[5, 81], cols=[ 0  3  5  7 11 12 13 20 28 31 33 39 41 47 48 52 54 55 57 62 64 68 70 74])
Bicluster(rows=[5, 82], cols=[ 1  2  3  6  7 11 12 13 19 21 22 23 26 29 32 33 38 39 40 42 44 45 46 47
 48 50 52 53 55 56 57 59 65 66 70 71 72 74])
Bicluster(rows=[5, 83], cols=[ 0  3  7 10 12 14 15 16 24 25 27 28 29 30 31 32 33 34 35 37 38 39 40 41
 44 46 48 52 53 60 62 67 73])
Bicluster(rows=[5, 84], cols=[ 0  2  3  4  5  8  9 13 15 16 20 22 24 27 28 30 36 38 39 40 41 42 44 48
 50 56 58 61 65 69 71 72])
Bicluster(rows=[5, 85], cols=[ 0  2  3  4 11 12 13 14 17 18 19 20 21 22 29 30 34 37 38 39 41 42 44 45
 47 49 60 63 67 73])
Bicluster(rows=[5, 86], cols=[ 2  3  8 11 12 15 16 19 20 23 27 29 34 37 46 47 48 49 52 53 55 57 59 62
 63 66 70 71 72 73])
Bicluster(rows=[5, 87], cols=[ 2  3  4  7  9 10 11 12 13 14 15 23 25 26 28 31 34 35 40 43 45 48 54 55
 57 58 59 61 64 66 68 69 73])
Bicluster(rows=[5, 88], cols=[ 2  3  4  5  9 10 11 13 14 17 25 28 31 35 40 41 44 47 49 50 51 54 56 63
 64 68 73])
Bicluster(rows=[5, 89], cols=[ 1  3  6  8 12 16 18 21 22 31 32 33 34 36 38 40 47 55 56 58 59 61 63 66
 67 69 72 73 74])
Bicluster(rows=[5, 90], cols=[ 2  8 10 13 14 20 22 27 38 40 45 47 48 49 50 54 56 58 59 61 63 64 66 67
 68 72 73])
Bicluster(rows=[5, 91], cols=[ 1  5  6 10 12 13 17 24 30 31 35 39 41 42 46 49 50 55 56 57 58 59 61 63
 65 66 69 71 72 73 74])
Bicluster(rows=[5, 92], cols=[ 1  6 13 16 19 21 22 33 34 36 45 46 52 55 56 57 59 60 62 65 66 71 72])
Bicluster(rows=[5, 93], cols=[ 1  4  7  8 11 12 14 17 19 22 23 26 28 32 34 36 39 40 43 44 45 47 52 54
 57 62 64 68 70 74])
Bicluster(rows=[5, 94], cols=[ 1  4  6 11 12 13 14 17 19 26 28 30 38 39 40 41 44 45 52 53 55 56 57 62
 65 66 70])
Bicluster(rows=[5, 95], cols=[ 1  3  4  9 10 14 20 21 26 27 29 31 34 35 36 41 43 46 47 49 50 51 54 56
 63 64 68 72 73])
Bicluster(rows=[5, 96], cols=[ 4  5  9 10 11 19 28 29 34 38 40 41 43 45 46 48 50 56 58 61 63 65 66 67
 72])
Bicluster(rows=[5, 97], cols=[ 1  2  6  7 14 17 19 20 23 25 26 27 28 34 35 40 41 45 49 52 55 56 57 59
 60 62 65 66 72])
Bicluster(rows=[5, 98], cols=[ 4  7 12 13 16 17 20 23 26 28 30 33 34 35 36 37 39 43 44 45 48 49 50 54
 58 59 61 64 66])
Bicluster(rows=[5, 99], cols=[ 1  3  5 10 11 16 17 23 25 26 27 28 29 30 34 35 36 37 38 39 40 41 47 49
 50 57 58 62 63 65 66 67 70 72])
Bicluster(rows=[6, 7], cols=[ 0  1  2  3  4  5  6  7  8  9 10 11 12 13 14 15 16 17 18 19 20 21 22 23
 24 25 27 29 40 47 48 49 51 56 59 64 68 69 71 73 74])
Bicluster(rows=[6, 8], cols=[ 1  3  6  8 12 13 16 22 23 27 35 38 40 41 44 47 48 49 50 51 55 56 57 59
 60 62 64 65 66 69 70 74])
Bicluster(rows=[6, 9], cols=[ 1  3  6  8 12 16 22 23 25 28 30 31 37 38 39 41 49 50 54 56 57 59 62 63
 66 71 73])
Bicluster(rows=[6, 10], cols=[ 0  1  2  3  4  5  6  7  8  9 10 11 12 13 14 15 16 17 18 19 20 21 22 23
 24 25 29 33 34 37 38 42 47 49 50 52 54 56 59 61 62 66 67 69 70])
Bicluster(rows=[6, 11], cols=[ 0  1  2  3  4  5  6  7  8  9 10 11 12 13 14 15 16 17 18 19 20 21 22 23
 30 31 32 38 40 41 43 48 50 51 52 54 56 61 65 69 70 71 72 74])
Bicluster(rows=[6, 12], cols=[ 0  1  2  3  4  5  6  7  8  9 10 11 12 13 14 15 16 17 18 19 20 21 22 23
 24 26 27 30 33 34 40 47 49 51 55 59 61 64 66 68 69 71])
Bicluster(rows=[6, 13], cols=[ 0  2  4  5  7  9 10 11 14 15 17 19 20 25 26 27 30 31 33 41 44 47 49 50
 51 54 56 57 59 60 63 66 67 68 72 73])
Bicluster(rows=[6, 14], cols=[ 0  1  2  3  4  5  6  7  8  9 10 11 12 13 14 15 16 17 18 19 20 21 22 23
 24 25 29 30 33 35 38 40 53 54 59 64 65 69 73 74])
Bicluster(rows=[6, 15], cols=[ 0  1  2  3  4  5  6  7  8  9 10 11 12 13 14 15 16 17 18 19 20 21 22 23
 24 25 26 27 32 33 35 37 38 39 47 51 52 55 57 60 61 62 63 64 67 71])
Bicluster(rows=[6, 16], cols=[ 0  1  2  3  4  5  6  7  8  9 10 11 12 13 14 15 16 17 18 19 20 21 22 23
 24 25 26 27 33 46 49 55 56 61 66 68 71 73])
Bicluster(rows=[6, 17], cols=[ 0  1  2  3  4  5  6  7  8  9 10 11 12 13 14 15 16 17 18 19 20 21 22 23
 24 27 29 30 33 35 36 38 40 47 49 51 52 54 59 61 64 73 74])
Bicluster(rows=[6, 18], cols=[ 0  1  2  3  4  5  6  7  8  9 10 11 12 13 14 15 16 17 18 19 20 21 22 23
 24 25 33 35 47 53 59 65 66 68 70])
Bicluster(rows=[6, 19], cols=[ 0  1  2  3  4  5  6  7  8  9 10 11 12 13 14 15 16 17 18 19 20 21 22 23
 24 26 33 38 42 43 44 46 52 57 61 65 66 68 69 72 74])
Bicluster(rows=[6, 20], cols=[ 1  3  4  6  7  8 11 12 13 19 22 23 27 28 29 33 34 36 38 40 43 46 48 51
 52 53 59 62 63 67 69 74])
Bicluster(rows=[6, 21], cols=[ 0  1  2  3  4  5  6  7  8  9 10 11 12 13 14 15 16 17 18 19 20 21 22 23
 24 26 27 29 30 32 38 43 45 46 47 48 50 52 53 54 56 59 61 64 72])
Bicluster(rows=[6, 22], cols=[ 0  1  2  3  4  5  6  7  8  9 10 11 12 13 14 15 16 17 18 19 20 21 22 23
 24 25 26 30 35 38 45 47 49 51 53 58 69 72 73 74])
Bicluster(rows=[6, 23], cols=[ 0  1  2  3  4  5  6  7  8  9 10 11 12 13 14 15 16 17 18 19 20 21 22 23
 24 27 30 32 33 34 35 36 38 40 41 48 50 51 53 56 57 65 68 69 72 74])
Bicluster(rows=[6, 24], cols=[ 0  2  4  5  7  9 10 11 13 14 15 17 19 20 25 26 29 35 36 37 38 40 42 44
 45 49 54 56 58 67 68 69 72 73])
Bicluster(rows=[6, 25], cols=[ 1  3  6 12 22 23 25 29 31 36 38 40 41 43 45 46 50 52 53 54 56 57 62 63
 66 67 70 72 73 74])
Bicluster(rows=[6, 26], cols=[ 0  1  2  3  4  5  6  7  8  9 10 11 12 13 14 15 16 17 18 19 20 21 22 23
 24 25 26 33 35 37 45 47 51 52 54 56 57 59 62 66 72])
Bicluster(rows=[6, 27], cols=[ 0  1  2  3  4  5  6  7  8  9 10 11 12 13 14 15 16 17 18 19 20 21 22 23
 24 25 27 29 30 35 37 40 45 47 49 50 53 54 56 58 64 65 66 69 74])
Bicluster(rows=[6, 28], cols=[ 0  1  2  3  4  5  6  7  8  9 10 11 12 13 14 15 16 17 18 19 20 21 22 23
 24 26 28 29 30 32 33 34 35 37 40 41 42 51 52 53 54 57 61 64 65 67 69 71
 72 74])
Bicluster(rows=[6, 29], cols=[ 0  1  2  3  4  5  6  7  8  9 10 11 12 13 14 15 16 17 18 19 20 21 22 23
 24 26 27 34 35 38 40 45 47 49 51 52 55 57 61 62 69 71 72 74])
Bicluster(rows=[6, 30], cols=[ 0  1  2  3  4  5  6  7  8  9 10 11 12 13 14 15 16 17 18 19 20 21 22 23
 24 26 27 28 29 30 32 33 34 36 40 42 44 46 47 48 53 59 62 64 65 66 67 69
 72])
Bicluster(rows=[6, 31], cols=[ 0  1  2  3  4  5  6  7  8  9 10 11 12 13 14 15 16 17 18 19 20 21 22 23
 24 25 27 32 33 34 35 36 38 47 48 51 55 57 64 65 69 71 74])
Bicluster(rows=[6, 32], cols=[ 0  1  2  3  4  5  6  7  8  9 10 11 12 13 14 15 16 17 18 19 20 21 22 23
 24 27 30 32 33 34 41 47 50 52 53 54 57 64 65 66 68 69 71 73])
Bicluster(rows=[6, 33], cols=[ 0  1  5 12 13 20 22 24 27 30 40 47 49 52 53 57 59 62 65 68 69 73])
Bicluster(rows=[6, 34], cols=[ 0  1  3  5  6  7  8 10 14 15 16 18 19 23 24 26 30 33 34 35 38 40 43 44
 45 46 47 49 51 52 54 56 57 60 61 65 69 70 71 74])
Bicluster(rows=[6, 35], cols=[ 0  1  2  3  4  5  6  7 10 11 12 13 14 16 19 20 21 23 32 33 34 35 38 40
 43 44 45 47 49 51 52 55 56 61 64 68 69 71 73])
Bicluster(rows=[6, 36], cols=[ 1  3  4  6  7  8  9 13 14 15 19 20 22 23 32 33 34 35 38 40 43 44 45 46
 47 49 52 54 55 56 58 59 61 66 69 72 73 74])
Bicluster(rows=[6, 37], cols=[ 0  1  4  5  6  7  9 11 21 22 23 26 30 33 34 35 38 43 44 46 47 49 51 54
 57 58 66 68 69 72 74])
Bicluster(rows=[6, 38], cols=[ 1  2  3  4  5 10 11 13 14 18 19 22 24 32 33 34 35 38 40 43 44 45 46 47
 49 53 54 55 57 58 59 61 68 69 72 74])
Bicluster(rows=[6, 39], cols=[ 0  1  3  4  5  7  8  9 10 16 20 22 26 30 33 34 35 38 43 44 46 47 49 53
 56 57 63 66 69 70 71 72])
Bicluster(rows=[6, 40], cols=[ 2  9 10 16 17 19 20 21 24 28 29 32 36 37 38 41 43 44 48 52 60 65 66 67
 70])
Bicluster(rows=[6, 41], cols=[ 0  2  4  5  6  9 10 11 12 13 15 17 18 20 22 23 30 33 34 35 38 40 43 44
 45 46 47 49 51 52 53 54 57 59 61 64 68 71 72])
Bicluster(rows=[6, 42], cols=[ 2  3  4  5  6  7 13 14 15 16 18 19 20 28 32 33 34 35 38 40 43 44 45 46
 47 49 53 56 57 58 59 60 66 69 73 74])
Bicluster(rows=[6, 43], cols=[ 0  2  3  5  6 11 14 15 17 19 20 23 24 30 33 34 35 38 40 43 44 45 46 47
 49 51 53 54 56 58 59 60 61 64 68 70 71 72 73])
Bicluster(rows=[6, 44], cols=[ 0  1  2  3 10 11 14 15 17 18 19 20 23 29 32 33 34 35 36 37 38 41 48 50
 54 56 57 59 62 64 65 69 73 74])
Bicluster(rows=[6, 45], cols=[ 1  2  4  9 10 11 14 17 20 22 30 33 34 35 38 40 43 44 45 46 47 49 53 56
 58 60 62 64 66 67 69 70 72 73])
Bicluster(rows=[6, 46], cols=[ 1  3  4  6  7  9 11 12 13 14 15 16 17 18 19 20 21 23 27 28 29 32 34 36
 38 43 44 48 53 55 56 58 66 69 72 73 74])
Bicluster(rows=[6, 47], cols=[ 2  3  7  9 10 11 14 15 16 17 18 22 24 27 30 33 34 35 38 40 47 49 51 52
 56 57 59 60 61 62 64 68 69 73 74])
Bicluster(rows=[6, 48], cols=[ 0  2  4  5  7  9 10 13 14 15 17 20 27 28 29 32 36 38 43 44 48 53 54 56
 57 59 61 64 71 72 73 74])
Bicluster(rows=[6, 49], cols=[ 1  3  4  6  9 11 13 17 18 19 21 23 24 30 32 33 34 35 36 37 41 42 48 54
 57 58 62 72])
Bicluster(rows=[6, 50], cols=[ 1  3  4  5  6  8 12 14 16 21 22 27 28 29 32 33 34 35 38 40 43 44 45 47
 51 54 55 58 60 61 62 66 68 69 70 72])
Bicluster(rows=[6, 51], cols=[ 0  3  4  6  7  8 10 11 12 13 14 15 16 17 18 19 20 21 22 23 32 33 34 35
 38 40 43 44 45 46 47 49 51 54 55 56 58 61 69 71 72 73])
Bicluster(rows=[6, 52], cols=[ 5  9 10 14 16 17 20 21 22 23 24 28 29 32 36 37 38 41 43 44 48 51 53 54
 55 57 58 60 62 64 65 68 70 72])
Bicluster(rows=[6, 53], cols=[ 0  2  3  4  5  7  9 11 12 14 17 19 20 23 33 34 35 38 40 43 44 45 46 47
 49 51 53 56 57 58 59 61 64 68 69 70 72 73 74])
Bicluster(rows=[6, 54], cols=[ 2  3  4  6  8 11 14 15 20 23 29 32 33 34 35 36 37 38 41 42 48 50 52 53
 54 55 60 61 63 70 72])
Bicluster(rows=[6, 55], cols=[ 2  3  5  8 10 11 14 15 17 19 20 21 22 23 32 33 34 35 38 40 43 44 45 46
 47 49 51 52 53 54 56 69 71 73])
Bicluster(rows=[6, 56], cols=[ 2  5  9 11 14 15 18 21 22 24 25 31 39 53 54 55 60 64 65 70 73])
Bicluster(rows=[6, 57], cols=[ 0  2  3  7 11 12 14 17 19 20 23 28 32 37 38 41 42 48 51 54 57 59 65 71
 74])
Bicluster(rows=[6, 58], cols=[ 2  4  6  8  9 10 13 17 19 21 22 23 27 32 33 34 35 38 40 43 44 45 47 49
 51 52 56 61 62 63 66 68 72 73])
Bicluster(rows=[6, 59], cols=[ 1  2  3  5  6  7 12 13 19 21 23 24 32 33 34 35 38 40 43 44 45 46 47 49
 53 54 55 59 61 64 68 69 70 71 72 73])
Bicluster(rows=[6, 60], cols=[ 1  3  4  6  7  8  9 11 12 16 17 18 21 22 24 28 32 33 34 35 38 40 43 44
 45 47 49 51 52 55 56 58 59 61 62 64 68 69 70 71 72 73])
Bicluster(rows=[6, 61], cols=[ 1  2  4  5  6  7  9 10 11 13 14 15 16 17 18 20 21 22 23 26 33 34 35 38
 43 44 46 47 49 51 52 54 55 56 59 68 69 71 73 74])
Bicluster(rows=[6, 62], cols=[ 1  2  4  5  6 12 13 14 18 19 21 22 23 24 30 32 33 34 35 36 37 38 41 42
 48 54 55 56 57 59 60 62 65 66 70 72 73])
Bicluster(rows=[6, 63], cols=[ 1  4  5  6  7  8 11 12 13 14 15 16 19 21 22 23 33 34 35 38 40 43 44 45
 46 47 49 51 52 55 56 57 58 59 61 62 64 68 69 71 72 73])
Bicluster(rows=[6, 64], cols=[ 0  3  5  7  8 10 14 17 18 20 21 22 23 27 28 29 32 34 36 38 43 44 48 51
 54 57 61 62 69 72])
Bicluster(rows=[6, 65], cols=[ 6  8  9 12 14 15 16 30 32 33 34 35 36 37 41 42 48 50 51 53 54 57 59 61
 64 69 73])
Bicluster(rows=[6, 66], cols=[ 0  1  5  9 10 14 16 21 28 29 32 33 35 37 38 41 43 44 48 51 52 53 56 57
 59 64 68 69 71 72 73 74])
Bicluster(rows=[6, 67], cols=[ 2  3  4 11 14 18 19 20 24 25 26 27 30 32 33 34 40 41 43 45 55 58 61 63
 66 69])
Bicluster(rows=[6, 68], cols=[ 2  5  6  7 11 12 13 14 15 20 23 24 25 29 30 37 38 39 40 43 45 46 50 57
 65 67])
Bicluster(rows=[6, 69], cols=[18 20 21 24 34 38 39 42 46 49 54 55 56 58 59 60 61 62 65 66 67 70 72 73])
Bicluster(rows=[6, 70], cols=[ 5  6  7  9 10 14 15 16 17 18 19 25 30 33 34 35 46 49 54 55 56 58 60 62
 64 66 70 71 73])
Bicluster(rows=[6, 71], cols=[ 3  4  5  8 10 11 14 15 19 22 25 26 27 28 35 36 37 40 42 44 48 49 56 57
 59 68 71 72 73])
Bicluster(rows=[6, 72], cols=[ 7  9 10 11 12 18 20 21 22 23 25 28 30 45 46 49 51 52 53 56 57 59 64 68
 71 72 73 74])
Bicluster(rows=[6, 73], cols=[ 1  2  8  9 10 11 12 14 16 17 18 19 21 23 24 25 27 36 39 51 52 53 54 57
 59 65 69 74])
Bicluster(rows=[6, 74], cols=[ 4  6  7  8 10 12 13 14 16 17 19 20 21 26 28 29 30 31 34 35 37 39 40 42
 45 56 57 59 72 73])
Bicluster(rows=[6, 75], cols=[ 2  4  5  6 14 16 19 22 28 29 30 32 34 35 36 37 39 40 43 44 46 47 49 54
 55 56 58 59 60 61 62 64 65 70 72 73])
Bicluster(rows=[6, 76], cols=[ 2  6  7  9 10 11 12 13 14 16 17 18 20 24 29 30 32 35 40 54 55 56 58 60
 62 64 66 70 72 73])
Bicluster(rows=[6, 77], cols=[ 6  8 11 12 14 15 16 18 19 27 30 31 32 35 39 45 48 49 51 52 53 56 57 59
 68 69 72 73 74])
Bicluster(rows=[6, 78], cols=[ 1  2  4  9 10 15 19 20 21 26 27 28 29 33 34 36 38 41 45 48 51 52 54 56
 59 64 69 71 72 73 74])
Bicluster(rows=[6, 79], cols=[ 0  1  5  6  7  9 17 22 23 24 26 27 28 29 30 31 32 33 35 36 37 38 39 45
 46 54 55 56 58 60 61 62 64 66 70 71 72 73])
Bicluster(rows=[6, 80], cols=[ 1  2  6  8  9 10 11 13 15 22 24 25 27 29 33 37 40 43 44 45 46 51 52 53
 56 57 59 64 68 69 71 72 73 74])
Bicluster(rows=[6, 81], cols=[ 1  6  7 11 15 16 17 18 20 23 27 29 30 34 35 36 37 40 43 47 51 52 53 57
 59 65 74])
Bicluster(rows=[6, 82], cols=[ 0  4  5 11 12 13 14 15 16 18 19 24 26 27 30 32 35 38 40 41 42 43 45 47
 49 51 52 53 55 61 63 66 69 74])
Bicluster(rows=[6, 83], cols=[ 2  3  5  7  9 11 12 14 15 16 17 24 26 27 29 34 35 40 46 47 48 55 58 60
 61 62 66 68 70 71])
Bicluster(rows=[6, 84], cols=[ 1  4  6 13 17 20 21 23 26 27 32 33 34 35 36 40 42 43 47 55 56 58 60 61
 62 66 68 70 71])
Bicluster(rows=[6, 85], cols=[ 0  1  2  3  4  5  9 10 11 12 13 14 17 18 19 20 21 22 24 25 29 33 34 49
 55 56 58 60 62 66 70 71])
Bicluster(rows=[6, 86], cols=[ 0  3  7  8  9 10 13 14 16 20 23 26 29 32 34 35 38 41 46 47 48 51 54 56
 61 64 69 71 72 73])
Bicluster(rows=[6, 87], cols=[ 0  4  6  7 11 12 13 16 17 18 20 21 22 26 27 29 30 40 45 46 49 55 58 59
 60 61 62 65 67 70])
Bicluster(rows=[6, 88], cols=[ 0  1  4  5  7  9 10 12 14 15 16 17 20 25 26 29 30 34 35 36 38 39 40 41
 46 48 49 55 58 59 60 61 62 65 67 70])
Bicluster(rows=[6, 89], cols=[ 1  2  3  5  6  9 10 11 12 13 15 19 20 22 23 25 26 27 31 33 35 38 46 48
 58 60 62 66 68 70])
Bicluster(rows=[6, 90], cols=[ 0  3  5  6  9 12 13 15 18 21 24 29 33 38 40 41 44 47 49 54 55 56 58 60
 61 62 64 66 70 72 73])
Bicluster(rows=[6, 91], cols=[ 0  2  5  7 15 18 22 28 33 35 37 42 43 44 45 47 48 49 51 52 54 55 56 59
 61 64 68 69 71 72 73 74])
Bicluster(rows=[6, 92], cols=[ 1  5  6  9 17 19 20 22 25 30 32 33 35 37 39 40 45 48 49 51 52 53 55 61
 63 66 69 74])
Bicluster(rows=[6, 93], cols=[ 0  2  3  4  6  7  9 10 11 14 15 19 20 21 26 29 30 32 33 34 35 36 40 41
 46 48 52 53 57 65 67 74])
Bicluster(rows=[6, 94], cols=[ 1  4  8  9 10 11 12 13 14 16 17 18 19 22 23 25 26 31 39 40 45 46 55 58
 59 60 61 62 65 67 70 72])
Bicluster(rows=[6, 95], cols=[ 0  2  6  7  9 11 12 14 15 19 20 22 23 27 29 30 32 33 34 36 38 40 48 49
 55 58 59 60 61 62 65 67 70])
Bicluster(rows=[6, 96], cols=[ 1  3  4  6  8  9 16 18 19 21 29 33 38 39 40 54 55 56 58 60 62 64 66 70
 72 73])
Bicluster(rows=[6, 97], cols=[ 1  2  3  4  7 13 14 17 18 19 20 21 22 23 24 26 27 29 30 35 45 47 49 54
 55 56 58 60 62 64 66 70 72 73])
Bicluster(rows=[6, 98], cols=[ 0  1  2  4  6  8  9 10 12 13 14 22 26 27 29 30 33 54 55 56 58 60 61 62
 64 70 72 73])
Bicluster(rows=[6, 99], cols=[ 5  6  8 11 12 17 18 21 22 24 27 31 32 34 39 46 49 51 54 60 61 63 64 66
 70 72])
Bicluster(rows=[7, 8], cols=[ 0  1  2  3  4  5  6  7  8  9 10 11 12 13 14 15 16 17 18 19 20 21 22 23
 24 25 29 30 31 32 33 35 52 53 54 55 60 62 64 66 67 70 72 73])
Bicluster(rows=[7, 9], cols=[ 0  1  2  3  4  5  6  7  8  9 10 11 12 13 14 15 16 17 18 19 20 21 22 23
 24 30 33 39 43 44 46 47 51 53 54 60 61 62 63 66 67 72 73])
Bicluster(rows=[7, 10], cols=[ 0  1  2  3  4  5  6  7  8  9 11 12 13 14 15 16 17 18 19 20 21 22 23 24
 28 31 35 38 43 46 47 52 55 58 63 69])
Bicluster(rows=[7, 11], cols=[ 1  3  6  8 11 12 13 16 22 23 27 30 35 38 40 41 48 54 60 66 70 74])
Bicluster(rows=[7, 12], cols=[ 0  1  2  3  4  5  6  7  8  9 10 11 12 13 14 15 16 17 18 19 20 21 22 23
 24 27 32 35 37 39 40 41 42 43 45 46 47 49 51 52 53 54 55 57 58 59 60 62
 64 65 68 71 72 73])
Bicluster(rows=[7, 13], cols=[ 0  1  2  3  4  5  6  7  8  9 10 11 12 13 14 15 16 17 18 19 20 21 22 23
 24 26 27 33 35 38 48 49 50 51 52 54 57 59 67 72 73])
Bicluster(rows=[7, 14], cols=[ 0  1  2  3  4  5  6  7  8  9 10 11 12 13 14 15 16 17 18 19 20 21 22 23
 24 26 27 28 29 31 33 34 38 39 40 41 46 50 51 52 55 56 57 59 61 63 64 66
 69 70 72 74])
Bicluster(rows=[7, 15], cols=[ 0  1  2  3  4  5  6  7  8  9 10 11 12 13 14 15 16 17 18 19 20 21 22 23
 24 27 28 31 33 34 38 43 50 51 53 55 57 60 62 64 66 70 71 72])
Bicluster(rows=[7, 16], cols=[ 0  1  2  3  4  5  6  7  8  9 10 11 12 13 14 15 16 17 18 19 20 21 22 23
 24 27 30 31 32 33 35 36 37 43 45 47 49 50 52 56 57 60 62 63 64 65 67 68
 70 71 73])
Bicluster(rows=[7, 17], cols=[ 0  1  2  3  4  5  6  7  8  9 10 11 12 13 14 15 16 17 18 19 20 21 22 23
 24 26 27 28 29 32 34 37 40 41 49 57 58 62 65 66 68 70 73 74])
Bicluster(rows=[7, 18], cols=[ 0  1  2  3  4  5  6  7  8  9 10 11 12 13 14 15 16 17 18 19 20 21 22 23
 24 28 29 30 33 34 37 39 40 43 44 46 47 49 51 55 57 58 59 62 67 68 69 70
 74])
Bicluster(rows=[7, 19], cols=[ 0  1  2  3  4  5  6  7  8  9 10 11 12 13 14 15 16 17 18 19 20 21 22 23
 24 31 36 37 47 50 54 55 57 58 60 61 62 64 67 69 72 73 74])
Bicluster(rows=[7, 20], cols=[ 0  1  2  3  4  5  6  7  8  9 10 11 12 13 14 15 16 17 18 19 20 21 22 23
 24 25 31 42 44 45 46 49 50 51 52 54 57 62 63 65 68])
Bicluster(rows=[7, 21], cols=[ 0  1  2  3  4  5  6  7  8  9 10 11 12 13 14 15 16 17 18 19 20 21 22 23
 24 29 30 34 35 36 37 38 39 41 44 46 48 56 57 58 59 61 62])
Bicluster(rows=[7, 22], cols=[ 0  1  2  3  4  5  6  7  8  9 10 11 12 13 14 15 16 17 18 19 20 21 22 23
 24 25 29 30 33 34 38 39 43 46 50 51 52 54 59 61 62 63 64 65 68 69 73 74])
Bicluster(rows=[7, 23], cols=[ 0  1  2  3  4  5  6  7  8  9 10 11 12 13 14 15 16 17 18 19 20 21 22 23
 24 26 27 28 34 39 40 44 51 58 61 62 66 68 69 72])
Bicluster(rows=[7, 24], cols=[ 0  1  2  3  4  5  6  7  8  9 10 11 12 13 14 15 16 17 18 19 20 21 22 23
 24 31 35 39 40 41 43 48 49 53 54 58 60 69])
Bicluster(rows=[7, 25], cols=[ 0  1  2  3  4  5  6  7  8  9 10 11 12 13 14 15 16 17 18 19 20 21 22 23
 24 33 34 37 39 42 43 44 45 47 49 50 51 52 54 56 57 59 60 62 63 64 65 66
 73])
Bicluster(rows=[7, 26], cols=[ 0  1  2  3  4  5  6  7  8  9 10 11 12 13 14 15 16 17 18 19 20 21 22 23
 24 30 32 34 38 39 44 45 46 47 51 53 56 59 61 62 63 64 65 66 74])
Bicluster(rows=[7, 27], cols=[ 0  1  2  3  4  5  6  7  8  9 10 11 12 13 14 15 16 17 18 19 20 21 22 23
 24 27 29 31 36 44 45 47 49 52 56 60 62 64 68 69 70 74])
Bicluster(rows=[7, 28], cols=[ 1  3  6  8 12 16 18 21 22 23 24 27 28 33 34 41 44 45 46 48 50 51 52 53
 54 55 57 58 59 60 62 63 64 65 68 69 71 74])
Bicluster(rows=[7, 29], cols=[ 0  1  2  3  4  5  6  7  8  9 10 11 12 13 14 15 16 17 18 19 20 21 22 23
 24 27 30 31 32 34 36 37 38 42 44 45 46 47 49 50 51 53 54 58 61 65 66 67
 69 70 71 74])
Bicluster(rows=[7, 30], cols=[ 1  3  6  8 12 16 18 21 22 23 24 27 28 31 33 34 37 39 44 47 49 51 53 55
 61 63 64 65 68 69 74])
Bicluster(rows=[7, 31], cols=[ 1  3  6  8 11 12 13 16 18 21 22 23 24 26 28 33 38 39 40 44 46 47 48 49
 51 55 57 58 61 63 64 66 68 69 71 72 74])
Bicluster(rows=[7, 32], cols=[ 0  1  2  3  4  5  6  7  8  9 10 11 12 13 14 15 16 17 18 19 20 21 22 23
 24 26 30 35 39 44 58 61 63 67 69 71 73])
Bicluster(rows=[7, 33], cols=[ 1  2  3  7 11 14 15 18 19 21 22 24 30 32 37 43 45 47 50 51 54 57 60 61
 65 67 70 71 72 73])
Bicluster(rows=[7, 34], cols=[ 0  1  3  6  8  9 11 12 13 16 18 23 24 28 32 33 34 38 42 47 51 52 54 55
 56 58 60 62 66 68 69 71 72 74])
Bicluster(rows=[7, 35], cols=[ 2  4  7  9 11 12 13 14 15 17 19 22 25 27 32 35 36 41 46 47 50 51 55 56
 57 59 61 62 63 64 65 68 69 72 74])
Bicluster(rows=[7, 36], cols=[ 0  5  7  9 10 12 14 15 17 27 29 30 33 36 39 40 41 43 49 54 59 61 62 63
 66 68 69 71 72])
Bicluster(rows=[7, 37], cols=[ 4  7  9 10 11 15 16 18 19 24 27 29 30 33 34 36 39 40 41 43 49 50 54 55
 58 60 64 65 66 67 69 73])
Bicluster(rows=[7, 38], cols=[ 0  2  3  4  7 12 13 14 18 20 22 24 28 33 34 37 38 39 42 47 52 53 57 60
 62 66 69 74])
Bicluster(rows=[7, 39], cols=[ 4  7  9 11 13 14 17 27 29 30 33 34 36 39 40 41 43 49 51 52 53 55 56 57
 59 60 61 62 63 65 66 69])
Bicluster(rows=[7, 40], cols=[ 0  1 14 19 27 28 29 34 36 38 39 40 44 46 49 50 55 56 60 61 63 70])
Bicluster(rows=[7, 41], cols=[ 1  4  7  8 11 12 13 14 16 21 27 29 30 33 36 39 41 43 46 47 50 52 54 55
 61 64 65 68 69 70 73 74])
Bicluster(rows=[7, 42], cols=[ 0  1  4 10 12 14 15 17 20 22 23 24 27 29 30 33 36 39 41 43 46 47 53 55
 57 58 62 65 66 68 69 72 74])
Bicluster(rows=[7, 43], cols=[ 4  7 10 11 13 14 17 22 27 29 30 33 34 36 39 40 41 43 49 51 52 53 54 55
 58 61 62 64 65 66 72])
Bicluster(rows=[7, 44], cols=[ 2  4  5  6 12 13 14 15 17 20 33 34 37 38 39 44 45 47 50 55 61 65 66 68
 74])
Bicluster(rows=[7, 45], cols=[ 0  4  5  8  9 11 12 15 16 17 27 29 30 33 34 36 39 40 41 43 46 49 53 55
 58 64 67 69 71 72])
Bicluster(rows=[7, 46], cols=[ 1  3  4  6  7  9 10 11 12 13 14 17 20 21 23 26 27 29 36 40 45 46 50 52
 54 55 56 61 64 65 68 69 73 74])
Bicluster(rows=[7, 47], cols=[ 3  7 11 14 16 17 19 20 22 24 28 33 34 36 38 39 40 44 45 46 49 53 54 56
 59 64 65 68 69 72 74])
Bicluster(rows=[7, 48], cols=[ 0  2  3  4  5  6  7 10 12 13 14 16 17 18 20 21 25 31 32 35 37 50 52 53
 54 57 59 62 65 67 68 72])
Bicluster(rows=[7, 49], cols=[ 1  3  6  8 11 14 16 18 19 23 27 29 30 33 34 36 39 40 41 43 46 49 50 52
 55 56 57 67 68 70 71 74])
Bicluster(rows=[7, 50], cols=[ 0  2  4  7  9 10 14 17 30 32 35 37 43 46 47 53 54 55 57 59 61 66 68 69])
Bicluster(rows=[7, 51], cols=[ 2  4  5 12 13 17 19 25 27 29 32 35 36 41 46 47 51 53 54 55 56 58 59 60
 61 65 66 69 70 71 73 74])
Bicluster(rows=[7, 52], cols=[ 1  2  6  7 13 14 15 30 31 32 35 37 43 45 47 52 53 54 55 59 61 62 64 67])
Bicluster(rows=[7, 53], cols=[ 1  4  6  7  8 11 12 14 15 18 19 21 22 23 24 27 29 33 35 36 39 40 41 46
 47 49 56 58 61 64 67 68])
Bicluster(rows=[7, 54], cols=[ 3  6  7 16 17 18 19 21 22 23 25 31 32 35 42 43 52 54 55 57 59 64 65 67
 68 69 74])
Bicluster(rows=[7, 55], cols=[ 0  2 12 13 14 17 19 27 29 30 33 36 39 40 41 43 46 49 53 54 55 58 59 62
 68 69])
Bicluster(rows=[7, 56], cols=[ 2  5  9 11 14 15 16 20 21 22 30 31 32 35 42 43 50 52 53 55 57 58 61 66
 70])
Bicluster(rows=[7, 57], cols=[ 1  6 16 22 27 28 29 33 34 36 38 39 40 41 44 46 49 50 54 56 60 61 62 65
 67 70 73])
Bicluster(rows=[7, 58], cols=[ 0  1  4  5 11 14 15 18 19 20 25 31 32 35 37 47 50 53 59 60 62 63 65 66
 67 68 69 70 73 74])
Bicluster(rows=[7, 59], cols=[ 0  5  7  8 10 15 17 27 29 30 33 36 39 40 41 43 49 50 51 53 56 58 59 60
 62 63 66 68 69 71])
Bicluster(rows=[7, 60], cols=[ 3  4  5  7  9 10 12 15 17 20 23 25 27 31 32 35 37 41 46 47 51 53 57 58
 61 64 65 66 68 69 74])
Bicluster(rows=[7, 61], cols=[ 3  4  8 11 12 13 22 27 29 30 33 36 41 43 46 47 50 52 53 54 56 60 62 64
 65 68 71])
Bicluster(rows=[7, 62], cols=[ 1  6 12 13 19 22 23 27 29 33 34 36 38 39 40 41 46 49 50 52 53 54 55 56
 57 60 64 65 70 71])
Bicluster(rows=[7, 63], cols=[ 2  3  4  6  7  9 11 12 13 17 19 20 23 25 27 29 32 35 36 41 46 47 55 56
 58 60 62 64 65 68 69 70 73 74])
Bicluster(rows=[7, 64], cols=[ 3  4  8  9 12 13 15 18 19 21 22 23 28 34 36 38 39 40 45 46 49 52 54 55
 56 57 63 66 68 70 74])
Bicluster(rows=[7, 65], cols=[ 2  4  5  6  8 10 11 12 17 19 27 29 30 33 34 36 39 40 41 43 46 49 53 57
 62 64 65 66 68 72])
Bicluster(rows=[7, 66], cols=[ 2  7 11 15 16 17 20 21 27 29 33 38 39 41 45 49 50 53 54 55 56 57 62 64
 65 67 69 71 73])
Bicluster(rows=[7, 67], cols=[ 0  2  4  5 10 11 13 14 19 20 23 27 28 29 34 36 38 40 41 44 45 48 54 55
 56 57 61 62 64 65 66 68 69 71 74])
Bicluster(rows=[7, 68], cols=[ 1  6  9 10 12 17 19 21 23 25 27 30 31 35 37 42 53 54 55 56 57 61 62 64
 65 66 68 69 71 74])
Bicluster(rows=[7, 69], cols=[ 0  1  8 13 16 19 20 22 27 30 38 40 46 47 49 51 53 55 57 59 61 62 63 66
 69])
Bicluster(rows=[7, 70], cols=[ 0  3  8 19 22 24 30 32 35 39 40 45 46 51 54 55 56 57 58 61 62 64 65 66
 67 71 73 74])
Bicluster(rows=[7, 71], cols=[ 1  5  6 10 13 15 26 27 29 36 37 39 40 41 42 45 47 55 57 59 60 61 62 63
 66 69 70 72])
Bicluster(rows=[7, 72], cols=[ 0  1  2  3  4  5  9 11 12 14 23 26 29 30 39 40 41 44 45 46 48 50 52 54
 56 60 64 65 68 70 71 73])
Bicluster(rows=[7, 73], cols=[ 1  8 12 14 16 18 21 23 24 25 31 32 33 36 37 42 43 51 53 55 57 58 59 61
 62 63 66 69 72 74])
Bicluster(rows=[7, 74], cols=[ 1 10 14 17 19 22 25 27 34 36 37 38 40 41 44 47 48 53 55 57 59 60 61 62
 63 66 69 70 72])
Bicluster(rows=[7, 75], cols=[ 1  3  4 10 11 13 14 17 18 19 23 31 34 37 40 46 51 54 55 56 57 58 59 61
 62 64 65 66 71 74])
Bicluster(rows=[7, 76], cols=[ 1  3  8 11 13 14 15 22 23 26 27 28 30 32 34 35 38 39 41 44 51 54 55 56
 58 59 61 64 65 66 67 71 74])
Bicluster(rows=[7, 77], cols=[ 2  6  7  8  9 10 12 13 20 25 30 33 34 35 37 38 39 40 42 43 44 45 50 52
 54 56 60 64 65 68 70 71 73])
Bicluster(rows=[7, 78], cols=[ 7 11 12 17 21 23 28 31 32 33 34 35 37 38 41 42 43 44 49 50 52 54 60 67
 70 71 73])
Bicluster(rows=[7, 79], cols=[ 1  4  6  7  9 15 17 22 23 28 29 31 33 36 38 40 44 47 48 49 50 52 54 56
 60 64 65 68 70 71 73])
Bicluster(rows=[7, 80], cols=[ 1  2  3  5 11 13 14 16 18 21 30 35 36 38 39 40 41 43 46 48 50 52 53 54
 55 56 57 60 64 65 68 70 71])
Bicluster(rows=[7, 81], cols=[ 0  4  5  7 14 15 17 20 22 28 34 37 39 40 41 43 46 54 55 56 57 62 64 65
 69 71 73 74])
Bicluster(rows=[7, 82], cols=[ 0  1  2  3  4  6 11 13 14 19 21 22 23 26 29 32 36 39 42 43 44 47 48 51
 53 55 57 59 60 61 62 63 66 69 70 72 74])
Bicluster(rows=[7, 83], cols=[ 0  2  5  7  9 10 11 12 14 15 17 27 28 29 30 32 34 39 44 48 50 52 54 56
 57 60 64 65 68 70 71 73])
Bicluster(rows=[7, 84], cols=[ 0  2  3  4  5  8  9 13 15 16 20 22 24 25 26 27 28 31 32 33 35 40 42 43
 46 47 51 58 59 61 63 65 66 68 72 74])
Bicluster(rows=[7, 85], cols=[ 0  2  3  4 11 12 13 14 17 18 19 20 21 22 24 25 26 29 32 36 42 44 45 54
 64 67 68 71 73])
Bicluster(rows=[7, 86], cols=[ 2  3  6  8 11 12 15 16 19 23 27 34 37 38 39 40 41 47 50 52 54 56 60 64
 65 68 70 71 73])
Bicluster(rows=[7, 87], cols=[ 2  5  7  9 10 11 15 23 28 36 39 40 41 44 46 51 54 55 56 58 61 64 65 66
 67 71 73 74])
Bicluster(rows=[7, 88], cols=[ 0  1  4  7  9 12 14 15 20 23 27 28 29 30 33 36 38 40 41 43 49 52 55 57
 59 60 63 66 70 72])
Bicluster(rows=[7, 89], cols=[ 1  2  5  9 10 11 12 13 15 17 19 20 23 27 28 31 36 37 45 46 47 48 50 52
 54 56 60 64 65 68 70 71 73])
Bicluster(rows=[7, 90], cols=[ 2 10 13 14 16 20 22 27 31 35 36 39 45 46 47 49 51 54 55 56 57 58 61 64
 65 66 67 71 73 74])
Bicluster(rows=[7, 91], cols=[ 1  5  6 10 12 13 17 21 24 25 26 33 36 42 43 47 49 51 53 54 55 56 57 59
 61 62 64 65 66 68 69 71 74])
Bicluster(rows=[7, 92], cols=[ 2  3  8  9 12 15 16 18 20 27 32 33 38 43 51 59 60 61 62 63 66 69 70 72])
Bicluster(rows=[7, 93], cols=[ 3  6 12 13 16 21 23 27 30 36 39 41 43 44 45 49 51 53 55 57 59 61 62 63
 66 69 72])
Bicluster(rows=[7, 94], cols=[ 1  4  6  9 10 11 12 13 17 19 28 30 31 33 34 36 40 45 46 52 55 57 59 60
 62 63 66 70 72])
Bicluster(rows=[7, 95], cols=[ 3  4  9 10 13 14 20 27 33 34 38 39 40 44 49 51 54 58 59 64 65 66 67 71])
Bicluster(rows=[7, 96], cols=[ 0  1  3  4  6  8 11 17 20 21 25 32 33 38 42 45 49 50 52 54 56 64 65 68
 71 73])
Bicluster(rows=[7, 97], cols=[ 0  4  5  7 10 12 13 15 19 28 34 36 38 39 40 41 47 49 54 58 59 64 65 66
 67 71])
Bicluster(rows=[7, 98], cols=[ 4  6  7  8 16 17 18 20 21 24 32 34 38 40 49 50 51 55 57 58 61 66 74])
Bicluster(rows=[7, 99], cols=[ 3  5  9 10 16 17 23 27 28 30 37 39 40 43 44 46 47 51 53 57 58 59 61 66
 69 70 71 72])
Bicluster(rows=[8, 9], cols=[ 0  1  2  3  4  5  6  7  8  9 10 11 12 13 14 15 16 17 18 19 20 21 22 23
 24 26 27 31 33 37 38 40 42 45 49 50 53 54 56 57 58 59 62 65 66 67 69 71
 72 73 74])
Bicluster(rows=[8, 10], cols=[ 1  3  6  8 16 18 21 22 23 25 26 30 31 37 38 45 46 47 49 50 52 53 58 59
 62 63 66 69 70 71 72 73 74])
Bicluster(rows=[8, 11], cols=[ 0  1  2  3  4  5  7  9 10 11 12 13 14 15 17 19 20 23 27 30 38 40 41 42
 45 48 50 52 54 60 65 68 74])
Bicluster(rows=[8, 12], cols=[ 0  1  2  3  4  5  6  7  8  9 10 11 12 13 14 15 16 17 18 19 20 21 22 23
 24 30 31 32 34 35 36 52 53 54 55 56 60 62 70 72])
Bicluster(rows=[8, 13], cols=[ 0  1  2  3  4  5  6  7  8  9 10 11 12 13 14 15 16 17 18 19 20 21 22 23
 24 28 30 33 35 41 42 44 45 46 52 54 64 66 67 70 71 72 73])
Bicluster(rows=[8, 14], cols=[ 0  1  2  3  4  5  6  7  8  9 10 11 12 13 14 15 16 17 18 19 20 21 22 23
 24 29 30 31 33 36 42 52 54 55 60 66 70 72 73])
Bicluster(rows=[8, 15], cols=[ 0  1  2  3  4  5  6  7  8  9 10 11 12 13 14 15 16 17 18 19 20 21 22 23
 24 28 29 31 33 34 36 39 41 43 44 49 50 53 55 56 60 61 62 63 65 66 68 69
 70])
Bicluster(rows=[8, 16], cols=[ 0  1  2  3  4  5  6  7  8  9 10 11 12 13 14 15 16 17 18 19 20 21 22 23
 24 30 31 32 33 35 36 39 40 42 46 51 52 56 59 60 61 62 64 67 69])
Bicluster(rows=[8, 17], cols=[ 0  1  2  3  4  5  6  7  8  9 10 11 12 13 14 15 16 17 18 19 20 21 22 23
 24 29 32 33 34 42 62 63 66 70 73])
Bicluster(rows=[8, 18], cols=[ 0  1  2  3  4  5  6  7  8  9 10 11 12 13 14 15 16 17 18 19 20 21 22 23
 24 29 30 31 33 36 38 42 43 52 55 56 61 62 71 73])
Bicluster(rows=[8, 19], cols=[ 1  3  4  6  8 11 12 13 19 22 23 25 36 38 39 43 45 51 54 56 59 60 62 63
 65 67 71 73])
Bicluster(rows=[8, 20], cols=[ 0  1  2  3  4  5  6  7  8  9 10 11 12 13 14 15 16 17 18 19 20 21 22 23
 24 25 26 27 30 31 35 36 38 39 40 43 47 48 52 53 54 56 58 59 62 68 69 71
 73 74])
Bicluster(rows=[8, 21], cols=[ 0  2  5  7  9 10 14 15 17 20 28 29 32 34 40 43 49 50 52 53 54 60 62 64
 67 69 70 71 72 74])
Bicluster(rows=[8, 22], cols=[ 0  1  2  3  4  5  6  7  8  9 10 11 12 13 14 15 16 17 18 19 20 21 22 23
 24 25 29 30 33 40 49 54 60 62 64 67 70 72 73])
Bicluster(rows=[8, 23], cols=[ 2  4  7  9 11 13 14 17 19 25 26 27 29 31 35 38 40 41 45 50 51 53 56 57
 58 61 62 65 71 74])
Bicluster(rows=[8, 24], cols=[ 0  1  2  3  4  5  6  7  8  9 10 11 12 13 14 15 16 17 18 19 20 21 22 23
 24 27 29 31 34 35 38 43 44 46 49 53 54 60 61 63 69 70 71 73 74])
Bicluster(rows=[8, 25], cols=[ 0  1  2  3  4  5  6  7  9 10 11 12 13 14 15 17 19 20 22 23 25 26 27 30
 31 32 35 38 40 41 43 46 47 48 49 50 52 56 57 58 61 62 64 65 66 68 69 70
 74])
Bicluster(rows=[8, 26], cols=[ 0  1  2  3  4  5  6  7  8  9 10 11 12 13 14 15 16 17 18 19 20 21 22 23
 24 27 29 32 33 36 40 42 49 53 55 56 64 70 73])
Bicluster(rows=[8, 27], cols=[ 1  3  4  6  8 11 12 13 16 22 23 26 27 28 33 35 36 37 39 40 42 49 50 52
 56 59 60 61 64 65 66 67 68 69 70 71])
Bicluster(rows=[8, 28], cols=[ 0  2  4  5  7  9 10 11 14 15 17 19 20 27 29 30 32 33 35 37 39 46 47 48
 53 54 59 60 62 63 66 72])
Bicluster(rows=[8, 29], cols=[ 0  1  2  3  4  5  6  7  8  9 10 11 12 13 14 15 16 17 18 19 20 21 22 23
 24 29 30 31 32 53 54 59 66 67 70 72])
Bicluster(rows=[8, 30], cols=[ 0  2  4  5  7  9 11 13 14 15 17 19 20 27 32 36 39 40 44 45 47 49 53 62
 64 65 66 68 69 71 72 74])
Bicluster(rows=[8, 31], cols=[ 2  4  7  9 11 13 14 17 19 20 26 29 32 35 37 38 43 45 46 48 51 55 56 57
 58 61 63 64 68 69 74])
Bicluster(rows=[8, 32], cols=[ 0  2  4  5  7  9 11 13 14 15 17 19 20 28 30 31 32 40 41 43 49 50 51 52
 56 57 60 65 74])
Bicluster(rows=[8, 33], cols=[ 2  4  7  8 15 26 27 37 39 41 43 44 45 48 50 52 53 57 58 59 63 72 74])
Bicluster(rows=[8, 34], cols=[ 1  3  6  7  8 14 16 17 20 23 25 29 31 32 35 36 38 40 42 43 44 47 49 50
 51 52 53 54 56 57 58 60 65 68 69 70 74])
Bicluster(rows=[8, 35], cols=[ 0  1  2  4  7  8  9 11 12 13 14 15 17 18 19 22 23 25 29 31 32 35 36 38
 40 42 43 44 47 49 52 53 54 55 56 60 62 64 70 72 73])
Bicluster(rows=[8, 36], cols=[ 0  1  2  4  5  6  9 10 13 16 17 18 19 21 22 23 24 25 29 31 32 35 36 38
 42 43 44 47 49 52 55 60 62 66 67 68 69 70 72 73])
Bicluster(rows=[8, 37], cols=[ 1  4  7  8  9 10 11 15 16 18 33 35 38 43 44 50 54 55 57 59 61 64 66 67
 69 70 71 72])
Bicluster(rows=[8, 38], cols=[ 0  2  4  7 12 14 16 20 27 28 31 32 33 34 37 40 41 46 47 49 53 54 58 59
 62 63 66 68 69])
Bicluster(rows=[8, 39], cols=[ 1  3  4  5  7  8 22 23 27 28 31 33 34 37 40 41 46 47 49 51 55 61 62 63
 64 72])
Bicluster(rows=[8, 40], cols=[ 3  4  5  6  7  8 13 21 22 24 31 32 36 40 46 47 49 50 51 53 54 56 59 62
 67 68])
Bicluster(rows=[8, 41], cols=[ 0  2  5  6  9 10 11 12 13 15 17 18 20 22 23 27 28 31 33 34 37 40 41 46
 49 54 55 61 64 66 67 68 69 72 74])
Bicluster(rows=[8, 42], cols=[ 0  1  3  4  8 10 13 14 15 17 19 20 21 22 23 25 29 31 32 35 36 38 40 42
 43 44 47 49 51 53 61 62 66 68 70 72 73])
Bicluster(rows=[8, 43], cols=[ 2  3  5  6  7  8 11 13 15 20 23 27 28 31 33 34 37 40 41 46 49 51 55 56
 57 62 66 67 68 73])
Bicluster(rows=[8, 44], cols=[ 1  3  5 11 19 21 23 24 25 27 35 37 38 39 41 45 47 50 51 52 53 54 56 58
 59 60 62 64 65 68])
Bicluster(rows=[8, 45], cols=[ 1  2  3  4  6  9 10 11 13 14 17 18 20 21 23 29 33 34 42 51 55 59 61 62
 68 70 72 73])
Bicluster(rows=[8, 46], cols=[ 0  2  4  5  7  8  9 11 13 14 15 19 20 22 25 29 31 32 35 36 38 40 42 43
 44 46 47 49 53 54 55 62 66 67 70 72 73])
Bicluster(rows=[8, 47], cols=[ 2  5  8  9 11 21 25 31 32 35 36 37 38 39 40 43 44 46 47 49 53 56 64 66
 67 70 71 74])
Bicluster(rows=[8, 48], cols=[ 0  2  3  4  5  6  7  8  9 10 12 13 14 15 16 17 18 20 21 23 25 29 31 32
 35 36 38 39 40 42 43 44 46 47 49 53 54 58 60 62 67 69 70 72 73])
Bicluster(rows=[8, 49], cols=[ 1  2  6  7  8 12 13 18 20 21 23 25 35 37 38 39 41 48 52 53 56 57 61 62
 63 67 68 70 71 73 74])
Bicluster(rows=[8, 50], cols=[ 0  1  2  3  6  7  8  9 10 12 13 16 17 19 22 23 24 25 31 32 35 36 38 39
 40 43 44 46 47 49 52 53 54 60 62 67 70 73])
Bicluster(rows=[8, 51], cols=[ 2  3  4  5  6  8 11 12 18 22 23 25 29 31 32 35 36 38 40 42 43 44 47 49
 52 53 54 64 67])
Bicluster(rows=[8, 52], cols=[ 0  2  7 11 14 15 16 18 23 25 26 27 31 35 37 38 39 40 43 45 46 47 51 54
 55 57 60 62 63 64 65 70 71 73 74])
Bicluster(rows=[8, 53], cols=[ 0  2  5  8  9 10 11 12 13 16 17 23 27 28 31 32 33 34 37 40 41 47 49 50
 55 56 58 61 64 66 67 68])
Bicluster(rows=[8, 54], cols=[ 0  3  4  5  6  7 10 16 17 18 21 22 23 25 27 31 32 35 37 38 39 40 45 46
 47 49 50 52 54 55 58 62 67 72])
Bicluster(rows=[8, 55], cols=[ 1  3  4  8  9 11 14 16 18 22 23 24 25 29 31 32 35 36 38 40 42 43 44 47
 49 51 52 53 56 60 61 68 69 73 74])
Bicluster(rows=[8, 56], cols=[ 1  3  6  8 13 15 17 18 19 20 23 24 26 35 38 39 41 43 45 48 50 53 54 57
 59 63 64 67 71 74])
Bicluster(rows=[8, 57], cols=[ 0  1  2  6  7 10 11 14 17 18 19 22 25 27 31 32 35 37 38 40 45 46 47 49
 52 54 55 56 60 61 66 70 73])
Bicluster(rows=[8, 58], cols=[ 0  4  5  6  8 11 14 15 19 20 22 23 25 31 32 35 36 38 39 40 42 43 44 46
 47 49 51 52 53 62 66 67 70 72])
Bicluster(rows=[8, 59], cols=[ 1  3 12 13 16 17 19 20 22 23 25 29 31 32 35 36 38 40 42 43 44 47 49 50
 52 54 56 57 64 67 69 70 73])
Bicluster(rows=[8, 60], cols=[ 2  3  4  5  7  8  9 10 11 12 13 14 15 17 19 20 22 23 25 29 31 32 35 36
 38 40 42 43 44 47 49 52 53 54 55 59 60 62 64 66 67 70 73])
Bicluster(rows=[8, 61], cols=[ 1  4  5  6  7  9 10 11 13 14 15 16 17 20 21 23 27 28 31 33 34 37 40 41
 46 49 53 57 60 62 64 66 67 70])
Bicluster(rows=[8, 62], cols=[ 1  4  7  8  9 11 12 13 14 15 16 17 20 22 25 27 31 32 37 40 41 45 46 47
 49 52 53 54 60 62 66 67 70])
Bicluster(rows=[8, 63], cols=[ 1  2  3  4  6  7  9 10 11 12 13 16 17 18 19 20 22 23 25 29 31 32 35 38
 42 43 44 47 49 52 54 55 57 60 62 67])
Bicluster(rows=[8, 64], cols=[ 2  4  5  6  7 12 14 16 17 20 24 25 31 32 35 36 37 38 39 40 43 44 46 47
 49 54 60 63 70 71 72 74])
Bicluster(rows=[8, 65], cols=[ 2  3  5 10 17 18 19 21 22 23 25 29 31 32 35 36 38 40 42 43 44 47 49 51
 54 59 60 61 62 63 65 69 70 72])
Bicluster(rows=[8, 66], cols=[ 2  4  7 11 13 15 17 18 20 23 24 28 29 30 34 35 50 51 56 57 58 59 61 63
 65 68 69 71 74])
Bicluster(rows=[8, 67], cols=[ 0  2  4 10 14 18 19 20 24 25 29 30 33 35 36 38 42 45 51 52 53 56 57 59
 60 61 63 65 68 69 70 71])
Bicluster(rows=[8, 68], cols=[ 0  1  3  9 10 12 17 19 24 25 26 29 30 31 35 39 40 45 46 48 49 52 53 54
 55 60 62 66 67 70 72 73])
Bicluster(rows=[8, 69], cols=[ 0  4 11 12 14 18 20 21 23 24 31 35 39 41 42 44 46 48 49 51 54 56 57 58
 59 61 64 67 69 73 74])
Bicluster(rows=[8, 70], cols=[ 4  7  8  9 10 11 12 13 14 15 17 18 20 21 25 29 31 32 33 34 36 37 39 40
 46 51 54 56 57 58 59 61 64 67 69 74])
Bicluster(rows=[8, 71], cols=[ 0  3  4  8 11 14 16 18 19 21 23 24 29 30 32 33 35 37 40 44 45 47 51 54
 56 57 58 59 61 69 73 74])
Bicluster(rows=[8, 72], cols=[ 1  3  7 11 12 16 20 21 22 23 26 28 30 35 36 37 39 41 43 45 46 48 49 52
 54 55 60 62 64 66 67 70 73])
Bicluster(rows=[8, 73], cols=[ 1  4  5  6  8  9 11 12 13 16 19 20 23 29 30 33 34 42 50 51 56 57 58 59
 61 63 65 68 69 71 74])
Bicluster(rows=[8, 74], cols=[ 0  2  3  6 12 15 17 18 19 20 21 27 28 29 30 32 34 38 39 45 48 55 56 59
 62 63 65 68 70 71])
Bicluster(rows=[8, 75], cols=[ 6 16 17 22 24 25 26 27 32 33 35 37 40 43 44 45 46 47 48 49 52 53 56 59
 60 62 63 65 68 70 71])
Bicluster(rows=[8, 76], cols=[ 0  1  3  4  5  6  7  8  9 13 16 18 21 22 23 24 26 27 29 30 31 36 37 39
 47 51 54 56 57 58 59 61 64 67 69 74])
Bicluster(rows=[8, 77], cols=[ 2  3  5  6  7  8  9 10 12 13 16 17 18 20 24 27 29 34 35 36 43 46 48 49
 51 54 56 57 58 59 61 64 67 69 74])
Bicluster(rows=[8, 78], cols=[ 3  5  6  7  8 13 22 23 24 26 28 32 35 36 40 43 46 50 51 56 57 58 59 61
 63 65 68 69 71 74])
Bicluster(rows=[8, 79], cols=[ 1 11 12 14 19 20 22 23 24 25 27 31 35 41 43 44 46 47 52 53 56 59 60 63
 65 68 70 71])
Bicluster(rows=[8, 80], cols=[ 5  6  7  8 11 12 13 14 22 26 27 31 32 34 36 40 44 46 50 51 54 56 57 58
 59 61 64 65 67 69 74])
Bicluster(rows=[8, 81], cols=[ 0  1  9 10 16 21 23 25 27 31 32 35 39 40 43 46 47 50 51 57 58 59 61 63
 65 68 69 71])
Bicluster(rows=[8, 82], cols=[ 1  3  6  9 10 17 20 22 23 24 26 27 31 32 33 34 37 40 42 45 47 48 49 50
 51 53 57 58 59 61 63 65 69 71])
Bicluster(rows=[8, 83], cols=[ 0  2  3  5  7  8  9 10 11 12 14 15 16 17 24 28 29 32 36 38 42 45 46 49
 51 54 56 57 58 59 61 64 67 69 74])
Bicluster(rows=[8, 84], cols=[ 3  7  8 10 11 12 14 18 19 21 22 26 27 29 30 31 32 36 37 40 42 46 47 49
 50 51 56 57 58 59 61 63 65 68 69 71 74])
Bicluster(rows=[8, 85], cols=[ 0  1  2  3  4  8 10 11 12 13 14 17 18 19 20 21 22 23 24 25 27 29 32 33
 34 37 38 47 50 51 54 56 57 58 59 61 64 67 74])
Bicluster(rows=[8, 86], cols=[ 3  6  7  8  9 12 13 17 21 27 31 32 35 36 38 41 42 45 49 52 53 54 55 60
 62 64 67 70 73])
Bicluster(rows=[8, 87], cols=[ 2  4  5  6  7  8  9 10 12 13 14 15 18 22 24 32 33 34 36 42 49 56 59 62
 63 65 71])
Bicluster(rows=[8, 88], cols=[ 2  4  5  6  7  8  9 10 14 17 18 22 24 27 30 31 33 36 40 41 45 47 49 55
 56 63 65 66 71])
Bicluster(rows=[8, 89], cols=[ 2  3  4  6  7  8  9 10 11 16 19 20 22 24 25 30 32 33 36 37 40 42 46 47
 50 51 56 57 58 59 61 63 64 65 74])
Bicluster(rows=[8, 90], cols=[ 3  6  7 10 12 14 18 20 24 26 28 30 32 34 38 40 41 43 44 45 46 47 49 52
 53 56 59 60 62 63 65 68 70 71])
Bicluster(rows=[8, 91], cols=[ 1  4  6  9 11 12 13 14 16 19 20 21 23 26 30 32 34 35 42 45 47 51 56 57
 58 59 61 63 64 65 68 69 71 74])
Bicluster(rows=[8, 92], cols=[ 3  4  7  8 11 12 14 16 22 25 27 33 36 38 39 49 52 53 57 59 60 63 65 70
 71])
Bicluster(rows=[8, 93], cols=[ 0  2  4  7  8  9 11 12 13 14 15 17 20 22 23 24 27 28 29 30 32 33 49 52
 53 56 59 60 62 63 65 68 70 71])
Bicluster(rows=[8, 94], cols=[ 3  8 14 16 17 21 22 23 27 32 35 36 39 45 46 49 51 58 61 69 72 73 74])
Bicluster(rows=[8, 95], cols=[ 6 11 16 19 22 23 24 25 31 32 37 40 47 49 52 56 59 60 62 63 65 70 71])
Bicluster(rows=[8, 96], cols=[ 2  7 12 13 14 18 21 22 23 26 27 30 32 36 38 40 45 52 53 56 59 60 63 65
 68 70 71])
Bicluster(rows=[8, 97], cols=[ 0  1  3  5 10 15 18 21 22 23 25 27 31 32 33 35 37 39 42 44 49 55 56 59
 63 65 66])
Bicluster(rows=[8, 98], cols=[ 2 10 12 16 18 19 21 23 25 29 30 31 32 33 35 36 39 41 43 46 48 50 56 57
 59 73])
Bicluster(rows=[8, 99], cols=[ 5  6  8 10 11 12 13 17 18 21 24 33 34 37 39 40 41 43 46 47 48 54 55 57
 61 63 64 69 71 72])
Bicluster(rows=[9, 10], cols=[ 1  3  4  6  8 11 12 13 22 23 25 26 27 31 35 36 39 45 47 49 50 54 60 64
 66 67 71 72])
Bicluster(rows=[9, 11], cols=[ 0  2  3  4  5  7  9 10 11 12 13 14 15 17 19 20 26 32 38 39 40 42 45 51
 54 61 64 65 68 71 74])
Bicluster(rows=[9, 12], cols=[ 0  1  2  3  4  5  6  7  8  9 10 11 12 13 14 15 16 17 18 19 20 21 22 23
 24 25 31 35 39 43 44 46 47 49 51 53 56 61 62 66 73])
Bicluster(rows=[9, 13], cols=[ 0  2  4  5  7  9 10 14 15 17 19 20 25 28 29 33 36 42 43 47 48 49 51 58
 60 66 69 72 74])
Bicluster(rows=[9, 14], cols=[ 1  3 12 13 22 23 25 26 27 28 29 30 31 37 38 40 41 44 54 56 59 60 65 68
 69 74])
Bicluster(rows=[9, 15], cols=[ 0  1  2  3  4  5  6  7  8  9 10 11 12 13 14 15 16 17 18 19 20 21 22 23
 24 25 31 33 41 43 46 48 50 51 53 56 62 65 69 72])
Bicluster(rows=[9, 16], cols=[ 0  1  2  3  4  5  6  7  9 10 11 12 13 14 15 17 19 20 22 23 28 29 30 33
 34 37 38 40 41 43 48 49 50 55 56 57 59 60 62 63 64 67 69 71 73])
Bicluster(rows=[9, 17], cols=[ 1  3  4 11 12 13 22 23 25 26 27 30 36 38 40 43 44 50 52 55 60 61 62 63
 67 71 73])
Bicluster(rows=[9, 18], cols=[ 0  1  2  3  4  5  6  7  8  9 10 11 12 13 14 15 16 17 18 19 20 21 22 23
 24 25 26 31 33 35 38 39 41 43 44 46 47 48 51 54 56 62 64 66 67 69 71])
Bicluster(rows=[9, 19], cols=[ 0  1  2  3  4  5  6  7  8  9 10 11 12 13 14 15 16 17 18 19 20 21 22 23
 24 26 31 35 48 50 54 60 61 62 66 67 72])
Bicluster(rows=[9, 20], cols=[ 0  1  2  3  4  5  6  7  8  9 10 11 12 13 14 15 16 17 18 19 20 21 22 23
 24 26 27 29 32 34 36 38 40 41 44 45 46 49 50 51 52 53 54 55 56 57 58 59
 60 63 69 70 73 74])
Bicluster(rows=[9, 21], cols=[ 4  7  9 11 13 14 19 25 31 39 40 42 44 46 50 51 53 54 60 61 62 63 67 71
 72 74])
Bicluster(rows=[9, 22], cols=[ 0  1  2  3  4  5  6  7  8  9 10 11 12 13 14 15 16 17 18 19 20 21 22 23
 24 25 33 36 39 40 41 42 43 45 46 47 48 49 51 52 54 57 61 62 63 66 72 73])
Bicluster(rows=[9, 23], cols=[ 2  4  7  9 11 14 17 19 20 25 26 30 31 35 36 38 39 43 45 48 50 52 53 56
 57 62 63 64 65 67 71 74])
Bicluster(rows=[9, 24], cols=[ 0  1  2  3  4  5  6  7  8  9 10 11 12 13 14 15 16 17 18 19 20 21 22 23
 24 27 28 32 35 36 38 39 43 49 53 54 55 62 69 74])
Bicluster(rows=[9, 25], cols=[ 0  1  2  3  4  5  6  7  8  9 10 11 12 13 14 15 16 17 18 19 20 21 22 23
 24 25 26 27 31 33 35 38 39 40 41 43 44 45 47 49 50 51 53 54 56 57 60 62
 63 66 69 73])
Bicluster(rows=[9, 26], cols=[ 0  1  2  3  4  5  6  7  8  9 10 11 12 13 14 15 16 17 18 19 20 21 22 23
 24 25 27 30 31 33 39 40 42 44 45 46 47 49 51 53 56 61 62 63 66 72])
Bicluster(rows=[9, 27], cols=[ 1  3  4  6  8 11 12 13 16 19 22 23 25 27 29 30 31 32 33 37 47 48 49 50
 54 56 62 65 67 69])
Bicluster(rows=[9, 28], cols=[ 0  2  5  7  9 10 14 15 17 19 20 25 27 28 31 33 35 36 37 41 44 45 53 54
 59 61 66 67 72 73])
Bicluster(rows=[9, 29], cols=[ 0  1  2  3  4  5  6  7  8  9 10 11 12 13 14 15 16 17 18 19 20 21 22 23
 24 25 31 39 41 44 45 46 47 49 51 53 54 55 59 61 64 66 72])
Bicluster(rows=[9, 30], cols=[ 1  3  4 11 12 13 19 22 23 27 29 31 34 36 37 40 41 43 46 50 53 55 59 62
 65 66 68 69 70])
Bicluster(rows=[9, 31], cols=[ 0  2  5  7  9 10 14 15 17 20 26 30 33 35 36 39 40 43 44 45 46 47 48 49
 52 56 60 61 63 65 67 73])
Bicluster(rows=[9, 32], cols=[ 0  2  5  7  9 10 14 15 17 19 20 25 34 41 44 47 49 53 54 56 57 61 63 65
 74])
Bicluster(rows=[9, 33], cols=[ 2  3  6  7  8 15 16 26 27 28 29 30 34 36 37 38 40 41 45 50 51 59 61 64
 67 68 69 71 72 73 74])
Bicluster(rows=[9, 34], cols=[ 0  1  3  6  9 11 12 13 16 18 23 24 25 27 29 33 36 37 39 41 48 49 51 54
 56 59 60 63 70 72])
Bicluster(rows=[9, 35], cols=[ 2  4  7  8  9 11 12 13 14 15 17 19 22 26 28 30 31 34 38 42 46 48 49 50
 51 61 62 66 72])
Bicluster(rows=[9, 36], cols=[ 0  1  2  4  5 10 13 16 17 18 19 22 23 24 26 28 31 34 42 46 48 49 51 54
 59 62 63 66 69 71 72 73])
Bicluster(rows=[9, 37], cols=[ 0  1  2  6  8  9 11 14 19 20 21 22 25 27 29 33 36 37 39 40 49 51 56 61
 63])
Bicluster(rows=[9, 38], cols=[ 8 12 16 20 23 25 27 29 33 35 36 37 40 41 49 51 52 53 54 55 58 59 60 62
 65 66 69])
Bicluster(rows=[9, 39], cols=[ 1  3  8  9 14 17 18 21 22 24 26 28 31 34 42 46 48 49 50 52 54 55 56 57
 58 59 61 63 66 68 69 71])
Bicluster(rows=[9, 40], cols=[ 3  4  5  6  7  8 13 22 26 28 29 30 36 37 38 40 41 43 45 52 53 55 58 62
 67 68 70 71 73])
Bicluster(rows=[9, 41], cols=[ 0  2  5  6  9 10 11 12 15 17 18 20 22 23 27 29 31 33 36 37 39 47 48 49
 51 60 69 71 72 74])
Bicluster(rows=[9, 42], cols=[ 0  1  4 10 12 14 15 17 19 20 22 23 24 25 30 31 33 35 38 39 42 46 47 49
 54 63 72])
Bicluster(rows=[9, 43], cols=[ 2  5  6  7  8 11 13 15 20 23 27 29 31 33 36 37 39 47 48 49 56 57 66 70
 71])
Bicluster(rows=[9, 44], cols=[ 1  2  5 11 14 15 17 19 20 24 26 27 28 29 30 36 37 38 40 41 43 44 55 59
 61 65 67 71 73])
Bicluster(rows=[9, 45], cols=[ 7 10 11 12 14 16 19 20 22 25 27 29 33 35 36 37 40 49 50 52 53 56 58 63
 65 68 69 70 73])
Bicluster(rows=[9, 46], cols=[ 0  2  3  4  5 11 12 16 18 23 27 29 32 36 37 41 45 51 54 66 69 70 73 74])
Bicluster(rows=[9, 47], cols=[ 2  5  8  9 11 21 23 26 28 30 38 40 48 49 51 52 53 55 56 61 63 67 71 73
 74])
Bicluster(rows=[9, 48], cols=[ 0  2  3  4  5  6  7  8  9 10 12 13 14 16 17 18 20 21 23 26 28 34 37 40
 48 50 52 53 54 57 58 61 62 63 67 69 72])
Bicluster(rows=[9, 49], cols=[ 0  1  2  3  4  5  7  8 11 13 20 23 26 27 29 30 35 36 37 38 40 44 51 54
 56 57 60 66 71 74])
Bicluster(rows=[9, 50], cols=[ 0  1  2  8 10 12 13 16 17 19 21 24 27 29 32 36 37 41 53 57 61 63 66 69
 73])
Bicluster(rows=[9, 51], cols=[ 6  7  9 13 14 18 21 27 29 31 33 36 37 39 47 48 49 50 52 53 54 56 57 58
 59 62 63 64 66 67 68 73 74])
Bicluster(rows=[9, 52], cols=[ 2  3  7 11 14 15 16 18 22 23 26 27 28 29 30 34 36 37 38 40 41 45 52 53
 54 57 61 62 67 73 74])
Bicluster(rows=[9, 53], cols=[ 0  2  4  5  9 10 11 12 13 16 17 23 27 29 31 33 36 37 39 40 47 48 49 50
 51 56 58 63 70])
Bicluster(rows=[9, 54], cols=[ 1  3  6  7  8  9 12 13 16 18 19 21 23 26 27 28 29 30 36 37 38 40 41 43
 45 50 54 58 62 63 67])
Bicluster(rows=[9, 55], cols=[ 0  1  2 10 14 15 16 17 19 20 28 30 31 38 39 42 46 47 49 54 62 63 66 67
 69 74])
Bicluster(rows=[9, 56], cols=[ 1  3  6  8 13 15 17 18 19 20 21 23 24 26 27 28 29 30 34 36 37 38 40 41
 43 50 52 53 57 59 73])
Bicluster(rows=[9, 57], cols=[ 0  1  2  6  7 10 11 12 14 18 19 21 22 26 27 28 29 30 34 36 37 38 40 41
 43 54 56 59 60 66 73])
Bicluster(rows=[9, 58], cols=[ 0  4  5  6  8 11 14 20 22 23 24 27 29 32 36 37 41 45 52 53 55 56 58 62
 63 65 66 70 74])
Bicluster(rows=[9, 59], cols=[ 1  8 12 13 16 17 18 19 20 22 28 30 31 38 39 42 46 49 50 51 53 54 56 57
 60 61 62 63 66])
Bicluster(rows=[9, 60], cols=[ 2  3  5  7  8 10 11 14 15 18 19 20 22 29 32 36 37 53 57 59 66 67 69 73])
Bicluster(rows=[9, 61], cols=[ 1  4  5  7  9 10 11 13 15 16 17 20 21 23 27 29 31 33 36 37 39 40 47 49
 55 56 57 61 62 66 73])
Bicluster(rows=[9, 62], cols=[ 1  4  7  8  9 11 12 15 16 17 22 26 27 29 30 35 36 37 38 40 44 51 53 54
 59 61 66 67 73])
Bicluster(rows=[9, 63], cols=[ 0  2  3  4  6  7  9 10 11 12 13 17 19 20 23 26 28 30 31 38 39 42 46 47
 49 57 66 73])
Bicluster(rows=[9, 64], cols=[ 2  7 12 14 17 24 26 28 29 34 36 37 38 40 41 45 50 51 56 60 61 74])
Bicluster(rows=[9, 65], cols=[ 1 12 14 16 18 20 21 24 25 27 29 35 36 37 40 41 50 52 53 54 57 59 60 61
 63 71 73])
Bicluster(rows=[9, 66], cols=[ 4  7 11 13 15 17 20 23 24 25 26 38 39 45 46 47 48 50 52 55 57 58 60 64
 65 68 69 74])
Bicluster(rows=[9, 67], cols=[ 0  2  5  8  9 10 12 18 21 24 26 30 36 37 38 39 40 46 47 50 52 53 55 57
 58 60 64 65 68 69 74])
Bicluster(rows=[9, 68], cols=[ 0  6  9 10 12 13 17 19 21 23 26 34 35 36 45 47 51 61 63 66 72])
Bicluster(rows=[9, 69], cols=[ 1  2  3  6  7  9 15 17 18 21 24 25 26 27 29 30 32 33 34 35 39 47 48 50
 52 53 55 57 58 60 62 64 65 68 69 74])
Bicluster(rows=[9, 70], cols=[ 3  4  7  8  9 10 11 12 13 15 18 20 21 22 28 30 33 35 37 38 40 43 45 47
 49 50 52 54 55 56 57 58 59 67 70 71 73 74])
Bicluster(rows=[9, 71], cols=[ 2  7  9 12 13 16 17 18 20 21 24 26 27 29 34 35 38 39 40 41 42 43 47 48
 50 51 56 59 61 62 64 65 66 68])
Bicluster(rows=[9, 72], cols=[ 0  1  2  4  5 12 13 14 16 19 22 23 24 27 30 35 38 39 47 49 50 52 54 56
 57 58 59 60 67 69 71 73 74])
Bicluster(rows=[9, 73], cols=[ 1  4  5  8 12 13 16 19 20 23 25 31 33 36 41 44 46 47 48 50 52 55 57 58
 60 64 65 68 69 74])
Bicluster(rows=[9, 74], cols=[ 0  2  3  9 12 15 18 26 27 30 35 36 38 41 42 43 44 45 46 47 50 51 56 59
 61 62 64 65 66 68])
Bicluster(rows=[9, 75], cols=[ 0  1  2  7  8  9 11 13 15 20 25 30 35 40 49 50 52 55 56 57 58 59 63 69
 70 73 74])
Bicluster(rows=[9, 76], cols=[ 0  4  5  6  7  9 11 13 14 16 17 18 20 23 24 25 27 28 41 43 44 46 48 50
 52 55 56 57 58 59 63 69 70 73 74])
Bicluster(rows=[9, 77], cols=[ 2  3  6  7  9 10 12 13 16 18 20 24 27 28 30 31 32 39 41 44 45 47 50 52
 54 55 56 57 58 59 67 69 70 71 73 74])
Bicluster(rows=[9, 78], cols=[ 3  6  7 13 16 17 22 24 25 27 29 36 37 38 39 40 48 49 50 52 55 58 64 65
 70 74])
Bicluster(rows=[9, 79], cols=[ 1  2  6 11 14 16 18 19 20 21 22 23 25 28 29 30 31 34 35 36 37 38 40 41
 43 47 51 54 56 59 61 62 66 67 71 73])
Bicluster(rows=[9, 80], cols=[ 7  8 12 14 19 22 25 26 28 29 37 39 47 50 52 54 56 57 58 59 60 67 69 71
 74])
Bicluster(rows=[9, 81], cols=[ 0  1  6  9 10 16 21 23 26 27 28 29 30 34 36 41 44 45 50 52 55 58 60 64
 65 68 69 74])
Bicluster(rows=[9, 82], cols=[ 1  3  6  9 10 16 17 20 22 23 24 25 26 27 29 30 33 35 36 37 40 42 45 46
 49 50 52 53 55 57 60 62 64 65 68 69])
Bicluster(rows=[9, 83], cols=[ 0  2  3  5  7  8  9 10 11 14 15 16 24 35 38 39 41 42 43 44 47 49 50 52
 54 55 56 57 58 59 67 69 70 71 73 74])
Bicluster(rows=[9, 84], cols=[ 3  6  7  8 10 11 12 14 18 19 21 22 26 27 28 31 35 37 39 40 41 42 44 49
 50 52 55 57 58 64 65 67 69 70 71 74])
Bicluster(rows=[9, 85], cols=[ 0  1  2  3  4  8 10 11 12 13 14 17 18 19 20 21 22 23 24 28 30 33 35 37
 38 43 44 48 49 50 52 54 55 56 57 58 59 67 70 73 74])
Bicluster(rows=[9, 86], cols=[ 1  7  9 11 12 14 17 22 30 31 38 40 41 42 44 45 46 47 48 49 51 61 63 66
 72])
Bicluster(rows=[9, 87], cols=[ 2  4  5  6  7  8  9 10 12 13 14 15 18 19 22 24 29 30 31 33 35 39 44 46
 48 49 51 56 59 61 64 65 66 68])
Bicluster(rows=[9, 88], cols=[ 1  2  4  6  7  8  9 10 14 16 17 18 22 24 27 29 33 34 35 36 38 40 41 46
 49 51 56 59 61 64 65 66 68])
Bicluster(rows=[9, 89], cols=[ 1  2  3  4  6  7  9 10 11 13 15 19 20 22 25 33 34 37 39 40 42 50 52 54
 55 56 57 58 59 60 67 69 70 71 73 74])
Bicluster(rows=[9, 90], cols=[ 8 11 13 17 18 19 22 24 25 27 28 30 31 33 34 36 37 40 43 47 50 52 56 57
 58 59 60 69 70 73 74])
Bicluster(rows=[9, 91], cols=[ 1  4  6  9 11 12 13 14 16 19 20 25 36 39 42 46 48 50 52 54 56 57 58 59
 60 67 69 71 74])
Bicluster(rows=[9, 92], cols=[ 1  6 13 15 16 19 21 22 24 25 26 29 35 37 40 41 44 47 49 60 62 63 66 69
 72])
Bicluster(rows=[9, 93], cols=[ 0  2  4  7  8  9 11 12 14 17 18 19 22 23 24 25 27 31 33 35 36 39 41 44
 46 50 53 56 57 59 62 64 65 68])
Bicluster(rows=[9, 94], cols=[ 0  2  3  4  8  9 11 13 15 16 19 20 21 22 23 24 25 33 42 46 48 51 56 59
 61 64 65 66 68])
Bicluster(rows=[9, 95], cols=[ 6  7  9 10 11 12 16 19 23 24 26 28 29 30 34 35 36 37 38 39 40 41 43 44
 45 49 51 56 59 61 64 65 66 68])
Bicluster(rows=[9, 96], cols=[ 1  2  6  7  8 12 13 14 16 18 22 23 24 25 26 38 39 40 41 43 44 45 47 48
 54 56 59 62 67 71 73])
Bicluster(rows=[9, 97], cols=[ 1  2  3  4  8  9 11 12 13 14 17 18 19 21 22 24 25 35 36 38 39 40 41 43
 45 46 47 48 49 50 52 55 56 57 58 59 63 70 72 73 74])
Bicluster(rows=[9, 98], cols=[ 1  4  6  7  8 11 16 17 18 20 21 24 27 29 30 31 35 36 37 39 42 43 45 48
 49 51 56 59 61 64 66 68])
Bicluster(rows=[9, 99], cols=[ 1  2  4  7  8 14 15 18 19 21 23 24 26 27 29 31 32 34 39 40 50 53 55 57
 58 60 64 65 67 68 69])
Bicluster(rows=[10, 11], cols=[ 0  1  2  3  4  5  6  7  8  9 10 11 12 13 14 15 17 19 20 22 23 32 37 40
 48 51 52 53 61 62 65 66 69 73])
Bicluster(rows=[10, 12], cols=[ 0  1  2  3  4  5  6  7  8  9 10 11 12 13 14 15 16 17 18 19 20 21 22 23
 24 25 29 31 33 35 39 43 46 47 49 52 56 57 59 61 69])
Bicluster(rows=[10, 13], cols=[ 1  3  4  7  9 11 12 13 14 19 22 23 30 34 40 43 46 47 51 53 55 56 57 65
 66 71])
Bicluster(rows=[10, 14], cols=[ 1  3  4  6  7  8 11 12 13 16 18 19 21 22 23 25 27 28 31 33 34 37 45 46
 52 54 55 57 58 60 63 67 68 69 71 74])
Bicluster(rows=[10, 15], cols=[ 0  2  4  5  7  9 10 11 14 15 17 19 20 29 32 33 34 35 38 40 47 50 51 52
 55 57 60 68 73 74])
Bicluster(rows=[10, 16], cols=[ 0  1  2  3  4  5  6  7  8  9 10 11 12 13 14 15 16 17 18 19 20 21 22 23
 24 25 29 31 35 43 47 49 51 52 57 59 61])
Bicluster(rows=[10, 17], cols=[ 1  3  4  6  7  8  9 11 12 13 14 16 17 18 19 22 23 25 26 27 28 32 34 36
 37 42 48 50 51 53 57 58 60 61 65 67 71 74])
Bicluster(rows=[10, 18], cols=[ 0  2  4  5  7  9 10 14 15 17 19 20 26 27 28 29 33 34 37 39 40 42 44 46
 49 51 55 58 59 64 65 67 71 74])
Bicluster(rows=[10, 19], cols=[ 0  2  5  9 10 14 15 17 20 25 26 27 30 33 37 39 40 43 50 51 52 53 55 56
 58 59 60 64 65 67 68 70])
Bicluster(rows=[10, 20], cols=[ 0  1  2  3  4  5  6  7  8  9 10 11 12 13 14 15 16 17 18 19 20 21 22 23
 24 32 35 37 40 41 44 46 47 48 49 51 53 56 57 63 66 70])
Bicluster(rows=[10, 21], cols=[ 0  1  2  3  4  5  6  7  8  9 10 11 12 13 14 15 16 17 18 19 20 21 22 23
 24 25 30 31 35 38 44 46 50 51 54 57 58 59 60 61 65 68 71 74])
Bicluster(rows=[10, 22], cols=[ 0  1  2  3  4  5  6  7  8  9 10 11 12 13 14 15 16 17 18 19 20 21 22 23
 24 25 29 38 39 41 43 46 49 52 57 59 69])
Bicluster(rows=[10, 23], cols=[ 0  1  2  3  4  5  6  7  8  9 10 11 12 13 14 15 16 17 18 19 20 21 22 23
 24 28 29 34 37 42 44 45 50 63 69 71 74])
Bicluster(rows=[10, 24], cols=[ 1  2  3  4  6  7  9 11 12 13 14 17 19 20 22 23 27 28 29 41 42 48 49 54
 56 67 69 70 71 74])
Bicluster(rows=[10, 25], cols=[ 4 11 12 13 19 25 26 27 28 30 31 33 34 44 46 47 49 50 51 52 54 60 66 67
 70 74])
Bicluster(rows=[10, 26], cols=[ 0  1  2  3  4  5  6  7  8  9 10 11 12 13 14 15 16 17 18 19 20 21 22 23
 24 25 29 30 33 37 38 40 46 47 49 54 55 63])
Bicluster(rows=[10, 27], cols=[ 1  3  4  6  7  8 11 12 13 19 22 23 25 30 33 34 35 38 47 49 52 53 56 58
 65 72 73])
Bicluster(rows=[10, 28], cols=[ 0  1  2  3  4  5  6  7  8  9 10 11 12 13 14 15 16 17 18 19 20 21 22 23
 24 25 27 33 34 36 37 38 42 44 45 52 54 55 60 61 67 68 69 74])
Bicluster(rows=[10, 29], cols=[ 0  2  4  5  7  9 10 11 13 14 15 17 19 20 30 32 38 39 40 41 43 46 47 49
 51 52 60 61 62 73])
Bicluster(rows=[10, 30], cols=[ 0  1  2  3  4  5  6  7  8  9 10 11 12 13 14 15 16 17 18 19 20 21 22 23
 24 25 31 33 34 37 42 43 45 46 54 58 59 60 67 69 71 74])
Bicluster(rows=[10, 31], cols=[ 0  1  2  3  4  5  6  7  8  9 10 11 12 13 14 15 16 17 18 19 20 21 22 23
 24 25 26 29 31 36 37 42 47 50 55 63 67 68 71 74])
Bicluster(rows=[10, 32], cols=[ 0  2  4  5  7  9 10 11 13 14 15 17 19 20 25 28 31 32 40 41 44 47 52 53
 56 58 59 61 62 65 67 68 69 70 71 72])
Bicluster(rows=[10, 33], cols=[ 0  3  5  6  8 10 11 14 16 19 20 28 29 33 34 37 38 44 46 51 52 53 54 56
 57 58 59 60 65 68 72 74])
Bicluster(rows=[10, 34], cols=[ 1  3  5  6  7 14 16 17 19 23 29 30 31 35 39 42 45 46 47 49 51 52 60 62
 65 66 73])
Bicluster(rows=[10, 35], cols=[ 0  2  4  5  7  8 10 11 12 13 14 18 29 32 40 42 46 52 54 55 56 57 58 59
 61 62 66 67 69 71 74])
Bicluster(rows=[10, 36], cols=[ 1  9 10 15 16 18 22 24 29 31 32 39 42 46 47 49 52 59 60 61 63 64])
Bicluster(rows=[10, 37], cols=[ 0  2  3  5  7  9 11 14 15 16 18 19 24 25 33 37 38 42 43 45 53 55 57 58
 59 61 69])
Bicluster(rows=[10, 38], cols=[ 4  8 10 11 12 13 14 15 16 19 29 30 31 35 39 45 46 47 49 56 57 58 59 63
 66 69 70 71])
Bicluster(rows=[10, 39], cols=[ 0  4  6  7  8 10 15 18 20 21 22 23 24 25 27 30 35 37 39 42 53 54 57 59
 62 63 69])
Bicluster(rows=[10, 40], cols=[ 0  2  9 12 14 15 16 19 20 21 24 28 29 33 38 44 46 51 52 54 55 56 59 63
 70 74])
Bicluster(rows=[10, 41], cols=[ 1  2  5  8  9 10 15 16 17 19 20 21 24 25 27 30 33 35 37 42 51 52 53 55
 57 59 60 66 68 70 71 74])
Bicluster(rows=[10, 42], cols=[ 0  1  2  4  5  7  8 12 13 14 15 17 19 20 21 22 23 25 29 30 31 35 39 45
 46 47 49 51 57 58 59 60 61 69 71])
Bicluster(rows=[10, 43], cols=[ 3  6  8 14 17 19 21 23 29 30 31 35 39 45 46 47 49 53 58 60 61 62 65])
Bicluster(rows=[10, 44], cols=[ 0  1  2  3  4 10 11 14 15 17 18 19 20 21 23 28 33 34 37 42 44 45 50 52
 58 62 63 69])
Bicluster(rows=[10, 45], cols=[ 2  4  9 11 14 20 22 28 31 33 34 38 41 47 49 52 55 56 63 65 66 67 69 70
 74])
Bicluster(rows=[10, 46], cols=[ 0  1  2  3  4 11 12 14 15 18 21 23 26 37 42 51 55 56 57 58 59 60 63 66
 67 69 74])
Bicluster(rows=[10, 47], cols=[ 4  8 13 19 20 21 23 25 31 38 39 44 47 49 52 53 55 56 59 65 66 70])
Bicluster(rows=[10, 48], cols=[ 0  2  3  4  5  6  7 10 12 13 14 15 16 17 18 20 21 23 29 30 31 35 39 47
 57 59 66])
Bicluster(rows=[10, 49], cols=[ 1  3  4  5  6  8  9 10 11 13 15 17 18 19 21 23 24 27 28 33 34 37 38 42
 43 45 51 53 54 55 59 62 63 65 73 74])
Bicluster(rows=[10, 50], cols=[ 3  4  5  6 14 15 20 22 29 30 31 35 39 40 45 46 47 49 55 58 60 63 69 71
 74])
Bicluster(rows=[10, 51], cols=[ 2  3  4  5  6  8 11 12 17 18 21 22 23 24 29 32 40 45 46 51 52 53 56 57
 58 59 61 62 65 66 68 70 73])
Bicluster(rows=[10, 52], cols=[ 0  2  3  7 10 11 14 17 22 23 24 26 27 37 42 45 54 55 56 58 59 61 67 71
 74])
Bicluster(rows=[10, 53], cols=[ 1  2  4  6  8  9 11 12 13 14 16 17 20 21 22 23 24 25 27 30 33 35 37 42
 50 51 53 57 58 59 62 65])
Bicluster(rows=[10, 54], cols=[ 0  1  2  3  4  6  8 11 14 15 20 23 28 33 34 37 42 44 45 50 51 55 56 57
 58 61 70 73])
Bicluster(rows=[10, 55], cols=[ 1  2  8 10 15 16 17 18 19 20 24 27 31 32 37 39 42 47 49 51 52 53 55 57
 58 60 62 63 64 66 70 72])
Bicluster(rows=[10, 56], cols=[ 7 10 16 21 22 24 25 28 29 31 35 38 39 40 41 44 47 49 52 55 63 64 67 68])
Bicluster(rows=[10, 57], cols=[ 1  5  8 13 15 18 25 30 31 35 38 39 40 41 43 44 47 48 49 50 52 53 54 56
 58 60 61 62 63 64 67 68 71 74])
Bicluster(rows=[10, 58], cols=[ 0  4  5  6  8 11 14 15 19 20 22 23 24 30 31 35 39 40 47 51 52 54 59 61
 63 69 71])
Bicluster(rows=[10, 59], cols=[ 0  1  5  7 10 12 15 16 22 29 30 31 35 39 45 46 47 49 53 55 56 58 59 63
 74])
Bicluster(rows=[10, 60], cols=[ 0  3  4  5  7  9 10 11 12 15 17 20 23 29 30 31 35 39 46 47 49 52 55 58
 59 69])
Bicluster(rows=[10, 61], cols=[ 3  5  7  8  9 10 11 12 14 15 17 20 22 24 25 27 30 35 37 42 52 58 59 61
 63 69])
Bicluster(rows=[10, 62], cols=[ 1  2  4  5 12 13 14 18 19 21 22 24 27 28 33 34 37 38 42 43 51 52 55 56
 57 58 59 62 63 66 70])
Bicluster(rows=[10, 63], cols=[ 0  7 10 11 12 16 17 18 19 23 24 27 29 31 32 37 40 42 46 52 54 55 56 58
 66 69 70 71 72 73])
Bicluster(rows=[10, 64], cols=[ 3  5  7  8 14 17 18 20 22 23 34 37 42 45 50 52 60 61 65 69 71 74])
Bicluster(rows=[10, 65], cols=[ 0  1  2  4 10 11 16 17 18 19 22 23 25 29 30 31 35 39 45 46 47 49 51 53
 57 59 61 65 67 74])
Bicluster(rows=[10, 66], cols=[ 0  2  7 10 11 15 17 20 23 24 25 29 34 35 36 37 38 39 47 49 51 53 56 62
 65 66 70 72 73])
Bicluster(rows=[10, 67], cols=[ 0  1  2  6  8  9 10 12 14 16 20 28 29 33 34 37 39 43 45 46 47 48 50 54
 58 60 67 68 71 74])
Bicluster(rows=[10, 68], cols=[ 2  5  6  7 11 13 14 15 16 20 23 24 25 27 31 32 35 37 38 39 46 48 49 50
 54 60 63 67 68 71 74])
Bicluster(rows=[10, 69], cols=[ 3  5  6 13 18 19 21 24 27 29 30 31 34 35 38 39 42 46 48 49 51 52 53 54
 55 57 61 63 67 68 70 71])
Bicluster(rows=[10, 70], cols=[ 2  6 16 19 25 26 28 31 39 40 44 45 46 51 53 54 55 57 59 61 62 63 67 68
 70 71])
Bicluster(rows=[10, 71], cols=[ 3  5 10 11 12 15 16 18 21 23 24 25 34 35 38 39 41 43 51 54 57 59 62 63
 66 67 68 70 71])
Bicluster(rows=[10, 72], cols=[ 9 10 11 12 15 17 21 22 23 27 32 38 39 40 41 43 44 46 48 49 50 54 60 63
 74])
Bicluster(rows=[10, 73], cols=[ 0  1  2  8  9 10 11 12 13 15 16 17 18 19 21 24 29 30 31 32 33 36 38 40
 43 47 50 60 64 67 68 71 74])
Bicluster(rows=[10, 74], cols=[ 3  4  6 10 12 13 14 17 18 19 24 30 35 38 40 43 45 51 54 57 59 61 62 63
 67 68 70 71])
Bicluster(rows=[10, 75], cols=[ 5  6 14 19 22 26 27 30 34 40 42 46 47 51 52 53 54 55 57 59 61 62 63 67
 68 70 71])
Bicluster(rows=[10, 76], cols=[ 2 10 11 12 14 18 20 24 31 38 39 43 44 45 47 51 53 54 57 59 61 62 63 68
 70 71])
Bicluster(rows=[10, 77], cols=[ 8 11 14 19 24 26 28 32 33 35 37 43 45 46 48 49 51 52 53 54 55 57 59 61
 62 63 67 68 70 71])
Bicluster(rows=[10, 78], cols=[ 3  5  6 10 14 16 18 22 25 26 29 33 34 37 38 41 44 46 47 49 50 60 67 68
 71 74])
Bicluster(rows=[10, 79], cols=[ 1  2 22 23 27 31 36 42 46 47 51 52 53 55 57 58 59 61 62 63 64 67 68 69
 70 71])
Bicluster(rows=[10, 80], cols=[ 0  1  2  6  8  9 10 11 13 15 22 24 28 33 37 39 41 46 48 55 58 59 69])
Bicluster(rows=[10, 81], cols=[ 1  5  6  7  9 11 15 16 18 20 23 28 34 38 42 46 50 60 64 67 68 71 74])
Bicluster(rows=[10, 82], cols=[ 0  3  4  5  6 11 13 14 15 16 19 23 29 31 32 35 37 39 40 41 44 47 49 52
 53 55 58 61 64 67 68 69 71])
Bicluster(rows=[10, 83], cols=[ 0  1  6  8 10 13 15 18 19 21 22 23 28 29 32 35 40 41 47 56 62 65 66 70])
Bicluster(rows=[10, 84], cols=[ 3  7  8 10 11 12 14 16 17 19 24 25 26 27 29 30 33 37 38 43 44 50 64 67
 68 71])
Bicluster(rows=[10, 85], cols=[ 0  1  2  3  4  5  9 10 11 12 13 14 17 18 19 20 21 22 23 24 29 30 33 39
 43 47 49 53 56 62 70])
Bicluster(rows=[10, 86], cols=[ 2  6  8 11 12 14 15 18 19 20 25 29 31 33 43 45 47 49 51 53 57 59 61])
Bicluster(rows=[10, 87], cols=[ 0  4  5  6  7  9 12 13 14 16 20 21 22 31 33 35 38 39 41 43 44 46 47 51
 52 53 55 57 61 64 67 68 70 71])
Bicluster(rows=[10, 88], cols=[ 0  1  2  4  5  7  9 10 12 14 15 16 17 20 23 25 28 33 34 38 39 43 44 45
 46 51 52 53 54 55 57 61 63 67 68 70 71])
Bicluster(rows=[10, 89], cols=[ 2  3  4  5  6  8  9 10 11 13 15 16 19 20 21 22 24 25 33 38 40 47 53 56
 62 65 66 70])
Bicluster(rows=[10, 90], cols=[ 2  3  5  6 12 14 15 18 20 24 30 39 42 45 46 49 51 52 53 54 55 57 59 61
 62 63 67 68 70 71])
Bicluster(rows=[10, 91], cols=[ 0  1  2  4  6  7 12 13 15 21 26 30 33 39 40 43 45 54 55 58 60 63 74])
Bicluster(rows=[10, 92], cols=[ 0  1  2  3  6  8  9 10 11 15 16 17 19 20 21 22 24 25 31 32 34 35 38 40
 41 43 44 48 49 51 52 53 54 55 57 61 63 67 68 69 70 71])
Bicluster(rows=[10, 93], cols=[ 0  2  3  4  5  6  7  9 10 11 14 15 16 20 21 23 25 27 29 30 31 33 42 43
 44 50 58 64 67 68 69 71])
Bicluster(rows=[10, 94], cols=[ 0  1  2  4  5  9 10 11 12 13 15 16 18 19 20 22 23 25 28 30 33 35 39 43
 46 49 51 52 53 54 55 57 61 63 67 68 70 71])
Bicluster(rows=[10, 95], cols=[ 0  2  6  7  9 11 12 14 15 19 20 22 23 28 29 33 34 38 39 44 51 53 54 55
 57 59 61 62 63 67 68 70 71])
Bicluster(rows=[10, 96], cols=[12 15 21 22 26 28 30 34 39 45 51 52 53 54 55 57 58 61 63 67 68 69 70 71])
Bicluster(rows=[10, 97], cols=[ 1  2  3  4  7 13 14 17 18 19 20 21 22 23 24 25 31 39 40 41 43 49 54 57
 59 62 63 66 67 68 70 71])
Bicluster(rows=[10, 98], cols=[ 0  1  3  4  5  6  7 11 13 15 17 22 28 37 38 43 44 46 49 51 53 54 55 57
 59 61 63 67 68 70 71])
Bicluster(rows=[10, 99], cols=[ 0  1  5  6  8  9 18 20 21 22 24 28 29 30 31 33 34 39 41 44 46 47 48 54
 55 57 58 59 61 62 70 73 74])
Bicluster(rows=[11, 12], cols=[ 1  3  6  8 12 16 18 21 22 23 26 28 33 35 40 42 45 46 52 54 56 58 60 61
 64 65 71])
Bicluster(rows=[11, 13], cols=[ 0  1  2  3  4  5  6  7  8  9 10 11 12 13 14 15 16 17 18 19 20 21 22 23
 24 25 26 29 30 32 35 38 39 40 42 44 48 51 53 54 65 66 68 72])
Bicluster(rows=[11, 14], cols=[ 2  4  7  9 11 14 17 19 26 27 31 32 34 36 38 39 42 43 44 45 49 53 54 56
 57 60 62 63 69 70 72 74])
Bicluster(rows=[11, 15], cols=[ 1  3  4  6  7  8  9 11 12 13 14 16 18 19 21 22 23 26 32 34 38 44 45 46
 60 66 69 71 73])
Bicluster(rows=[11, 16], cols=[ 1  3  6  8 16 22 23 26 31 32 33 35 48 49 51 52 62 67 68 69 71 72 74])
Bicluster(rows=[11, 17], cols=[ 1  3  4  6  7  8 11 12 13 14 16 19 22 23 27 28 33 46 50 51 55 57 58 61
 64 66 74])
Bicluster(rows=[11, 18], cols=[ 1  3  6  8 16 18 21 22 23 32 33 34 46 49 50 53 56 63 67 68 69 70 72 73
 74])
Bicluster(rows=[11, 19], cols=[ 0  1  2  3  4  5  6  7  8  9 11 12 13 14 15 16 17 18 19 20 21 22 23 28
 29 35 38 45 49 53 58 60 61 65 67 69 72 74])
Bicluster(rows=[11, 20], cols=[ 0  1  2  3  4  5  7  9 10 11 12 13 14 15 17 19 20 23 25 27 29 30 33 37
 40 41 43 45 50 51 53 54 55 68 74])
Bicluster(rows=[11, 21], cols=[ 0  1  2  3  4  5  6  7  8  9 10 11 12 13 14 15 16 17 18 19 20 21 22 23
 27 28 30 32 34 35 37 38 42 43 48 50 54 57 58 61 64 66 68 73 74])
Bicluster(rows=[11, 22], cols=[ 1  3  6  8 11 12 13 22 23 26 28 30 32 34 36 38 39 44 51 53 54 55 57 63
 65 68 69 72 74])
Bicluster(rows=[11, 23], cols=[ 1  2  3  4  5  6  7  8  9 11 12 13 14 15 16 17 18 19 20 21 22 23 26 32
 38 40 41 45 46 50 58 63 64 65 66 69 71 72 74])
Bicluster(rows=[11, 24], cols=[ 1  3  4  6  7  8  9 11 12 13 14 16 17 18 19 21 22 23 24 25 26 28 31 33
 35 36 39 40 44 48 50 54 60 64 68 69])
Bicluster(rows=[11, 25], cols=[ 0  2  5  7  9 10 14 15 17 20 25 27 30 32 41 43 45 46 53 55 59 63 64 65
 68 71 74])
Bicluster(rows=[11, 26], cols=[ 1  3  4  6  8 11 12 13 16 19 22 23 26 28 33 34 36 38 39 43 46 48 50 55
 56 58 63 68 72 73])
Bicluster(rows=[11, 27], cols=[ 0  1  2  3  4  5  6  7  8  9 10 11 12 13 14 15 16 17 18 19 20 21 22 23
 24 30 32 42 46 54 60 67 70])
Bicluster(rows=[11, 28], cols=[ 0  1  2  3  4  5  6  7  8  9 10 11 12 13 14 15 16 17 18 19 20 21 22 23
 24 32 40 41 45 46 49 52 53 60 61 65 66 68 69 71 72 73 74])
Bicluster(rows=[11, 29], cols=[ 0  2  4  5  7  9 14 15 17 19 20 26 32 33 34 35 40 41 45 52 55 56 57 60
 61 62 69 71 72 73])
Bicluster(rows=[11, 30], cols=[ 1  2  3  4  6  7  8  9 11 12 13 14 16 17 18 19 20 21 22 23 24 26 27 32
 33 48 50 55 58 64 65 68 72 73])
Bicluster(rows=[11, 31], cols=[ 0  1  2  3  4  5  6  7  8  9 10 11 12 13 14 15 16 17 18 19 20 21 22 23
 24 26 38 39 40 42 45 53 58 61 62 63 65 66 69 71 72 74])
Bicluster(rows=[11, 32], cols=[ 0  1  2  3  4  5  6  7  8  9 10 11 12 13 14 15 16 17 18 19 20 21 22 23
 24 26 28 30 32 33 35 36 39 40 41 42 45 46 50 52 53 58 59 60 61 62 63 65
 69 74])
Bicluster(rows=[11, 33], cols=[ 0  2  3  6  7  8 11 14 16 19 20 26 38 40 42 45 51 52 54 55 56 58 62 63
 66 68 71 74])
Bicluster(rows=[11, 34], cols=[ 1  3  5  6  7  8 10 14 15 16 18 19 23 26 36 37 38 39 43 50 52 54 56 59
 62 63 64 65 66 68 69 71 72 74])
Bicluster(rows=[11, 35], cols=[ 0  1  2  3  4  5  6  7  9 10 11 12 13 14 15 16 17 19 20 21 23 24 25 32
 33 40 42 43 50 51 52 58 60 61 64 66 67 69 70])
Bicluster(rows=[11, 36], cols=[ 1  7 11 12 14 16 18 20 21 24 27 28 30 34 35 39 40 41 44 46 53 54 61 64
 65 66 69 72])
Bicluster(rows=[11, 37], cols=[ 0  1  2  5  7  8  9 11 14 16 18 19 26 27 28 30 34 35 40 41 44 46 48 51
 54 57 58 59 60 61 63 66 67 68 69 72])
Bicluster(rows=[11, 38], cols=[ 0  2  4  5  7  8 10 12 14 16 20 21 23 26 27 28 30 34 35 39 40 41 44 46
 48 54 55 56 63 67 68 69 70 72 73])
Bicluster(rows=[11, 39], cols=[ 0  4  5  6  7  8 10 11 13 18 20 21 23 24 27 28 30 34 35 40 41 44 46 48
 58 64 66 69 71 72])
Bicluster(rows=[11, 40], cols=[ 0  6  8 13 18 22 26 28 30 34 40 42 50 57 58 61 63 66 67 68 71 72])
Bicluster(rows=[11, 41], cols=[ 0  1  2  5  8  9 10 15 16 17 19 20 21 24 26 27 28 30 34 35 40 41 44 46
 48 51 52 54 57 58 64 68 70 71 72 74])
Bicluster(rows=[11, 42], cols=[ 1  2  7  8  9 12 21 22 23 27 28 30 34 35 39 40 41 44 46 50 51 61 63 64
 66 69 74])
Bicluster(rows=[11, 43], cols=[ 1  3  6 12 14 17 19 24 25 26 32 40 42 43 51 53 56 57 58 60 61 62 64 65
 66 70 71])
Bicluster(rows=[11, 44], cols=[ 0  1  2  3 10 11 14 15 17 18 19 20 21 23 25 26 27 32 38 41 46 48 54 55
 58 60 61 63 65 66 68 69 71 74])
Bicluster(rows=[11, 45], cols=[ 0  1  3  5  6 13 15 18 21 23 25 32 33 40 42 43 50 53 55 57 58 59 60 64
 70 72])
Bicluster(rows=[11, 46], cols=[ 0  1  2  3  4 11 12 13 14 15 16 18 21 23 24 25 32 33 42 43 46 48 53 54
 56 57 58 59 61 63 69 72 74])
Bicluster(rows=[11, 47], cols=[ 0  6 12 16 22 24 25 27 32 33 41 43 46 48 50 53 55 58 60 61 63 64 65 66
 73])
Bicluster(rows=[11, 48], cols=[ 0  2  4  5  7  8  9 10 13 14 17 20 25 32 33 43 45 46 48 50 56 60 63 68
 72 74])
Bicluster(rows=[11, 49], cols=[ 0  1  4  5  6  7 10 12 13 15 17 18 21 23 24 26 27 32 38 41 46 48 58 59
 63 66 67 68 71 72 74])
Bicluster(rows=[11, 50], cols=[ 1  3  5  6  7  8  9 12 14 15 16 17 20 21 22 23 25 32 33 40 42 43 51 52
 54 56 58 59 60 67 69 70 72])
Bicluster(rows=[11, 51], cols=[ 0  1  7  9 10 14 27 28 30 34 35 39 40 41 44 46 54 60 64 66 68 71 72 74])
Bicluster(rows=[11, 52], cols=[ 0  2  3  7 11 14 15 16 21 22 23 24 25 27 32 33 41 43 46 48 50 53 54 56
 58 59 60 61 64 65 66 69 70 72])
Bicluster(rows=[11, 53], cols=[ 0  1  2  5  6  8  9 12 13 17 18 20 21 22 24 26 27 28 30 34 35 40 41 44
 46 48 50 51 58 60 63 67 69 72])
Bicluster(rows=[11, 54], cols=[ 0  1  2  4  5  7  8 10 12 13 15 17 19 23 25 27 32 33 38 41 46 48 50 51
 53 54 56 59 60 61 66 67 69 70 72])
Bicluster(rows=[11, 55], cols=[ 0  3  4  9 10 11 14 21 22 23 25 32 40 42 43 50 52 58 59 60 63 66 68 71])
Bicluster(rows=[11, 56], cols=[ 1  2  3  5  6  8  9 13 14 15 19 20 23 25 26 27 32 38 41 46 48 50 54 58
 61 62 63 66 67 72 74])
Bicluster(rows=[11, 57], cols=[ 0  2  3  6  7 11 12 14 16 17 19 20 22 24 25 27 32 33 38 41 46 48 51 53
 54 58 62 63 65 67 72])
Bicluster(rows=[11, 58], cols=[ 0  3  4  6  8 11 12 14 15 19 20 21 23 25 32 33 42 43 46 48 50 52 56 57
 58 65 69 72 74])
Bicluster(rows=[11, 59], cols=[ 2  7  8 11 18 22 27 28 30 34 35 39 40 41 44 46 54 56 57 58 60 63 65 69
 71 72 74])
Bicluster(rows=[11, 60], cols=[ 0  1  3  4  5  6  7  8  9 10 11 12 13 14 15 16 17 18 19 20 21 22 24 25
 32 33 40 42 43 51 52 56 60 61 63 69 70 71 72])
Bicluster(rows=[11, 61], cols=[ 2  3  5  6  7  8  9 10 11 12 14 15 17 19 20 22 24 27 28 34 35 39 40 41
 44 46 51 52 54 58 60 61 63 67 69 71 72])
Bicluster(rows=[11, 62], cols=[ 1  2  4  5  6  7  9 10 11 12 14 15 18 20 21 22 23 24 26 27 32 38 41 46
 48 51 52 54 56 58 60 63 65 67 70 72])
Bicluster(rows=[11, 63], cols=[ 0  1  3  4  6  7 10 11 12 13 15 16 17 18 19 20 23 24 35 39 44 45 52 54
 56 57 58 60 67 69 70 71])
Bicluster(rows=[11, 64], cols=[ 2  3  5  7  8 14 17 18 20 22 23 25 27 32 33 41 43 45 46 48 50 51 52 54
 61 66 67 69 72 73])
Bicluster(rows=[11, 65], cols=[ 1  4  6  9 11 14 15 16 18 26 27 28 30 34 35 40 41 44 46 50 51 54 55 58
 69 71 72])
Bicluster(rows=[11, 66], cols=[ 3  4  6  7  8 13 15 17 19 20 30 33 34 36 38 45 48 50 53 62 64 65 66 68
 73 74])
Bicluster(rows=[11, 67], cols=[ 0  1  2  8 10 12 14 16 20 25 26 28 38 39 40 42 50 58 64 65 66 68 74])
Bicluster(rows=[11, 68], cols=[ 5  6  7  8 11 13 14 15 16 20 21 23 24 27 28 33 35 36 38 39 40 42 43 50
 53 62 64 65 66 68 74])
Bicluster(rows=[11, 69], cols=[ 1  3  5  6  7 10 13 18 19 21 24 26 27 30 32 35 37 38 39 40 44 47 51 52
 58 60 61 63 64 65 66 68 69 70 72])
Bicluster(rows=[11, 70], cols=[ 1  3  4  5  7  9 10 11 12 13 14 15 17 20 22 23 24 27 34 35 38 45 46 48
 50 53 54 62 63 65 66 71 72])
Bicluster(rows=[11, 71], cols=[ 2  7  9 13 17 20 25 26 27 28 32 33 37 38 40 44 51 52 60 61 64 65 66 68
 69 70 72])
Bicluster(rows=[11, 72], cols=[ 0  2  4  6  8  9 13 14 15 17 18 19 21 22 33 38 39 42 54 58 63 66 71 72
 74])
Bicluster(rows=[11, 73], cols=[ 0  1  2  8  9 10 11 12 15 16 17 19 23 28 31 37 42 44 47 50 53 55 62 64
 65 66 68 73 74])
Bicluster(rows=[11, 74], cols=[ 0  2  9 11 15 20 22 26 27 28 32 33 34 38 40 41 42 45 48 51 52 58 60 61
 64 65 66 68 69 72])
Bicluster(rows=[11, 75], cols=[ 1  2  3  4  5  7  8  9 11 13 19 20 21 24 31 33 34 36 37 40 42 44 46 50
 53 54 62 63 66 67 71 72 74])
Bicluster(rows=[11, 76], cols=[ 1  2  3  4  6  7  8  9 10 11 13 14 16 17 20 21 22 23 27 30 33 34 35 42
 53 54 62 63 66 67 72 74])
Bicluster(rows=[11, 77], cols=[ 3  5 12 13 16 17 25 27 31 37 41 43 44 46 47 48 50 53 54 55 62 63 64 65
 66 67 71 72])
Bicluster(rows=[11, 78], cols=[ 8  9 11 12 15 23 24 32 36 37 43 44 47 50 53 55 62 64 65 66 68 73 74])
Bicluster(rows=[11, 79], cols=[ 1  2 10 11 12 14 19 23 25 26 27 29 33 39 41 45 46 49 50 51 52 58 60 61
 64 65 66 68 69 70 72])
Bicluster(rows=[11, 80], cols=[ 0  2  5  8 11 12 13 14 22 24 27 33 38 39 40 43 46 47 49 50 53 54 62 63
 64 65 66 71 72 74])
Bicluster(rows=[11, 81], cols=[ 0  1  5  6  7  9 11 15 16 20 21 23 24 25 27 29 33 40 43 44 46 50 53 55
 62 73 74])
Bicluster(rows=[11, 82], cols=[ 0  1  3  4  5  6 11 13 14 15 19 22 23 26 28 35 39 45 48 51 52 58 60 61
 64 65 68 69 72])
Bicluster(rows=[11, 83], cols=[ 1  2  3  5  6  7  8  9 11 14 17 18 21 26 31 32 33 34 35 38 39 40 42 46
 50 53 54 62 63 65 66 71 72 74])
Bicluster(rows=[11, 84], cols=[ 3  7  8 10 11 12 14 16 17 19 22 24 27 34 35 39 40 46 48 50 53 55 62 64
 65 66 68 73])
Bicluster(rows=[11, 85], cols=[ 1  2  4  5  6  8  9 10 11 14 16 19 23 25 27 31 34 38 48 50 54 55 62 63
 65 66 67 71 72])
Bicluster(rows=[11, 86], cols=[ 0  3  5  6  7  8  9 10 13 14 17 18 23 27 28 32 33 41 42 48 51 52 54 58
 60 61 63 69 71 72])
Bicluster(rows=[11, 87], cols=[ 2  4  5  6  9 14 15 16 21 22 26 28 29 32 34 35 39 40 45 47 50 51 52 61
 66 69 70 73])
Bicluster(rows=[11, 88], cols=[ 1  2  4  5  6  7  8  9 10 14 16 17 18 28 30 35 36 37 44 47 51 53 56 58
 59 61 74])
Bicluster(rows=[11, 89], cols=[ 2  4  5  7  8  9 10 11 15 16 18 19 20 28 30 35 39 40 42 45 50 53 62 64
 65 66 71 74])
Bicluster(rows=[11, 90], cols=[ 2  3  6 10 12 14 15 18 20 21 24 25 26 29 30 33 36 37 38 39 40 41 45 51
 52 60 61 63 64 65 68 69 70 72])
Bicluster(rows=[11, 91], cols=[ 4  6  9 11 12 14 19 23 24 28 30 32 33 37 40 42 44 48 49 50 53 55 62 64
 65 66 68 73 74])
Bicluster(rows=[11, 92], cols=[ 0  1  2  6  9 10 17 19 20 22 29 30 33 40 41 42 43 44 46 47 51 52 53 56
 57 58 59 61 69 74])
Bicluster(rows=[11, 93], cols=[ 0  2  3  4  6  7  9 11 14 15 16 17 19 20 21 23 27 28 30 32 34 37 40 41
 48 50 58 64 65 66 68 73 74])
Bicluster(rows=[11, 94], cols=[ 0  1  2  4  5  8  9 10 11 12 13 15 16 18 19 20 21 22 23 26 28 31 34 35
 40 47 51 63 64 65 68 70 72])
Bicluster(rows=[11, 95], cols=[ 6  7  9 10 11 19 22 25 26 32 33 38 40 41 45 48 51 52 61 65 66 69 70 73])
Bicluster(rows=[11, 96], cols=[ 1  3  4  6  8  9 15 16 18 19 21 26 28 34 36 37 38 40 42 44 45 47 49 54
 56 57 59 63 64 68 70 71 72])
Bicluster(rows=[11, 97], cols=[ 3  4  7  8 13 16 17 18 19 20 22 28 30 34 35 38 39 40 42 44 45 53 56 62
 66 74])
Bicluster(rows=[11, 98], cols=[ 1  3  4  7 11 15 17 20 22 25 26 27 29 32 33 34 38 40 42 45 46 47 51 52
 60 61 65 66 69 70 73])
Bicluster(rows=[11, 99], cols=[ 0  1  8  9 18 20 21 22 24 25 26 27 36 37 39 40 42 45 49 50 55 57 60 61
 64 65 67 68 69 70])
Bicluster(rows=[12, 13], cols=[ 4  7  9 14 19 25 26 27 28 29 30 34 36 37 46 47 48 49 50 51 53 54 59 60
 61 64 67 68 70 74])
Bicluster(rows=[12, 14], cols=[ 0  1  2  3  4  5  6  7  8  9 10 11 12 13 14 15 16 17 18 19 20 21 22 23
 24 25 26 27 30 31 36 39 40 41 44 47 48 51 52 54 55 57 58 59 64 69 70 72])
Bicluster(rows=[12, 15], cols=[ 0  1  2  3  4  5  6  7  8  9 10 11 12 13 14 15 16 17 18 19 20 21 22 23
 24 25 26 27 29 31 36 38 43 46 47 48 51 53 55 56 60 61 62 63 64 70 71 72
 74])
Bicluster(rows=[12, 16], cols=[ 0  1  2  3  4  5  6  7  8  9 10 11 12 13 14 15 16 17 18 19 20 21 22 23
 24 25 26 27 28 29 30 32 35 36 37 38 42 43 44 45 47 48 49 52 53 55 57 58
 60 61 62 66 68 74])
Bicluster(rows=[12, 17], cols=[ 0  1  2  3  4  5  6  7  8  9 10 11 12 13 14 15 16 17 18 19 20 21 22 23
 24 25 27 28 30 32 40 41 44 46 49 50 51 57 58 61 62 63 64 67 68 69 70 71
 72])
Bicluster(rows=[12, 18], cols=[ 0  1  2  3  4  5  6  7  8  9 10 11 12 13 14 15 16 17 18 19 20 21 22 23
 24 25 28 31 36 37 38 39 40 42 43 46 47 49 50 51 52 55 56 57 58 59 62 63
 65 66 68 74])
Bicluster(rows=[12, 19], cols=[ 0  1  2  3  4  5  6  7  8  9 10 11 12 13 14 15 16 17 18 19 20 21 22 23
 24 28 31 35 36 37 41 48 55 57 58 60 61 62 66 73])
Bicluster(rows=[12, 20], cols=[ 0  1  2  3  4  5  6  7  8  9 10 11 12 13 14 15 16 17 18 19 20 21 22 23
 24 30 36 42 45 46 49 51 54 56 57 65 68 74])
Bicluster(rows=[12, 21], cols=[ 0  1  2  3  4  5  6  7  8  9 10 11 12 13 14 15 16 17 18 19 20 21 22 23
 24 25 28 31 35 36 37 39 41 42 57 59 61 62 63 64 67 70])
Bicluster(rows=[12, 22], cols=[ 0  1  2  3  4  5  6  7  8  9 10 11 12 13 14 15 16 17 18 19 20 21 22 23
 24 25 26 27 28 30 39 43 44 45 46 47 48 49 50 51 52 54 57 59 62 65 66 67
 68 70 71])
Bicluster(rows=[12, 23], cols=[ 0  1  2  3  4  5  6  7  8  9 10 11 12 13 14 15 16 17 18 19 20 21 22 23
 24 33 34 39 40 48 51 62 67 68 70 72])
Bicluster(rows=[12, 24], cols=[ 0  2  4  5  7  9 10 11 14 15 17 19 20 26 28 31 32 34 36 37 38 39 40 41
 42 44 49 50 54 55 61 62 63 64 66 70 74])
Bicluster(rows=[12, 25], cols=[ 0  1  2  3  4  5  6  7  8  9 10 11 12 13 14 15 16 17 18 19 20 21 22 23
 24 25 28 29 30 31 32 35 36 37 38 39 42 43 44 45 47 49 51 52 53 55 57 59
 60 61 62 64 68 70 71 74])
Bicluster(rows=[12, 26], cols=[ 0  1  2  3  4  5  6  7  8  9 10 11 12 13 14 15 16 17 18 19 20 21 22 23
 24 25 26 28 29 31 32 36 38 39 41 44 45 46 47 48 51 53 58 59 62 66 67 69
 70])
Bicluster(rows=[12, 27], cols=[ 0  1  2  3  4  5  6  7  8  9 10 11 12 13 14 15 16 17 18 19 20 21 22 23
 24 25 27 30 31 38 40 41 42 45 47 48 49 52 54 60 62 67 69])
Bicluster(rows=[12, 28], cols=[ 1  3  6  8 16 18 21 22 23 25 27 31 38 39 41 45 47 48 49 52 53 54 55 58
 59 60 61 66 67 68])
Bicluster(rows=[12, 29], cols=[ 0  1  2  3  4  5  6  7  8  9 10 11 12 13 14 15 16 17 18 19 20 21 22 23
 24 25 26 27 28 29 31 32 39 40 42 44 45 46 47 48 49 50 51 53 54 61 63 65
 67 70 71 73])
Bicluster(rows=[12, 30], cols=[ 0  2  5 10 15 17 20 27 28 30 35 38 40 41 42 44 45 48 49 50 52 54 55 57
 58 60 61 63 64 65 68 70 72])
Bicluster(rows=[12, 31], cols=[ 0  1  2  3  4  5  6  7  8  9 10 11 12 13 14 15 16 17 18 19 20 21 22 23
 24 25 27 31 33 34 46 47 50 55 64 69 70 71 72])
Bicluster(rows=[12, 32], cols=[ 0  1  2  3  4  5  6  7  8  9 10 11 12 13 14 15 16 17 18 19 20 21 22 23
 24 27 28 29 30 33 35 38 39 48 58 59 64 73])
Bicluster(rows=[12, 33], cols=[ 1  2 11 14 15 18 19 20 21 22 24 25 28 29 31 32 36 37 38 41 42 43 44 45
 47 50 51 54 58 59 60 65 66 71 72 74])
Bicluster(rows=[12, 34], cols=[ 1  2  3  6  8  9 11 12 13 16 18 23 24 25 26 29 30 31 32 37 47 50 51 52
 55 58 62 64 65 67 68])
Bicluster(rows=[12, 35], cols=[ 0  2  5 10 15 20 25 26 28 38 39 40 43 46 47 48 49 58 59 64 65 69 70 72])
Bicluster(rows=[12, 36], cols=[ 0  2  5  7  9 10 12 14 15 17 25 26 27 28 38 39 40 43 46 47 48 49 50 54
 59 62 65 67 68 70])
Bicluster(rows=[12, 37], cols=[ 1  4  7  8 10 11 15 16 18 24 25 26 28 35 38 39 40 46 47 48 49 54 55 58
 60 63 70 73 74])
Bicluster(rows=[12, 38], cols=[ 0  2  3  4  7 13 14 18 20 22 24 26 29 30 31 36 37 39 42 47 49 50 52 53
 54 60 62 63 64 67 68 70 73])
Bicluster(rows=[12, 39], cols=[ 4  7  9 11 13 14 17 25 26 27 28 38 39 40 43 46 48 49 51 52 53 55 58 59
 60 62 64 65 67 68 70 71 74])
Bicluster(rows=[12, 40], cols=[ 3  6  8 12 18 19 22 25 28 29 31 32 36 37 38 42 44 45 47 50 51 52 55 59
 61 70])
Bicluster(rows=[12, 41], cols=[ 1  7  8 11 12 13 14 16 21 25 26 27 28 31 32 38 39 40 43 46 47 48 49 52
 54 55 56 57 63 64 66 69 71])
Bicluster(rows=[12, 42], cols=[ 0  2  5  7 10 12 14 15 20 22 24 25 26 27 28 32 38 39 40 43 46 47 48 49
 55 59 61 65 67 68 70 72])
Bicluster(rows=[12, 43], cols=[10 11 13 14 17 22 25 26 27 28 38 39 40 43 44 46 47 48 49 50 51 52 53 55
 58 59 62 65 67 70 71 74])
Bicluster(rows=[12, 44], cols=[ 7  9 13 22 25 26 27 28 31 32 38 39 40 41 43 46 47 48 49 56 63 65 66 67
 68 73 74])
Bicluster(rows=[12, 45], cols=[ 1  2  3  4  6  9 10 11 13 14 18 20 21 23 26 29 30 31 36 37 39 42 47 48
 49 50 52 57 60 62 64 66 71])
Bicluster(rows=[12, 46], cols=[ 1  3  6  7  9 10 12 13 17 19 20 21 23 27 33 34 40 41 45 46 48 52 54 55
 57 62 66 67 68 70])
Bicluster(rows=[12, 47], cols=[ 6  7  9 11 12 14 16 17 20 22 24 27 30 34 40 41 46 48 50 51 54 61 64 65
 67 68 70 71 72])
Bicluster(rows=[12, 48], cols=[ 0  1  2  5  7 10 11 14 15 17 20 22 25 27 28 31 32 35 38 39 41 43 47 48
 49 50 52 54 55 59 62 64 65 66 67 68 70])
Bicluster(rows=[12, 49], cols=[ 0  2  4  7 11 19 20 22 25 26 29 31 32 36 37 42 47 50 51 55 58 59 61 65
 67 68 69 70 74])
Bicluster(rows=[12, 50], cols=[ 0  2  4  7  9 10 14 17 20 25 27 28 31 32 38 39 41 43 44 47 48 49 50 51
 54 58 59 64 65 67 70])
Bicluster(rows=[12, 51], cols=[ 1  2  5  7 17 19 20 25 26 27 28 38 39 40 43 46 47 48 49 50 51 54 59 62
 64 65 67 70 71])
Bicluster(rows=[12, 52], cols=[ 0  1  2  6  7  9 13 14 15 17 28 29 31 32 35 36 37 38 42 43 44 45 50 52
 53 54 57 58 62 63 66 69 70 74])
Bicluster(rows=[12, 53], cols=[ 1  4  6  7  8 11 12 15 18 19 22 23 24 27 31 32 35 39 40 46 47 48 49 50
 55 57 58 64 66 68 70 74])
Bicluster(rows=[12, 54], cols=[ 1  3  8 11 14 23 25 26 27 30 39 40 41 46 47 48 49 50 52 55 56 57 58 60
 61 62 63 73 74])
Bicluster(rows=[12, 55], cols=[ 3  5  8 19 21 22 26 29 31 34 36 37 39 47 49 50 51 52 53 55 57 60 62 67
 69 70 71 72])
Bicluster(rows=[12, 56], cols=[ 2  9 11 14 15 16 17 19 20 22 28 29 32 35 37 38 42 44 52 54 55 56 57 58
 64 65 67 68])
Bicluster(rows=[12, 57], cols=[ 1  8 13 18 21 24 25 26 27 28 31 32 36 38 39 41 43 44 47 48 49 52 53 61
 62 63 69 73])
Bicluster(rows=[12, 58], cols=[ 0  2 13 15 17 18 20 25 27 28 31 32 35 38 39 41 43 47 48 49 51 55 58 65
 67 69 70])
Bicluster(rows=[12, 59], cols=[ 7 17 20 25 27 28 31 38 39 41 43 47 48 49 51 53 54 57 58 59 60 62 64 65
 67 68 70])
Bicluster(rows=[12, 60], cols=[ 2  5  7  9 10 15 17 20 25 26 27 28 38 39 43 44 47 48 49 50 51 58 59 64
 65 67 70 71])
Bicluster(rows=[12, 61], cols=[ 0  3  7  8  9 11 12 17 25 26 35 39 52 54 58 59 61 64 65 67 70 71 72])
Bicluster(rows=[12, 62], cols=[ 0  1 13 18 21 22 24 25 26 28 38 39 40 43 46 47 48 49 53 56 57 63 65 74])
Bicluster(rows=[12, 63], cols=[ 2  4  7  9 11 13 17 19 20 25 27 28 38 39 40 43 46 47 48 49 50 51 57 58
 59 64 65 67 71])
Bicluster(rows=[12, 64], cols=[ 1  2  4  6  7 12 13 14 16 17 29 31 32 35 36 37 38 42 43 45 51 54 55 60
 63 64 65 66 67 68 70 74])
Bicluster(rows=[12, 65], cols=[ 2  4  5  6  8 10 11 12 17 19 25 26 27 28 38 39 40 43 44 46 47 48 49 53
 54 58 59 61 62 68 70 71])
Bicluster(rows=[12, 66], cols=[ 7 11 15 17 18 21 23 25 27 30 38 39 40 41 42 45 46 47 49 52 53 57 60 61
 63 66 73 74])
Bicluster(rows=[12, 67], cols=[ 0  2  4  5 10 14 18 19 24 27 29 31 35 36 37 38 40 46 52 53 56 57 60 61
 63 66 73 74])
Bicluster(rows=[12, 68], cols=[ 0  6  8  9 10 11 12 13 16 17 21 22 23 27 28 30 31 32 33 35 41 42 44 45
 50 51 54 58 59 62 64 65 67 70 71])
Bicluster(rows=[12, 69], cols=[ 0  1  3  8 11 13 14 16 19 20 22 25 26 27 28 31 36 37 40 44 49 50 51 53
 59 62 64 65 67 71])
Bicluster(rows=[12, 70], cols=[ 7  9 10 14 15 17 19 20 25 28 30 31 34 37 41 45 49 52 54 55 57 60 61 64
 66 67 71 74])
Bicluster(rows=[12, 71], cols=[ 0  1  6 13 14 15 26 27 28 30 33 34 36 37 39 40 41 42 44 45 47 48 50 52
 53 55 59 60 61 62 64 65])
Bicluster(rows=[12, 72], cols=[ 6  7  8 11 12 18 20 22 23 27 29 30 31 32 33 34 36 37 42 43 44 45 49 50
 51 54 55 58 59 62 65 68 70])
Bicluster(rows=[12, 73], cols=[ 1 11 12 14 19 28 29 31 32 35 37 38 41 42 43 44 48 50 51 58 59 64 65 67
 70 71])
Bicluster(rows=[12, 74], cols=[ 1  4  5  7 13 14 19 22 26 27 28 37 41 42 44 49 52 53 55 59 60 61 64 65
 67 71])
Bicluster(rows=[12, 75], cols=[ 3  4  5  7 10 11 13 14 18 19 23 25 27 28 29 30 33 36 37 40 41 44 45 46
 49 50 54 59 64 65 68 69 70])
Bicluster(rows=[12, 76], cols=[ 1  3  6  8 11 13 22 23 25 27 29 31 32 33 35 36 38 39 41 42 44 50 51 55
 58 59 69 70])
Bicluster(rows=[12, 77], cols=[ 1  2  7  9 10 11 12 13 20 22 26 28 32 39 40 42 52 53 54 55 57 60 61 66
 68 74])
Bicluster(rows=[12, 78], cols=[ 5  9 10 12 14 21 27 32 34 35 40 43 46 52 53 55 57 60 61 62 63 66 68 74])
Bicluster(rows=[12, 79], cols=[ 3  8 11 14 19 20 25 26 29 32 37 38 39 42 44 45 47 51 55 58 62])
Bicluster(rows=[12, 80], cols=[ 0  2  5  9 16 21 27 28 29 31 34 35 37 40 43 44 46 50 51 52 53 54 55 58
 59 60 61 62 64 65 67 71])
Bicluster(rows=[12, 81], cols=[ 1  2  4  6 11 13 14 16 18 23 26 27 31 32 38 39 41 44 45 47 50 51 58 59
 62 64 65 67 70 71])
Bicluster(rows=[12, 82], cols=[ 4 10 11 12 13 18 19 20 27 29 31 33 34 36 37 39 40 41 44 45 46 47 49 51
 52 55 57 58 61 62 63 66 70 73])
Bicluster(rows=[12, 83], cols=[ 0  2  5  7  9 10 11 12 14 15 17 26 32 36 38 39 40 41 49 52 53 54 55 57
 60 61 66 68 74])
Bicluster(rows=[12, 84], cols=[ 0  2  3  4  5  8  9 13 15 16 20 22 24 27 29 31 32 35 36 40 41 43 44 47
 48 50 54 59 64 65 67 69 70 71])
Bicluster(rows=[12, 85], cols=[ 0  2  4  9 13 14 17 20 25 28 34 37 38 39 41 42 47 49 52 54 55 57 60 61
 66 67 71 74])
Bicluster(rows=[12, 86], cols=[ 2  3  8 11 14 15 20 25 28 31 33 34 37 42 47 49 52 53 54 55 57 60 61 64
 65 67 71 74])
Bicluster(rows=[12, 87], cols=[ 2  4  5  8  9 10 12 14 15 18 22 24 26 32 34 36 37 39 41 42 44 45 48 51
 55 56 57 58 62 66 69])
Bicluster(rows=[12, 88], cols=[ 2  3  4  6  7  9 14 17 21 22 24 26 28 29 30 31 32 36 37 38 42 44 46 50
 51 55 63 69 73])
Bicluster(rows=[12, 89], cols=[ 1  2  7  9 10 11 12 13 19 20 23 25 26 27 30 37 39 41 44 47 48 52 57 60
 61 66 68 74])
Bicluster(rows=[12, 90], cols=[ 2  9 10 11 13 14 16 19 20 22 25 26 29 30 31 34 35 40 44 45 47 48 50 54
 59 65 68 69 70])
Bicluster(rows=[12, 91], cols=[ 2  3  4  5  7  8 10 11 13 17 19 23 25 28 29 38 39 41 44 48 50 51 58 59
 64 65 67 70 71])
Bicluster(rows=[12, 92], cols=[ 0  2  4  8  9 10 11 12 15 18 20 27 28 29 30 31 32 34 37 49 50 51 53 58
 60 62 72])
Bicluster(rows=[12, 93], cols=[ 1  2  4  7  8  9 11 12 13 14 17 22 25 26 30 31 32 39 40 42 44 46 52 57
 60 61 63 66 73])
Bicluster(rows=[12, 94], cols=[ 1  4  9 10 11 12 13 14 17 19 26 29 35 36 40 41 42 44 45 48 49 50 52 59
 61 72 74])
Bicluster(rows=[12, 95], cols=[ 2  5  7  9 11 14 15 17 19 27 30 39 40 46 48 50 52 53 59 60 61 62 65])
Bicluster(rows=[12, 96], cols=[ 0  4  9 12 17 19 20 22 23 27 36 40 41 44 46 48 52 53 54 55 59 60 61 62
 64 65 67 71])
Bicluster(rows=[12, 97], cols=[ 1  2  4  6  9 13 14 19 23 25 26 28 31 36 38 39 42 45 46 49 55 57 64 65
 66 67 71 74])
Bicluster(rows=[12, 98], cols=[ 1  2  3  4  7  9 10 14 22 26 27 30 33 38 39 42 46 49 50 52 55 57 59 60
 61 65 74])
Bicluster(rows=[12, 99], cols=[ 1  3  5 10 11 16 17 23 27 31 36 37 43 47 49 50 51 53 54 57 58 59 60 61
 64 65 73])
Bicluster(rows=[13, 14], cols=[ 0  1  2  3  4  5  6  7  8  9 10 11 12 13 14 15 16 17 18 19 20 21 22 23
 24 26 30 32 33 38 42 43 46 47 48 49 50 51 54 56 57 59 65 68 70 72 73])
Bicluster(rows=[13, 15], cols=[ 0  1  2  3  4  5  6  7  8  9 10 11 12 13 14 15 16 17 18 19 20 21 22 23
 24 26 27 32 33 37 38 39 40 41 44 47 50 51 55 57 66 70 72])
Bicluster(rows=[13, 16], cols=[ 0  1  2  3  4  5  6  7  8  9 10 11 12 13 14 15 16 17 18 19 20 21 22 23
 24 27 33 35 46 50 52 55 57 64 73])
Bicluster(rows=[13, 17], cols=[ 0  1  2  3  4  5  6  7  8  9 10 11 12 13 14 15 16 17 18 19 20 21 22 23
 24 26 30 33 36 38 40 42 43 47 49 51 57 66 68 69 70 73])
Bicluster(rows=[13, 18], cols=[ 0  1  2  3  4  5  6  7  8  9 10 11 12 13 14 15 16 17 18 19 20 21 22 23
 24 27 32 33 40 41 42 49 51 57 59 64 65 67 73])
Bicluster(rows=[13, 19], cols=[ 0  1  2  3  4  5  6  7  8  9 10 11 12 13 14 15 16 17 18 19 20 21 22 23
 24 27 29 30 33 35 38 40 43 46 48 50 51 53 54 56 57 59 63 64 65 67 72])
Bicluster(rows=[13, 20], cols=[ 0  2  4  5  7  9 11 13 14 15 17 19 20 25 29 30 31 36 40 46 49 51 53 57
 58 60 62 64 65 68 69 73 74])
Bicluster(rows=[13, 21], cols=[ 0  1  2  3  4  5  6  7  8  9 10 11 12 13 14 15 16 17 18 19 20 21 22 23
 24 32 35 38 40 42 45 47 48 49 54 56 57 59 66 68 69 70 72 74])
Bicluster(rows=[13, 22], cols=[ 1  3  6  8 11 12 13 16 18 21 22 23 24 26 27 30 31 32 33 37 39 41 45 47
 48 49 51 52 53 54 57 59 61 63 64 65 68 72 73])
Bicluster(rows=[13, 23], cols=[ 0  1  2  3  4  5  6  7  8  9 10 11 12 13 14 15 16 17 18 19 20 21 22 23
 24 25 26 30 32 36 40 43 48 49 51 56 60 61 65 66 70 72 74])
Bicluster(rows=[13, 24], cols=[ 1  3  4  6  7  8 11 12 13 14 16 19 22 23 32 34 37 38 39 41 43 45 50 52
 54 61 63 64 72 74])
Bicluster(rows=[13, 25], cols=[ 0  2  5  9 14 15 17 20 25 28 29 30 32 36 37 40 47 49 53 58 59 60 61 66
 70 74])
Bicluster(rows=[13, 26], cols=[ 0  1  2  3  4  5  6  7  8  9 10 11 12 13 14 15 16 17 18 19 20 21 22 23
 24 26 33 37 38 39 42 43 45 48 51 59 68 69 70 72 73])
Bicluster(rows=[13, 27], cols=[ 0  2  5  7  9 10 14 15 17 20 27 28 30 33 38 39 42 43 46 47 48 49 54 55
 56 66 70 73])
Bicluster(rows=[13, 28], cols=[ 0  1  2  3  4  5  6  7  8  9 10 11 12 13 14 15 16 17 18 19 20 21 22 23
 24 28 30 32 33 36 37 38 42 43 47 50 51 52 57 63 65 66 68 72])
Bicluster(rows=[13, 29], cols=[ 0  1  2  3  4  5  6  7  8  9 10 11 12 13 14 15 16 17 18 19 20 21 22 23
 24 27 38 39 45 47 48 50 51 54 55 56 62 64 68 70])
Bicluster(rows=[13, 30], cols=[ 0  1  2  3  4  5  6  7  8  9 10 11 12 13 14 15 16 17 18 19 20 21 22 23
 24 26 28 30 32 33 37 40 46 47 48 49 59 60 61 62 63 65 68 69 70 72 74])
Bicluster(rows=[13, 31], cols=[ 0  1  2  3  4  5  6  7  8  9 10 11 12 13 14 15 16 17 18 19 20 21 22 23
 24 27 28 32 33 36 37 38 40 42 43 47 48 49 53 55 56 60 63 66 68 69 74])
Bicluster(rows=[13, 32], cols=[ 0  1  2  3  4  5  6  7  8  9 10 11 12 13 14 15 16 17 18 19 20 21 22 23
 24 25 26 27 30 31 32 35 37 39 40 42 47 53 59 63 67 73 74])
Bicluster(rows=[13, 33], cols=[ 0  1  5 10 12 13 17 22 24 26 27 30 33 38 42 47 48 49 53 54 59 61 62 65
 66 70 73])
Bicluster(rows=[13, 34], cols=[ 5  9 10 11 12 13 15 21 22 26 29 30 32 33 35 36 37 40 44 47 48 49 50 51
 53 56 60 61 62 64 67 69 73])
Bicluster(rows=[13, 35], cols=[ 0  1  2  3  4  5  6  7 10 11 13 14 16 19 20 21 23 25 27 28 32 40 41 45
 47 48 49 54 56 57 59 66 67 73])
Bicluster(rows=[13, 36], cols=[ 1  7  9 12 14 15 16 18 20 21 24 34 35 39 48 53 54 56 58 59 63 65 66 70
 72 73])
Bicluster(rows=[13, 37], cols=[ 4  5  7  8  9 11 15 16 18 19 26 29 32 33 35 36 37 40 44 47 48 49 50 51
 54 56 62 64 65 66 68 70 71 72])
Bicluster(rows=[13, 38], cols=[ 2  4  5  7  8 10 14 21 23 26 29 33 35 36 37 40 44 47 48 49 54 57 58 59
 60 61 63 64 67 68 69])
Bicluster(rows=[13, 39], cols=[ 0  4  6  7 10 11 13 15 18 20 21 23 26 29 33 35 36 37 40 44 47 48 49 50
 51 52 55 56 57 59 61 62 63 65 66 72])
Bicluster(rows=[13, 40], cols=[ 4  7 23 25 28 32 36 37 40 43 54 57 60 61 63])
Bicluster(rows=[13, 41], cols=[ 0  1  2  3  5  8  9 10 15 16 17 19 20 21 24 26 29 30 32 33 36 37 40 44
 47 49 51 54 57 59 60 61 65 70 72 73 74])
Bicluster(rows=[13, 42], cols=[ 1  2  5  7 12 21 22 23 33 35 36 37 40 44 47 48 49 55 58 59 60 63 65 69
 70 73])
Bicluster(rows=[13, 43], cols=[ 0  2  4  5  7 11 13 15 16 18 20 26 29 32 33 35 36 37 40 44 47 48 49 52
 54 59 60 61 65 66 73])
Bicluster(rows=[13, 44], cols=[ 0  1  2  3  4 10 11 14 18 20 21 23 26 30 32 33 37 38 40 47 48 49 51 52
 54 57 59 62 64 65 66 68 70 72 73])
Bicluster(rows=[13, 45], cols=[ 0  4  5  8 13 15 16 17 22 24 27 35 39 42 44 50 51 55 57 59 61 64 65 67
 68 70 73])
Bicluster(rows=[13, 46], cols=[ 0  1  2  3  4  6 11 12 14 15 21 23 28 29 31 36 37 40 42 50 52 53 54 57
 60 61 63 64 68 72 73])
Bicluster(rows=[13, 47], cols=[ 2  3  5  9 10 11 12 15 16 17 22 24 26 27 30 32 33 38 42 43 47 48 49 51
 54 56 59 62 70 73])
Bicluster(rows=[13, 48], cols=[ 0  2  3  4  5  6  7 10 12 14 15 16 17 18 20 21 23 34 35 39 44 46 50 52
 55 56 57 59 61 65 67 70 72 73])
Bicluster(rows=[13, 49], cols=[ 1  3  4  8  9 11 17 18 19 21 23 24 25 26 29 30 32 33 36 37 38 40 44 47
 49 50 52 56 57 62 63 66 67 68 74])
Bicluster(rows=[13, 50], cols=[ 1  3  5  6  7  8 12 14 16 20 21 22 25 26 27 28 32 33 40 42 45 47 48 49
 50 51 52 54 55 57 62 64 67 71 72])
Bicluster(rows=[13, 51], cols=[ 0  3  4  6  7  8 10 11 12 13 15 19 20 22 23 25 26 28 32 33 41 46 47 49
 52 54 57 63 70 72 73])
Bicluster(rows=[13, 52], cols=[ 5  9 13 16 17 20 21 23 24 25 26 32 33 37 38 40 42 43 47 48 49 50 51 54
 55 62 63 65 66])
Bicluster(rows=[13, 53], cols=[ 1  2  5  6  8  9 13 14 17 18 20 21 22 24 26 29 32 33 35 36 37 40 44 47
 48 49 51 55 56 57 61 62 68 72])
Bicluster(rows=[13, 54], cols=[ 0  1  2  3  4  6  8 15 20 23 25 28 29 31 32 36 37 40 43 53 54 55 57 58
 64 66 67 71 72])
Bicluster(rows=[13, 55], cols=[ 2  3  8 10 14 15 17 19 20 21 22 23 25 26 28 32 33 41 45 46 47 49 51 56
 57 61 64 65 66 68 69 73 74])
Bicluster(rows=[13, 56], cols=[ 1  2  3  5  6  8  9 10 14 19 23 25 28 29 31 32 36 37 40 43 54 57 59 60
 63 64 66 67 72 73])
Bicluster(rows=[13, 57], cols=[ 2  3  5  7 11 12 15 16 17 19 20 23 26 30 32 33 37 38 40 43 47 48 49 51
 56 57 59 64 65 69 70 72 73])
Bicluster(rows=[13, 58], cols=[ 2  3  4  6  8 11 15 17 19 21 22 23 25 26 27 28 32 33 40 42 45 47 48 49
 51 64 65 70 71 72])
Bicluster(rows=[13, 59], cols=[ 0  2  5  7  8 15 18 22 35 37 39 44 47 48 49 50 54 59 61 63 68 72 73 74])
Bicluster(rows=[13, 60], cols=[ 0  1  4  6  7  8  9 11 13 16 17 19 21 25 27 28 32 40 42 45 47 48 49 50
 51 54 55 57 59 72 73])
Bicluster(rows=[13, 61], cols=[ 3  5  7  8 10 12 14 15 17 19 20 26 29 33 35 36 37 40 44 47 48 49 50 54
 56 59 63 65 66 68 70])
Bicluster(rows=[13, 62], cols=[ 1  2  4  6 12 13 14 18 19 21 22 24 25 26 29 30 32 33 36 37 38 40 44 47
 49 50 52 54 55 57 59 62 64 65 72 73])
Bicluster(rows=[13, 63], cols=[ 0  3  4  5 14 15 33 35 36 37 40 44 47 48 49 51 53 56 57 59 61 65 66 68
 69 70 72 73])
Bicluster(rows=[13, 64], cols=[ 0  3  5  7  8 10 14 17 18 20 21 22 23 25 26 32 37 40 42 43 47 48 49 51
 52 54 56 63 64 66 70 72 74])
Bicluster(rows=[13, 65], cols=[ 0  2  7 10 13 17 25 26 27 32 33 42 47 48 49 55 56 59 61 63 65 66 67 68
 69 70 72])
Bicluster(rows=[13, 66], cols=[ 0  2  5  7 10 11 15 17 18 20 21 23 27 28 30 35 36 38 40 43 47 49 50 52
 55 57 62 64 67])
Bicluster(rows=[13, 67], cols=[ 3  7 11 15 17 24 26 28 29 31 35 36 37 38 45 51 53 56 57 59 64 66 67 69
 71 73])
Bicluster(rows=[13, 68], cols=[ 2  5  6  7 11 13 14 15 20 21 23 24 30 34 35 37 38 39 40 42 45 46 53 60
 61 63 65 66 68 69 74])
Bicluster(rows=[13, 69], cols=[ 1  3  5  6 13 16 19 20 26 32 35 38 39 40 41 43 44 49 51 56 57 59 63 65
 66 68 70 72])
Bicluster(rows=[13, 70], cols=[ 1  3  4  5  7  9 11 12 13 14 17 22 23 24 25 30 31 32 35 37 38 40 43 48
 49 53 54 58 60 61 63 65 68 72 74])
Bicluster(rows=[13, 71], cols=[ 3  4  5  8 10 11 14 15 19 22 26 27 28 32 36 38 43 48 53 54 56 58 59 60
 61 64 65 66 67 72 73 74])
Bicluster(rows=[13, 72], cols=[ 7  8  9 10 11 12 15 17 18 20 21 22 23 28 30 38 39 41 46 51 54 56 59 66
 69 72 73])
Bicluster(rows=[13, 73], cols=[ 0  1  2  4  9 10 11 13 15 17 18 19 21 27 33 35 39 45 46 51 56 59 65 66
 68 72])
Bicluster(rows=[13, 74], cols=[ 4  6  7  8 10 13 14 16 21 26 27 28 30 32 37 38 40 41 43 45 53 56 59 60
 61 64 66 67 69 72 73 74])
Bicluster(rows=[13, 75], cols=[ 1  2  3  4  5  7  8 11 13 19 21 24 27 40 42 44 45 47 49 53 54 56 59 60
 61 64 65 66 67 69 72 73 74])
Bicluster(rows=[13, 76], cols=[ 1  2  3  4  7  8  9 10 11 13 14 17 20 22 23 30 35 37 38 42 43 45 46 48
 53 54 56 58 59 60 61 64 65 66 67 69 72 73 74])
Bicluster(rows=[13, 77], cols=[ 6  8 11 12 13 14 16 18 25 27 30 33 34 43 44 45 49 51 53 54 56 59 60 61
 64 65 66 67 69 72 73 74])
Bicluster(rows=[13, 78], cols=[ 5  6  7 10 13 14 16 18 31 32 33 37 38 39 40 41 47 48 53 60 61 63 69 74])
Bicluster(rows=[13, 79], cols=[ 0  5  6  7  9 16 18 21 26 27 31 33 34 41 42 43 44 47 53 54 56 58 59 60
 61 64 65 66 67 69 72 73 74])
Bicluster(rows=[13, 80], cols=[ 0  2  8 10 11 12 13 22 24 27 28 29 34 39 41 42 45 51 53 54 56 59 60 61
 65 66 69 72 73])
Bicluster(rows=[13, 81], cols=[ 1  2  6  7 11 14 15 16 17 18 20 23 26 27 30 33 37 42 43 47 51 56 59 65
 66 68 70 72])
Bicluster(rows=[13, 82], cols=[ 0  4  5 11 12 13 14 15 16 19 24 25 27 28 32 40 45 47 50 51 53 55 57 70
 71])
Bicluster(rows=[13, 83], cols=[ 1  2  5  6  7  9 14 17 18 19 21 22 23 26 27 32 40 42 43 53 60 61 63 65
 68 69 74])
Bicluster(rows=[13, 84], cols=[ 0  1  2  4  5  6  9 15 18 20 23 26 27 34 41 44 46 48 53 54 56 59 60 61
 63 65 66 68 69 72 73 74])
Bicluster(rows=[13, 85], cols=[ 1  3  4  6  8  9 12 13 15 22 23 27 30 34 35 38 41 42 45 47 48 53 54 56
 59 60 61 65 66 67 69 72 73 74])
Bicluster(rows=[13, 86], cols=[ 1  2 15 19 20 22 25 28 35 37 39 41 43 45 49 53 60 61 63 65 66 68 69 72
 74])
Bicluster(rows=[13, 87], cols=[ 0  3 11 17 20 23 28 30 31 32 33 37 40 42 48 49 53 56 59 60 61 64 66 67
 69 71 73 74])
Bicluster(rows=[13, 88], cols=[ 0  3  4  5  6  9 10 11 13 14 15 18 20 21 22 24 25 26 30 32 33 38 41 43
 45 49 53 59 60 61 64 66 67 69 71 74])
Bicluster(rows=[13, 89], cols=[ 2  4  5  7  8  9 11 15 16 17 18 19 20 25 26 27 31 32 35 37 39 40 42 47
 53 60 61 63 65 66 68 69 74])
Bicluster(rows=[13, 90], cols=[ 0  5  8  9 11 13 15 16 19 22 26 28 30 32 35 36 38 40 41 42 44 45 48 49
 53 54 56 59 60 61 64 65 66 67 69 72 73 74])
Bicluster(rows=[13, 91], cols=[ 0  1  2  4  6  7 11 12 13 14 15 19 23 24 32 33 34 36 44 46 47 48 49 51
 56 59 61 63 65 66 68 69 72])
Bicluster(rows=[13, 92], cols=[ 0  2  9 10 13 15 19 20 23 27 28 29 30 31 36 38 39 40 42 51 53 57 59 60
 61 64 66 67 69 71])
Bicluster(rows=[13, 93], cols=[ 0  1  2  8  9 12 13 14 15 20 22 23 24 26 28 30 33 37 41 43 50 55 57 64
 67 70 71])
Bicluster(rows=[13, 94], cols=[ 0  2  3  4  5  8  9 11 13 15 16 19 20 21 22 23 24 27 29 31 33 42 43 48
 49 50 51 53 55 57 60 69 71])
Bicluster(rows=[13, 95], cols=[ 0  1  2  3  4  8 13 14 15 17 18 20 21 26 30 33 38 40 42 43 46 47 48 49
 56 58 59 60 61 64 66 67 71 72 73 74])
Bicluster(rows=[13, 96], cols=[ 1  3  4  6  8  9 11 15 16 19 24 27 36 37 41 42 45 48 53 54 56 59 60 61
 64 66 67 69 72 73 74])
Bicluster(rows=[13, 97], cols=[ 0  2  4  7  8 11 12 13 14 16 17 19 20 26 27 30 35 36 38 39 40 42 43 44
 46 48 49 53 56 58 59 60 61 64 66 67 71 72 73 74])
Bicluster(rows=[13, 98], cols=[ 0  5  9 12 13 14 15 16 18 19 21 23 24 26 27 38 40 42 43 46 48 49 53 56
 59 60 61 64 66 67 69 71 73 74])
Bicluster(rows=[13, 99], cols=[ 5  6  8 11 12 13 17 18 21 22 24 27 32 35 39 41 46 49 51 54 56 62 67 68
 71 72 74])
Bicluster(rows=[14, 15], cols=[ 0  1  2  3  4  5  6  7  8  9 10 11 12 13 14 15 16 17 18 19 20 21 22 23
 24 25 26 28 29 31 33 34 35 36 38 45 47 48 50 51 55 64 66 67 70 72])
Bicluster(rows=[14, 16], cols=[ 0  1  2  3  4  5  6  7  8  9 10 11 12 13 14 15 16 17 18 19 20 21 22 23
 24 25 27 31 33 36 41 42 44 45 46 48 50 52 57 58 63 70 73])
Bicluster(rows=[14, 17], cols=[ 0  1  2  3  4  5  6  7  8  9 10 11 12 13 14 15 16 17 18 19 20 21 22 23
 24 25 26 27 29 30 33 34 35 38 39 40 41 42 43 44 45 47 54 57 58 60 64 66
 70 71 74])
Bicluster(rows=[14, 18], cols=[ 0  1  2  3  4  5  6  7  8  9 10 11 12 13 14 15 16 17 18 19 20 21 22 23
 24 25 28 29 31 32 33 34 35 36 39 42 45 49 51 52 53 55 57 58 59 60 63 65
 73 74])
Bicluster(rows=[14, 19], cols=[ 0  1  2  3  4  5  6  7  8  9 10 11 12 13 14 15 16 17 18 19 20 21 22 23
 24 30 31 33 36 41 43 45 48 50 51 55 56 57 58 64 65 66 69 71 72 74])
Bicluster(rows=[14, 20], cols=[ 1  3  6  8 12 16 22 23 26 29 33 34 35 36 38 39 41 42 43 44 47 48 50 56
 57 59 60 61 70 71 72])
Bicluster(rows=[14, 21], cols=[ 0  1  2  3  4  5  6  7  8  9 10 11 12 13 14 15 16 17 18 19 20 21 22 23
 24 25 27 29 31 32 34 36 38 39 41 42 46 47 49 53 54 56 57 59 60 62 63 67
 68 70 71])
Bicluster(rows=[14, 22], cols=[ 0  1  2  3  4  5  6  7  8  9 10 11 12 13 14 15 16 17 18 19 20 21 22 23
 24 25 26 29 32 33 34 35 37 38 40 44 46 47 48 52 53 54 57 58 59 60 61 63
 66 69 70 72 73 74])
Bicluster(rows=[14, 23], cols=[ 0  1  2  3  4  5  6  7  8  9 10 11 12 13 14 15 16 17 18 19 20 21 22 23
 24 26 27 28 29 30 32 34 35 37 39 43 45 48 49 51 53 56 61 62 63 65 66 67
 69 71 72 73])
Bicluster(rows=[14, 24], cols=[ 2  4  7  9 11 14 17 19 25 27 28 29 35 39 40 41 43 52 53 54 57 58 60 62
 64 67 69 70 71 72 73])
Bicluster(rows=[14, 25], cols=[ 0  1  2  3  4  5  6  7  8  9 10 11 12 13 14 15 16 17 18 19 20 21 22 23
 24 25 30 31 34 36 40 44 46 50 52 57 58 59 63 64 66 70])
Bicluster(rows=[14, 26], cols=[ 0  1  2  3  4  5  6  7  8  9 10 11 12 13 14 15 16 17 18 19 20 21 22 23
 24 25 26 29 33 34 35 36 38 39 41 42 43 44 48 51 53 58 59 61 63 64 66 67
 68 70 71 73])
Bicluster(rows=[14, 27], cols=[ 0  1  2  3  4  5  6  7  8  9 10 11 12 13 14 15 16 17 18 19 20 21 22 23
 24 25 27 29 30 31 35 36 40 41 42 52 53 54 56 58 63 64 65 68 69 70 71 74])
Bicluster(rows=[14, 28], cols=[ 1  3  4  6  7  8 11 12 13 16 18 19 21 22 23 24 27 29 30 32 33 34 35 37
 40 45 47 49 50 51 52 53 54 55 64 66 67 68 69 72 74])
Bicluster(rows=[14, 29], cols=[ 0  1  2  3  4  5  6  7  8  9 10 11 12 13 14 15 16 17 18 19 20 21 22 23
 24 25 27 31 34 35 36 38 40 41 44 46 47 48 50 52 56 60 66 68 69 70 74])
Bicluster(rows=[14, 30], cols=[ 0  1  2  3  4  5  6  7  8  9 11 12 13 14 15 16 17 18 19 20 21 22 23 24
 26 27 29 30 31 32 37 41 45 46 47 49 53 59 64 65 66 67 68 69 71])
Bicluster(rows=[14, 31], cols=[ 1  3  4  6  7  8 11 12 13 14 16 18 19 21 22 23 24 25 26 28 29 31 32 33
 35 37 38 39 41 42 43 45 46 48 49 51 55 56 60 61 62 63 64 65 67 69 70 72
 73 74])
Bicluster(rows=[14, 32], cols=[ 1  3  4  6  8 11 12 13 16 18 19 21 22 23 24 25 26 32 33 37 40 42 43 44
 47 49 51 52 53 54 55 56 58 60 62 63 64 65 74])
Bicluster(rows=[14, 33], cols=[ 1  2 11 13 14 15 18 19 20 22 24 25 31 34 36 40 41 42 44 46 51 53 56 58
 59 61 63 70 72])
Bicluster(rows=[14, 34], cols=[ 0  1  3  6  8 10 16 18 19 23 24 26 28 30 31 32 33 34 35 38 39 51 52 54
 55 62 63 65 67 68 69 72 74])
Bicluster(rows=[14, 35], cols=[ 1  3  4  6 11 12 13 16 23 26 28 30 32 33 35 36 38 39 40 43 46 47 52 55
 56 57 58 64 66])
Bicluster(rows=[14, 36], cols=[ 0  1  2  5  9 10 17 18 19 21 27 29 31 40 51 53 56 60 66 70])
Bicluster(rows=[14, 37], cols=[ 3  4  7  9 10 11 15 16 18 19 24 25 27 32 33 34 37 39 47 48 50 54 55 57
 66 68 72])
Bicluster(rows=[14, 38], cols=[ 0  1  2  3  4  7 11 13 14 18 19 20 26 28 30 32 33 35 36 38 39 40 43 46
 47 48 52 53 54 58 59 67 69 74])
Bicluster(rows=[14, 39], cols=[ 4  7  9 11 12 13 14 17 29 34 39 40 44 45 48 52 54 55 56 59 61 63 66 69
 73])
Bicluster(rows=[14, 40], cols=[ 2  3  6  8  9 12 14 17 18 19 22 25 31 36 41 44 46 51 52 55 56 59 60 66
 68])
Bicluster(rows=[14, 41], cols=[ 1  2  3  8  9 16 21 25 27 32 33 34 37 39 47 48 50 52 55 57 58 59 60 61
 68 74])
Bicluster(rows=[14, 42], cols=[ 1  4  8 10 12 13 14 17 19 20 21 22 23 24 25 29 31 36 40 41 42 45 46 56
 57 60 63 64 66 70 71 72])
Bicluster(rows=[14, 43], cols=[ 2  3  5  6 11 15 20 23 24 28 30 31 32 33 35 38 43 50 53 55 58 59 64 66
 73])
Bicluster(rows=[14, 44], cols=[ 2  4  5  6  8 12 13 14 15 17 20 25 31 34 36 40 46 50 53 54 55 56 58 59
 60 62 63 66 69 70 73])
Bicluster(rows=[14, 45], cols=[ 1  2  3  4  6  9 10 13 14 17 18 20 21 23 26 28 29 30 32 33 35 36 38 39
 40 42 43 46 47 48 52 53 56 57 58 67 69 70 73 74])
Bicluster(rows=[14, 46], cols=[ 1  3  4  6  7  9 10 11 12 13 14 17 19 20 23 26 28 29 30 32 33 35 38 39
 40 41 42 43 47 48 52 53 55 57 58 60 63 70])
Bicluster(rows=[14, 47], cols=[ 3  6  7  9 11 12 14 16 17 20 22 24 26 28 29 30 32 33 35 37 38 39 40 41
 42 43 47 48 56 58 63 64 66 69 70 72 73 74])
Bicluster(rows=[14, 48], cols=[ 0  1  2  4  5  7 10 11 12 14 17 20 22 25 31 36 41 42 46 51 52 55 56 57
 58 59 60 61 63 64 70 73])
Bicluster(rows=[14, 49], cols=[ 4  6  9 11 12 13 16 17 19 23 26 27 32 33 34 35 37 38 39 44 47 48 50 52
 54 55 56 58 60 63 66 70 74])
Bicluster(rows=[14, 50], cols=[ 1  3  4  6  8 12 16 18 22 23 26 28 29 30 32 33 35 36 38 39 40 42 43 46
 47 48 50 52 55 57 58])
Bicluster(rows=[14, 51], cols=[ 4  7  8  9 11 12 13 14 16 19 22 26 28 30 32 33 35 36 38 39 40 43 46 52
 54 55 57 58 60 63 64 66 70 73])
Bicluster(rows=[14, 52], cols=[13 16 21 24 26 27 28 29 30 32 33 35 37 38 39 41 42 43 45 47 48 49 50 51
 64 65 66 71 74])
Bicluster(rows=[14, 53], cols=[ 1  4  6  7  8  9 11 12 13 14 15 18 19 21 22 23 24 25 27 29 37 40 48 55
 56 57 61 63 64 73])
Bicluster(rows=[14, 54], cols=[ 0  2  5 10 14 15 20 25 31 33 34 36 40 41 42 46 50 51 58 61 62 65 66 68
 71 72])
Bicluster(rows=[14, 55], cols=[ 2  4  5  6 11 14 17 20 26 28 29 30 32 33 35 39 40 41 42 43 47 48 51 53
 56 60 61 63 64 69 72 73])
Bicluster(rows=[14, 56], cols=[ 0  1  3  6  8 11 23 26 27 28 29 30 32 33 35 37 38 39 45 47 48 49 55 57
 58 59 63 66 71 74])
Bicluster(rows=[14, 57], cols=[ 3  5 11 12 15 19 23 26 27 28 30 32 35 37 38 45 47 49 53 54 55 59 60 61
 62 63 66 70 72 73])
Bicluster(rows=[14, 58], cols=[ 3  6  8  9 10 21 22 23 26 28 29 30 32 33 35 36 38 39 40 42 43 46 47 48
 52 55 58 70 73])
Bicluster(rows=[14, 59], cols=[ 0  2  5  7 10 11 15 27 32 33 34 37 39 44 47 48 51 54 56 57 60 61 65 66
 69 72 73 74])
Bicluster(rows=[14, 60], cols=[ 1  3  4  6  8 12 16 21 22 26 28 30 32 33 35 36 38 39 40 43 46 47 50 52
 57 58 59 64])
Bicluster(rows=[14, 61], cols=[ 0  7  9 14 17 19 27 33 34 37 39 44 47 48 51 54 56 59 63 66 72 73])
Bicluster(rows=[14, 62], cols=[ 0  2  3  4  6 12 14 23 26 27 30 32 33 35 37 38 39 44 47 49 50 52 54 55
 59 63 64 73])
Bicluster(rows=[14, 63], cols=[ 2  7 17 20 29 34 40 44 45 48 53 54 56 57 59 60 61 63 66 69 70 73 74])
Bicluster(rows=[14, 64], cols=[ 3  4  8  9 12 13 15 18 19 21 22 23 26 28 29 30 32 33 35 36 38 39 40 41
 42 43 47 48 55 56 57 58 63 66 73 74])
Bicluster(rows=[14, 65], cols=[ 0  2  4  5  6  8  9 10 11 12 17 27 29 32 33 34 37 39 44 45 48 54 59 60
 64 66 67 72 73])
Bicluster(rows=[14, 66], cols=[ 0  2  3  4  5  6  7  8 10 11 13 17 20 22 26 29 32 34 35 38 39 41 44 45
 46 48 51 53 60 61 62 65 67 68 71 72 74])
Bicluster(rows=[14, 67], cols=[ 1  4  6 12 14 15 16 17 19 20 22 26 29 30 33 34 37 38 40 41 42 45 46 49
 51 53 60 61 62 65 67 68 69 71 72 74])
Bicluster(rows=[14, 68], cols=[ 0  2  6  7  8 10 11 13 14 16 21 22 23 25 27 29 30 31 37 38 40 41 42 43
 44 46 47 51 53 54 56 59 60 61 62 63 66 69 72 73 74])
Bicluster(rows=[14, 69], cols=[ 0  1  8 13 16 19 20 22 25 26 27 29 36 38 44 52 55 56 58 59 66 67 68 69
 70 72 73])
Bicluster(rows=[14, 70], cols=[ 0  1  2  3  4 12 13 19 22 23 36 37 39 41 42 48 51 53 56 59 60 61 63 64
 66 69 73 74])
Bicluster(rows=[14, 71], cols=[ 1  5  6  7 10 13 15 20 26 27 32 35 36 38 39 41 44 46 48 49 52 55 56 58
 59 65 66 67 68 70 71 72])
Bicluster(rows=[14, 72], cols=[ 6  7  8  9 11 12 18 20 22 27 30 36 38 42 46 51 53 54 56 59 60 61 62 63
 64 66 69 73 74])
Bicluster(rows=[14, 73], cols=[ 1  8  9 11 12 14 16 17 18 19 21 24 31 41 44 51 53 56 60 61 62 65 67 68
 69 70 71 72 74])
Bicluster(rows=[14, 74], cols=[ 1  2  9 10 11 17 20 25 26 27 29 30 32 34 35 38 40 42 45 46 49 51 60 65
 67 68 69 70 71 72])
Bicluster(rows=[14, 75], cols=[ 3  4  7 10 11 12 13 14 18 19 23 30 34 35 36 41 42 44 47 51 53 56 59 60
 61 62 63 64 66 69 73 74])
Bicluster(rows=[14, 76], cols=[ 0  2  5 14 17 20 30 34 35 38 41 42 45 48 49 52 55 56 57 58 59 63 66 73])
Bicluster(rows=[14, 77], cols=[ 0  3 11 12 13 14 15 21 23 30 31 33 35 36 41 44 48 51 53 56 59 60 61 63
 64 66 69 73 74])
Bicluster(rows=[14, 78], cols=[ 0  2  3  6  9 11 16 18 20 22 25 26 30 32 34 35 36 40 44 46 51 53 54 55
 56 59 60 63 64 66 69 70 72 73 74])
Bicluster(rows=[14, 79], cols=[ 1  5  7  9 12 15 17 23 28 30 31 32 33 37 38 42 46 49 52 54 55 56 57 58
 59 63 64 66 73])
Bicluster(rows=[14, 80], cols=[ 9 11 12 13 15 17 20 23 25 26 28 29 30 33 36 37 40 42 43 46 49 51 53 54
 55 56 59 60 63 64 66 69 73 74])
Bicluster(rows=[14, 81], cols=[ 1  2  6  7 11 14 16 17 18 23 26 30 35 39 40 41 42 43 44 46 47 48 51 53
 56 60 61 65 67 68 69 70 71 72 74])
Bicluster(rows=[14, 82], cols=[ 1  2  3  4  6  8 11 13 14 19 21 22 23 25 26 29 30 31 36 37 39 40 45 52
 55 56 58 59 65 66 67 68 69 70 71 72 73])
Bicluster(rows=[14, 83], cols=[ 1  3  6  8 11 18 20 21 30 32 33 36 38 40 41 44 51 53 54 56 59 60 61 62
 63 64 66 69 73 74])
Bicluster(rows=[14, 84], cols=[ 0  2  3  4  5  8  9 13 15 16 20 22 24 26 28 31 37 40 41 44 46 48 51 53
 54 56 59 60 61 62 63 64 69 72 73 74])
Bicluster(rows=[14, 85], cols=[ 1  4  6  8  9 12 13 15 16 23 28 30 37 38 39 41 44 47 48 51 56 59 61 62
 63 64 72 73])
Bicluster(rows=[14, 86], cols=[ 2  3  8 11 12 15 16 19 23 25 27 29 30 31 32 33 34 35 36 38 39 45 48 50
 52 55 57 58 64])
Bicluster(rows=[14, 87], cols=[ 1  4  7 13 16 17 25 29 30 31 32 36 40 41 42 46 52 55 56 57 58 59 65 66
 67 68 71 72 73])
Bicluster(rows=[14, 88], cols=[ 0  1  4  7  9 12 14 15 20 23 25 27 32 35 38 40 45 46 47 48 52 55 56 57
 58 59 65 66 67 68 71 72 73])
Bicluster(rows=[14, 89], cols=[ 1  2  9 10 12 13 19 20 23 30 31 33 35 38 39 41 42 44 46 48 50 52 57 58
 64])
Bicluster(rows=[14, 90], cols=[ 0  3  5  6  9 12 15 21 26 38 40 43 45 48 52 55 56 57 58 59 65 66 67 68
 71 72 73])
Bicluster(rows=[14, 91], cols=[ 0  2  3  4  5  7  8 10 11 14 15 19 32 33 35 39 40 41 42 44 45 46 47 48
 51 53 54 56 59 60 61 63 69 72 73 74])
Bicluster(rows=[14, 92], cols=[ 2  3  4  8  9 11 12 15 16 18 19 20 30 31 36 38 39 40 42 46 47 52 55 56
 58 59 65 66 67 68 70 71 72])
Bicluster(rows=[14, 93], cols=[ 4  5  6  7  9 10 11 14 19 20 27 29 32 33 34 35 39 40 46 47 48 49 51 60
 61 65 67 68 69 70 71 72 74])
Bicluster(rows=[14, 94], cols=[ 1  4  6  9 10 11 12 13 14 17 19 28 32 33 34 36 37 40 41 44 46 48 52 55
 56 57 58 59 65 66 67 68 71 72])
Bicluster(rows=[14, 95], cols=[ 0  2  5  7  9 11 14 15 19 22 26 28 29 30 32 33 37 38 39 40 47 48 52 55
 56 57 58 59 66 67 68 71 72])
Bicluster(rows=[14, 96], cols=[ 0  4  9 12 13 17 19 20 22 23 25 26 29 33 34 35 36 38 40 41 42 44 45 49
 52 54 55 56 57 58 59 63 64 66 73])
Bicluster(rows=[14, 97], cols=[ 2  6  7 17 20 26 28 30 32 34 35 36 39 40 41 42 47 48 52 55 56 57 58 59
 66 67 68 71 72 73])
Bicluster(rows=[14, 98], cols=[ 0  1  3  4  7  9 10 11 22 26 27 28 30 32 34 35 37 39 40 41 42 45 52 55
 56 57 58 59 65 66 67 68 71 72])
Bicluster(rows=[14, 99], cols=[ 3  4  5  9 16 19 20 23 27 28 29 33 35 36 40 41 42 45 46 49 51 60 63 66
 68 69 70 72])
Bicluster(rows=[15, 16], cols=[ 0  1  2  3  4  5  6  7  8  9 10 11 12 13 14 15 16 17 18 19 20 21 22 23
 24 25 27 29 31 33 36 39 43 48 50 53 55 60 61 62 69 70 71 74])
Bicluster(rows=[15, 17], cols=[ 0  1  2  3  4  5  6  7  8  9 10 11 12 13 14 15 16 17 18 19 20 21 22 23
 24 25 27 28 29 33 34 35 38 45 46 47 48 52 61 62 63 64 66 70 72])
Bicluster(rows=[15, 18], cols=[ 0  1  2  3  4  5  6  7  8  9 10 11 12 13 14 15 16 17 18 19 20 21 22 23
 24 25 27 28 29 31 33 34 35 36 40 41 43 45 46 48 51 54 55 56 62 63 69 73
 74])
Bicluster(rows=[15, 19], cols=[ 2  4  7  9 11 13 14 17 19 25 27 28 32 33 35 36 39 42 43 44 46 47 48 49
 55 57 62 63 64 65 66 73 74])
Bicluster(rows=[15, 20], cols=[16 18 21 25 26 29 30 31 32 33 34 35 36 38 44 48 49 50 53 54 55 60 65 66
 68 69 70 72 74])
Bicluster(rows=[15, 21], cols=[ 0  1  2  3  4  5  6  7  8  9 10 11 12 13 14 15 16 17 18 19 20 21 22 23
 24 25 31 32 34 36 38 40 47 52 61 62 63 64 65 66 70 73])
Bicluster(rows=[15, 22], cols=[ 0  1  2  3  4  5  6  7  8  9 10 11 12 13 14 15 16 17 18 19 20 21 22 23
 24 25 26 27 29 33 34 35 38 41 43 44 47 48 62 70])
Bicluster(rows=[15, 23], cols=[ 0  1  2  3  4  5  6  7  8  9 10 11 12 13 14 15 16 17 18 19 20 21 22 23
 24 28 29 32 35 40 45 51 57 58 62 66 68 72 73])
Bicluster(rows=[15, 24], cols=[ 0  1  2  3  4  5  6  7  8  9 10 11 12 13 14 15 16 17 18 19 20 21 22 23
 24 26 29 31 36 42 43 44 45 47 52 53 57 59 60 62 63 64 65 69 70])
Bicluster(rows=[15, 25], cols=[ 0  1  2  3  4  5  6  7  8  9 10 11 12 13 14 15 16 17 18 19 20 21 22 23
 24 25 29 31 33 34 36 43 50 55 60 61 62 64 66 68 69 70 74])
Bicluster(rows=[15, 26], cols=[ 0  1  2  3  4  5  6  7  8  9 10 11 12 13 14 15 16 17 18 19 20 21 22 23
 24 25 26 29 33 34 35 36 37 38 46 48 49 51 52 53 57 62 64 70 74])
Bicluster(rows=[15, 27], cols=[ 0  1  2  3  4  5  6  7  8  9 10 11 12 13 14 15 16 17 18 19 20 21 22 23
 24 25 27 29 31 32 35 43 46 48 60 62 70 72])
Bicluster(rows=[15, 28], cols=[ 0  2  5  7  9 10 14 15 17 20 25 29 31 33 34 38 39 41 49 52 53 55 56 59
 62 64 66 68 74])
Bicluster(rows=[15, 29], cols=[ 0  1  2  3  4  5  6  7  8  9 10 11 12 13 14 15 16 17 18 19 20 21 22 23
 24 25 27 29 31 34 35 36 38 48 50 52 53 57 58 63 66 70 71])
Bicluster(rows=[15, 30], cols=[ 0  2  4  5  7  9 10 11 14 15 17 19 20 25 26 34 36 39 42 44 46 49 50 53
 54 56 64 66 68 69 72])
Bicluster(rows=[15, 31], cols=[ 0  1  2  3  4  5  6  7  8  9 10 11 12 13 14 15 16 17 18 19 20 21 22 23
 24 25 27 29 31 32 37 38 40 46 47 51 55 57 58 64 67 72 73])
Bicluster(rows=[15, 32], cols=[ 0  2  4  5  7  9 10 11 14 15 17 19 20 25 27 28 31 41 43 49 52 54 55 56
 60 64 65 67 73])
Bicluster(rows=[15, 33], cols=[ 1  2 11 13 14 18 19 20 21 22 24 25 26 27 29 31 33 34 36 48 51 52 57 60
 68 69 70 72 74])
Bicluster(rows=[15, 34], cols=[ 0  1  3  6  8 10 11 12 13 16 18 19 23 24 25 26 28 31 33 34 35 38 41 42
 51 55 58 59 61 64 66 71 72])
Bicluster(rows=[15, 35], cols=[ 1  2  4  7  8  9 11 12 13 14 15 17 18 19 27 29 30 31 36 39 48 49 51 55
 60 62 70 72])
Bicluster(rows=[15, 36], cols=[ 0  1  2  4  5  6  8  9 10 13 16 17 18 19 22 23 24 27 29 30 31 36 39 48
 49 51 54 57 58 61 62 66 68 69 70])
Bicluster(rows=[15, 37], cols=[ 4  5  7  8  9 10 11 15 16 18 19 24 25 26 33 34 43 44 46 47 50 52 55 60
 61 62 66 70 74])
Bicluster(rows=[15, 38], cols=[ 2  4  5  6  7  8 10 12 14 16 21 23 25 26 33 34 43 44 46 47 52 53 57 58
 62 72 73 74])
Bicluster(rows=[15, 39], cols=[ 0  4  6  7 10 11 13 15 20 25 26 33 34 37 40 43 44 46 47 51 53 55 60 62
 66 68 73 74])
Bicluster(rows=[15, 40], cols=[ 2  9 14 15 16 19 20 21 24 28 32 35 37 40 45 46 47 52 55 56 59 67 71 72
 73])
Bicluster(rows=[15, 41], cols=[ 2  3  5  8  9 10 15 16 17 19 20 21 25 26 34 35 37 38 40 43 44 46 47 52
 56 62 63 70])
Bicluster(rows=[15, 42], cols=[ 0  1  4  8 10 12 13 14 15 17 19 20 21 22 23 24 27 29 31 43 44 45 48 52
 53 54 55 61 62 64 66 68 70 74])
Bicluster(rows=[15, 43], cols=[ 0  2  4  5  7 13 15 20 22 25 26 33 34 35 37 38 40 43 44 46 47 51 53 62
 64 66 69 72 74])
Bicluster(rows=[15, 44], cols=[ 1  2  4 10 11 14 15 16 17 20 22 24 39 41 42 49 52 53 63 64 65 68 71 74])
Bicluster(rows=[15, 45], cols=[ 2  4  7  9 10 11 14 20 22 25 26 28 31 33 34 35 36 38 41 42 48 50 53 54
 55 56 59 64 65 67 71])
Bicluster(rows=[15, 46], cols=[ 0  2  5  7  8  9 13 14 15 17 19 20 22 27 29 31 36 43 44 45 48 51 52 53
 57 60 62 64 66 70])
Bicluster(rows=[15, 47], cols=[ 2  3  6  7  9 10 11 12 14 15 16 17 22 24 26 27 28 35 38 47 52 57 64 70
 72])
Bicluster(rows=[15, 48], cols=[ 0  2  3  4  5  6  7  9 10 12 13 14 16 17 18 20 21 23 29 31 36 43 44 50
 51 53 55 62 64 69 70 74])
Bicluster(rows=[15, 49], cols=[ 0  1  3  4  5  8 10 11 15 17 19 25 34 38 39 41 42 49 51 52 54 55 56 60
 61 63 68 70 71 73])
Bicluster(rows=[15, 50], cols=[ 0  2  3  7  9 10 12 14 15 17 22 27 29 31 36 43 44 53 55 64 70])
Bicluster(rows=[15, 51], cols=[ 1  2  4  5  7 11 13 17 19 20 27 29 31 33 43 44 45 48 51 52 53 57 60 62
 64 70 71])
Bicluster(rows=[15, 52], cols=[ 3  5  9 10 13 16 17 20 21 22 23 24 32 37 40 45 46 47 51 52 55 56 57 60
 61 62 64 66 68 69])
Bicluster(rows=[15, 53], cols=[ 1  2  6  8  9 11 13 14 17 18 20 21 22 24 25 26 33 34 37 40 47 52 53 54
 55 58 64 69 71 72 73 74])
Bicluster(rows=[15, 54], cols=[ 1  2  3  4  6  8 11 14 15 20 23 28 32 35 37 38 40 45 46 47 52 55 56 58
 59 60 62 63 66 68 69])
Bicluster(rows=[15, 55], cols=[ 0  2  7 10 12 13 14 15 17 19 20 25 26 33 34 43 44 45 46 57 62 64 70 71
 74])
Bicluster(rows=[15, 56], cols=[ 2  5  9 11 14 16 21 22 24 31 39 41 42 43 49 50 55 56 57 58 63 66 67 74])
Bicluster(rows=[15, 57], cols=[ 0  1  2  6  7 10 11 12 14 18 19 21 22 39 41 42 43 44 49 50 55 56 60 63
 64 65 66 71 74])
Bicluster(rows=[15, 58], cols=[ 6  8  9 10 13 21 22 23 26 28 29 35 36 47 48 53 54 60 63 69 70 74])
Bicluster(rows=[15, 59], cols=[ 0  2  5  7  8 10 11 15 18 25 26 33 34 43 44 46 50 51 52 53 60 62 64 66
 71])
Bicluster(rows=[15, 60], cols=[ 2  3  4  5  7  8 10 11 12 13 14 15 18 19 20 22 30 36 39 45 49 53 60 61
 62 63 69 70 71])
Bicluster(rows=[15, 61], cols=[ 0  3  5  7  9 10 12 14 15 17 19 20 25 26 33 34 37 43 44 46 47 51 57 64
 66 70 72])
Bicluster(rows=[15, 62], cols=[ 0  1  2  4 12 13 18 19 21 22 24 25 26 28 32 34 35 37 38 40 43 44 46 47
 50 53 55 56 68 74])
Bicluster(rows=[15, 63], cols=[ 1  2  6  9 11 16 17 18 19 20 22 23 27 29 30 36 39 48 49 50 55 62 63 71
 74])
Bicluster(rows=[15, 64], cols=[ 0  1  4  5  9 10 11 13 19 20 25 27 29 31 33 34 36 43 44 45 48 51 57 59
 63 71 72 74])
Bicluster(rows=[15, 65], cols=[ 0  1  2  4  5  6 10 11 16 17 18 19 22 23 25 26 27 29 31 33 34 43 44 45
 46 48 52 53 61 62 63 67 69 70 71])
Bicluster(rows=[15, 66], cols=[ 0  2  7 10 11 15 17 18 20 23 27 31 38 40 46 47 48 50 53 54 55 56 60 61
 62 63 65 68 69 74])
Bicluster(rows=[15, 67], cols=[ 0  2  3  4 10 14 18 19 20 21 24 27 28 29 31 32 33 34 36 44 46 47 49 50
 53 54 55 56 60 61 62 63 65 68 69 70 74])
Bicluster(rows=[15, 68], cols=[ 2  5  6  7 11 12 13 14 15 20 23 24 31 37 38 39 44 49 51 52 58 67 72 73])
Bicluster(rows=[15, 69], cols=[ 1  3  5  6 13 19 29 32 36 40 41 44 46 51 53 57 60 62 66 67 70 72 73 74])
Bicluster(rows=[15, 70], cols=[ 1  3  4  5  7  9 11 12 13 14 17 22 23 24 26 28 29 33 34 36 37 38 40 45
 46 58 64 72])
Bicluster(rows=[15, 71], cols=[ 2  7  9 12 13 16 17 18 20 21 23 24 28 30 36 43 45 46 47 48 49 50 52 54
 55 56 62 65 70])
Bicluster(rows=[15, 72], cols=[ 0  2  4  5 14 19 22 23 24 25 26 29 30 36 44 47 49 54 56 59 63 65 68])
Bicluster(rows=[15, 73], cols=[ 0  2  3  6  8  9 11 12 15 19 23 27 28 32 33 38 47 48 50 53 54 56 60 61
 63 65 68 69 74])
Bicluster(rows=[15, 74], cols=[ 4  7  8 10 13 14 16 17 20 21 26 27 31 35 36 37 38 39 40 47 49 51 52 57
 58 63 66 68])
Bicluster(rows=[15, 75], cols=[ 1  3  4  5  8 10 11 13 19 21 25 34 35 36 40 43 44 46 47 51 52 57 58 66
 68 71])
Bicluster(rows=[15, 76], cols=[ 2 10 11 12 13 14 17 18 20 24 25 31 32 34 38 39 40 43 45 46 48 50 61 64])
Bicluster(rows=[15, 77], cols=[ 2  3  6  7  9 10 12 13 16 18 20 24 26 34 36 38 42 43 49 50 56 63 71])
Bicluster(rows=[15, 78], cols=[ 2  3  6  8  9 11 15 16 18 22 23 26 27 29 33 34 35 36 39 41 48 49 51 52
 57 64 66 70])
Bicluster(rows=[15, 79], cols=[ 1  2 11 12 14 19 22 23 24 30 31 41 42 43 50 53 54 56 60 61 62 65 69 70
 74])
Bicluster(rows=[15, 80], cols=[ 4  9 10 15 16 17 18 21 26 27 28 29 32 33 40 43 44 46 49 51 52 53 57 66
 67 70 72 73])
Bicluster(rows=[15, 81], cols=[ 1  6  7 11 14 15 16 17 18 20 23 27 28 35 37 38 44 46 47 48 49 51 52 57
 66 67 72 73])
Bicluster(rows=[15, 82], cols=[ 0  1  2  3  4  5  6 11 13 14 15 19 21 22 23 25 27 29 31 37 42 43 45 51
 52 53 57 60 62 66 67 70 72 73])
Bicluster(rows=[15, 83], cols=[ 0  1  3  6  7  8 10 14 15 16 19 27 28 29 30 34 39 41 43 48 49 54 56 59
 63 65 68])
Bicluster(rows=[15, 84], cols=[ 0  1  2  4  5  6  9 13 15 18 20 22 24 26 27 28 30 31 33 39 42 43 44 49
 51 52 57 58 64 66 71 72])
Bicluster(rows=[15, 85], cols=[ 0  1  2  3  6  8 11 12 14 17 19 20 21 23 24 26 29 33 34 36 39 40 42 43
 46 56 59 63 65 71])
Bicluster(rows=[15, 86], cols=[ 5  6  9 12 14 24 25 26 28 30 31 36 39 47 49 51 52 55 57 63 66 68 71])
Bicluster(rows=[15, 87], cols=[ 2  4  5  6  7  8  9 10 12 13 14 15 18 22 24 26 28 33 34 35 36 38 47 48
 49 50 52 54 55 56 62 65])
Bicluster(rows=[15, 88], cols=[ 2  3  4  5  6  7  8  9 10 13 14 17 18 21 22 24 26 31 33 36 41 44 46 51
 52 54 57 58 63 65 66])
Bicluster(rows=[15, 89], cols=[ 0  3  6  8 11 13 16 17 19 21 22 25 27 29 30 36 37 39 40 43 47 58 64 72
 73])
Bicluster(rows=[15, 90], cols=[ 0  5  9 11 13 15 16 19 22 25 26 29 31 32 33 37 38 44 46 51 52 57 58 64
 66 71])
Bicluster(rows=[15, 91], cols=[ 0  2  4  5  6  7 10 11 12 13 15 23 24 25 35 43 44 45 47 48 51 52 57 64
 66 70])
Bicluster(rows=[15, 92], cols=[ 1  3  4  5  6  7 11 14 17 22 26 28 32 33 35 36 37 39 44 46 50 54 55 56
 60 61 62 65 70 74])
Bicluster(rows=[15, 93], cols=[ 0  2  7  8  9 11 12 13 14 15 20 22 23 24 25 26 28 29 31 33 34 35 37 41
 45 46 49 50 53 54 55 56 60 61 62 65 69 70 74])
Bicluster(rows=[15, 94], cols=[ 0  1  4  5  9 10 11 12 13 18 19 20 25 26 27 28 33 34 36 39 44 48 55 57
 61 62 66 67 69 72 73 74])
Bicluster(rows=[15, 95], cols=[ 1  8  9 10 14 18 20 21 25 26 27 29 31 33 34 35 36 38 48 51 52 54 57 58
 63 66 68])
Bicluster(rows=[15, 96], cols=[ 0  1  3  4  6  8 11 16 17 18 19 20 21 26 29 33 34 35 38 39 44 46 48 50
 55 61 64 69 71 74])
Bicluster(rows=[15, 97], cols=[ 0  4  5  7  8 10 12 13 15 16 19 25 26 27 28 34 38 44 45 48 51 52 54 57
 58 63 66 68])
Bicluster(rows=[15, 98], cols=[ 4  6  7  8 13 15 17 18 21 24 30 31 34 38 44 48 51 52 54 55 56 57 58 65
 66])
Bicluster(rows=[15, 99], cols=[ 1  4  6  7  8 14 15 18 19 21 22 23 31 38 44 48 49 50 53 54 56 60 61 62
 68 69 70 71 73])
Bicluster(rows=[16, 17], cols=[ 0  1  2  3  4  5  6  7  8  9 10 11 12 13 14 15 16 17 18 19 20 21 22 23
 24 25 37 44 48 49 51 53 57 58 61 62 65 73])
Bicluster(rows=[16, 18], cols=[ 0  1  2  3  4  5  6  7  8  9 10 11 12 13 14 15 16 17 18 19 20 21 22 23
 24 25 30 33 36 37 38 41 42 43 45 47 48 52 54 57 61 62 64 66 67 68 69 71
 72 74])
Bicluster(rows=[16, 19], cols=[ 0  1  2  3  4  5  6  7  8  9 10 11 12 13 14 15 16 17 18 19 20 21 22 23
 24 28 31 33 35 36 37 41 47 48 50 54 57 58 60 62 64 66 67 68 69])
Bicluster(rows=[16, 20], cols=[ 0  2  4  5  7  9 10 11 12 13 14 15 17 19 20 25 29 31 35 36 38 39 41 42
 43 45 47 49 50 52 53 55 56 59 60 61 66 68 70 74])
Bicluster(rows=[16, 21], cols=[ 0  1  2  3  4  5  6  7  8  9 10 11 12 13 14 15 16 17 18 19 20 21 22 23
 24 26 28 30 35 36 37 41 42 51 57 59 63 65 72])
Bicluster(rows=[16, 22], cols=[ 0  1  2  3  4  5  6  7  8  9 10 11 12 13 14 15 16 17 18 19 20 21 22 23
 24 25 26 30 33 40 43 44 48 49 50 52 57 58 59 60 62 63 64 66 67 68 72 73])
Bicluster(rows=[16, 23], cols=[ 0  2  5  9 15 17 20 26 30 32 36 38 42 45 46 50 52 54 58 59 64 65 73 74])
Bicluster(rows=[16, 24], cols=[ 0  2  4  5  7  9 10 11 14 15 17 19 20 36 37 38 44 46 49 55 59 61 62 65
 66 67 71 74])
Bicluster(rows=[16, 25], cols=[ 0  1  2  3  4  5  6  7  8  9 10 11 12 13 14 15 16 17 18 19 20 21 22 23
 24 25 28 29 32 33 34 35 36 37 38 40 41 42 43 44 45 46 47 49 52 53 54 55
 56 57 58 60 61 62 63 65 68 69 72 73 74])
Bicluster(rows=[16, 26], cols=[ 0  1  2  3  4  5  6  7  8  9 10 11 12 13 14 15 16 17 18 19 20 21 22 23
 24 25 26 28 29 32 33 36 40 41 42 44 47 48 56 58 62 63 64 65 66 72 74])
Bicluster(rows=[16, 27], cols=[ 0  1  2  3  4  5  6  7  8  9 10 11 12 13 14 15 16 17 18 19 20 21 22 23
 24 25 27 31 34 36 38 40 41 42 47 48 49 52 60 62 63 64 67 70])
Bicluster(rows=[16, 28], cols=[18 21 24 25 27 29 32 34 35 37 40 41 42 43 44 46 47 49 51 55 57 58 61 63
 64 65 66 67 68 69 70 73 74])
Bicluster(rows=[16, 29], cols=[ 0  1  2  3  4  5  6  7  8  9 10 11 12 13 14 15 16 17 18 19 20 21 22 23
 24 25 26 27 29 30 31 36 37 40 41 43 44 47 48 49 50 51 54 55 59 67 70 71
 72])
Bicluster(rows=[16, 30], cols=[ 0  2  5  9 10 14 15 17 20 28 30 33 35 38 44 45 48 49 51 52 55 56 60 61
 67 68 71 73 74])
Bicluster(rows=[16, 31], cols=[ 0  2  5  9 10 14 15 17 20 27 32 33 35 40 42 43 48 53 54 58 60 63 65 66
 67 68 72 73 74])
Bicluster(rows=[16, 32], cols=[ 0  1  2  3  4  5  6  7  8  9 10 11 12 13 14 15 16 17 18 19 20 21 22 23
 24 27 28 29 30 35 38 48 59 63 69 71 73])
Bicluster(rows=[16, 33], cols=[ 2 11 14 15 18 19 21 22 24 25 26 28 29 30 32 35 36 37 38 40 41 42 43 44
 45 46 47 48 50 58 63 64 66 67 69 70 73])
Bicluster(rows=[16, 34], cols=[ 7 12 14 17 19 20 22 25 26 27 28 32 35 38 43 49 50 51 64 65 66 67 68 72
 73 74])
Bicluster(rows=[16, 35], cols=[ 4  7  8  9 11 12 13 14 15 17 19 27 31 36 37 39 40 48 56 57 58 59 60 62
 64 66 68])
Bicluster(rows=[16, 36], cols=[ 0  2  4  5 16 17 18 19 22 23 24 27 31 36 37 39 40 48 50 52 54 56 59 61
 63 67 70 72 73])
Bicluster(rows=[16, 37], cols=[ 1  6  8 12 13 16 18 22 23 24 28 29 34 35 36 37 38 40 42 45 46 47 51 52
 55 56 61 64 65 68 69 70 72])
Bicluster(rows=[16, 38], cols=[ 6  8 11 12 13 17 19 23 25 26 27 28 32 35 38 43 47 48 50 51 56 57 62 63
 64 66 67 68 70 74])
Bicluster(rows=[16, 39], cols=[ 1  3  6  8 19 22 23 25 28 35 36 38 42 45 47 48 53 55 56 59 65 67 71 73])
Bicluster(rows=[16, 40], cols=[ 3  4  5  7  8 13 16 21 22 24 25 29 35 37 38 40 41 43 44 46 47 55 62 65
 67 71 73])
Bicluster(rows=[16, 41], cols=[ 1  4  7  8 11 12 13 14 16 21 25 26 27 28 32 35 38 47 48 50 51 52 53 57
 59 60 65 66 67 70 72 73])
Bicluster(rows=[16, 42], cols=[ 0  1  4 10 13 14 17 19 20 22 23 24 25 26 27 28 32 34 35 38 47 48 49 51
 54 55 57 59 61 63 68 73 74])
Bicluster(rows=[16, 43], cols=[ 8 10 16 18 19 23 25 27 28 34 35 47 48 50 53 54 55 58 59 64 65 66 67 68
 71])
Bicluster(rows=[16, 44], cols=[ 2  4  5  6  8 13 14 15 16 17 20 22 25 26 29 30 32 36 37 40 41 46 47 55
 58 63 65 67 68 70 72 74])
Bicluster(rows=[16, 45], cols=[ 1  2  3  4  6  7  9 10 11 14 18 20 21 29 33 36 37 41 42 46 48 49 51 52
 54 56 57 58 62 65 66 70 72])
Bicluster(rows=[16, 46], cols=[ 0  2  5  7 13 14 15 22 29 31 34 36 37 40 42 45 46 47 53 60 62 67 68 70
 74])
Bicluster(rows=[16, 47], cols=[ 4 13 18 23 24 25 26 29 30 32 36 37 41 42 46 47 48 51 54 56 61 64 65 66
 67 69 70 71 73])
Bicluster(rows=[16, 48], cols=[ 0  2  4  5  6  7 10 12 14 16 17 20 28 29 31 34 35 36 37 40 42 45 46 47
 48 50 55 57 62 63 66 67 68 69 74])
Bicluster(rows=[16, 49], cols=[ 1  3  6 14 16 23 27 30 32 43 44 45 48 49 50 51 53 57 59 60 64 65 67 70
 72])
Bicluster(rows=[16, 50], cols=[ 0  2  3  6  7  9 10 12 17 22 29 31 34 36 37 39 40 41 42 45 46 51 55 57
 58 63 68 72])
Bicluster(rows=[16, 51], cols=[ 2  3  4  5  6 11 12 23 24 27 29 31 36 37 39 40 46 50 53 54 55 56 59 65
 66 67 69 70])
Bicluster(rows=[16, 52], cols=[ 0  1  2  6  7  9 13 14 15 17 25 26 28 29 32 35 36 37 38 40 41 42 43 44
 46 47 52 57 65 67 71 74])
Bicluster(rows=[16, 53], cols=[ 1  4  6  7  8 11 12 15 18 19 21 22 23 24 25 26 27 28 32 34 35 38 47 49
 51 53 54 55 57 59 65 66 67 68 69 72])
Bicluster(rows=[16, 54], cols=[ 3  6  9 12 13 16 18 19 21 23 28 31 34 43 44 53 55 57 60 61 66 67 68 72])
Bicluster(rows=[16, 55], cols=[ 3  4  8  9 11 16 18 22 29 34 36 37 40 42 45 51 52 53 54 55 56 57 60 61
 65 66 69 73])
Bicluster(rows=[16, 56], cols=[ 2  9 11 14 15 17 19 20 25 26 29 30 32 36 37 40 41 42 46 47 48 50 51 52
 56 60 69 70 71])
Bicluster(rows=[16, 57], cols=[ 1  7  8 10 11 14 19 22 25 28 29 31 34 35 37 38 40 43 44 46 50 52 53 56
 58 59 60 61 65 68 72 73 74])
Bicluster(rows=[16, 58], cols=[ 0  1  4  5 11 14 18 19 20 28 29 31 34 36 37 40 41 42 45 46 51 52 55 58
 60 63 65 67 68 70 74])
Bicluster(rows=[16, 59], cols=[ 1 12 13 16 18 19 20 22 28 34 36 40 42 47 48 53 58 59 66 67 68 69 71 72
 73])
Bicluster(rows=[16, 60], cols=[ 2  3  4  5  7 10 11 12 14 15 20 22 23 29 31 36 37 39 40 42 46 52 57 59
 67 68 72 73])
Bicluster(rows=[16, 61], cols=[ 1  6  8 22 23 25 28 35 36 38 42 45 47 56 57 59 65 67 68 69 70 71 72 73])
Bicluster(rows=[16, 62], cols=[ 1  6 22 26 27 30 32 43 44 48 49 51 56 57 59 61 64 66 67 71 72 73])
Bicluster(rows=[16, 63], cols=[ 2  3  4  7  9 11 12 13 17 19 20 25 26 27 28 32 34 35 38 47 48 60 70 72
 73])
Bicluster(rows=[16, 64], cols=[ 3  4  8 11 12 13 15 18 19 21 22 27 33 42 45 48 49 51 52 53 57 58 60 61
 63 64 65 67 68 69 70 72])
Bicluster(rows=[16, 65], cols=[ 1  2  5 10 16 17 19 22 23 25 26 27 28 32 34 35 38 47 48 49 51 53 57 58
 59 61 62 64 65 68 69 73])
Bicluster(rows=[16, 66], cols=[ 2  7 11 15 17 20 21 23 26 27 31 35 42 45 48 50 51 52 54 55 56 57 58 59
 60 62 64 65 66 67 69 70 71 72 73 74])
Bicluster(rows=[16, 67], cols=[ 0  2  3  4  5 10 14 19 25 26 27 30 33 35 36 37 38 42 44 50 51 52 54 55
 56 57 58 59 60 62 64 65 66 70 72 73 74])
Bicluster(rows=[16, 68], cols=[ 1  3 17 19 21 29 31 33 37 38 39 40 41 47 50 52 56 57 58 59 60 62 67 68
 70 71 72 73 74])
Bicluster(rows=[16, 69], cols=[ 2  3  7  9 13 15 17 23 29 30 33 34 36 38 43 46 48 50 51 52 54 55 56 57
 58 59 60 62 64 65 66 70 74])
Bicluster(rows=[16, 70], cols=[ 4  6  7  9 10 14 15 16 17 20 25 30 31 32 33 37 40 42 45 46 49 50 51 53
 55 56 57 59 61 65 66 68 69 72 73])
Bicluster(rows=[16, 71], cols=[ 0  4 11 12 14 16 19 23 26 28 32 35 41 43 49 50 51 55 56 57 59 61 63 69
 72])
Bicluster(rows=[16, 72], cols=[ 0  1  2  3  4  5 12 14 16 19 22 23 31 36 38 42 44 45 46 50 51 53 55 56
 57 59 61 65 66 67 68 69 71 72 73])
Bicluster(rows=[16, 73], cols=[ 3  4  5  6 11 12 19 20 23 41 48 50 51 52 54 55 56 57 59 60 61 64 65 66
 69 70 74])
Bicluster(rows=[16, 74], cols=[ 0  2  3  6  9 12 15 16 21 26 30 31 32 35 38 39 50 54 56 57 58 59 62 64
 65 72])
Bicluster(rows=[16, 75], cols=[ 0  4  6  7  9 11 13 15 16 19 20 22 27 30 32 35 39 40 42 46 47 49 50 51
 52 53 55 56 57 59 61 63 66 69 70 72 73])
Bicluster(rows=[16, 76], cols=[ 0  4  5  6  7  9 13 16 18 24 25 28 30 31 34 36 37 38 39 42 43 44 45 49
 55 56 59 65 66 72 73])
Bicluster(rows=[16, 77], cols=[ 2  6  7  8  9 10 12 13 17 20 22 30 35 36 41 43 45 46 50 51 52 53 55 56
 57 59 61 66 68 69 70 72 73 74])
Bicluster(rows=[16, 78], cols=[ 4  8 12 16 18 19 22 23 26 29 30 32 37 38 39 40 44 45 46 50 52 56 57 58
 60 62 67 68 70 72 73 74])
Bicluster(rows=[16, 79], cols=[ 1  6 11 12 16 18 19 20 21 22 23 25 26 28 34 35 43 45 46 47 50 52 54 56
 57 58 59 60 62 64 65 72 74])
Bicluster(rows=[16, 80], cols=[ 1  6  7 12 16 18 19 21 22 28 32 36 45 46 50 51 53 55 56 57 59 61 65 66
 67 68 69 71 72 73])
Bicluster(rows=[16, 81], cols=[ 0  3  7  9 10 11 12 13 25 26 29 30 35 36 42 45 47 48 50 51 52 54 55 56
 57 58 59 60 62 64 65 66 67 70 71 72 74])
Bicluster(rows=[16, 82], cols=[ 4 10 12 13 17 18 20 26 29 30 36 37 49 50 52 54 55 56 57 58 59 60 62 64
 65 66 74])
Bicluster(rows=[16, 83], cols=[ 0  2  5  7  9 10 11 12 14 15 26 27 32 36 38 41 43 46 50 51 52 53 55 56
 57 59 61 65 66 67 68 69 70 71 72 73 74])
Bicluster(rows=[16, 84], cols=[ 0  2  3  4  5  8  9 13 15 16 20 22 24 27 29 32 34 35 38 41 43 44 63])
Bicluster(rows=[16, 85], cols=[ 0  2  3  4 11 12 13 14 17 19 20 22 25 28 30 32 33 37 38 45 47 48 49 50
 51 53 55 56 57 59 61 65 66 68 69 72 73])
Bicluster(rows=[16, 86], cols=[ 2  6  8 11 12 15 19 25 28 36 37 43 44 49 50 51 53 55 56 57 59 61 65 66
 67 68 69 71 72 73])
Bicluster(rows=[16, 87], cols=[ 2  3  4  5  7  9 10 11 12 13 14 15 23 27 29 30 32 33 42 45 49 50 54 56
 59 64 65 72 73])
Bicluster(rows=[16, 88], cols=[ 2  3  4  5  7  9 10 13 14 17 21 22 29 33 36 40 41 42 44 47 48 49 54 56
 64 65 72 73])
Bicluster(rows=[16, 89], cols=[ 1  2  4  7  9 10 11 12 13 19 20 22 23 25 27 29 31 32 33 34 37 40 41 44
 45 46 47 50 51 53 55 56 57 59 61 65 66 67 68 69 71 72 73])
Bicluster(rows=[16, 90], cols=[ 3  6 11 13 17 19 21 26 28 33 34 40 42 45 46 50 51 52 53 55 56 57 59 61
 69 72 73])
Bicluster(rows=[16, 91], cols=[ 1  6 10 12 17 24 25 28 33 34 40 41 43 48 49 58 62 63 68])
Bicluster(rows=[16, 92], cols=[ 0  2  3  8  9 10 15 16 20 27 28 31 35 36 40 41 43 45 46 49 52 53 58 60
 62 70 74])
Bicluster(rows=[16, 93], cols=[ 1  4  7  8 11 12 13 14 17 19 22 33 41 42 45 47 50 52 54 55 56 57 58 59
 60 62 64 65 66 74])
Bicluster(rows=[16, 94], cols=[ 1  4  6  9 10 11 12 13 14 17 19 27 29 30 31 33 35 38 42 44 45 49 52 53
 58 60 62 69 70 74])
Bicluster(rows=[16, 95], cols=[ 1  7  8  9 10 20 21 25 26 27 28 29 30 32 37 41 42 45 47 48 49 54 56 64
 65 72 73])
Bicluster(rows=[16, 96], cols=[ 1  2  6  7  8 12 13 14 16 18 24 28 30 31 34 36 37 40 43 50 51 52 54 55
 56 57 58 59 60 62 64 65 66 70 74])
Bicluster(rows=[16, 97], cols=[ 1  2  4  6  9 11 13 14 19 23 27 30 38 40 41 42 48 49 50 51 53 57 61 63
 69])
Bicluster(rows=[16, 98], cols=[ 2  6  8  9 10 13 14 19 26 27 32 34 35 38 40 43 45 50 55 59 61 63 66])
Bicluster(rows=[16, 99], cols=[ 5  6  8 10 11 12 13 17 18 21 24 27 29 35 39 40 42 45 49 50 51 53 58 59
 61 65 66 72])
Bicluster(rows=[17, 18], cols=[ 0  1  2  3  4  5  6  7  8  9 10 11 12 13 14 15 16 17 18 19 20 21 22 23
 24 25 28 29 31 33 37 39 40 46 48 49 50 57 58 60 62 63 68 74])
Bicluster(rows=[17, 19], cols=[ 0  1  2  3  4  5  6  7  8  9 10 11 12 13 14 15 16 17 18 19 20 21 22 23
 24 28 30 32 33 37 38 39 41 43 45 52 56 57 58 59 61 62 66 71 73 74])
Bicluster(rows=[17, 20], cols=[ 1  3  4  6  8 11 12 13 19 22 23 26 29 31 33 34 35 38 39 41 42 43 44 47
 51 57 60 63 65 68 71 73 74])
Bicluster(rows=[17, 21], cols=[ 0  1  2  3  4  5  6  7  8  9 10 11 12 13 14 15 16 17 18 19 20 21 22 23
 24 25 27 28 29 31 34 37 38 39 40 41 47 51 54 55 57 58 60 61 62 64 65 67
 69 70 71])
Bicluster(rows=[17, 22], cols=[ 0  1  2  3  4  5  6  7  8  9 10 11 12 13 14 15 16 17 18 19 20 21 22 23
 24 28 29 31 34 35 37 38 42 44 47 48 51 55 56 57 62 67 68 70 71 73 74])
Bicluster(rows=[17, 23], cols=[ 0  1  2  3  4  5  6  7  8  9 10 11 12 13 14 15 16 17 18 19 20 21 22 23
 24 25 26 27 28 29 30 31 33 34 35 36 37 38 39 40 42 43 46 49 52 54 58 59
 60 62 64 66 67 70 71])
Bicluster(rows=[17, 24], cols=[ 0  1  2  3  4  5  6  7  8  9 10 11 12 13 14 15 16 17 18 19 20 21 22 23
 24 30 33 41 45 47 50 56 58 64 68 70 73])
Bicluster(rows=[17, 25], cols=[ 0  1  2  3  4  5  6  7  8  9 10 11 12 13 14 15 16 17 18 19 20 21 22 23
 24 25 30 31 37 44 49 51 53 57 61 62 65 66 70 71 73])
Bicluster(rows=[17, 26], cols=[ 0  1  2  3  4  5  6  7  8  9 10 11 12 13 14 15 16 17 18 19 20 21 22 23
 24 25 28 29 31 32 33 34 41 42 43 44 46 50 51 54 58 60 62 65 67 68 69 70
 71 74])
Bicluster(rows=[17, 27], cols=[ 0  1  2  3  4  5  6  7  8  9 10 11 12 13 14 15 16 17 18 19 20 21 22 23
 24 25 27 29 30 35 39 41 48 49 50 54 55 59 62 64 67 68 70 71 72 74])
Bicluster(rows=[17, 28], cols=[ 0  1  2  3  4  5  6  7  8  9 10 11 12 13 14 15 16 17 18 19 20 21 22 23
 24 29 30 31 33 34 35 36 40 42 43 45 46 54 56 59 61 62 64 66 68])
Bicluster(rows=[17, 29], cols=[ 0  1  2  3  4  5  6  7  8  9 10 11 12 13 14 15 16 17 18 19 20 21 22 23
 24 25 27 28 32 34 35 37 38 44 47 49 51 56 60 61 63 66 67 70 74])
Bicluster(rows=[17, 30], cols=[ 0  1  2  3  4  5  6  7  8  9 10 11 12 13 14 15 16 17 18 19 20 21 22 23
 24 25 27 29 30 33 34 35 37 38 39 40 41 45 47 49 50 52 54 55 56 58 60 62
 64 66 68 71])
Bicluster(rows=[17, 31], cols=[ 0  1  2  3  4  5  6  7  8  9 10 11 12 13 14 15 16 17 18 19 20 21 22 23
 24 25 26 29 30 31 33 35 36 37 38 39 40 41 42 43 45 49 50 52 58 59 60 64
 67 68 70 74])
Bicluster(rows=[17, 32], cols=[ 0  1  2  3  4  5  6  7  8  9 10 11 12 13 14 15 16 17 18 19 20 21 22 23
 24 25 26 28 31 33 40 42 46 47 48 54 56 58 60 61 64 72 73])
Bicluster(rows=[17, 33], cols=[ 0  3  5  8 10 11 16 19 29 30 31 33 34 35 38 39 40 41 42 43 47 49 50 53
 54 57 58 60 64 65 66 67 69 70])
Bicluster(rows=[17, 34], cols=[ 4  5  9 10 11 15 27 28 33 34 36 39 40 44 45 46 47 49 51 54 57 59 60 62
 65 67 68 73 74])
Bicluster(rows=[17, 35], cols=[ 1  3  4  6 11 12 13 14 16 19 20 21 23 26 30 31 33 35 37 38 39 47 49 50
 51 57 58 61 62 63 64 65 66 73])
Bicluster(rows=[17, 36], cols=[ 0  1  5  7  9 10 12 15 16 17 18 19 21 27 29 32 37 42 45 50 60 61 62 66
 70 73])
Bicluster(rows=[17, 37], cols=[ 3  4  5  7  9 10 11 15 16 18 19 24 25 27 28 29 31 34 36 39 40 45 46 47
 49 51 53 57 58 61 62 66 70 73 74])
Bicluster(rows=[17, 38], cols=[ 2  5  6  7 10 14 20 23 25 27 28 29 31 33 34 36 39 40 44 45 46 47 49 50
 51 52 55 60 66 70 74])
Bicluster(rows=[17, 39], cols=[ 0  4  7 10 11 12 13 15 20 25 27 28 29 31 34 40 42 44 45 46 47 49 58 62
 64 66 67])
Bicluster(rows=[17, 40], cols=[ 0  6 13 18 22 27 29 30 31 33 34 35 38 39 40 41 42 43 46 47 49 52 53 55
 62 67 71])
Bicluster(rows=[17, 41], cols=[ 1  2  3  8  9 15 16 17 19 20 21 25 27 28 31 33 34 36 39 40 45 46 47 49
 51 53 57 58 60 62 63 64 67 69 70 71 73])
Bicluster(rows=[17, 42], cols=[ 0  1  4  8 10 12 14 15 17 19 20 21 22 23 24 29 32 37 41 42 50 51 57 60
 61 64 66 67 70 71 73])
Bicluster(rows=[17, 43], cols=[ 0  2  4  7 13 15 20 22 25 27 28 31 34 36 39 40 44 45 46 47 49 50 56 60
 64 66 67 71])
Bicluster(rows=[17, 44], cols=[ 1  4 21 26 27 28 30 31 33 34 35 36 38 39 40 44 45 46 47 49 53 55 57 58
 61 66 67 68 70 73 74])
Bicluster(rows=[17, 45], cols=[ 0  1  3  4  5  6 13 17 18 21 23 26 29 30 31 33 35 37 38 39 40 41 47 49
 50 57 58 62 64 65 70 71])
Bicluster(rows=[17, 46], cols=[ 1  3  4  6  7  9 10 11 12 13 14 17 19 20 21 23 26 29 30 31 33 35 37 38
 39 40 41 42 47 49 51 57 58 60 65 67 68 70 73 74])
Bicluster(rows=[17, 47], cols=[ 2  3  5  6  9 10 12 15 16 22 24 26 27 29 30 33 35 38 39 40 41 42 43 46
 47 49 50 52 55 58 59 61 62 64 66 67 68 70 71 72])
Bicluster(rows=[17, 48], cols=[ 4  7  8 13 14 26 29 30 31 33 35 38 39 40 41 47 49 50 52 61 62 65 67 68
 70 73 74])
Bicluster(rows=[17, 49], cols=[ 1  3  4  6  9 11 16 17 18 19 23 24 25 27 28 29 31 33 34 36 39 40 44 45
 46 47 49 53 54 57 65 66 68 74])
Bicluster(rows=[17, 50], cols=[ 1  3  4  6  8 12 14 16 18 21 22 23 26 29 30 31 33 35 37 38 39 40 47 49
 51 57 63 65 73])
Bicluster(rows=[17, 51], cols=[ 0  9 10 14 15 20 25 27 28 29 31 40 44 45 46 47 49 50 52 64 66 67])
Bicluster(rows=[17, 52], cols=[ 3  5  7  9 10 11 14 17 20 22 23 26 27 29 30 33 35 38 39 40 42 43 46 47
 49 52 58 61 62 64 66 67 70 71 73])
Bicluster(rows=[17, 53], cols=[ 1  4  6  7  8  9 11 12 13 14 15 18 20 21 22 23 24 25 27 29 31 36 40 45
 46 49 50 51 53 57 58 64 65 68])
Bicluster(rows=[17, 54], cols=[ 1  2  3  4  6  8 11 14 20 23 26 27 30 33 34 35 36 38 39 40 42 43 45 46
 47 49 51 57 61 62 63 65 66])
Bicluster(rows=[17, 55], cols=[ 2  3  5  8 17 19 20 21 22 30 31 33 35 38 39 47 48 50 54 57 66 68 72 73])
Bicluster(rows=[17, 56], cols=[ 0  1  3  6  8  9 10 11 14 19 23 26 27 29 30 33 34 35 36 38 39 40 42 43
 45 46 47 49 50 56 60 61 65 66 69 71 73 74])
Bicluster(rows=[17, 57], cols=[ 0  2  3  7 11 12 14 15 17 19 20 23 26 27 30 33 35 36 38 39 43 45 46 50
 52 56 58 60 66 67 68 69 70 74])
Bicluster(rows=[17, 58], cols=[ 2  3  4  6  8  9 10 11 12 17 19 21 22 23 26 29 30 31 33 35 37 38 39 40
 41 47 49 50 58 62 63 67 70])
Bicluster(rows=[17, 59], cols=[ 3  5  6 13 15 17 19 21 23 26 29 31 33 35 37 39 40 47 49 51 54 56 58 60
 61 64 65 66 67 68 71])
Bicluster(rows=[17, 60], cols=[ 1  3  4  6  8  9 11 12 16 21 22 26 30 31 33 35 37 38 39 40 47 49 51 57
 61 62 67 73])
Bicluster(rows=[17, 61], cols=[ 0  2  5  7  9 10 14 15 17 19 20 25 27 28 31 34 40 44 45 46 47 49 58 64
 66 67 68 74])
Bicluster(rows=[17, 62], cols=[ 0  2  3  4  5  6  7  9 11 12 14 20 23 27 33 34 36 39 40 44 45 46 47 49
 51 58 61 62 67 70 74])
Bicluster(rows=[17, 63], cols=[ 1  4  5  7  8 11 12 13 15 16 19 21 22 23 26 30 31 33 35 38 39 47 48 49
 53 62 65 66 70])
Bicluster(rows=[17, 64], cols=[ 0  3  4  5  7  8  9 10 14 17 20 21 22 23 26 27 29 30 31 33 35 38 39 40
 41 42 43 46 47 49 50 51 58 59 61 62 65 66 67 68 70 71])
Bicluster(rows=[17, 65], cols=[ 0  4  6  8  9 10 11 12 17 25 27 28 29 31 34 40 42 44 45 46 47 49 50 51
 52 55 58 60 61 65 66 68 73])
Bicluster(rows=[17, 66], cols=[ 0  2  7 11 15 16 17 18 20 21 23 25 29 30 34 36 37 40 41 43 46 47 49 51
 57 61 62 63 65 70 73])
Bicluster(rows=[17, 67], cols=[ 0  1  2  6  9 10 20 22 26 27 30 33 36 38 40 41 42 45 47 48 52 55 56 59
 60 69 72])
Bicluster(rows=[17, 68], cols=[ 2  5  6  7  8 11 14 15 16 20 21 22 25 27 28 29 30 31 32 38 40 41 42 44
 48 50 52 54 55 56 59 60 69 71])
Bicluster(rows=[17, 69], cols=[ 1  5  7  8 16 19 20 22 25 26 27 28 29 31 38 40 42 43 44 48 49 50 54 58
 64 66 70 71 74])
Bicluster(rows=[17, 70], cols=[ 1  3  4  5  7  9 11 12 13 14 17 22 23 27 29 30 38 41 42 43 46 49 52 54
 55 56 59 64 67 68 69])
Bicluster(rows=[17, 71], cols=[ 1  5  6  7  9 10 13 15 17 20 26 27 28 30 37 38 39 40 41 43 44 50 54 58
 62 66 70 71])
Bicluster(rows=[17, 72], cols=[ 4  6  8 13 14 15 17 18 19 25 30 32 35 37 38 42 48 49 52 54 55 56 59 64
 67 68 69 71])
Bicluster(rows=[17, 73], cols=[ 1  2  9 10 11 12 13 15 16 17 18 19 21 24 28 32 36 37 41 44 50 52 54 55
 56 59 60 69 71 72])
Bicluster(rows=[17, 74], cols=[ 0  1  2  9 11 15 20 26 27 28 29 30 34 35 36 37 38 40 43 45 47 50 56 58
 59 70 74])
Bicluster(rows=[17, 75], cols=[ 2  5  7  9 11 12 13 18 20 23 25 28 29 30 34 35 37 40 41 42 44 46 47 48
 49 50 52 60 64 67 68 69])
Bicluster(rows=[17, 76], cols=[ 1  3  6  8 11 13 14 15 22 23 25 26 27 28 31 32 34 37 39 41 43 47 48 50
 52 60 65 66 69 73])
Bicluster(rows=[17, 77], cols=[ 1  5 10 11 13 14 17 22 28 29 31 32 34 37 38 39 40 47 48 51 57 61 62 67
 68 73])
Bicluster(rows=[17, 78], cols=[ 2  3  6  8  9 11 14 15 16 18 22 23 26 30 31 35 37 43 44 45 48 50 54 58
 60 64 66 67 68 70 74])
Bicluster(rows=[17, 79], cols=[ 0  3  4  5  8 17 26 27 28 29 30 33 35 37 41 42 43 45 46 48 52 54 55 56
 59 64 67 68 69])
Bicluster(rows=[17, 80], cols=[ 0  7 14 19 23 25 27 39 40 41 46 48 52 54 55 56 59 64 68 69 71])
Bicluster(rows=[17, 81], cols=[ 1  6  7  9 11 15 16 18 20 23 26 27 28 30 31 35 36 39 41 42 44 46 47 52
 55 56 59 60 69 71 72])
Bicluster(rows=[17, 82], cols=[ 0  1  3  4  5  6 14 15 21 22 23 25 26 28 29 30 31 32 39 50 56 58 59 70
 72 74])
Bicluster(rows=[17, 83], cols=[ 1  2  6  7  9 14 17 18 20 21 22 23 30 33 34 37 38 41 43 45 46 48 49 50
 52 60 64 67 68 69])
Bicluster(rows=[17, 84], cols=[ 3  8 13 15 16 17 19 20 22 24 26 27 31 40 41 44 47 52 54 55 56 59 60 64
 67 68 69 71])
Bicluster(rows=[17, 85], cols=[ 0  1  2  3  4 11 12 13 14 17 18 19 20 21 22 23 29 31 32 33 34 40 46 48
 53 63 65 73])
Bicluster(rows=[17, 86], cols=[ 2  3  7  9 11 13 14 15 16 20 23 25 27 28 29 30 31 33 34 35 37 38 39 40
 45 49 51 57 61 62 64 66 67 68 70])
Bicluster(rows=[17, 87], cols=[ 1  2  5  9 14 15 19 25 27 28 30 31 33 34 39 40 41 42 53 56 58 59 62 70
 72 74])
Bicluster(rows=[17, 88], cols=[ 2  3  4  5  6  7  9 10 13 14 17 18 21 22 24 28 30 33 37 39 43 44 46 48
 50 52 60 63 65 66 69 73])
Bicluster(rows=[17, 89], cols=[ 0  3  8 11 13 16 17 18 19 25 28 29 40 41 47 48 52 54 55 56 59 64 67 68
 69 71])
Bicluster(rows=[17, 90], cols=[ 0  2  3  5  6  9 12 14 15 21 26 33 38 42 43 45 50 51 53 54 57 61 62 64
 66 71])
Bicluster(rows=[17, 91], cols=[ 0  2  3  4  5  7  8 11 14 15 19 23 25 26 28 33 35 36 37 41 44 45 47 49
 50 54 60 64 66 67 68 74])
Bicluster(rows=[17, 92], cols=[ 0  2  3  4  8  9 10 11 12 14 15 16 17 18 20 28 32 39 42 47 48 50 54 58
 62 66 70 71 74])
Bicluster(rows=[17, 93], cols=[ 0  2  3  4  6  7  9 11 14 15 19 20 21 28 29 31 33 34 35 36 37 39 40 47
 52 55 56 59 60 72])
Bicluster(rows=[17, 94], cols=[ 0  1  2  5  9 11 12 13 15 18 20 26 33 40 41 43 44 49 50 51 53 56 59 61
 62 66 72])
Bicluster(rows=[17, 95], cols=[ 0  2  5  6  7  9 11 14 15 17 19 22 29 31 33 34 37 41 42 46 47 49 51 53
 54 57 61 62 64 66 71])
Bicluster(rows=[17, 96], cols=[ 0  4  9 11 12 17 19 20 22 23 28 29 31 34 35 37 41 44 46 49 51 57 61 62
 64 67 68])
Bicluster(rows=[17, 97], cols=[ 0  4  5  7  8 10 12 13 15 16 19 25 28 31 32 33 34 36 37 38 40 41 42 43
 44 50 52 63 65 66 69 73])
Bicluster(rows=[17, 98], cols=[ 1  3  4  5  7 11 15 17 22 26 27 31 34 35 36 39 41 42 43 45 46 49 50 51
 53 56 57 59 61 62 66 72])
Bicluster(rows=[17, 99], cols=[ 0  2  3  4  7  9 14 16 19 20 23 27 29 31 33 35 37 40 41 42 45 47 48 50
 52 54 56 62 64 66 67 70])
Bicluster(rows=[18, 19], cols=[ 0  1  2  3  4  5  6  7  8  9 10 11 12 13 14 15 16 17 18 19 20 21 22 23
 24 26 27 31 33 37 39 40 45 47 48 51 54 55 57 58 59 62 65 66 69 74])
Bicluster(rows=[18, 20], cols=[ 0  1  2  3  4  5  6  7  8  9 10 11 12 13 14 15 16 17 19 20 22 23 26 27
 34 36 38 41 42 43 44 46 49 56 57 61 67 68 69 70 71 73])
Bicluster(rows=[18, 21], cols=[ 0  1  2  3  4  5  6  7  8  9 10 11 12 13 14 15 16 17 18 19 20 21 22 23
 24 25 26 28 30 31 32 34 37 39 40 42 44 49 53 57 58 60 63 72])
Bicluster(rows=[18, 22], cols=[ 0  1  2  3  4  5  6  7  8  9 10 11 12 13 14 15 16 17 18 19 20 21 22 23
 24 25 27 28 29 30 32 33 34 35 37 41 46 48 50 53 57 60 62 65 66 68 69 74])
Bicluster(rows=[18, 23], cols=[ 0  1  2  3  4  5  6  7  8  9 10 11 12 13 14 15 16 17 18 19 20 21 22 23
 24 28 29 32 37 39 40 44 45 49 51 53 58 65 68 73])
Bicluster(rows=[18, 24], cols=[ 0  1  2  3  4  5  6  7  8  9 10 11 12 13 14 15 17 19 20 22 23 43 50 53
 58 61 69 71 72 73])
Bicluster(rows=[18, 25], cols=[ 0  1  2  3  4  5  6  7  8  9 10 11 12 13 14 15 16 17 18 19 20 21 22 23
 24 25 26 27 31 32 33 34 35 36 37 38 41 42 43 44 47 52 55 57 59 62 67 68
 69 72 74])
Bicluster(rows=[18, 26], cols=[ 0  1  2  3  4  5  6  7  8  9 10 11 12 13 14 15 16 17 18 19 20 21 22 23
 24 25 27 29 33 34 35 36 42 44 46 47 51 52 53 58 59 60 62 66 72 73 74])
Bicluster(rows=[18, 27], cols=[ 1  3  4  6  7  8  9 11 12 13 14 16 17 18 19 21 22 23 25 29 31 34 35 38
 39 42 43 44 47 48 50 51 53 59 62 65 66 73 74])
Bicluster(rows=[18, 28], cols=[ 1  3  6  8 12 16 18 21 22 23 24 25 26 29 30 31 32 33 34 35 38 39 45 49
 53 55 58 59 62 66 68 69 72 73 74])
Bicluster(rows=[18, 29], cols=[ 0  1  2  3  4  5  6  7  8  9 10 11 12 13 14 15 16 17 18 19 20 21 22 23
 24 25 28 30 31 34 35 36 37 41 46 47 50 52 60 63 64 69 72 74])
Bicluster(rows=[18, 30], cols=[ 0  1  2  3  4  5  6  7  8  9 10 11 12 13 14 15 16 17 18 19 20 21 22 23
 24 31 32 40 49 53 58 59 62 65 66 72 73])
Bicluster(rows=[18, 31], cols=[ 0  1  2  3  4  5  6  7  8  9 10 11 12 13 14 15 16 17 18 19 20 21 22 23
 24 25 29 31 39 40 44 46 47 49 50 51 55 60 73])
Bicluster(rows=[18, 32], cols=[ 0  1  2  3  4  5  6  7  8  9 10 11 12 13 14 15 16 17 18 19 20 21 22 23
 24 25 27 30 38 40 44 45 48 52 58 60 67 69 71])
Bicluster(rows=[18, 33], cols=[ 1  2 11 14 15 18 19 20 21 22 24 25 27 30 31 34 36 37 38 42 47 48 51 59
 65 66 69])
Bicluster(rows=[18, 34], cols=[ 1  2  3  4  6  8  9 11 12 13 16 18 23 24 25 28 30 31 34 35 36 41 44 47
 48 50 52 55 58 63 65 68 69 70 74])
Bicluster(rows=[18, 35], cols=[ 0  1  2  4  5 10 13 14 16 19 21 23 27 29 40 41 46 52 54 55 58 59 60 65
 67 68 71])
Bicluster(rows=[18, 36], cols=[ 0  1  2  5  7  9 10 12 15 17 19 21 25 29 31 34 38 43 46 47 50 51 53 60
 62 65 68 69 74])
Bicluster(rows=[18, 37], cols=[ 4  7  9 10 11 15 16 18 19 24 25 30 32 33 34 38 39 40 43 46 49 55 57 58
 62 63 69 71 74])
Bicluster(rows=[18, 38], cols=[ 8 11 12 13 15 16 17 19 21 22 25 26 29 31 34 37 38 42 43 45 47 48 52 56
 57 58 62 64 65 66 67 68 69 70 72 73])
Bicluster(rows=[18, 39], cols=[ 1  2  3  4  5  7  8 11 16 22 28 31 33 35 41 47 48 50 53 55 58 60 61 66
 67 69 70 72])
Bicluster(rows=[18, 40], cols=[ 2  3  6  8  9 10 12 14 17 18 19 20 22 25 27 30 31 33 34 35 36 37 38 42
 47 48 51 52 54 55 58 59 60 63 64 72])
Bicluster(rows=[18, 41], cols=[ 1  3  4  7  8 11 12 13 14 16 21 25 29 30 31 33 34 38 43 45 46 47 52 55
 56 57 62 63 66 72])
Bicluster(rows=[18, 42], cols=[ 0  1  4  8 10 12 13 14 17 19 20 21 22 23 24 25 29 31 34 37 38 43 45 47
 48 50 54 57 58 60 62 63 69 74])
Bicluster(rows=[18, 43], cols=[10 11 13 14 17 22 25 30 32 33 34 38 43 46 50 51 55 58 60 62 63 69])
Bicluster(rows=[18, 44], cols=[ 7  9 13 22 25 29 30 31 33 34 37 38 43 45 46 47 54 55 56 61 63 64 65 66
 68 71 72])
Bicluster(rows=[18, 45], cols=[ 1  2  3  4  6  7  9 10 11 14 18 20 21 23 27 28 31 32 33 35 36 37 42 47
 48 50 52 53 54 55 57 61 62 66 72])
Bicluster(rows=[18, 46], cols=[ 7  9 10 12 13 16 17 18 19 20 21 29 39 40 42 46 49 53 55 56 60 64 66 68
 69 71 72 74])
Bicluster(rows=[18, 47], cols=[ 3  7  9 10 11 12 14 15 16 17 22 24 29 32 39 45 46 49 50 53 59 68 73])
Bicluster(rows=[18, 48], cols=[ 0  1  2  4  5  7 10 11 12 14 15 17 20 22 25 29 30 31 34 37 38 42 43 45
 47 48 51 52 53 55 57 59 60 65 66 68 69 73 74])
Bicluster(rows=[18, 49], cols=[ 0  2  4  5  7 11 19 20 22 25 27 30 31 34 36 41 44 47 48 50 51 53 55 57
 58 59 63 65 73])
Bicluster(rows=[18, 50], cols=[ 3  4  6  8 16 21 22 27 28 31 32 33 35 36 37 39 42 47 48 56 61 64 66 67
 69 70 72])
Bicluster(rows=[18, 51], cols=[ 0  3  6  7 12 13 18 19 21 23 39 48 49 56 60 64 66 67 69 72 73])
Bicluster(rows=[18, 52], cols=[ 0  1  2  6  7  9 13 14 15 17 26 27 36 38 41 42 43 48 50 55 57 58 59 60
 66 67 71 72 73])
Bicluster(rows=[18, 53], cols=[ 1  4  6  7  8 11 12 13 14 15 18 19 21 22 23 24 25 29 31 34 38 43 46 47
 50 52 54 57 58 63 66 68 69 71 72 73])
Bicluster(rows=[18, 54], cols=[ 1  3  4  6  8 11 14 23 28 29 32 33 35 39 40 44 45 46 49 52 53 55 56 57
 58 62 63 69 70 71 72])
Bicluster(rows=[18, 55], cols=[ 0  2 10 12 13 15 17 19 20 25 30 33 34 38 43 46 50 53 55 58 60 62 65 68
 69 72 73])
Bicluster(rows=[18, 56], cols=[ 2  5  9 11 14 15 16 20 22 25 27 30 31 34 36 38 41 47 48 52 53 55 56 57
 58 63 65 71 72 73 74])
Bicluster(rows=[18, 57], cols=[ 1  6  9 13 16 22 25 28 29 30 31 33 34 35 37 47 52 62 63 64 67 71 72])
Bicluster(rows=[18, 58], cols=[ 2  3  4 10 11 12 16 17 19 23 29 39 40 46 49 51 52 54 58 60 62 63 65 68
 69 71 73 74])
Bicluster(rows=[18, 59], cols=[ 1  2  3  6  7 12 21 23 27 31 32 33 35 36 37 41 47 48 50 53 55 60 63 68
 70 72])
Bicluster(rows=[18, 60], cols=[ 3  8 12 16 18 21 22 23 27 28 31 32 33 35 36 37 41 47 48 54 57 63 66 69
 70 72])
Bicluster(rows=[18, 61], cols=[ 1 16 18 23 24 26 29 31 37 46 48 54 55 57 61 62 63 66 67 70 71 72])
Bicluster(rows=[18, 62], cols=[ 0  1 12 13 18 19 21 22 24 25 28 30 32 33 34 35 39 40 43 46 49 55 56 57
 61 63 64 65 66 70 71 72 73])
Bicluster(rows=[18, 63], cols=[ 1  4  5  7  8 11 13 15 16 19 21 22 23 27 32 36 37 39 41 48 49 50 51 52
 55 59 60 61 62 68 69 71 73 74])
Bicluster(rows=[18, 64], cols=[ 3  4  8  9 13 15 18 19 21 22 28 29 32 33 35 39 44 50 55 57 58 64 68 69
 72 73])
Bicluster(rows=[18, 65], cols=[ 1  2  5 10 16 17 19 22 23 25 29 31 34 37 38 43 45 46 47 50 57 60 61 62
 64 66 68])
Bicluster(rows=[18, 66], cols=[ 0  2  7 11 15 17 18 20 21 23 29 32 39 40 42 46 48 49 52 54 56 57 62 63
 64 66 67 69 71 72])
Bicluster(rows=[18, 67], cols=[ 0  2  3  4  5 10 14 18 19 24 28 29 30 31 32 33 34 36 37 38 39 42 46 52
 54 56 57 62 64 66 67 69 71 74])
Bicluster(rows=[18, 68], cols=[ 0  2  6  7  8 10 11 13 14 16 21 22 23 25 26 29 31 34 36 42 48 50 51 53
 58 59 60 65 73])
Bicluster(rows=[18, 69], cols=[ 1  2  3  6  7  9 15 17 18 21 25 26 28 30 31 33 36 38 43 44 45 52 54 56
 57 62 64 66 67 69 71])
Bicluster(rows=[18, 70], cols=[ 0  6  8 16 18 21 24 25 26 27 31 37 38 41 42 43 48 52 53 54 55 57 58 60
 62 63 67 71 72 74])
Bicluster(rows=[18, 71], cols=[ 2  7  8  9 12 13 16 17 18 21 23 26 27 28 38 44 45 46 48 52 53 54 55 57
 58 60 62 64 66 67 71 74])
Bicluster(rows=[18, 72], cols=[ 0  1  2  4  5 12 14 16 19 22 23 24 29 32 36 37 38 39 42 56 61 63 66 67
 70 71])
Bicluster(rows=[18, 73], cols=[ 1  3  4  5  6  8 11 12 13 16 19 20 23 27 28 29 30 31 32 37 38 39 41 42
 44 46 48 49 54 56 61 64 66 67 70 71])
Bicluster(rows=[18, 74], cols=[ 0  2  3  4  6  8 12 13 15 16 17 19 20 21 27 29 30 35 36 38 41 44 46 50
 51 53 54 55 58 60 63 64 67 71 72])
Bicluster(rows=[18, 75], cols=[ 1  4  8 10 14 19 21 25 26 27 34 35 36 42 43 46 47 50 51 53 55 58 60 63
 67 71 72])
Bicluster(rows=[18, 76], cols=[ 0  4  5  6  7  9 11 13 16 17 18 24 25 29 30 32 34 35 37 38 41 42 43 45
 46 48 49 61 63 66 68 70 72])
Bicluster(rows=[18, 77], cols=[ 2  6  7  8  9 10 12 13 17 18 20 24 27 36 37 39 40 41 43 44 56 61 63 66
 68 70 72])
Bicluster(rows=[18, 78], cols=[ 3  6  7  8 13 17 22 23 25 26 27 28 34 36 37 38 39 43 47 48 54 56 61 64
 66 67 70 71])
Bicluster(rows=[18, 79], cols=[ 1  6 11 14 16 18 19 20 21 22 23 27 31 39 41 43 47 52 53 54 57 62 63 66
 67 69 71 72 74])
Bicluster(rows=[18, 80], cols=[ 1  3  4  6  8 20 22 24 27 28 29 30 31 33 35 36 38 41 42 44 49 52 55 57
 62 63 69 72 74])
Bicluster(rows=[18, 81], cols=[ 0  3  7  8  9 10 11 12 13 25 27 30 31 32 34 36 42 43 44 45 47 48 49 52
 57 62 63 66 67 69 71 72])
Bicluster(rows=[18, 82], cols=[ 4 10 11 12 13 16 17 18 19 20 26 27 28 30 31 32 35 36 46 47 49 52 53 54
 56 57 62 64 66 67 69 71 74])
Bicluster(rows=[18, 83], cols=[ 0  3  7  8 10 14 15 16 19 24 26 28 29 34 35 36 37 41 42 43 47 54 56 61
 64 67 70 71])
Bicluster(rows=[18, 84], cols=[ 0  2  3  4  5  8  9 12 13 15 16 20 22 24 28 31 33 34 36 38 43 46 50 51
 53 58 59 60 65 73])
Bicluster(rows=[18, 85], cols=[ 0  2  3  4  9 11 12 13 14 17 18 19 20 21 22 25 27 29 33 35 37 38 40 45
 47 48 61 63 66 68 70 72])
Bicluster(rows=[18, 86], cols=[ 2  3  8 11 12 15 16 19 20 23 25 29 31 32 37 39 40 42 47 52 55 57 62 68
 69 72 74])
Bicluster(rows=[18, 87], cols=[ 2  3  4  5  7  8  9 10 11 12 13 14 15 23 28 30 33 35 37 39 42 44 45 46
 50 51 54 55 58 60 63 64 67 71 72])
Bicluster(rows=[18, 88], cols=[ 2  3  4  5  7  9 10 13 14 17 21 22 24 27 28 31 32 33 34 35 36 37 39 41
 42 46 47 48 50 51 54 55 58 60 63 64 67 71 72])
Bicluster(rows=[18, 89], cols=[ 2  3  4  6  7  9 10 11 15 19 20 22 25 27 28 33 39 42 54 56 61 64 67 70
 71])
Bicluster(rows=[18, 90], cols=[ 2  8 10 14 20 26 30 32 38 39 43 48 50 51 53 54 55 57 58 60 63 64 67 71
 72])
Bicluster(rows=[18, 91], cols=[ 0  2  3  4  5  7  8 10 11 14 15 19 23 25 27 30 32 34 37 38 42 45 49 51
 53 58 59 60 65 73])
Bicluster(rows=[18, 92], cols=[ 1  4  6  7 11 14 25 27 28 30 32 33 34 35 38 42 46 52 53 54 56 57 58 62
 64 66 67 71 74])
Bicluster(rows=[18, 93], cols=[ 0  1  2  4  7  8  9 11 12 13 14 17 22 23 25 28 29 31 33 35 36 41 42 45
 46 47 48 52 53 54 56 57 62 64 66 67 69 71 74])
Bicluster(rows=[18, 94], cols=[ 3  7  8 11 12 13 16 22 23 25 27 29 34 35 39 42 44 48 52 53 54 57 58 60
 62 64 66 67 71 74])
Bicluster(rows=[18, 95], cols=[ 1  7  8  9 10 11 12 18 19 21 25 27 30 31 34 35 36 37 42 47 48 50 51 54
 55 58 60 63 64 67 71 72])
Bicluster(rows=[18, 96], cols=[ 1  3  5  6  8 10 12 16 18 24 26 27 34 37 39 41 42 44 48 52 53 54 55 57
 58 60 62 63 64 66 67 71 72 74])
Bicluster(rows=[18, 97], cols=[ 0  3  5  7  8 10 13 15 16 19 22 25 27 28 30 31 34 37 42 45 48 50 51 54
 63 64 67 71 72])
Bicluster(rows=[18, 98], cols=[ 4  7  8 11 12 13 16 17 18 20 23 25 27 31 34 35 36 50 51 54 55 58 60 63
 64 67 71 72])
Bicluster(rows=[18, 99], cols=[ 1  3  5 10 16 17 23 28 29 30 31 32 33 35 36 38 43 44 45 47 48 49 50 57
 58 59 62 63 69 71])
Bicluster(rows=[19, 20], cols=[ 1  3  6  8 11 12 13 22 23 25 29 38 39 46 52 53 54 56 57 59 69 70 73 74])
Bicluster(rows=[19, 21], cols=[ 0  1  2  3  4  5  6  7  8  9 10 11 12 13 14 15 16 17 18 19 20 21 22 23
 24 25 26 28 31 35 36 37 38 39 40 41 49 52 53 56 57 61 62 71 72])
Bicluster(rows=[19, 22], cols=[ 0  1  2  3  4  5  6  7  8  9 10 11 12 13 14 15 16 17 18 19 20 21 22 23
 24 27 28 37 48 50 54 56 60 62 64 66 67 69 72 74])
Bicluster(rows=[19, 23], cols=[ 0  1  2  3  4  5  6  7  8  9 10 11 12 13 14 15 16 17 18 19 20 21 22 23
 24 25 30 37 38 39 40 42 43 44 45 48 49 51 53 56 59 65 68 69 71 72])
Bicluster(rows=[19, 24], cols=[ 0  1  2  3  4  5  6  7  8  9 10 11 12 13 14 15 16 17 18 19 20 21 22 23
 24 25 28 30 31 32 33 34 35 41 45 46 51 52 54 56 58 60 69])
Bicluster(rows=[19, 25], cols=[ 0  1  2  3  4  5  6  7  8  9 10 11 12 13 14 15 16 17 18 19 20 21 22 23
 24 26 27 28 31 35 37 47 50 54 60 61 62 64 66 68])
Bicluster(rows=[19, 26], cols=[ 0  1  2  3  4  5  6  7  8  9 10 11 12 13 14 15 16 17 18 19 20 21 22 23
 24 27 28 33 35 41 43 47 48 52 55 58 59 61 62 64 66 71 72])
Bicluster(rows=[19, 27], cols=[ 0  1  2  3  4  5  6  7  8  9 10 11 12 13 14 15 16 17 18 19 20 21 22 23
 24 30 31 36 39 41 44 47 48 53 56 58 59 60 62 64 65 67 71 74])
Bicluster(rows=[19, 28], cols=[ 0  1  2  3  4  5  6  7  8  9 10 11 12 13 14 15 16 17 18 19 20 21 22 23
 24 25 26 30 33 39 42 45 49 50 51 53 55 59 60 61 62 63 65 66 69 70 72 74])
Bicluster(rows=[19, 29], cols=[ 0  1  2  3  4  5  6  7  8  9 10 11 12 13 14 15 16 17 18 19 20 21 22 23
 24 26 27 28 31 36 37 41 48 50 54 56 57 61 66 67 69 73 74])
Bicluster(rows=[19, 30], cols=[ 0  1  2  3  4  5  6  7  8  9 10 11 12 13 14 15 16 17 18 19 20 21 22 23
 24 25 30 31 33 36 37 38 39 41 42 44 45 51 52 58 62 63 64 65 66 71 72 74])
Bicluster(rows=[19, 31], cols=[ 0  1  2  3  4  5  6  7  8  9 10 11 12 13 14 15 16 17 18 19 20 21 22 23
 24 27 30 31 33 34 38 40 43 44 45 49 51 55 56 63 65 71])
Bicluster(rows=[19, 32], cols=[ 0  1  2  3  4  5  6  7  8  9 10 11 12 13 14 15 16 17 18 19 20 21 22 23
 24 25 27 28 34 35 40 43 45 48 49 51 52 53 56 58 61 65 67 68 69 70 73])
Bicluster(rows=[19, 33], cols=[ 1 11 13 14 18 19 20 21 22 24 27 28 31 35 36 37 41 48 51 52 53 56 58 60
 64 65 66 67 68 69])
Bicluster(rows=[19, 34], cols=[ 5 10 11 12 13 15 21 22 25 28 29 33 35 40 42 50 52 53 55 56 59 62 64 66
 67 68 69 70 71 73])
Bicluster(rows=[19, 35], cols=[ 1  3  4  6  7 11 12 13 14 16 19 20 23 25 27 30 33 36 37 38 41 43 44 48
 54 55 57 58 60 61 62 67 69])
Bicluster(rows=[19, 36], cols=[ 3  4  6  7  8  9 13 14 19 20 23 25 27 30 33 36 37 41 43 44 48 57 60 61
 62 64 66 67 74])
Bicluster(rows=[19, 37], cols=[ 0  1  2  6  8 11 14 19 20 21 22 23 26 28 31 35 43 44 46 47 53 54 57 60
 61 62 66 67 68 69 71])
Bicluster(rows=[19, 38], cols=[ 0  1  2  3  4  5  7 10 11 13 14 18 19 20 22 24 25 27 30 33 36 37 41 43
 44 48 51 56 57 60 61 68 69 73 74])
Bicluster(rows=[19, 39], cols=[ 1  3  4  5  7 16 20 22 25 30 31 43 44 46 47 52 54 55 57 58 64 66 67 69
 72 73])
Bicluster(rows=[19, 40], cols=[ 2  3  6  8  9 10 12 14 15 17 18 19 20 22 27 28 31 35 36 37 41 47 48 51
 55 56 58 59 61 67 70])
Bicluster(rows=[19, 41], cols=[ 0  2  4  5  9 10 11 13 15 17 20 22 23 25 27 30 33 37 43 44 48 51 52 53
 55 60 61 68 69 72])
Bicluster(rows=[19, 42], cols=[ 0  1  4  8 10 12 13 14 15 17 19 20 21 22 23 24 31 35 36 37 45 47 48 52
 54 56 57 61 68 69 71 72])
Bicluster(rows=[19, 43], cols=[ 0  1  2  5 12 14 15 17 19 20 25 27 30 33 36 37 38 41 43 44 48 53 57 58
 60 61 63])
Bicluster(rows=[19, 44], cols=[ 0  1  2  3 10 11 14 17 18 19 20 21 23 29 30 34 38 39 40 42 43 49 51 54
 56 57 59 60 61 63 64 69 71 74])
Bicluster(rows=[19, 45], cols=[ 0  1  2  3  4  5  6  9 10 13 17 18 20 21 23 25 27 30 33 36 37 38 41 43
 44 48 54 57 58 60 62 63 66 71 72])
Bicluster(rows=[19, 46], cols=[ 1  3  4  6  7  9 10 11 12 13 14 16 17 19 20 21 23 25 30 33 36 37 38 41
 43 44 48 50 55 61 62 64 66 69 74])
Bicluster(rows=[19, 47], cols=[ 2  5  6  9 10 12 15 16 22 24 30 34 38 39 40 43 44 45 51 56 58 59 60 61
 62 65 71])
Bicluster(rows=[19, 48], cols=[ 0  2  3  4  5  6  7 10 12 13 14 15 16 17 18 20 21 23 26 27 31 32 37 41
 47 50 51 54 56 57 62 67 68 71 72])
Bicluster(rows=[19, 49], cols=[ 4  5  6  7 10 11 12 13 15 16 17 23 25 29 30 34 38 39 40 42 49 50 56 58
 63 67 71 72 73])
Bicluster(rows=[19, 50], cols=[ 1  3  4  6  8 12 14 16 18 21 22 23 25 27 30 33 36 37 38 41 43 44 48 50
 55 57 60 64 66 67 68 69])
Bicluster(rows=[19, 51], cols=[ 0  3  4  7  8 11 12 13 14 15 16 19 20 22 23 25 27 30 33 36 37 41 43 44
 48 55 57 61 64 67 68 69])
Bicluster(rows=[19, 52], cols=[ 0  3  5  7  9 10 11 14 17 20 22 23 30 34 38 39 40 42 43 44 45 49 51 53
 55 58 60 61 62 63 65 68 69 71 72 73])
Bicluster(rows=[19, 53], cols=[ 1  2  5  6  9 11 13 14 17 18 20 21 22 24 28 29 33 35 40 42 52 54 55 56
 57 60 66 67 69 70 72])
Bicluster(rows=[19, 54], cols=[ 0  1  2  4  5  7  8 10 12 13 15 17 19 20 23 29 30 34 38 39 40 42 43 44
 49 52 53 55 57 60 64 68 69 72])
Bicluster(rows=[19, 55], cols=[ 2  3  4  5  6 11 14 15 17 19 20 23 25 27 33 36 37 41 43 44 48 55 57 58
 60 64 72 74])
Bicluster(rows=[19, 56], cols=[ 1  2  3  5  6  8  9 10 14 19 23 29 30 34 38 39 40 42 43 44 49 54 55 57
 58 59 61 63 64 67 68 70 72 74])
Bicluster(rows=[19, 57], cols=[ 0  2  3  7 11 12 14 15 16 17 19 20 23 29 30 34 38 39 40 42 43 44 49 51
 52 53 55 57 59 63 64 65 66 67 74])
Bicluster(rows=[19, 58], cols=[ 2  3  4  6  8  9 10 11 13 17 19 21 22 23 25 27 30 33 36 37 38 41 43 44
 48 54 55 58 61 62 64 66 68 69])
Bicluster(rows=[19, 59], cols=[ 2  3  5  6  7 13 19 21 23 25 27 30 33 36 37 38 41 43 44 48 55 56 58 61
 67 72])
Bicluster(rows=[19, 60], cols=[ 1  3  4  6  7  8  9 11 12 13 16 21 22 25 27 30 33 36 37 38 41 43 44 48
 50 54 57 60 61 62 64 66 67 68 69])
Bicluster(rows=[19, 61], cols=[ 1  2  6  7 11 12 13 14 16 18 19 20 21 22 23 31 43 44 46 47 60 61 62 64
 66 67 68 69 73])
Bicluster(rows=[19, 62], cols=[ 2  4  5  6  7  9 10 11 12 14 15 20 23 25 29 30 34 38 39 40 42 49 50 55
 58 59 60 62 64 65 66 68 72 74])
Bicluster(rows=[19, 63], cols=[ 1  4  5  7  8 11 12 13 14 16 21 22 23 25 27 30 31 33 43 44 50 54 60 62
 64 66 67 68])
Bicluster(rows=[19, 64], cols=[ 0  3  5  7  8  9 10 14 17 18 20 21 22 23 25 30 33 38 39 43 44 45 55 56
 57 61 62 63 64 67 69 71 72])
Bicluster(rows=[19, 65], cols=[ 3  4 11 15 19 23 25 27 31 33 43 44 50 57 58 60 62 65])
Bicluster(rows=[19, 66], cols=[ 0  2  5 10 16 18 21 25 30 31 34 35 40 43 44 45 48 49 50 54 55 57 58 60
 61 62 64 66 67 68 69 73])
Bicluster(rows=[19, 67], cols=[ 4  8 12 14 15 16 19 20 25 27 28 31 32 33 36 37 38 44 45 46 47 49 51 52
 56 58 59 63 65 71 74])
Bicluster(rows=[19, 68], cols=[ 0  2  5  6  7  8 11 13 14 15 16 20 21 23 26 28 30 31 32 35 43 51 52 53
 56 59 63 65 71 72 74])
Bicluster(rows=[19, 69], cols=[ 1  3  5  7  8 10 16 17 19 22 28 34 35 36 38 40 41 42 43 47 48 51 52 56
 58 59 60 63 65 71 74])
Bicluster(rows=[19, 70], cols=[ 1  3  4  5  7  9 11 12 13 14 17 22 23 24 30 35 36 38 39 40 42 43 44 45
 47 59 63 65 70 71])
Bicluster(rows=[19, 71], cols=[ 2  5  6  7  9 10 13 17 20 28 29 34 36 37 38 40 43 46 47 48 49 55 56 57
 58 59 60 61 62 63 65 69])
Bicluster(rows=[19, 72], cols=[ 4  6  7  8  9 10 11 12 15 17 18 20 26 30 34 35 36 37 41 47 51 52 53 56
 72 74])
Bicluster(rows=[19, 73], cols=[ 0  2  3  6  9 10 11 14 15 17 19 23 25 30 33 34 39 41 43 44 48 49 50 54
 57 60 61 62 64 66 67 68 69 73])
Bicluster(rows=[19, 74], cols=[ 4  7  8 10 13 14 16 17 20 21 27 30 31 34 36 40 41 42 43 44 51 52 53 54
 55 64 67 68 70 72])
Bicluster(rows=[19, 75], cols=[ 1  3  4  5  7  8 10 11 13 14 18 19 23 26 27 28 36 38 39 41 51 52 53 55
 64 67 68 72 74])
Bicluster(rows=[19, 76], cols=[ 1  2  3  7  8 10 11 13 14 17 20 22 23 32 35 36 39 43 46 48 51 53 54 56
 59 64 67 68 70 72])
Bicluster(rows=[19, 77], cols=[ 1  4  5 11 14 19 22 27 28 32 33 34 35 38 39 40 41 44 45 50 55 57 60 61
 62 66 69 71 72])
Bicluster(rows=[19, 78], cols=[ 3  6  8  9 11 14 15 16 18 22 27 30 36 37 42 43 47 48 51 52 56 58 59 65
 71 72 74])
Bicluster(rows=[19, 79], cols=[ 0  1  2 11 12 14 19 23 25 29 30 31 33 34 38 40 43 44 49 55 56 57 58 60
 61 62 65 69 71 72 74])
Bicluster(rows=[19, 80], cols=[ 1  3  6  9 10 15 17 22 24 27 30 31 32 33 43 44 49 50 54 55 57 58 60 61
 62 64 66 67 68 69 73 74])
Bicluster(rows=[19, 81], cols=[ 1  6  7 11 16 17 18 23 25 41 43 48 51 52 56 58 59 63 65 71 72 74])
Bicluster(rows=[19, 82], cols=[ 0  4  5 11 12 13 14 15 18 19 25 26 34 36 38 42 43 50 52 54 55 57 58 61
 62 64 66 69 73 74])
Bicluster(rows=[19, 83], cols=[ 1  2  6  7  9 14 17 18 21 22 23 27 28 30 31 35 37 38 43 47 51 53 56 59
 65 70 72])
Bicluster(rows=[19, 84], cols=[ 1  4  6 13 17 20 23 26 27 28 29 33 34 37 38 39 42 43 44 45 47 50 54 64
 66 67 68 73])
Bicluster(rows=[19, 85], cols=[ 1  4  6  8  9 11 12 13 14 15 16 19 23 25 26 30 35 41 42 46 48 51 53 56
 59 67 68 70 72])
Bicluster(rows=[19, 86], cols=[ 0  3  5  7  8  9 10 13 14 16 23 25 28 30 37 38 39 40 46 47 55 56 57 58
 60 61 62 66 69 72])
Bicluster(rows=[19, 87], cols=[ 2  3  4  5  7  8  9 10 12 13 14 15 25 27 36 37 48 50 52 53 55 57 58 66
 73 74])
Bicluster(rows=[19, 88], cols=[ 2  3  4  5  6  7  9 10 11 13 14 17 18 20 21 22 24 25 27 28 30 31 33 35
 37 39 43 47 51 52 53 55 57 70 73 74])
Bicluster(rows=[19, 89], cols=[ 0  3  6  8 11 13 16 17 18 19 21 25 26 27 28 34 41 44 51 53 56 59 63 65
 70 72])
Bicluster(rows=[19, 90], cols=[ 1  2  3  5  6 12 14 15 20 21 27 29 38 42 43 45 48 55 56 57 58 59 60 61
 62 63 65 69 71 72])
Bicluster(rows=[19, 91], cols=[ 0  2  7 13 15 16 18 22 25 26 29 30 31 34 35 42 43 47 48 50 54 55 57 58
 60 61 62 64 66 67 68 69])
Bicluster(rows=[19, 92], cols=[ 0  2  3  8  9 10 11 12 15 16 17 19 20 21 22 25 26 28 31 32 35 36 39 41
 44 45 55 56 57 58 59 60 61 62 63 65 69 71])
Bicluster(rows=[19, 93], cols=[ 0  1  5 13 15 20 25 27 30 33 36 38 41 43 45 48 50 54 55 57 58 61 64 66
 67 68 73 74])
Bicluster(rows=[19, 94], cols=[ 0  2  3  4  8  9 11 13 15 16 19 20 22 23 26 28 30 36 37 38 39 41 44 45
 48 50 51 52 53 55 57 66 70 73 74])
Bicluster(rows=[19, 95], cols=[ 0  2  3  4 13 14 15 17 21 28 30 33 36 39 41 43 44 45 48 54 56 64 67 68
 70 72])
Bicluster(rows=[19, 96], cols=[ 1  3  4  5  6  8  9 10 16 19 24 25 26 27 28 30 31 37 41 44 46 48 52 54
 55 57 58 64 67 68 74])
Bicluster(rows=[19, 97], cols=[ 0  4  5  7  8 10 12 13 15 16 17 19 20 27 28 33 35 37 45 46 47 48 51 52
 53 54 64 68 70])
Bicluster(rows=[19, 98], cols=[ 4  6  7  8 12 13 15 16 17 18 21 24 26 27 28 31 32 35 41 46 48 50 51 52
 53 55 57 66 70 73 74])
Bicluster(rows=[19, 99], cols=[ 0  2  3  4  7  9 14 16 19 20 23 33 34 36 37 41 44 45 49 51 57 59 62 65
 67 73])
Bicluster(rows=[20, 21], cols=[ 1  3  6  8 12 13 16 22 23 25 29 34 36 38 39 41 42 45 47 48 51 52 55 56
 57 58 59 60 65 66 67 70 71])
Bicluster(rows=[20, 22], cols=[ 1  3  6  8 12 22 23 27 29 33 34 35 40 44 47 50 54 57 59 60 61 67 69 70
 71 72])
Bicluster(rows=[20, 23], cols=[ 1  3  4  6  8 11 12 13 22 23 25 26 31 35 39 43 48 53 58 61 66 67 68 69
 70 71 72])
Bicluster(rows=[20, 24], cols=[ 0  1  2  3  4  5  6  7  8  9 10 11 12 13 14 15 16 17 18 19 20 21 22 23
 24 27 29 31 32 36 38 40 43 49 54 55 61 64 66 67 69 71 73])
Bicluster(rows=[20, 25], cols=[ 0  1  2  3  4  5  6  7  8  9 10 11 12 13 14 15 16 17 18 19 20 21 22 23
 24 27 30 36 38 40 41 42 44 45 48 49 50 51 53 54 57 63 65 67 68 69 74])
Bicluster(rows=[20, 26], cols=[ 0  1  2  3  4  5  6  7  8  9 10 11 12 13 14 15 16 17 18 19 20 21 22 23
 24 27 36 37 40 41 44 45 46 51 73])
Bicluster(rows=[20, 27], cols=[ 0  1  2  3  4  5  6  7  8  9 10 11 12 13 14 15 16 17 18 19 20 21 22 23
 24 25 28 30 31 33 34 37 40 41 42 43 44 45 49 52 54 62 63 66])
Bicluster(rows=[20, 28], cols=[ 0  2  4  5  7  9 10 11 14 15 17 19 20 28 39 41 42 44 45 47 48 51 53 54
 57 59 62 65 67 68 70 74])
Bicluster(rows=[20, 29], cols=[ 1  3  6  8 12 16 22 23 27 34 35 36 38 40 45 47 48 50 51 52 53 54 58 60
 62 63 64 69 73 74])
Bicluster(rows=[20, 30], cols=[ 2  4  7  9 11 12 13 14 17 19 20 25 27 28 29 33 34 35 36 39 40 41 46 47
 48 50 53 55 61 62 67 69 70 71])
Bicluster(rows=[20, 31], cols=[ 0  2  4  5  7  9 10 11 13 14 15 17 19 20 26 33 35 38 41 42 43 48 50 56
 57 58 60 66 67 68 69 70 72 74])
Bicluster(rows=[20, 32], cols=[ 0  1  2  3  4  5  6  7  8  9 10 11 12 13 14 15 16 17 18 19 20 21 22 23
 24 29 30 36 37 44 63 66 67 68 69 73])
Bicluster(rows=[20, 33], cols=[ 2  6  7  8 15 16 25 26 29 31 33 35 36 38 39 42 43 47 48 51 57 59 65 66
 67 70])
Bicluster(rows=[20, 34], cols=[ 0  1  2  3  4  6  8  9 11 12 13 16 18 23 24 27 30 36 40 41 42 51 53 54
 59 60 62 65 69 70 73])
Bicluster(rows=[20, 35], cols=[ 0  1  2  4  5  7  8  9 10 11 12 13 14 15 17 18 19 23 26 28 31 33 35 39
 40 46 47 51 56 57 63 65 68 69 73])
Bicluster(rows=[20, 36], cols=[ 0  1  2  4  5  6  8  9 10 13 16 17 19 22 23 24 26 28 31 33 35 37 39 40
 46 47 50 56 57 59 63 64 65 69 71 73 74])
Bicluster(rows=[20, 37], cols=[ 0  1  2  8  9 11 19 21 30 31 47 48 51 52 54 58 62 63 64 65 70])
Bicluster(rows=[20, 38], cols=[ 0  2  4  7 12 14 20 22 27 29 30 36 40 41 42 49 52 54 55 57 58 60 62 64
 68 69 71])
Bicluster(rows=[20, 39], cols=[ 1  3  6  8  9 14 15 17 18 21 22 23 24 25 34 37 38 43 46 49 50 51 52 53
 54 57 60 63 65 69 73])
Bicluster(rows=[20, 40], cols=[ 4  7 11 18 23 26 29 31 35 38 39 43 47 48 53 54 57 58 66 67 69 71 72])
Bicluster(rows=[20, 41], cols=[ 4  6  7 11 12 13 14 18 22 23 24 25 33 34 35 37 38 40 46 52 58 59 66 70])
Bicluster(rows=[20, 42], cols=[ 0  1  4  5  8 13 14 15 19 20 25 26 28 33 35 37 39 40 46 47 53 55 57 59
 62 64 65 69 74])
Bicluster(rows=[20, 43], cols=[ 2  3  5  6  7  8 11 13 15 20 23 24 27 29 30 36 40 41 42 49 50 51 56 60
 62 63 65 68 70 73])
Bicluster(rows=[20, 44], cols=[ 1  5 11 14 15 17 19 23 25 26 29 31 33 34 35 38 39 47 48 54 55 56 57 59
 62 67 69 70 72 74])
Bicluster(rows=[20, 45], cols=[ 0  1  3  4  5  6 13 17 18 21 23 37 45 46 49 54 57 59 61 62 63 64 65 73])
Bicluster(rows=[20, 46], cols=[ 0  2  3  4  5 11 12 13 14 16 18 23 26 27 28 29 31 35 36 39 41 42 45 47
 48 50 51 53 54 57 60 65 67 68 69 70 73 74])
Bicluster(rows=[20, 47], cols=[ 0  3 18 21 22 25 27 29 31 33 34 36 38 39 41 42 43 45 47 50 51 52 53 54
 55 56 59 62 68 69 72])
Bicluster(rows=[20, 48], cols=[ 0  2  3  4  5  6  7  8  9 10 12 13 14 16 17 18 20 21 23 25 27 31 33 35
 36 38 39 40 42 43 47 50 52 57 58 65 66 68 69 73])
Bicluster(rows=[20, 49], cols=[ 0  1  2  3  4  6  7  8 12 13 18 20 21 23 25 29 31 33 34 38 39 44 47 48
 50 51 55 56 57 60 62 64 65 73])
Bicluster(rows=[20, 50], cols=[ 0  1  2  3  6  7  8  9 10 12 13 16 17 19 21 22 24 26 27 28 29 31 33 35
 36 39 41 42 45 47 50 53 57 62 65 68 69 73])
Bicluster(rows=[20, 51], cols=[ 2  3  4  5  6 11 12 17 18 21 23 24 26 28 31 39 46 47 50 51 53 56 57 59
 60 69 70 71])
Bicluster(rows=[20, 52], cols=[ 2  3  7 11 14 15 16 18 21 22 23 25 26 27 29 31 33 35 36 38 39 42 43 47
 48 50 53 54 67 71 73])
Bicluster(rows=[20, 53], cols=[ 0  1  5  6  8 10 12 13 16 22 23 29 30 31 47 48 51 52 56 57 58 61 65 68])
Bicluster(rows=[20, 54], cols=[ 0  2  3  4  5  6 10 11 15 16 17 18 21 25 26 29 31 33 34 35 38 39 47 48
 52 53 54 58 62 63 64 65])
Bicluster(rows=[20, 55], cols=[ 0  1  2 10 14 15 16 17 18 19 20 24 25 28 33 35 37 40 46 49 50 53 57 64
 65 66 67 68 69 70 72 73])
Bicluster(rows=[20, 56], cols=[ 1  2  3  6  8  9 13 15 17 18 19 20 23 24 25 26 29 31 33 34 35 38 39 47
 48 52 54 55 59 60 65 68 70 71 74])
Bicluster(rows=[20, 57], cols=[ 0  2  6  7 10 11 12 14 16 18 19 21 22 25 26 29 31 33 35 38 39 43 47 48
 50 51 52 54 57 59 61 64 68 74])
Bicluster(rows=[20, 58], cols=[ 0  3  4  5  6  8 11 12 14 15 20 22 23 24 26 27 28 29 31 35 36 39 41 42
 45 47 48 52 53 55 58 60 63 67 68 69 70 74])
Bicluster(rows=[20, 59], cols=[ 0  1 10 12 13 15 16 17 19 25 33 34 35 38 40 43 46 51 53 54 56 60 68 69
 73])
Bicluster(rows=[20, 60], cols=[ 1  2  5  6  7  8 10 11 13 14 15 18 19 20 22 26 27 28 29 31 32 36 39 42
 47 48 50 51 52 53 59 62 67 68 69])
Bicluster(rows=[20, 61], cols=[ 0  4  6  9 11 13 18 22 23 24 25 28 33 35 37 49 51 52 59 60 62 63 73 74])
Bicluster(rows=[20, 62], cols=[ 1  4  7  9 11 12 14 15 17 20 21 22 25 31 33 34 38 39 44 47 48 51 53 57
 59 62])
Bicluster(rows=[20, 63], cols=[ 1  2  6  9 10 11 12 16 17 18 19 20 22 23 24 26 28 31 33 35 37 39 40 46
 47 50 54 56 59 60 62 65 68 70 72])
Bicluster(rows=[20, 64], cols=[ 2  5  7 12 14 17 20 24 25 26 27 29 31 33 35 36 38 39 41 42 43 45 47 48
 50 51 54 55 56 57 62 64 66 68 71])
Bicluster(rows=[20, 65], cols=[ 1  4  9 11 14 20 21 22 23 27 30 36 40 41 42 44 50 51 52 54 55 56 57 65
 67 68 73 74])
Bicluster(rows=[20, 66], cols=[ 2  4  7 11 13 15 17 20 23 24 30 31 33 37 42 44 45 46 49 52 53 55 56 58
 59 60 66 67 70 71 72 74])
Bicluster(rows=[20, 67], cols=[ 3  7 11 15 17 18 21 29 31 32 33 34 36 44 50 51 52 53 57 60 63 64 65 69
 70 73 74])
Bicluster(rows=[20, 68], cols=[ 0  1  3  9 10 17 19 26 28 31 32 35 38 39 40 41 42 50 51 54 57 65 68 69
 73])
Bicluster(rows=[20, 69], cols=[ 1  2  3  6  7  9 15 16 17 18 21 24 26 29 31 32 36 37 38 43 44 52 53 55
 58 59 60 66 67 69 70 71 72 74])
Bicluster(rows=[20, 70], cols=[ 3  4  7  8  9 10 11 12 13 14 15 17 18 20 21 22 25 27 31 39 41 42 45 48
 49 54 55 56 58 59 61 66 68])
Bicluster(rows=[20, 71], cols=[ 2  7  9 12 13 16 17 18 20 21 23 24 25 27 29 31 34 37 38 40 41 46 50 51
 56 57 59 62 67 71])
Bicluster(rows=[20, 72], cols=[ 0  1  2  4  5 12 14 16 19 22 23 24 27 28 31 38 42 45 50 52 53 54 55 56
 58 59 60 68 70 74])
Bicluster(rows=[20, 73], cols=[ 1  4  5  6  8 11 12 13 16 19 20 23 27 30 40 41 44 46 49 52 53 55 56 58
 59 60 66 67 70 71 72 74])
Bicluster(rows=[20, 74], cols=[ 0  2  3  4  6 12 13 15 17 18 19 20 21 27 30 31 33 36 37 39 41 44 45 46
 48 50 51 56 57 62 67 71])
Bicluster(rows=[20, 75], cols=[ 0  1  2  4  7  8  9 11 13 15 19 20 33 34 37 38 39 40 44 49 50 52 53 54
 60 65 69 70 73 74])
Bicluster(rows=[20, 76], cols=[ 0  1  3  4  5  6  7  8  9 13 16 18 21 22 23 24 26 30 31 34 39 41 42 46
 47 49 50 52 54 55 56 58 59 60 70])
Bicluster(rows=[20, 77], cols=[ 2  3  6  7  9 10 12 13 16 17 18 20 27 32 33 35 36 41 43 44 45 48 52 54
 55 56 58 59 60 66 68 70])
Bicluster(rows=[20, 78], cols=[ 0  2  4  8 12 19 20 23 24 25 27 28 29 30 33 34 36 38 39 40 47 48 50 51
 54 57 65 68 69 73])
Bicluster(rows=[20, 79], cols=[ 1  2 10 11 12 14 19 22 23 24 25 28 32 33 35 43 45 47 50 51 55 56 57 59
 67 69 71 72])
Bicluster(rows=[20, 80], cols=[ 1  5  6  7  8 11 12 13 14 22 27 29 33 35 40 42 43 45 50 52 53 54 56 59
 60 68 69 70 74])
Bicluster(rows=[20, 81], cols=[ 0  1  6  9 10 16 21 23 24 25 27 29 35 36 39 40 41 42 43 44 45 47 49 52
 53 55 58 59 60 66 67 70 71 72 74])
Bicluster(rows=[20, 82], cols=[ 1  3  6  9 10 17 20 22 23 24 26 27 29 31 36 40 41 46 48 49 52 53 55 59
 66 67 69 71 72 74])
Bicluster(rows=[20, 83], cols=[ 0  2  3  5  7  8  9 10 11 14 15 16 24 33 36 38 40 41 44 50 52 53 54 55
 56 58 59 60 68 70 74])
Bicluster(rows=[20, 84], cols=[ 3  7  8 10 11 12 14 18 19 21 22 26 27 30 33 41 45 47 48 52 55 58 59 60
 66 67 70 72])
Bicluster(rows=[20, 85], cols=[ 0  1  2  3  4  9 10 11 12 13 14 17 18 19 20 21 22 23 24 25 27 42 44 47
 49 52 54 55 56 58 59 60 70])
Bicluster(rows=[20, 86], cols=[ 3  6  7  8  9 12 13 17 18 21 24 29 34 35 36 38 39 46 48 50 51 54 57 65
 68])
Bicluster(rows=[20, 87], cols=[ 0  6  7  8 11 12 13 16 17 18 20 21 22 25 30 31 34 38 40 41 44 45 47 49
 51 52 57 60 63 64 69 70 74])
Bicluster(rows=[20, 88], cols=[ 0  1  4  6  8 11 13 15 16 20 22 25 33 39 43 44 49 50 52 57 58 60 63 64
 65 70 73 74])
Bicluster(rows=[20, 89], cols=[ 1  2  3  4  6  7  8  9 10 11 13 15 16 19 20 22 30 31 34 40 45 50 52 53
 54 55 56 58 59 60 68 70 74])
Bicluster(rows=[20, 90], cols=[ 2  3  6 10 12 14 18 20 25 29 30 31 33 35 37 38 40 42 47 49 50 51 56 57
 59 62 67])
Bicluster(rows=[20, 91], cols=[ 1  4  6  9 11 12 13 14 16 19 20 21 23 26 30 31 33 37 40 41 46 47 52 53
 55 56 58 59 60 66 67 70 74])
Bicluster(rows=[20, 92], cols=[ 0  1  2  6  9 10 13 15 19 20 21 22 24 26 27 30 31 32 33 35 36 41 43 44
 45 48 51 52 53 57 60 63 64 69 70 74])
Bicluster(rows=[20, 93], cols=[ 0  2  3  4  7  9 11 14 16 17 18 19 23 24 30 36 37 40 42 45 46 47 48 52
 55 56 59 66 67 69 71 72 74])
Bicluster(rows=[20, 94], cols=[ 1  4  8  9 10 11 12 13 14 16 17 18 19 22 23 29 31 34 37 38 39 42 45 47
 51 52 53 57 60 63 64 69 70 74])
Bicluster(rows=[20, 95], cols=[ 0  2  4  5  6 12 14 15 16 17 23 40 45 46 49 50 52 58 60 63 64 65 70 73
 74])
Bicluster(rows=[20, 96], cols=[ 2  7 12 13 14 18 21 22 23 26 27 29 30 31 33 34 35 38 41 42 44 50 51 56
 57 59 67 69])
Bicluster(rows=[20, 97], cols=[ 1  2  3  4  7  9 11 12 13 14 17 18 19 21 22 23 24 30 33 36 40 41 42 44
 45 46 50 52 58 60 65 70 73 74])
Bicluster(rows=[20, 98], cols=[ 2  8  9 10 12 14 16 18 19 21 23 30 31 34 35 37 38 39 43 44 45 46 48 55
 56 59 61 63 64 65 66 73])
Bicluster(rows=[20, 99], cols=[ 1  2  4  7 14 15 18 19 21 22 23 24 28 29 30 32 33 35 37 40 42 53 57 58
 59 60 62 69 72])
Bicluster(rows=[21, 22], cols=[ 0  1  2  3  4  5  6  7  8  9 10 11 12 13 14 15 16 17 18 19 20 21 22 23
 24 28 30 32 34 38 45 46 53 55 56 57 59 60 61 62 70 72])
Bicluster(rows=[21, 23], cols=[ 0  1  2  3  4  5  6  7  8  9 10 11 12 13 14 15 16 17 18 19 20 21 22 23
 24 25 27 28 32 34 37 39 44 48 49 50 53 55 56 58 62 63 64 66 67 70 71 74])
Bicluster(rows=[21, 24], cols=[ 0  2  4  5  7  9 10 11 14 15 17 19 20 25 27 29 30 34 39 41 45 51 54 55
 57 60 66 70 71 74])
Bicluster(rows=[21, 25], cols=[ 4  7  9 11 13 14 19 27 29 30 31 39 44 48 50 52 53 55 56 58 59 60 62 63
 68 69])
Bicluster(rows=[21, 26], cols=[ 0  1  2  3  4  5  6  7  8  9 10 11 12 13 14 15 16 17 18 19 20 21 22 23
 24 25 28 31 34 38 39 41 42 44 45 52 54 55 60 61 65 67 68 69 70 71 72])
Bicluster(rows=[21, 27], cols=[ 0  1  2  3  4  5  6  7  8  9 10 11 12 13 14 15 16 17 18 19 20 21 22 23
 24 25 27 29 31 33 36 41 42 44 45 50 53 54 56 62 63 67 68 70 71 73])
Bicluster(rows=[21, 28], cols=[ 0  1  2  3  4  5  6  7  8  9 10 11 12 13 14 15 16 17 18 19 20 21 22 23
 24 25 26 27 29 32 34 44 46 47 48 49 53 54 58 61 62 67 68 72])
Bicluster(rows=[21, 29], cols=[ 0  1  2  3  4  5  6  7  8  9 10 11 12 13 14 15 16 17 18 19 20 21 22 23
 24 25 26 28 30 31 34 36 37 38 44 45 46 52 56 58 59 60 61 63 68 70 72])
Bicluster(rows=[21, 30], cols=[ 0  1  2  3  4  5  6  7  8  9 10 11 12 13 14 15 16 17 18 19 20 21 22 23
 24 25 27 29 31 32 40 41 46 47 48 49 50 53 55 58 59 62 64 68 69 71 72 73
 74])
Bicluster(rows=[21, 31], cols=[ 0  1  2  3  4  5  6  7  8  9 10 11 12 13 14 15 16 17 18 19 20 21 22 23
 24 25 29 31 32 38 39 40 41 44 46 48 49 56 58 60 64 66 67 68 70 74])
Bicluster(rows=[21, 32], cols=[ 0  1  2  3  4  5  6  7  8  9 10 11 12 13 14 15 16 17 18 19 20 21 22 23
 24 25 28 30 32 35 39 40 43 44 47 49 50 52 53 55 56 58 59 60 61 63 64 74])
Bicluster(rows=[21, 33], cols=[ 2  4  7 14 20 23 27 29 32 40 47 48 49 56 58 61 66 67 69 72 74])
Bicluster(rows=[21, 34], cols=[ 1  5  7  8 10 14 15 17 18 19 24 31 32 36 37 39 42 43 45 46 47 50 52 54
 55 56 59 61 66 68 73 74])
Bicluster(rows=[21, 35], cols=[ 0  1  2  3  4  5  6  7 10 11 13 14 16 19 20 21 23 32 36 42 43 45 46 47
 49 50 56 59 61 62 63 64 66 72])
Bicluster(rows=[21, 36], cols=[ 0  1  2  4  5  9 10 12 16 17 18 19 21 26 31 35 36 46 53 58 59 60 61 64
 70])
Bicluster(rows=[21, 37], cols=[ 5 12 13 15 32 36 37 39 41 42 43 45 46 47 50 52 54 55 56 58 60 69 70 73
 74])
Bicluster(rows=[21, 38], cols=[ 2  4  5  6  7  8 10 14 20 21 23 25 27 28 29 30 34 35 39 47 51 52 55 58
 60 62 68 71 73])
Bicluster(rows=[21, 39], cols=[ 0  9 10 14 15 17 19 20 32 36 37 39 41 42 43 45 46 47 53 54 55 56 58 61
 63 64 67 68 70 74])
Bicluster(rows=[21, 40], cols=[ 2  3  6  8  9 10 14 15 18 20 22 25 28 30 31 34 36 37 41 42 46 60 61 63
 68 72])
Bicluster(rows=[21, 41], cols=[ 1  2  3  5  8  9 10 15 16 17 19 20 21 25 27 28 29 30 32 34 39 40 47 48
 52 54 57 60 62 63 64 67 68 69 71 74])
Bicluster(rows=[21, 42], cols=[ 0  1  4  5  8 10 12 13 14 15 17 19 20 21 22 23 24 26 30 31 35 36 41 46
 51 52 56 57 58 59 60 62 63 64 67 70 71])
Bicluster(rows=[21, 43], cols=[ 0  1  2  3  5  6 11 12 14 15 17 19 20 23 24 31 32 36 37 39 42 43 45 46
 53 57 61 62 64 67 69 72 74])
Bicluster(rows=[21, 44], cols=[ 2  4  8 10 13 14 15 16 20 22 26 28 30 35 37 44 45 52 53 54 56 59 60 61
 63 64 65 72])
Bicluster(rows=[21, 45], cols=[ 0  1  3  5  6 13 15 17 18 21 23 29 32 36 39 41 42 43 45 46 47 48 49 51
 52 53 55 56 57 58 59 62 64 65 69 70 71 74])
Bicluster(rows=[21, 46], cols=[ 1  3  4  6  7  9 11 12 13 14 17 19 20 21 23 29 32 40 41 43 46 47 48 49
 51 53 57 59 60 61 62 65 67 70 72])
Bicluster(rows=[21, 47], cols=[ 2  5  6  9 10 12 15 16 22 24 27 29 32 40 47 48 49 53 54 55 56 61 64 67
 70 71 74])
Bicluster(rows=[21, 48], cols=[ 2  4  7  8 13 14 15 29 32 40 41 43 47 48 49 51 54 55 58 59 62 63 66 67
 70 72])
Bicluster(rows=[21, 49], cols=[ 0  5  9 10 11 15 17 19 22 25 26 28 30 31 34 37 45 52 53 57 58 61 63 67
 69 70 73])
Bicluster(rows=[21, 50], cols=[ 5  7  9 13 15 17 18 19 20 23 27 29 40 43 48 49 52 53 54 55 56 58 59 61
 62 63 68 70])
Bicluster(rows=[21, 51], cols=[ 0  3  4  7  8 10 11 12 13 15 16 17 19 20 22 23 32 36 37 39 42 43 45 46
 47 54 57 59 60 61 62 70 72])
Bicluster(rows=[21, 52], cols=[ 0  1  5  6  9 10 13 17 20 26 30 31 33 35 37 42 45 54 55 57 58 62 65 68
 69 72 73])
Bicluster(rows=[21, 53], cols=[ 1  2  6  9 13 14 17 18 20 21 22 24 25 30 34 35 39 40 47 48 49 50 51 56
 57 59 63 64 65 67 68 73])
Bicluster(rows=[21, 54], cols=[ 0  2  4  5 10 11 14 15 17 20 21 22 25 26 28 30 31 34 35 37 42 44 45 54
 60 61 62 64 67 68 70 71 72 73 74])
Bicluster(rows=[21, 55], cols=[ 0  2  4  9 10 11 14 15 20 23 32 36 41 42 43 45 46 47 49 52 53 55 56 58
 59 60 66 68 69 71 74])
Bicluster(rows=[21, 56], cols=[ 1  3  6  8  9 10 11 14 19 23 27 29 32 38 39 40 44 47 48 49 52 57 59 60
 61 65 69 70 71 72])
Bicluster(rows=[21, 57], cols=[ 5 13 15 25 28 30 31 34 36 37 38 41 42 44 45 46 52 54 55 56 58 60 61 66
 68 71 74])
Bicluster(rows=[21, 58], cols=[ 2  3  4 11 12 14 15 17 19 20 21 23 29 32 40 41 43 47 48 49 50 52 55 56
 58 59 60 62 63 67 70 72])
Bicluster(rows=[21, 59], cols=[ 0  3  5  6 10 13 15 17 19 21 23 29 32 36 41 42 43 45 46 47 49 50 52 54
 58 61 63 64 65 66 67 68 69 71])
Bicluster(rows=[21, 60], cols=[ 0  1  4  6  7  9 11 13 16 17 19 21 29 32 36 41 42 43 45 46 47 49 52 56
 61 64 67 72])
Bicluster(rows=[21, 61], cols=[ 4  5  9 10 13 17 32 36 37 39 42 43 45 46 52 54 56 57 58 60 62 63 67 70
 72])
Bicluster(rows=[21, 62], cols=[ 1  2  4  5  8 10 13 14 15 16 19 20 26 28 30 33 34 35 50 52 56 57 59 60
 63 64 65 66 68 69 71 72])
Bicluster(rows=[21, 63], cols=[14 15 25 27 28 29 30 34 35 39 48 52 55 57 60 64 67 68 69 70 71 72 74])
Bicluster(rows=[21, 64], cols=[ 0  2  3  5  7  8 10 14 17 18 20 21 22 23 27 29 32 40 43 47 48 49 54 55
 56 58 60 61 62 65 66 67 70 71 72 73 74])
Bicluster(rows=[21, 65], cols=[ 1  2  4  5  6 10 11 16 17 18 19 22 23 26 30 31 35 36 41 46 51 52 55 56
 57 59 65 70 72 74])
Bicluster(rows=[21, 66], cols=[ 0  2  3  4  6  7  8 10 13 15 17 20 25 28 30 32 34 38 39 41 46 48 50 53
 55 58 60 66 69 71 73 74])
Bicluster(rows=[21, 67], cols=[ 0  2  3  4 10 14 18 19 20 24 26 30 31 32 34 35 36 37 39 42 43 45 47 51
 57 61 65])
Bicluster(rows=[21, 68], cols=[ 2  5  6  7  8 11 13 14 15 16 20 21 22 23 26 27 28 29 31 35 38 41 42 43
 45 46 47 52 53 54 55 58 60 64 66 67 68 71 74])
Bicluster(rows=[21, 69], cols=[ 1  5  7  8 10 16 17 22 25 27 28 29 36 37 39 40 41 45 49 52 55 58 60 62
 64 66 68 70 71])
Bicluster(rows=[21, 70], cols=[ 1  3  4  5  7  9 11 12 13 14 17 22 23 24 26 27 33 34 35 36 38 40 41 44
 48 50 54 55 56 64 66 67 69 74])
Bicluster(rows=[21, 71], cols=[ 1  5  6  7  9 10 13 15 17 20 28 29 32 36 37 38 39 42 56 61 62 64 68 71])
Bicluster(rows=[21, 72], cols=[ 0  1  3  5  7  9 11 12 15 17 29 30 31 32 33 36 39 42 44 46 47 48 57 59
 63 72])
Bicluster(rows=[21, 73], cols=[ 0  1  2  9 10 11 12 13 15 16 17 18 19 21 24 26 28 30 31 37 38 41 42 50
 52 53 55 58 60 66 68 69 71 73 74])
Bicluster(rows=[21, 74], cols=[ 1 10 11 17 20 22 27 28 32 34 37 38 42 44 46 48 49 56 61 62 64 68 71])
Bicluster(rows=[21, 75], cols=[ 2  3  4  5  7  9 11 13 20 23 25 26 28 36 37 40 41 45 47 55 56 58 63 66
 69 74])
Bicluster(rows=[21, 76], cols=[ 1  2  3  7  8 11 13 14 15 20 22 23 25 27 30 34 35 36 38 39 41 42 44 45
 47 52 53 56 58 59 60 63 72])
Bicluster(rows=[21, 77], cols=[ 3  5  7 17 21 23 27 29 31 34 36 37 43 44 49 50 54 55 64 66 67 69 74])
Bicluster(rows=[21, 78], cols=[ 3  6 11 14 16 18 22 32 34 36 37 43 46 50 53 55 58 66 68 69 71 73 74])
Bicluster(rows=[21, 79], cols=[ 1  5  6  7  9 15 17 22 23 25 26 29 32 38 41 42 44 45 46 48 49 51 54 57
 59 63 67 72])
Bicluster(rows=[21, 80], cols=[ 0  2  5  7 14 19 23 25 27 29 34 36 38 39 41 43 53 54 55 58 60 64 66 67])
Bicluster(rows=[21, 81], cols=[ 2  4 13 14 17 21 24 25 28 29 30 31 34 36 39 41 42 43 45 46 52 54 56 58
 61 62 64 67 68 70 71])
Bicluster(rows=[21, 82], cols=[ 0  1  2  3  4  6 11 13 14 19 21 22 23 25 28 31 33 35 36 39 44 48 54 56
 61 62 64 67 68 70 71])
Bicluster(rows=[21, 83], cols=[ 1  2  6  7  8  9 14 17 18 20 21 22 23 32 34 35 39 41 42 44 49 54 55 64
 66 67 69 74])
Bicluster(rows=[21, 84], cols=[ 3  7  8 11 12 16 17 19 22 24 27 31 32 34 35 36 39 40 41 44 45 47 48 50
 55 64 66 67 68 69 71 73 74])
Bicluster(rows=[21, 85], cols=[ 1  4  5  6  8  9 11 12 14 16 19 23 26 27 33 36 38 39 41 44 47 48 50 54
 55 64 66 67 69 74])
Bicluster(rows=[21, 86], cols=[ 0  1 10 11 19 20 22 30 33 34 35 36 44 47 53 54 55 56 58 60 64 66 67 74])
Bicluster(rows=[21, 87], cols=[ 6  7 11 12 13 16 17 21 22 26 28 29 35 36 37 42 44 45 51 54 56 57 59 64
 67 68 71])
Bicluster(rows=[21, 88], cols=[ 2  3  4  6  7  8  9 10 13 14 17 18 21 22 24 25 28 31 35 37 39 42 45 46
 52 53 58 59 60 62 65])
Bicluster(rows=[21, 89], cols=[ 4  5  8  9 11 16 17 18 19 25 28 29 30 33 35 36 40 41 42 46 47 49 50 54
 55 64 66 67 68 69 74])
Bicluster(rows=[21, 90], cols=[ 1  4  7 10 20 23 28 32 34 36 37 39 40 43 48 49 52 55 58 61 62 66 70 73])
Bicluster(rows=[21, 91], cols=[ 0  2  4  7 11 12 14 15 19 23 24 25 28 30 32 37 39 41 42 47 49 52 53 54
 55 58 60 64 66 67 68])
Bicluster(rows=[21, 92], cols=[ 1  2  3  6  8  9 15 16 19 21 22 24 25 26 30 33 34 35 39 42 44 47 51 54
 56 57 59 64 67 68 71])
Bicluster(rows=[21, 93], cols=[ 3  4  5  6  7  9 10 11 14 15 16 20 21 25 26 28 30 31 32 34 37 39 44 45
 47 48 49 52 55 58 60 62 66 70 71 73])
Bicluster(rows=[21, 94], cols=[ 1  4  6  9 10 11 12 13 14 17 18 19 25 28 30 35 36 41 42 54 56 57 59 64
 67 68 71])
Bicluster(rows=[21, 95], cols=[ 1  7  8  9 10 11 12 16 18 19 23 24 26 30 33 37 45 52 53 58 59 60 61 62
 65])
Bicluster(rows=[21, 96], cols=[ 1  3  5  6  8 10 16 19 24 26 28 36 37 39 42 45 47 52 53 59 60 61 62 63
 65 70 72])
Bicluster(rows=[21, 97], cols=[ 0  3  5  7  8 10 12 13 15 16 19 28 30 31 34 35 37 38 41 42 52 53 58 59
 60 62 72])
Bicluster(rows=[21, 98], cols=[ 7  8 12 13 15 16 17 18 21 23 24 28 30 31 33 34 37 38 41 45 47 52 53 58
 59 60 62 65 72])
Bicluster(rows=[21, 99], cols=[ 0  2  3  4  7  9 14 16 19 20 23 27 30 31 32 36 37 39 41 46 49 55 58 60
 61 63 64 68 70 74])
Bicluster(rows=[22, 23], cols=[ 0  1  2  3  4  5  6  7  8  9 10 11 12 13 14 15 16 17 18 19 20 21 22 23
 24 29 31 32 35 37 38 42 53 55 56 61 63 69 70 71 72])
Bicluster(rows=[22, 24], cols=[ 1  3 12 13 23 25 28 29 32 38 39 40 42 45 46 49 52 54 57 58 61 63 64 69
 71 72 73 74])
Bicluster(rows=[22, 25], cols=[ 0  1  2  3  4  5  6  7  8  9 10 11 12 13 14 15 16 17 18 19 20 21 22 23
 24 25 28 33 34 36 37 39 40 41 43 45 46 47 49 51 52 57 58 62 63 64 66 70
 71 73])
Bicluster(rows=[22, 26], cols=[ 0  1  2  3  4  5  6  7  8  9 10 11 12 13 14 15 16 17 18 19 20 21 22 23
 24 25 26 28 29 31 34 35 36 38 39 40 42 45 46 48 49 51 53 55 58 61 62 63
 64 66 68 70 72 74])
Bicluster(rows=[22, 27], cols=[ 0  1  2  3  4  5  6  7  8  9 10 11 12 13 14 15 16 17 18 19 20 21 22 23
 24 25 29 35 40 45 48 49 52 54 58 60 62 63 64 67 68 74])
Bicluster(rows=[22, 28], cols=[ 1  3  6  8 12 16 18 21 22 23 24 29 30 32 33 34 35 37 40 46 47 51 52 53
 56 62 64 65 66 68 69 70 72 74])
Bicluster(rows=[22, 29], cols=[ 0  1  2  3  4  5  6  7  8  9 10 11 12 13 14 15 16 17 18 19 20 21 22 23
 24 25 26 27 28 30 34 35 37 38 39 40 43 44 45 46 47 48 49 50 51 54 56 60
 65 67 69 70 72 74])
Bicluster(rows=[22, 30], cols=[ 1  3  6  8 16 18 21 22 23 24 27 29 30 33 34 35 38 40 42 43 48 49 50 56
 58 59 60 61 63 64 65 66 68 69 70 71 73 74])
Bicluster(rows=[22, 31], cols=[ 0  1  2  3  4  5  6  7  8  9 10 11 12 13 14 15 16 17 18 19 20 21 22 23
 24 25 27 29 38 42 47 56 61 71])
Bicluster(rows=[22, 32], cols=[ 0  1  2  3  4  5  6  7  8  9 10 11 12 13 14 15 16 17 18 19 20 21 22 23
 24 27 28 30 31 36 39 42 47 48 55 59 60 61 63 69 73])
Bicluster(rows=[22, 33], cols=[ 1  2 11 14 15 18 19 21 22 24 25 26 27 28 30 33 39 40 43 44 48 49 50 53
 54 56 59 61 63 64 65 66 67 73])
Bicluster(rows=[22, 34], cols=[ 0  1  2  3  6  8  9 11 12 13 16 18 23 24 26 28 30 33 34 35 36 38 39 40
 41 49 51 52 54 65 67 68 69 72 74])
Bicluster(rows=[22, 35], cols=[ 4  7  9 11 14 17 19 26 28 29 30 33 34 37 43 44 46 48 50 53 60 63 65 68
 69 70 71 72 74])
Bicluster(rows=[22, 36], cols=[ 0  2  5  7  9 11 12 14 17 26 28 29 30 33 34 37 43 44 47 53 54 59 60 63
 65 69 70 72])
Bicluster(rows=[22, 37], cols=[ 1  6 11 14 17 19 20 22 23 26 28 30 33 34 39 40 41 45 49 51 52 53 54 58
 60 66 67 69 71 73])
Bicluster(rows=[22, 38], cols=[ 4  6  8 11 12 15 17 19 23 26 28 29 33 34 37 39 43 44 46 48 49 50 54 55
 59 60 61 62 63 64 66 68 69 72])
Bicluster(rows=[22, 39], cols=[ 4  7  9 13 14 17 26 28 29 30 33 34 37 43 44 47 50 51 59 61 62 63 65 69
 70 72])
Bicluster(rows=[22, 40], cols=[ 2  6  9 10 14 17 18 20 22 26 28 29 30 33 34 37 46 47 48 56 62 64 65 67
 71 72 73])
Bicluster(rows=[22, 41], cols=[ 3  7 11 14 16 26 28 29 30 33 34 37 43 44 47 50 51 54 57 59 60 61 62 66
 67 68 71 72 73 74])
Bicluster(rows=[22, 42], cols=[ 0  2  5  7 10 12 14 15 20 24 26 28 29 30 33 34 37 42 43 44 47 51 56 59
 63 65 69 70 73 74])
Bicluster(rows=[22, 43], cols=[ 3  4  6  7  8  9 11 13 23 24 26 30 33 34 35 36 38 39 40 41 49 53 58 59
 62 63 66 67 73])
Bicluster(rows=[22, 44], cols=[ 2  4  6  8 10 13 14 15 20 22 26 28 30 33 34 39 40 45 49 51 53 56 59 61
 63 70 71 74])
Bicluster(rows=[22, 45], cols=[ 1  2  3  4  6  9 10 11 14 18 20 21 23 26 27 32 33 34 35 38 45 47 48 49
 50 53 57 58 62 63 66 69 71 72 73 74])
Bicluster(rows=[22, 46], cols=[ 1  3  4  6  7  9 10 11 12 13 17 19 23 29 31 32 37 38 46 47 50 52 53 54
 57 58 59 60 63 64 66 68 69 70 72 73 74])
Bicluster(rows=[22, 47], cols=[ 3  7  9 11 14 15 16 17 22 24 29 31 32 35 37 38 46 47 50 51 53 54 55 56
 58 63 65 66 69 70 71])
Bicluster(rows=[22, 48], cols=[ 0  1  2  4  5  7 10 11 14 17 20 22 25 26 28 29 33 37 39 43 44 46 48 49
 50 54 56 58 59 60 61 63 65 66 67 68 69 70 71 72 74])
Bicluster(rows=[22, 49], cols=[ 1  3  6  9 11 14 16 19 23 26 28 30 31 32 33 34 37 42 43 44 47 52 58 60
 63 66 68 74])
Bicluster(rows=[22, 50], cols=[ 0  2  4  7  9 10 14 15 17 20 26 28 29 30 33 34 37 39 43 44 46 48 49 53
 56 61 63 68 70 71 72 74])
Bicluster(rows=[22, 51], cols=[ 3  6  7  8  9 12 13 14 16 19 22 23 27 32 35 38 45 47 48 50 52 54 57 58
 59 60 63 64 66 67 69 72 73])
Bicluster(rows=[22, 52], cols=[ 1  2  6  7  9 13 14 15 25 27 28 39 40 43 44 49 50 51 52 54 56 57 60 61
 64 66 68 70 72])
Bicluster(rows=[22, 53], cols=[ 4  7  9 11 13 14 15 19 26 28 30 33 34 37 42 43 44 47 51 59 61 63 66 67
 68 69 72])
Bicluster(rows=[22, 54], cols=[ 3  4  6  7 13 16 17 18 19 21 22 23 25 36 41 43 44 45 51 52 54 56 60 62
 63 65 66 67 68 69 70 71 74])
Bicluster(rows=[22, 55], cols=[ 1  7  8 13 21 22 26 33 34 35 36 38 39 40 41 49 50 51 52 54 57 58 62 66
 67 69 70 72 74])
Bicluster(rows=[22, 56], cols=[ 2  5  9 11 14 15 16 20 22 25 28 36 39 40 41 43 45 52 53 59 61 68 72 73])
Bicluster(rows=[22, 57], cols=[ 0  1  2  7  8 10 14 19 25 36 41 43 44 45 50 51 52 54 58 59 67 68 70 71
 73 74])
Bicluster(rows=[22, 58], cols=[ 0  2  5 13 15 17 19 20 26 28 29 30 33 34 37 39 43 44 46 48 49 50 51 53
 56 60 61 65 67 68 70 72 73 74])
Bicluster(rows=[22, 59], cols=[ 7 17 19 20 26 28 29 30 33 34 37 43 44 46 48 50 54 57 59 61 62 63 65 67
 68 69 70 72 74])
Bicluster(rows=[22, 60], cols=[ 2  5  7  9 10 15 17 20 26 28 29 30 33 34 37 39 43 44 46 48 53 56 59 60
 61 63 65 68 71 72 74])
Bicluster(rows=[22, 61], cols=[ 0  7  9 14 17 19 26 28 30 31 32 33 34 42 43 44 47 50 53 54 56 59 60 63
 65 68 69 70 71 74])
Bicluster(rows=[22, 62], cols=[ 4  7  9 13 14 15 16 19 20 28 30 34 36 39 40 41 45 49 54 56 59 60 61 67
 71 72 73 74])
Bicluster(rows=[22, 63], cols=[ 2  4  7  9 17 19 20 26 28 29 30 33 34 37 43 44 46 47 51 53 59 60 61 65
 67 68 70 71 72 73 74])
Bicluster(rows=[22, 64], cols=[ 3  4  8  9 11 12 13 15 19 21 22 23 26 29 32 35 37 38 46 47 48 50 52 54
 60 62 63 64 67 71 74])
Bicluster(rows=[22, 65], cols=[ 1  2  4  5  6  8 10 11 12 17 19 26 28 29 30 33 34 37 39 43 44 46 47 48
 51 54 55 56 59 60 62 64 66 68 70 71 72 73])
Bicluster(rows=[22, 66], cols=[ 2  3  4  5  6  7  8 11 13 27 29 30 31 32 34 35 36 37 38 40 42 44 47 49
 53 55 56 61 70 74])
Bicluster(rows=[22, 67], cols=[ 1  4  6  7 11 12 16 17 19 22 26 27 28 29 30 33 34 35 37 39 43 51 60 63
 65 68 69 70 71 72])
Bicluster(rows=[22, 68], cols=[ 6  8  9 10 12 13 16 17 21 23 25 29 30 36 37 40 44 45 47 51 53 54 56 59
 60 61 63 65 67 68 69 70 71 72 73 74])
Bicluster(rows=[22, 69], cols=[ 0  1  3  4  8 11 13 14 16 19 22 25 26 28 29 30 32 34 39 44 45 46 50 51
 59 62 63 65 68 69 71 72])
Bicluster(rows=[22, 70], cols=[ 0  1  3 12 19 22 23 27 28 30 37 46 48 49 53 54 59 60 61 65 67 70 72 73
 74])
Bicluster(rows=[22, 71], cols=[ 0  4 11 12 14 19 26 27 29 31 34 39 44 45 48 50 52 57 58 59 63 65 66 68
 71 72 73])
Bicluster(rows=[22, 72], cols=[ 6  7  8  9 10 11 18 20 25 31 35 38 39 40 41 43 46 55 56 61 63 65 67 68
 71 72])
Bicluster(rows=[22, 73], cols=[ 1 11 12 14 19 25 27 28 30 33 40 43 44 45 48 53 56 60 61 63 65 68 70 71
 72 74])
Bicluster(rows=[22, 74], cols=[ 0  2  3  6  9 12 15 16 21 29 30 34 36 37 40 41 42 43 45 46 47 50 51 53
 57 60 62 66 69 70 74])
Bicluster(rows=[22, 75], cols=[ 1  3  4  8 14 17 18 19 23 25 27 30 34 38 43 44 45 46 47 49 50 51 53 54
 59 60 61 64 69 70 73 74])
Bicluster(rows=[22, 76], cols=[ 0  5  7  9 11 12 13 17 28 29 32 34 35 39 43 48 50 52 57 58 59 63 65 66
 68 71 72 73])
Bicluster(rows=[22, 77], cols=[ 1  2  7  9 10 11 12 13 17 20 22 25 26 27 28 29 30 31 33 37 38 43 47 49
 50 52 54 57 58 59 62 66 67 68 73])
Bicluster(rows=[22, 78], cols=[ 0  2  3  6  8  9 11 16 18 20 22 23 25 27 31 32 33 34 35 40 41 42 44 46
 48 51 53 56 59 60 61 63 65 67 68 69 70 71 72 74])
Bicluster(rows=[22, 79], cols=[ 2  6 10 14 16 18 21 25 26 27 31 36 41 43 44 46 47 50 51 53 59 60 61 62
 64 66 69 70 73 74])
Bicluster(rows=[22, 80], cols=[ 1  3  4  6  8 20 22 24 25 26 27 28 29 30 33 35 36 37 40 41 45 50 51 57
 59 60 62 64 66 69])
Bicluster(rows=[22, 81], cols=[ 1  2  4  6 11 13 14 16 18 23 26 28 30 34 35 40 44 46 47 48 56 60 61 63
 65 68 69 70 71 72 74])
Bicluster(rows=[22, 82], cols=[ 1  3  4  6  7  8 11 13 19 21 22 23 25 26 27 28 29 30 37 39 40 43 49 50
 51 59 62 63 65 68 69 71 72])
Bicluster(rows=[22, 83], cols=[ 0  2  5  7  9 10 11 12 14 15 17 26 31 33 35 37 45 47 49 50 51 52 54 57
 58 59 62 66 67 68 72 73])
Bicluster(rows=[22, 84], cols=[ 0  2  3  4  5  8  9 13 15 16 20 22 24 25 33 37 39 43 45 46 47 49 53 56
 60 61 63 65 67 68 70 71 72 74])
Bicluster(rows=[22, 85], cols=[ 1  3  6  7  8 12 16 22 23 27 28 30 39 43 44 45 48 50 51 53 59 60 61 64
 70 73 74])
Bicluster(rows=[22, 86], cols=[ 0  5 10 11 14 19 22 27 29 30 31 34 39 40 41 42 45 48 53 56 61 63 65 67
 68 71 72])
Bicluster(rows=[22, 87], cols=[ 2  4  6  9 10 12 14 15 18 22 24 26 27 28 31 33 35 38 39 40 44 46 48 51
 57 74])
Bicluster(rows=[22, 88], cols=[ 3  6  8 18 21 22 24 26 28 30 33 40 41 44 45 46 50 51 53 60 66 69 70 74])
Bicluster(rows=[22, 89], cols=[ 1  3  6 12 16 18 21 22 25 31 34 36 37 40 45 49 50 51 53 54 59 60 61 64
 69 70 72 73 74])
Bicluster(rows=[22, 90], cols=[ 3  6 12 13 17 19 21 26 29 31 35 36 39 40 47 49 50 52 57 58 59 65 66 67
 68 71 73])
Bicluster(rows=[22, 91], cols=[ 2  4  5  7  8 10 11 12 13 17 23 27 28 30 31 32 35 43 44 47 48 53 56 60
 61 63 65 68 70 71 72 74])
Bicluster(rows=[22, 92], cols=[ 1  3  8 13 16 18 19 22 27 30 34 40 43 47 49 50 51 58 59 62 63 65 66 68
 71 72 73])
Bicluster(rows=[22, 93], cols=[ 4  7  8 11 12 14 17 19 22 23 24 25 26 30 33 34 36 37 38 39 40 41 44 46
 52 57 58])
Bicluster(rows=[22, 94], cols=[ 3  7  8 12 13 16 22 23 25 27 29 30 31 34 35 38 40 43 47 49 51 53 57 60
 62 66 69 70])
Bicluster(rows=[22, 95], cols=[ 1  7  8 11 12 16 18 19 21 23 25 27 36 39 40 43 44 45 50 51 53 60 62 66
 69 70 74])
Bicluster(rows=[22, 96], cols=[ 0  4 11 12 17 19 20 22 23 25 27 28 29 31 33 34 38 39 44 48 50 51 58 59
 62 63 65 66 67 68 71 72 73])
Bicluster(rows=[22, 97], cols=[ 1  2  3  4  6  7 13 14 17 19 23 26 28 30 32 34 35 40 43 47 48 49 50 52
 57 59 63 65 66 71 72])
Bicluster(rows=[22, 98], cols=[ 4  6  8 11 16 18 20 21 24 25 28 36 39 40 43 44 45 47 48 49 50 51 53 57
 60 62 66 69 70 74])
Bicluster(rows=[22, 99], cols=[ 1  6  8 10 11 12 13 17 18 22 27 28 32 33 34 36 40 41 50 51 54 56 57 59
 64 66 68 72])
Bicluster(rows=[23, 24], cols=[ 1  3  4  7  9 11 12 13 14 19 22 23 27 28 29 31 32 42 43 44 55 59 61 62
 65 67 68 69 71 74])
Bicluster(rows=[23, 25], cols=[ 2  7  9 14 17 20 25 31 34 35 36 38 39 40 41 42 44 45 50 51 55 56 57 58
 61 62 63 73 74])
Bicluster(rows=[23, 26], cols=[ 0  1  2  3  4  5  6  7  8  9 10 11 12 13 14 15 16 17 18 19 20 21 22 23
 24 29 31 33 35 48 50 51 53 54 55 57 59 60 61 63 67 70 71 73])
Bicluster(rows=[23, 27], cols=[ 0  1  2  3  4  5  6  7  8  9 10 11 12 13 14 15 16 17 18 19 20 21 22 23
 24 26 29 32 37 39 46 51 53 55 57 61 63 68 69 71 72 73])
Bicluster(rows=[23, 28], cols=[ 0  1  2  3  4  5  6  7  8  9 10 11 12 13 14 15 16 17 18 19 20 21 22 23
 24 25 30 31 32 33 34 35 40 41 42 43 44 45 46 47 51 53 54 55 57 58 59 61
 62 65 66 67 69 71 72 73 74])
Bicluster(rows=[23, 29], cols=[ 0  1  2  3  4  5  6  7  8  9 10 11 12 13 14 15 16 17 18 19 20 21 22 23
 24 27 28 29 34 35 37 48 56 57 58 66 69])
Bicluster(rows=[23, 30], cols=[ 0  1  2  3  4  5  6  7  8  9 10 11 12 13 14 15 16 17 18 19 20 21 22 23
 24 25 27 29 30 32 33 34 37 38 40 42 43 44 45 48 49 52 53 54 55 58 60 65
 67 69 70 71 73 74])
Bicluster(rows=[23, 31], cols=[ 0  1  2  3  4  5  6  7  8  9 10 11 12 13 14 15 16 17 18 19 20 21 22 23
 24 26 28 29 30 32 33 34 35 36 37 38 39 40 42 43 44 45 48 49 51 52 54 56
 57 58 59 60 61 63 65 66 67 69 70 71 72 73 74])
Bicluster(rows=[23, 32], cols=[ 0  1  2  3  4  5  6  7  8  9 10 11 12 13 14 15 16 17 18 19 20 21 22 23
 24 25 26 29 31 32 33 37 40 41 42 44 45 46 49 50 53 54 55 56 57 63 65 68
 69 70 74])
Bicluster(rows=[23, 33], cols=[ 1  5 10 12 13 17 24 25 26 27 28 30 31 32 34 35 36 39 40 42 43 44 45 48
 49 52 58 59 65 66 67 68 69 70 71 73])
Bicluster(rows=[23, 34], cols=[ 5  9 10 11 12 13 15 21 22 31 36 39 40 41 42 46 48 49 56 59 60 61 63 68
 69 71])
Bicluster(rows=[23, 35], cols=[ 0  1  2  3  4  5  6  7 11 13 14 16 19 20 21 23 26 29 31 32 33 37 38 39
 40 48 49 50 56 62 66 68 69])
Bicluster(rows=[23, 36], cols=[ 0  1  5  7  9 10 12 15 16 17 18 19 21 27 29 37 42 45 51 53 58 64 66 68])
Bicluster(rows=[23, 37], cols=[ 0  2  3  5 14 18 19 24 25 26 28 31 32 34 36 39 41 46 49 51 52 55 58 62
 63 66 69 70 72])
Bicluster(rows=[23, 38], cols=[ 2  4  5  6  7  8 10 14 21 23 27 31 36 39 40 41 42 46 48 52 53 57 58 62
 69 72])
Bicluster(rows=[23, 39], cols=[ 0  4  7 10 11 12 13 15 20 27 31 36 39 40 41 42 48 51 56 61 66 67 68 69
 70 73])
Bicluster(rows=[23, 40], cols=[ 4  5  7 11 23 25 26 27 30 31 32 33 34 35 39 40 42 43 44 45 48 49 50 53
 55 58 59 60 61 62 65 67 69 71 72 73])
Bicluster(rows=[23, 41], cols=[ 0  3  5 10 15 16 17 19 21 25 28 32 34 36 39 41 46 49 51 55 60 62 63 64
 67 71 72 74])
Bicluster(rows=[23, 42], cols=[ 0  1  2  5  7 12 14 15 20 21 22 23 24 27 29 37 42 45 48 50 52 56 58 60
 62 63 64 66 67 68 69 72])
Bicluster(rows=[23, 43], cols=[ 0  1 12 14 17 19 24 25 26 29 31 32 33 37 38 39 40 48 51 52 54 55 59 64
 65 66 67 68 73])
Bicluster(rows=[23, 44], cols=[ 0  2  3 10 11 14 17 18 19 20 23 25 26 27 28 30 32 33 34 35 36 39 40 41
 42 43 46 49 50 51 55 56 58 63 65 66 67 69 70 72])
Bicluster(rows=[23, 45], cols=[ 0  2  5  8  9 11 12 14 16 17 19 27 31 39 40 42 48 54 56 58 59 60 62 65
 66 69 70 72])
Bicluster(rows=[23, 46], cols=[ 1  3  4  6  7  9 10 11 12 13 14 17 19 20 21 23 25 26 29 30 31 32 33 34
 35 37 38 39 40 48 49 53 62 63 67 68 69 70])
Bicluster(rows=[23, 47], cols=[ 2  3  5  6  9 10 12 15 16 22 24 25 26 27 30 31 32 33 34 35 36 38 39 40
 42 45 48 49 51 52 53 55 56 59 63 67 68 69 70 71 73 74])
Bicluster(rows=[23, 48], cols=[ 3  8 12 23 24 25 26 29 31 32 33 35 37 38 39 40 48 49 52 58 68 69])
Bicluster(rows=[23, 49], cols=[ 1  4  6  9 11 12 13 16 17 23 25 26 28 31 32 33 34 35 36 39 40 41 46 49
 56 57 61 66 71 74])
Bicluster(rows=[23, 50], cols=[ 1  5  7  8  9 12 14 16 18 20 23 25 26 29 30 31 32 33 35 37 38 39 40 48
 49 68 69])
Bicluster(rows=[23, 51], cols=[ 0  4  7  8 10 11 15 16 17 19 20 22 25 26 29 30 31 32 34 35 37 38 39 62
 69])
Bicluster(rows=[23, 52], cols=[ 3  5  9 10 14 16 17 20 21 22 23 24 25 26 27 30 31 32 33 35 36 38 40 42
 45 48 49 51 52 53 57 65 66 67 71 74])
Bicluster(rows=[23, 53], cols=[ 1  2  4  6  8  9 11 12 13 14 17 18 20 21 22 23 24 27 31 36 39 40 41 42
 46 48 50 56 58 61 63 72 73])
Bicluster(rows=[23, 54], cols=[ 0  1  2  4  7  8 12 13 15 17 19 20 25 26 27 30 31 32 33 34 35 36 39 40
 42 43 44 45 48 49 50 58 62 63 66 68])
Bicluster(rows=[23, 55], cols=[ 0  2  4  6  9 10 11 14 15 17 20 23 25 26 29 30 31 34 35 37 38 39 40 51
 53 56 61 62 63 66 67 70 74])
Bicluster(rows=[23, 56], cols=[ 1  3  6  8  9 10 11 14 19 23 25 26 27 28 30 31 32 33 34 35 36 39 40 41
 42 43 45 48 49 63 68 70 71])
Bicluster(rows=[23, 57], cols=[ 2  3  5  7 11 12 15 17 19 20 23 25 26 27 28 30 31 32 34 35 36 39 40 42
 43 44 45 48 49 53 56 61 63 68 72])
Bicluster(rows=[23, 58], cols=[ 2  3  4  6  8 11 12 17 19 21 22 23 25 26 29 30 31 32 33 35 37 38 39 40
 48 49 51 55 67 68 73])
Bicluster(rows=[23, 59], cols=[ 0  3  5  6 13 15 17 19 21 23 26 29 31 32 33 37 38 39 40 48 49 50 56 60
 62 63 66 69 71 72])
Bicluster(rows=[23, 60], cols=[ 1  4  6  7  8  9 11 12 13 16 21 22 25 26 29 30 31 32 33 35 37 38 39 40
 48 63 68 69])
Bicluster(rows=[23, 61], cols=[ 3  5  7  8 10 12 14 17 19 20 31 36 39 40 41 46 48 51 53 55 56 57 62 69
 70 72 73])
Bicluster(rows=[23, 62], cols=[ 2  3  4  5  6  7  9 10 11 12 14 15 20 23 25 26 28 30 32 33 34 35 36 41
 46 49 53 57 63 65 67 68 72 73])
Bicluster(rows=[23, 63], cols=[ 1  4  5  7  8 11 12 13 15 16 19 21 22 23 25 26 30 32 34 35 38 39 51 57
 63 68 72])
Bicluster(rows=[23, 64], cols=[ 0  3  5  7  8 10 14 17 18 20 21 22 23 25 26 27 30 31 32 33 34 35 38 39
 40 42 45 48 49 56 57 58 66 68 69 71 73 74])
Bicluster(rows=[23, 65], cols=[ 6  8  9 12 14 15 25 26 28 31 32 34 35 36 39 40 41 42 46 49 50 51 52 53
 57 58 60 62 63 66 69 71 73])
Bicluster(rows=[23, 66], cols=[ 1  9 14 16 21 26 31 32 35 38 41 42 45 46 47 48 51 53 56 57 58 61 62 63
 66 68 69 70])
Bicluster(rows=[23, 67], cols=[ 1  2  6  9 12 14 16 20 22 26 28 30 31 34 44 45 49 51 53 54 55 57 58 61
 62 64 65 66 70 71 73])
Bicluster(rows=[23, 68], cols=[ 2  5  6  7  8 11 13 14 15 16 20 21 22 23 30 40 50 52 54 55 57 58 59 60
 61 64 65 66 67 70 71 72 73 74])
Bicluster(rows=[23, 69], cols=[ 5  7  8 10 16 17 22 26 28 31 38 39 49 51 53 54 55 57 58 61 62 64 65 66
 69 70 71 72 73])
Bicluster(rows=[23, 70], cols=[ 1  3  4  5  7  9 11 12 13 14 17 22 23 24 25 27 28 29 40 42 43 44 45 46
 48 50 52 55 56 57 59 60 61 66 68 72 73 74])
Bicluster(rows=[23, 71], cols=[ 4  5 10 11 14 15 19 22 25 29 35 36 39 40 43 45 46 48 51 52 55 56 57 58
 60 61 63 66 68 72 74])
Bicluster(rows=[23, 72], cols=[ 4  6  8 13 14 15 17 18 19 29 35 37 38 42 44 45 49 50 52 55 58 59 60 64
 65 67 71 72 73 74])
Bicluster(rows=[23, 73], cols=[ 1  2  8  9 10 11 12 14 16 17 18 19 21 24 36 50 51 53 54 55 56 57 58 59
 61 62 64 65 66 67 69 70 71 72 73 74])
Bicluster(rows=[23, 74], cols=[ 4  7  8 10 13 14 16 21 30 35 40 43 44 46 47 51 52 55 56 57 58 60 61 63
 66 68 74])
Bicluster(rows=[23, 75], cols=[ 2  3  5  7  9 11 12 13 18 20 23 25 29 30 33 34 35 37 40 52 55 56 57 58
 60 61 63 66 68 72 73 74])
Bicluster(rows=[23, 76], cols=[ 1  2  3  4  7  8  9 10 11 13 14 17 20 22 23 28 29 31 34 37 43 44 48 52
 55 56 57 58 60 61 63 66 68 72 74])
Bicluster(rows=[23, 77], cols=[ 2  5  7  9 10 20 23 31 33 34 39 40 41 45 46 49 50 52 55 59 60 64 65 67
 71 73 74])
Bicluster(rows=[23, 78], cols=[ 3  6  9 11 14 15 16 18 22 26 29 31 32 35 37 43 51 53 55 56 57 58 61 62
 64 66 67 69 70 71 72 73 74])
Bicluster(rows=[23, 79], cols=[ 2 10 11 12 13 14 19 25 27 30 31 33 35 36 38 41 42 51 56 57 62 64 66 69
 71 72 73])
Bicluster(rows=[23, 80], cols=[ 0  2  5  7 14 19 23 26 27 30 31 33 39 40 42 55 56 57 58 61 66 67 70 72
 73 74])
Bicluster(rows=[23, 81], cols=[ 1  6  7  9 11 15 16 18 20 23 25 26 27 28 30 31 33 34 35 39 42 48 50 51
 53 54 55 57 58 59 61 62 64 65 66 70 71 72 73 74])
Bicluster(rows=[23, 82], cols=[ 0  1  3  4  5  6  8 14 15 21 22 23 26 30 31 39 44 45 51 54 55 57 59 62
 64 65 66 69 72 73])
Bicluster(rows=[23, 83], cols=[ 1  2  6  7  9 14 17 18 21 22 23 26 29 32 33 37 38 39 40 43 46 49 50 52
 55 56 57 58 59 60 61 65 66 67 71 72 73 74])
Bicluster(rows=[23, 84], cols=[ 3  8 12 13 16 17 19 20 22 24 26 27 28 40 48 50 52 55 56 57 58 59 60 61
 64 65 66 67 71 72 73 74])
Bicluster(rows=[23, 85], cols=[ 1  4  6  8  9 11 12 13 14 15 16 19 23 25 27 28 30 37 39 42 43 48 52 55
 56 57 58 60 61 63 66 68 72 73 74])
Bicluster(rows=[23, 86], cols=[ 0  5  7  9 10 13 16 23 25 28 30 31 32 33 34 37 38 41 43 44 49 51 56 62
 67 69 71 72])
Bicluster(rows=[23, 87], cols=[ 0  3 11 17 20 23 26 27 29 33 35 38 39 40 41 42 44 45 47 48 52 57 58 60
 61 66 74])
Bicluster(rows=[23, 88], cols=[ 3  4  5  6  7  9 10 13 14 17 18 20 21 22 24 25 28 30 37 46 51 52 57 58
 60 61 66 74])
Bicluster(rows=[23, 89], cols=[ 0  3  6  8 11 13 16 17 18 19 21 29 40 44 49 50 52 55 56 57 58 59 60 61
 63 66 67 72 73 74])
Bicluster(rows=[23, 90], cols=[ 4  7 10 20 23 26 27 30 32 33 37 38 39 40 41 42 48 49 51 54 55 57 61 62
 64 65 66 69 73])
Bicluster(rows=[23, 91], cols=[ 0  2  4  6  7 11 12 13 15 23 24 32 33 35 36 39 48 49 51 55 56 57 58 61
 64 65 66 67 70 71 72 73 74])
Bicluster(rows=[23, 92], cols=[ 4  5  7 11 12 14 18 27 28 30 31 35 38 40 42 45 47 50 51 54 55 57 58 59
 61 62 65 69 70])
Bicluster(rows=[23, 93], cols=[ 0  2  3  4  5  6  7  9 10 11 14 15 19 20 21 25 29 31 32 34 36 39 41 42
 44 48 49 50 51 53 54 55 57 58 59 61 62 64 65 66 69 70])
Bicluster(rows=[23, 94], cols=[ 0  2  3  4  8  9 11 13 15 16 19 20 21 22 23 24 30 34 35 38 42 43 44 45
 47 51 52 58 60 61 62 74])
Bicluster(rows=[23, 95], cols=[ 0  2  3  4 13 14 15 17 21 27 28 29 30 31 35 37 39 40 43 44 45 48 52 55
 56 57 58 60 61 63 66 68 74])
Bicluster(rows=[23, 96], cols=[ 2  5  7 10 14 26 27 32 33 34 38 39 40 45 46 48 51 53 56 57 62 66 67 69
 70 71 72 73])
Bicluster(rows=[23, 97], cols=[ 2  4  9 11 12 14 17 20 25 28 29 31 33 34 36 37 38 39 40 42 43 45 48 52
 55 56 57 58 60 61 63 66 68 74])
Bicluster(rows=[23, 98], cols=[ 0  2  5  9 14 19 25 28 29 31 34 35 37 38 39 40 42 43 47 48 49 52 55 56
 57 58 60 61 63 66 68 74])
Bicluster(rows=[23, 99], cols=[ 0  2  3  4  7 14 16 19 23 31 33 35 37 39 40 42 45 49 50 52 53 54 55 57
 58 59 61 63 64 65 66 69])
Bicluster(rows=[24, 25], cols=[ 0  1  2  3  4  5  6  7  8  9 10 11 12 13 14 15 16 17 18 19 20 21 22 23
 24 28 29 35 39 40 43 49 54 60 69 70 72])
Bicluster(rows=[24, 26], cols=[ 3  4 11 12 13 19 25 29 30 31 35 37 38 39 41 45 46 49 53 55 56 59 61 63
 64 67 72])
Bicluster(rows=[24, 27], cols=[ 0  2  4  5  7  9 10 11 13 14 15 17 19 20 25 29 32 33 34 35 40 41 45 46
 47 48 49 52 54 55 58 61 64 68 69 70 71])
Bicluster(rows=[24, 28], cols=[ 1  2  3  4  7  9 11 12 13 14 17 19 20 23 26 31 32 37 40 42 43 46 50 52
 55 59 60 62 67 69 72 74])
Bicluster(rows=[24, 29], cols=[ 0  1  2  3  4  5  6  7  8  9 10 11 12 13 14 15 16 17 18 19 20 21 22 23
 24 26 29 39 40 49 52 53 54 56 58 62 68 69 72])
Bicluster(rows=[24, 30], cols=[ 0  2  4  5  7  9 10 11 12 13 14 15 17 19 20 26 27 29 38 40 42 44 53 55
 61 63 64 67 69 71 74])
Bicluster(rows=[24, 31], cols=[ 1  3  4  6  7  8  9 11 12 13 14 16 19 22 23 27 31 32 38 42 44 46 61 63
 65 66 67 71 74])
Bicluster(rows=[24, 32], cols=[ 0  1  2  3  4  5  6  7  8  9 10 11 12 13 14 15 16 17 18 19 20 21 22 23
 24 25 28 29 33 34 35 36 38 39 45 47 51 52 56 57 58 60 64 66 67 69 71 73])
Bicluster(rows=[24, 33], cols=[ 0  1  5 10 12 13 18 20 21 22 24 26 39 40 41 49 50 52 55 56 57 58 60 62
 69 70 73])
Bicluster(rows=[24, 34], cols=[ 1  3  6  7  8 14 16 17 19 20 23 28 29 38 39 40 41 44 45 49 53 54 60 62
 66 69 70])
Bicluster(rows=[24, 35], cols=[ 0  1  2  3  4  5  6  7 10 11 12 13 14 16 19 20 21 23 24 25 29 30 33 34
 54 60 64 69 72])
Bicluster(rows=[24, 36], cols=[ 0  1  2  4  5  7  9 10 12 14 15 16 17 18 19 21 22 23 24 28 35 39 40 41
 43 44 45 49 50 53 54 58 64 69 70 73])
Bicluster(rows=[24, 37], cols=[ 1  4  5  7  8  9 10 11 15 16 18 19 26 28 35 39 40 41 43 44 45 48 49 52
 54 56 58 60 62 68 69 70 71])
Bicluster(rows=[24, 38], cols=[ 0  2  4  5  7 10 12 14 16 20 22 25 26 27 29 30 31 33 34 36 39 40 42 46
 49 50 51 53 56 61 63 65 69 70 72])
Bicluster(rows=[24, 39], cols=[ 1  2  4  5  6  7  8 11 13 18 22 23 24 26 27 31 36 39 42 46 50 52 53 61
 63 67 68 69 72])
Bicluster(rows=[24, 40], cols=[ 2  9 10 12 16 17 19 20 21 27 28 29 31 36 38 43 46 51 56 61 63 67 72])
Bicluster(rows=[24, 41], cols=[ 2  5  6  9 10 11 12 13 15 17 18 20 23 25 26 27 30 31 33 34 36 39 40 42
 46 49 50 51 52 57 58 61 74])
Bicluster(rows=[24, 42], cols=[ 0  1  2  4  5  7  8 10 12 13 14 15 17 19 20 21 22 23 28 35 39 40 41 43
 44 45 49 50 52 53 56 58 64 69 73])
Bicluster(rows=[24, 43], cols=[ 0  8 11 13 14 16 17 18 19 21 23 26 28 35 39 40 41 43 44 45 49 50 54 56
 57 58 62 68 70 74])
Bicluster(rows=[24, 44], cols=[ 1  2 11 14 15 17 19 20 21 23 27 28 31 32 36 37 38 42 43 46 52 53 54 55
 60 64 67 69])
Bicluster(rows=[24, 45], cols=[ 0  4  5  8  9 11 15 16 17 22 24 26 28 35 38 39 40 41 43 44 45 49 50 51
 52 53 56 57 58 63 67 69 70 72 73 74])
Bicluster(rows=[24, 46], cols=[ 0  2  4 11 12 14 15 16 18 24 27 36 37 42 46 50 51 54 56 57 58 61 62 63
 64 67 69 72 73 74])
Bicluster(rows=[24, 47], cols=[ 2  5  7  8  9 11 15 21 23 28 29 31 38 43 44 50 53 55 58 59 68 70 71 74])
Bicluster(rows=[24, 48], cols=[ 0  2  3  4  5  6  7 10 12 13 14 15 16 17 18 20 21 23 29 31 38 39 41 44
 51 53 54 56 64 66 69 70 73])
Bicluster(rows=[24, 49], cols=[ 0  1  2  4  6  7 12 13 18 20 21 23 27 28 32 36 37 38 42 46 52 53 55 63
 64 71 72 73 74])
Bicluster(rows=[24, 50], cols=[ 3  4  5  6 14 21 22 24 25 29 30 33 34 40 47 48 49 53 54 59 61 62 63 65
 67 69 72 74])
Bicluster(rows=[24, 51], cols=[ 0  1  2  5  7 10 13 14 15 17 19 20 26 28 35 39 40 41 43 44 45 49 50 52
 53 57 58 60 64 69 70 73])
Bicluster(rows=[24, 52], cols=[ 2  3  7 11 14 15 16 21 22 23 24 27 32 36 37 38 42 44 46 54 56 60 62 63
 66 67 68 69 70 71 72 73 74])
Bicluster(rows=[24, 53], cols=[ 1  2  4  6  7  8  9 11 12 13 14 15 16 17 18 19 20 21 22 23 24 26 28 35
 39 40 41 43 44 45 49 50 52 54 58 60 62 64 68 69 70 73])
Bicluster(rows=[24, 54], cols=[ 2  3  4  6  8 11 14 15 16 18 20 23 24 25 30 33 34 41 45 47 48 52 54 58
 59 62 63 71 72 74])
Bicluster(rows=[24, 55], cols=[ 0  1  2 10 13 14 15 16 17 18 19 20 26 28 35 39 40 41 43 44 45 49 50 52
 53 54 58 64 69 72 73])
Bicluster(rows=[24, 56], cols=[ 0  7 16 21 22 24 26 28 29 35 39 40 41 43 44 45 48 49 50 51 55 56 59 60
 61 63 65 66 74])
Bicluster(rows=[24, 57], cols=[ 0  2  6  7 10 11 12 14 16 18 19 21 22 24 27 31 36 38 42 43 46 54 60 61
 62 64 72])
Bicluster(rows=[24, 58], cols=[ 1  2  9 13 15 17 18 19 20 28 35 39 40 41 43 44 45 49 52 53 56 57 60 64
 68 70])
Bicluster(rows=[24, 59], cols=[ 1  2  7 12 16 22 24 25 26 27 29 30 31 33 34 36 39 40 42 46 49 50 53 54
 55 56 61 63 65 67 69 72 74])
Bicluster(rows=[24, 60], cols=[ 0  2  3  4  5  7  9 10 11 12 15 17 20 23 28 29 35 38 39 40 41 43 44 45
 50 53 58 68 70 73])
Bicluster(rows=[24, 61], cols=[ 0  3  4  5  7  8  9 10 11 12 14 17 19 20 22 26 28 35 43 44 45 48 49 53
 54 57 60 64 68 69 70 73])
Bicluster(rows=[24, 62], cols=[ 1  2  4  5  7  8  9 10 12 13 14 15 16 19 20 22 27 28 31 35 36 42 46 50
 52 53 54 56 60 64 68 70 72])
Bicluster(rows=[24, 63], cols=[ 1  4  5  6  7 11 12 13 15 16 18 19 21 22 23 24 25 27 29 30 33 34 36 40
 42 46 49 54 57 60 61 62 69 70 71 73])
Bicluster(rows=[24, 64], cols=[ 2  4  5  6  7 12 14 16 17 20 24 28 29 31 38 43 44 52 54 59 60 63 64 68
 70 71 72 74])
Bicluster(rows=[24, 65], cols=[ 0  3  4  9 11 15 19 21 22 23 24 26 29 39 40 49 53 55 58 60 64 67 72 73
 74])
Bicluster(rows=[24, 66], cols=[ 0  2  7 10 11 15 17 20 23 24 25 30 34 35 39 41 42 47 49 55 59 61 62 63
 65 66 67 71 74])
Bicluster(rows=[24, 67], cols=[ 0  1  5  8  9 10 12 16 21 28 31 36 38 39 41 44 48 55 59 61 62 63 65 66
 67 71 74])
Bicluster(rows=[24, 68], cols=[ 4  6  7 11 13 23 24 25 26 28 31 34 35 37 38 39 48 49 55 59 61 63 65 66
 67 71 74])
Bicluster(rows=[24, 69], cols=[ 1  3  5  6  7 10 13 15 17 18 19 21 24 25 27 29 31 32 33 35 38 39 41 42
 43 45 46 47 48 53 55 60 62 63 67 69 70 71])
Bicluster(rows=[24, 70], cols=[ 3  4  7  8  9 10 11 12 13 15 17 20 21 22 26 27 29 33 37 38 42 43 46 49
 54 55 59 61 63 66 74])
Bicluster(rows=[24, 71], cols=[ 0  3  4  8 11 12 14 15 16 18 19 21 23 24 26 28 33 35 36 39 40 42 43 44
 49 61 62 64 68 72 73 74])
Bicluster(rows=[24, 72], cols=[ 0  2  4  5  6  8 13 14 18 19 21 25 26 29 36 38 39 40 41 42 43 44 46 47
 48 55 59 61 63 65 66 67 71 74])
Bicluster(rows=[24, 73], cols=[ 1  4  5  8 11 12 13 16 18 19 20 25 26 27 28 29 34 40 45 49 55 59 61 62
 63 65 66 67 71 74])
Bicluster(rows=[24, 74], cols=[ 0  2  3 12 15 17 18 19 20 27 29 34 35 36 38 40 43 47 52 58 63 67 70 71])
Bicluster(rows=[24, 75], cols=[ 1  2  4  5  7  8 11 13 19 21 24 29 30 34 36 37 41 43 44 47 49 50 51 54
 56 57 73])
Bicluster(rows=[24, 76], cols=[12 18 19 24 26 28 31 32 33 36 38 39 42 43 46 52 53 60 63 67 69 70 71 72])
Bicluster(rows=[24, 77], cols=[ 2  3  7  9 10 12 13 16 17 18 20 26 27 28 29 32 40 42 43 46 54 55 61 62
 74])
Bicluster(rows=[24, 78], cols=[ 3  6  7 13 16 17 18 22 24 27 29 32 36 41 46 49 55 59 61 63 66 67 71 74])
Bicluster(rows=[24, 79], cols=[ 1  2 10 11 14 22 23 24 26 27 32 35 37 38 42 43 44 52 53 58 60 63 67 69
 70 71 72])
Bicluster(rows=[24, 80], cols=[ 0  1  2  5  6  8 11 12 13 14 22 25 27 31 34 37 39 40 41 42 44 47 48 54
 55 61 62 72 74])
Bicluster(rows=[24, 81], cols=[ 0  1  5  9 11 16 21 23 24 27 28 31 36 37 40 42 46 55 59 61 63 66 67 71
 74])
Bicluster(rows=[24, 82], cols=[ 1  3  6 10 17 20 22 23 27 28 31 33 34 35 36 37 39 40 41 44 49 53 55 59
 60 61 62 65 66 69])
Bicluster(rows=[24, 83], cols=[ 0  1  3  6  8 10 13 14 15 18 19 21 22 23 25 29 32 35 36 38 43 46 48 55
 59 61 63 66 67 71 74])
Bicluster(rows=[24, 84], cols=[ 3  7  8 10 11 12 14 16 17 18 19 22 25 27 29 30 31 35 37 39 46 49 55 59
 61 63 65 66 67 71 74])
Bicluster(rows=[24, 85], cols=[ 0  1  2  3  4  5  6  8 10 11 12 14 17 19 20 23 24 26 27 33 34 35 38 42
 43 49 54 55 59 61 66 74])
Bicluster(rows=[24, 86], cols=[ 1  2 15 19 20 21 24 29 30 31 33 36 37 39 42 44 48 55 59 61 63 66 67 71
 74])
Bicluster(rows=[24, 87], cols=[ 2  4  5  6  9 10 14 15 16 19 21 22 25 26 27 28 32 35 36 39 41 42 44 46
 47 52 55 58 59 65 66 69 70])
Bicluster(rows=[24, 88], cols=[ 3  4  5  6  9 10 13 14 18 20 22 24 25 26 27 30 33 35 36 40 49 50 51 57
 63 67 71 72])
Bicluster(rows=[24, 89], cols=[ 2  3  4  5  6  7  8  9 10 11 15 16 19 20 21 22 24 26 28 29 30 33 37 39
 44 46 48 55 59 61 63 66 67 71 74])
Bicluster(rows=[24, 90], cols=[ 2  3  6 10 12 14 18 20 34 38 39 40 42 43 46 49 52 58 63 67 70 71 72])
Bicluster(rows=[24, 91], cols=[ 0  1  2  4  5  6  7 11 12 13 15 21 23 24 27 28 33 38 39 40 41 43 44 45
 46 50 52 56 57 58 64 68 70 73])
Bicluster(rows=[24, 92], cols=[ 3  4  5  7  8 11 12 14 16 21 22 24 26 27 28 35 36 38 40 41 42 44 48 49
 53 55 59 60 61 62 65 66 69 70])
Bicluster(rows=[24, 93], cols=[ 0  2  7  9 11 12 14 15 18 20 23 26 29 30 32 35 36 39 40 42 45 53 55 59
 60 62 63 65 66 69])
Bicluster(rows=[24, 94], cols=[ 0  2  3  4  5  8  9 11 13 15 16 19 20 21 22 23 24 26 28 30 40 41 45 47
 49 52 58 63 67 70 71])
Bicluster(rows=[24, 95], cols=[ 1  6  7  8  9 10 11 12 16 18 19 20 23 24 28 29 31 35 36 39 40 46 52 58
 63 67 70 71 72])
Bicluster(rows=[24, 96], cols=[ 1  3  4  6  8  9 11 15 16 19 24 25 29 30 31 38 40 46 47 50 52 54 58 70
 72 73])
Bicluster(rows=[24, 97], cols=[ 0  3  5  7  8 10 13 15 16 18 19 22 26 28 33 35 39 41 44 45 46 49 50 51
 57 63 67 71 72])
Bicluster(rows=[24, 98], cols=[ 1  4  6  7  8 11 15 17 18 20 21 24 27 28 31 35 36 39 40 41 43 46 47 49
 52 58 63 67 70 71])
Bicluster(rows=[24, 99], cols=[ 1  5  6  8 10 11 12 13 17 18 21 22 24 29 31 35 36 38 39 40 43 49 50 52
 56 60 62 68 69 71])
Bicluster(rows=[25, 26], cols=[ 0  1  2  3  4  5  6  7  8  9 10 11 12 13 14 15 16 17 18 19 20 21 22 23
 24 25 27 28 29 31 32 34 36 39 40 44 45 47 51 56 59 62 63 64 65 66 70 71
 74])
Bicluster(rows=[25, 27], cols=[ 0  1  2  3  4  5  6  7  8  9 10 11 12 13 14 15 16 17 18 19 20 21 22 23
 24 25 30 34 38 40 41 42 45 47 49 52 56 58 60 62 63 64])
Bicluster(rows=[25, 28], cols=[ 2  4  7  9 11 14 17 19 25 27 29 31 33 35 41 42 44 45 46 48 57 58 62 64
 65 66 68 71 73 74])
Bicluster(rows=[25, 29], cols=[ 0  1  2  3  4  5  6  7  8  9 10 11 12 13 14 15 16 17 18 19 20 21 22 23
 24 25 28 29 31 32 33 37 39 40 41 42 44 45 47 49 51 54 55 65 66 70])
Bicluster(rows=[25, 30], cols=[ 0  2  5  9 10 14 15 17 20 28 33 35 38 39 42 45 47 49 52 54 55 59 60 61
 68 73 74])
Bicluster(rows=[25, 31], cols=[ 0  2  5  9 10 15 17 20 26 28 32 33 34 35 37 40 43 44 51 56 60 63 64 71
 72 73 74])
Bicluster(rows=[25, 32], cols=[ 2  4  7  9 14 17 19 20 30 31 32 33 34 37 40 41 43 45 47 50 54 56 57 59
 63 65 71 72 74])
Bicluster(rows=[25, 33], cols=[ 1  2 11 14 15 18 19 20 22 24 25 28 31 32 33 34 35 37 39 40 44 45 46 47
 49 59 60 63 64 71 73 74])
Bicluster(rows=[25, 34], cols=[ 1  2  3  4  6  8  9 11 12 13 16 18 23 24 25 27 29 32 33 34 35 36 39 40
 41 51 52 53 54 55 56 61 62 64 66])
Bicluster(rows=[25, 35], cols=[ 4  7  9 11 12 13 14 15 17 19 25 28 31 32 33 34 35 38 39 43 47 49 51 62
 63 64 70 71])
Bicluster(rows=[25, 36], cols=[ 0  2  4  5  7  9 10 12 17 19 21 25 28 31 32 33 34 35 38 39 43 47 49 62
 66 68 70])
Bicluster(rows=[25, 37], cols=[ 1  2  6 11 14 17 19 20 22 23 27 29 30 32 33 36 39 40 41 42 47 51 52 56
 58 59 62 63 65 68])
Bicluster(rows=[25, 38], cols=[ 0  2  4  7 12 14 20 22 24 27 29 30 31 32 33 36 37 39 40 41 42 46 47 49
 52 58 60 61 62 66 68 70 72])
Bicluster(rows=[25, 39], cols=[ 1  8  9 14 17 18 21 22 23 31 32 33 38 39 47 49 50 51 53 55 56 57 58 63
 64 65 66 70 72])
Bicluster(rows=[25, 40], cols=[ 2  3  8  9 10 12 14 17 18 19 20 22 25 28 31 32 33 34 35 37 39 40 44 45
 46 47 49 53 59 61 69 73])
Bicluster(rows=[25, 41], cols=[ 0  2  5  6  9 10 11 12 13 15 17 20 22 23 27 29 30 31 32 36 37 39 40 41
 42 46 47 49 59 60 61 64 68 69 74])
Bicluster(rows=[25, 42], cols=[ 0  1  4 10 12 13 14 17 19 20 22 23 24 25 28 31 32 33 34 35 38 39 43 47
 49 54 55 62 63 66 68 70 73])
Bicluster(rows=[25, 43], cols=[ 2  3  5  6  7 11 15 20 23 24 27 29 30 31 32 36 37 40 41 42 46 47 49 56
 57 58 59 66 68 72])
Bicluster(rows=[25, 44], cols=[ 2  4  6  8 10 13 14 15 17 20 22 25 27 29 32 33 34 35 36 37 39 40 41 42
 46 47 50 51 55 63 65 66 70 71])
Bicluster(rows=[25, 45], cols=[ 1  2  3  4  6  7  9 10 11 14 18 20 21 29 30 31 32 36 37 40 42 46 47 49
 52 54 56 57 60 62 65 71])
Bicluster(rows=[25, 46], cols=[ 0  2  4  5  7 13 14 15 19 25 28 31 32 33 34 35 37 38 39 40 43 46 47 59
 60 62 63 71])
Bicluster(rows=[25, 47], cols=[ 4 13 18 19 20 23 24 31 32 33 35 37 39 40 42 45 46 47 49 54 56 58 61 64
 65 68 73])
Bicluster(rows=[25, 48], cols=[ 0  2  3  4  5  6  7 10 12 13 14 16 17 18 20 21 23 26 29 36 37 40 42 45
 46 50 54 55 57 58 62 63 68 69 70 71])
Bicluster(rows=[25, 49], cols=[ 0  2  4  5 10 11 15 17 19 20 22 25 27 29 32 33 34 35 36 39 40 41 42 46
 47 56 59 66 68 70 74])
Bicluster(rows=[25, 50], cols=[ 0  1  2  3  6  8 12 13 19 22 26 27 29 36 42 45 48 52 53 54 55 56 57 58
 62 64 68 70 71 72 73])
Bicluster(rows=[25, 51], cols=[ 3  6  7  8  9 12 13 14 23 27 29 30 31 36 37 40 41 42 46 47 49 55 56 57
 58 61 62 63 65 74])
Bicluster(rows=[25, 52], cols=[ 1  2  6  7  9 13 14 15 25 28 29 33 34 35 36 37 38 39 40 42 43 45 46 51
 52 57 59 64 65 70 74])
Bicluster(rows=[25, 53], cols=[ 0  2  4  5  9 10 11 12 14 17 27 29 30 31 32 36 39 40 41 47 49 50 52 56
 58 59 61 63 64 66 68 71 73])
Bicluster(rows=[25, 54], cols=[ 3  6  7  9 13 16 18 19 21 22 23 26 27 28 38 41 43 48 50 51 52 53 55 58
 59 61 62 63 64 65 70 71])
Bicluster(rows=[25, 55], cols=[ 0  2 10 14 17 19 20 25 28 31 32 33 34 35 38 43 47 49 51 59 62 63 72 74])
Bicluster(rows=[25, 56], cols=[ 2  5  9 11 14 15 16 19 20 22 25 27 28 29 32 33 34 35 36 39 40 41 42 44
 46 52 60 66 69])
Bicluster(rows=[25, 57], cols=[ 0  1  2  7  8 10 14 17 19 25 27 28 29 34 35 36 39 40 41 42 44 51 52 53
 56 61 65 66 69 70 71 73])
Bicluster(rows=[25, 58], cols=[ 0  1  4  5 11 13 14 15 18 19 20 25 28 32 33 34 35 37 38 39 40 43 46 47
 51 59 63 66 73])
Bicluster(rows=[25, 59], cols=[ 0  7  8 10 15 17 18 22 25 28 31 32 33 34 35 38 39 47 49 50 56 60 62 63
 66])
Bicluster(rows=[25, 60], cols=[ 2  4  5  7  9 10 14 15 17 20 25 28 31 32 33 34 35 37 38 39 40 43 47 49
 51 63 64 66 70 71])
Bicluster(rows=[25, 61], cols=[ 1  4  5  7  9 11 13 14 15 17 20 23 27 29 31 36 40 41 47 49 51 55 56 57
 59 62 64 66 70 71 72 73])
Bicluster(rows=[25, 62], cols=[ 4  7  8  9 13 14 15 16 17 20 25 27 28 29 33 34 35 36 39 40 41 63 65 66
 70 71 73])
Bicluster(rows=[25, 63], cols=[ 1  4  5  8 12 13 14 16 21 22 23 27 29 30 31 36 40 41 47 49 51 52 53 54
 55 56 58 63 64 65 66 68 69 70 74])
Bicluster(rows=[25, 64], cols=[11 12 13 18 19 21 31 32 33 37 45 46 47 49 53 54 56 57 59 60 61 63 66 68
 69 71 72])
Bicluster(rows=[25, 65], cols=[ 3  4  9 11 14 15 22 23 27 29 30 31 32 33 36 37 39 40 41 42 46 47 49 50
 51 60 62 63 66 67 72])
Bicluster(rows=[25, 66], cols=[ 4  7 11 15 17 18 21 23 30 32 35 37 39 42 45 47 49 50 52 54 55 57 58 60
 61 72 74])
Bicluster(rows=[25, 67], cols=[ 0  2  4  5 10 14 18 24 29 31 33 34 36 37 38 40 42 50 52 55 57 58 60 61
 67 69 72 74])
Bicluster(rows=[25, 68], cols=[ 0  6  8  9 10 11 13 14 16 21 22 23 25 28 30 31 32 34 35 36 39 44 45 46
 48 59 63 66 70 71])
Bicluster(rows=[25, 69], cols=[ 2  3  6  7  9 15 17 26 27 29 35 38 39 43 46 50 52 55 57 58 60 61 62 67
 72 74])
Bicluster(rows=[25, 70], cols=[ 6  7  9 10 14 15 16 17 19 20 25 28 32 39 40 42 44 45 46 49 52 53 55 56
 57 58 61 64 65 69 71 73 74])
Bicluster(rows=[25, 71], cols=[ 0  3  4 11 12 14 16 19 23 25 28 30 31 32 35 36 39 40 49 53 55 56 57 58
 61 63 69 71 74])
Bicluster(rows=[25, 72], cols=[ 0  1  2  3  4  5 12 14 16 19 22 23 27 35 37 38 42 44 45 46 50 53 54 55
 56 57 58 61 64 65 68 69 72 73 74])
Bicluster(rows=[25, 73], cols=[ 3  4  5  6 11 12 13 19 20 23 30 31 33 37 50 52 54 55 57 58 60 61 69 72
 74])
Bicluster(rows=[25, 74], cols=[ 0  2  4  6 12 13 15 16 17 19 20 21 30 32 35 36 41 45 48 51 54 56 65 66
 67 70 72 73])
Bicluster(rows=[25, 75], cols=[ 1  3  4  8 10 14 17 19 25 26 28 29 30 32 36 43 47 48 49 51 54 56 64 65
 66 68 70 73])
Bicluster(rows=[25, 76], cols=[ 0  4  5  7  9 11 12 13 17 18 25 26 27 28 30 34 37 39 42 44 53 55 56 57
 58 61 63 64 65 69 71 73 74])
Bicluster(rows=[25, 77], cols=[ 2  3  6  7  8  9 10 12 16 18 20 24 27 28 29 31 36 37 41 43 44 45 47 48
 50 53 54 55 58 61 65 68 69 72 73])
Bicluster(rows=[25, 78], cols=[ 0  2  3  6  8  9 12 16 18 20 22 23 25 29 30 31 32 33 34 37 38 40 41 46
 51 62 63 66 70 71])
Bicluster(rows=[25, 79], cols=[ 1  6 11 14 16 18 19 20 21 22 23 25 31 35 38 41 42 45 46 47 48 51 52 54
 56 57 62 65 68 72 73])
Bicluster(rows=[25, 80], cols=[ 1  3  6  7 12 13 16 18 19 21 22 28 29 32 39 40 42 43 45 46 47 52 55 56
 57 58 60 61 64 65 73 74])
Bicluster(rows=[25, 81], cols=[ 0  3  7  9 10 11 12 13 25 29 31 34 35 36 39 42 43 46 47 52 54 55 56 57
 60 62 65 68 72 73 74])
Bicluster(rows=[25, 82], cols=[ 1  3  6  9 10 16 17 18 20 22 23 25 26 27 29 32 35 36 39 40 47 48 49 50
 52 55 57 58 60 61 67 74])
Bicluster(rows=[25, 83], cols=[ 0  2  5  7  9 10 11 12 14 15 16 24 36 37 38 39 40 44 50 53 55 56 57 58
 61 64 65 68 69 72 73 74])
Bicluster(rows=[25, 84], cols=[ 1  6  7 10 13 14 19 23 28 30 31 32 33 37 40 44 46 47 49 53 54 55 56 57
 58 60 61 65 68 69 72 73 74])
Bicluster(rows=[25, 85], cols=[ 0  2  3  4  9 11 12 13 14 17 18 19 20 22 25 28 32 35 37 39 42 44 45 49
 53 55 56 57 58 61 64 65 69 72 73 74])
Bicluster(rows=[25, 86], cols=[ 1  7  9 12 17 22 27 29 31 32 34 37 38 39 41 44 47 51 56 62 64 66 70 73])
Bicluster(rows=[25, 87], cols=[ 2  3  4  7  8  9 10 12 13 14 15 23 29 32 33 37 44 45 51 54 56 65 67 70
 72 73])
Bicluster(rows=[25, 88], cols=[ 2  3  4  5  6  7  9 10 13 14 17 21 22 24 27 29 30 31 32 34 35 36 37 40
 41 42 49 56 65 66 67 72 73])
Bicluster(rows=[25, 89], cols=[ 1  2  4  7  9 10 11 12 13 19 20 22 23 25 30 32 37 40 45 46 47 52 53 55
 56 57 58 60 61 64 65 69 72 73 74])
Bicluster(rows=[25, 90], cols=[ 2 10 13 14 16 20 22 25 29 30 33 41 42 45 46 49 54 64 65 66 68 70 73])
Bicluster(rows=[25, 91], cols=[ 2  4  5  7  8 10 11 12 13 15 17 23 25 28 29 34 37 38 42 46 59 63 66 70
 71])
Bicluster(rows=[25, 92], cols=[ 0  2  3  8  9 10 15 16 19 20 22 26 28 30 33 35 36 40 41 43 46 48 49 51
 52 53 59 60 62 66 74])
Bicluster(rows=[25, 93], cols=[ 4  7  8 11 12 14 17 19 22 23 24 25 30 31 33 34 35 39 40 41 42 48 50 52
 55 57 58 60 61 67 74])
Bicluster(rows=[25, 94], cols=[ 1  7 21 24 26 27 34 35 36 39 41 42 43 44 47 50 52 61 67 74])
Bicluster(rows=[25, 95], cols=[ 1  7  8  9 10 12 18 19 21 25 28 29 34 36 37 39 40 42 44 45 56 65 66 67
 72])
Bicluster(rows=[25, 96], cols=[ 1  2  3  6  7  8 12 13 14 16 18 24 26 28 29 37 38 39 41 42 43 47 52 54
 55 57 62 65 72])
Bicluster(rows=[25, 97], cols=[ 1  3  4  6  9 11 13 14 19 22 23 31 32 34 36 37 39 40 42 45 47 49 53 55
 56 57 58 61 63 69 71 74])
Bicluster(rows=[25, 98], cols=[ 1  2  6  9 10 12 13 14 19 30 31 32 34 35 39 40 42 44 45 53 55 56 57 58
 61 63 69 71 74])
Bicluster(rows=[25, 99], cols=[ 5  6  8 10 11 12 13 17 18 22 29 33 35 40 41 42 44 45 48 49 51 53 57 60
 61 64 65 67 69])
Bicluster(rows=[26, 27], cols=[ 0  1  2  3  4  5  6  7  8  9 10 11 12 13 14 15 16 17 18 19 20 21 22 23
 24 25 35 37 38 41 45 47 50 56 62 63 64 67 68 69 71 73 74])
Bicluster(rows=[26, 28], cols=[ 0  1  2  3  4  5  6  7  8  9 10 11 12 13 14 15 16 17 18 19 20 21 22 23
 24 31 33 37 38 46 54 55 57 61 66 68])
Bicluster(rows=[26, 29], cols=[ 0  1  2  3  4  5  6  7  8  9 10 11 12 13 14 15 16 17 18 19 20 21 22 23
 24 25 26 28 29 32 34 35 38 39 41 44 45 46 47 48 49 51 52 53 57 60 68 72
 74])
Bicluster(rows=[26, 30], cols=[ 0  1  2  3  4  5  6  7  8  9 10 11 12 13 14 15 16 17 18 19 20 21 22 23
 24 26 33 50 53 54 55 59 62 66 69 70 71 72 73])
Bicluster(rows=[26, 31], cols=[ 0  1  2  3  4  5  6  7  8  9 10 11 12 13 14 15 16 17 18 19 20 21 22 23
 24 25 31 33 37 42 43 46 47 50 57 61 68 69 71])
Bicluster(rows=[26, 32], cols=[ 0  1  2  3  4  5  6  7  8  9 10 11 12 13 14 15 16 17 18 19 20 21 22 23
 24 28 36 37 39 52 54 55 60 61 63])
Bicluster(rows=[26, 33], cols=[ 1  2 11 14 15 18 19 20 21 22 24 25 28 29 32 34 39 41 44 47 49 51 52 58
 61 63 64 66])
Bicluster(rows=[26, 34], cols=[ 0  1  3  6  8  9 11 12 13 16 18 19 23 24 25 26 27 32 34 35 36 38 39 40
 43 47 49 50 51 56 57 63 67 68 72 73 74])
Bicluster(rows=[26, 35], cols=[ 0  2  5 10 11 14 15 22 30 32 46 47 48 49 52 54 55 56 59 61 62 64 66 67
 68 70 71 73])
Bicluster(rows=[26, 36], cols=[ 0  1  5  7  9 10 12 14 15 17 21 25 30 31 32 39 46 47 48 49 50 52 55 57
 60 67 70 74])
Bicluster(rows=[26, 37], cols=[ 0  1  2  4  6  7  9 11 14 19 20 22 23 26 27 32 34 35 36 38 39 40 43 47
 49 50 51 56 57 58 59 61 63 66 67 71 72 73 74])
Bicluster(rows=[26, 38], cols=[ 0  1  2  3  4  7 11 13 14 18 19 20 22 24 26 29 31 33 35 39 41 43 45 48
 53 58 65 67 70 72])
Bicluster(rows=[26, 39], cols=[ 1  2  3  4  5  7  8 11 13 16 22 26 27 32 34 35 36 38 39 40 43 47 49 52
 53 56 58 60 64 66 68 72])
Bicluster(rows=[26, 40], cols=[ 2  3  6  8  9 10 12 14 17 18 19 20 22 25 26 28 29 32 34 39 41 44 47 50
 58 59 60 72])
Bicluster(rows=[26, 41], cols=[ 2  3  8  9 15 16 17 19 20 21 26 28 33 34 35 37 38 51 52 55 58 59 60 62
 66 67 69 71])
Bicluster(rows=[26, 42], cols=[ 0  1  4 10 12 13 14 17 19 20 21 22 23 24 25 28 29 30 32 39 42 46 47 48
 49 50 52 53 60 63 67 71 74])
Bicluster(rows=[26, 43], cols=[ 1  2  3  5 11 12 14 15 19 20 26 27 29 31 33 36 39 41 43 45 54 55 56 58
 59 67 69 72 73])
Bicluster(rows=[26, 44], cols=[ 0  4  6  8 10 13 22 25 26 27 32 34 35 36 38 39 40 41 45 47 49 51 54 57
 58 59 60 61 63 65 69 70 72 73])
Bicluster(rows=[26, 45], cols=[ 1  2  3  4  6  9 10 11 13 14 18 20 21 23 26 29 31 33 34 35 38 39 41 43
 45 47 53 56 58 62 63 65 66 67 72])
Bicluster(rows=[26, 46], cols=[ 0  7  9 14 15 17 19 20 25 28 29 30 32 39 42 47 49 50 53 54 55 57 59 61
 63 68 71 73 74])
Bicluster(rows=[26, 47], cols=[ 2  6  7  9 10 11 12 14 15 16 17 22 24 31 33 42 43 46 48 51 52 53 55 57
 58 59 62 63 67 70 73])
Bicluster(rows=[26, 48], cols=[ 0  2  3  4  5  6  7 10 12 14 16 17 18 20 21 29 30 36 40 41 42 47 49 53
 60 61 62 63 70 71 73 74])
Bicluster(rows=[26, 49], cols=[ 0  2  4  5 11 15 17 19 20 22 25 26 27 32 34 36 38 39 40 41 45 47 49 51
 52 56 59 66 67 69 70 72 73])
Bicluster(rows=[26, 50], cols=[ 4  7  9 10 14 15 17 20 25 28 29 30 32 39 42 47 49 51 52 53 59 60 61 63
 67 68 70 71 72 73])
Bicluster(rows=[26, 51], cols=[ 3  6  7  8  9 12 13 14 16 19 22 23 26 29 31 33 35 39 41 43 45 53 56 63
 64 66 72 74])
Bicluster(rows=[26, 52], cols=[ 0  1  2  6  7  9 13 14 15 17 25 27 28 30 32 36 40 41 45 47 49 53 58 59
 60 61 64 65 66 68 69 70 72 73])
Bicluster(rows=[26, 53], cols=[ 0  2  3  4  5  7  9 10 11 14 17 19 20 26 27 29 31 33 36 39 41 43 45 54
 55 58 59 60 63 64 67 71 72])
Bicluster(rows=[26, 54], cols=[ 0  2  5 10 11 14 15 20 25 26 27 28 29 32 34 36 38 39 40 41 44 45 47 49
 52 55 57 58 60 61 67 69 71])
Bicluster(rows=[26, 55], cols=[ 3  5 19 22 23 27 29 31 33 36 39 41 43 45 51 53 54 56 58 61 63 64 67 68
 70])
Bicluster(rows=[26, 56], cols=[ 2  5  9 11 14 15 16 20 22 25 27 28 32 34 36 39 40 41 44 45 47 49 54 61
 67 68 72 73 74])
Bicluster(rows=[26, 57], cols=[ 0  8 13 15 17 20 25 27 28 32 34 36 39 40 41 44 45 47 49 51 55 56 57 59
 60 62 63 67 68 70 71 72 73])
Bicluster(rows=[26, 58], cols=[ 0  1  4  5 11 13 14 15 18 19 20 25 28 29 30 32 36 40 41 42 47 49 53 54
 57 58 59 63 65 71 72 74])
Bicluster(rows=[26, 59], cols=[ 0  3  5  6 13 15 17 19 21 23 29 41 42 45 46 48 51 52 54 55 59 63 65 67
 68 69 71 73 74])
Bicluster(rows=[26, 60], cols=[ 0  5  9 10 15 17 20 25 28 29 30 32 39 42 46 47 48 49 50 51 52 53 54 55
 60 61 63 68 73])
Bicluster(rows=[26, 61], cols=[ 2  4  5  7  9 11 13 15 17 20 29 33 41 43 45 50 51 52 53 59 61 70 72])
Bicluster(rows=[26, 62], cols=[ 4  7  8  9 10 13 14 15 16 19 20 25 27 28 32 34 36 38 40 47 49 50 51 52
 53 58 60 61 63 65 68 69 70 72])
Bicluster(rows=[26, 63], cols=[ 1  4  5  8 12 13 14 16 21 22 23 26 27 33 35 36 39 43 47 51 56 57 62 63
 64 65 66 72])
Bicluster(rows=[26, 64], cols=[ 3  4  8  9 11 12 13 15 19 21 22 23 26 29 31 34 35 38 39 42 48 58 59 62
 63 65 72])
Bicluster(rows=[26, 65], cols=[ 2  4  5  6  8 11 12 17 19 26 28 34 39 42 48 52 53 55 58 64 66 67 70])
Bicluster(rows=[26, 66], cols=[ 2  3  4  5  6  7  8 11 13 22 28 29 33 34 35 36 38 39 40 41 42 44 47 48
 50 52 54 55 57 59 60 61 67 68 70 71 73])
Bicluster(rows=[26, 67], cols=[ 1  4  6 12 14 15 16 17 19 20 28 29 31 32 34 39 41 42 47 50 51 52 53 54
 55 57 59 61 67 70 71 73])
Bicluster(rows=[26, 68], cols=[ 0  2  5  6  7  8 11 13 14 15 16 20 21 22 23 25 28 31 32 36 37 38 39 42
 43 44 45 49 50 52 54 55 57 59 60 61 67 68 69 71 73])
Bicluster(rows=[26, 69], cols=[ 0  1  7  8 16 19 20 22 25 28 31 35 39 41 45 46 47 51 52 53 54 55 58 59
 61 67 70 71 73 74])
Bicluster(rows=[26, 70], cols=[ 2  3 12 14 19 22 24 29 32 36 37 38 41 42 44 46 47 48 49 50 55 57 59 60
 61 63 64 69 73])
Bicluster(rows=[26, 71], cols=[ 2  3  8 12 17 20 21 23 25 27 30 32 35 37 39 40 41 48 49 51 52 56 60 61
 65 66 69 70])
Bicluster(rows=[26, 72], cols=[ 4  6  8  9 10 13 15 17 18 20 25 29 31 32 35 39 40 41 42 46 47 50 55 57
 59 60 61 63 67 68 69 73])
Bicluster(rows=[26, 73], cols=[ 2  4  9 10 11 13 15 17 19 25 26 28 29 32 33 38 42 44 45 47 48 49 50 52
 54 55 57 59 60 61 67 70 71 73])
Bicluster(rows=[26, 74], cols=[ 0  2  4  6  8 12 13 15 16 17 19 20 21 29 32 36 41 45 46 49 51 52 56 60
 61 65 66 70])
Bicluster(rows=[26, 75], cols=[ 3  4  5  7 10 11 13 14 18 19 23 28 29 35 36 42 45 46 55 57 59 60 61 63
 64 69 72])
Bicluster(rows=[26, 76], cols=[ 1  2  3  8 11 13 14 15 22 23 25 29 31 32 34 38 40 42 44 45 48 49 50 55
 57 59 60 61 63 64 69 72])
Bicluster(rows=[26, 77], cols=[ 0  3  6 11 12 13 15 16 19 21 28 29 35 36 40 41 42 45 48 51 52 56 60 61
 64 70 72])
Bicluster(rows=[26, 78], cols=[ 2  3  6  9 11 14 15 16 18 22 25 29 34 43 44 47 49 50 51 52 54 55 57 59
 60 61 63 67 68 69 70 71 73])
Bicluster(rows=[26, 79], cols=[ 3  7  8  9 10 28 29 32 35 36 40 41 42 44 46 49 50 52 55 57 59 60 61 63
 64 69 72])
Bicluster(rows=[26, 80], cols=[ 8  9 10 11 12 13 15 17 22 24 25 31 32 33 36 37 39 42 43 45 51 52 55 60
 61 63 64 70 72])
Bicluster(rows=[26, 81], cols=[ 1  2  4  6  7 11 13 14 16 17 18 23 26 31 32 35 37 40 41 42 43 45 51 52
 53 54 55 59 61 63 67 68 70 71 73])
Bicluster(rows=[26, 82], cols=[ 0  1  2  3  4  6 11 13 14 19 21 22 23 25 28 31 32 37 39 41 44 47 49 50
 51 52 53 54 55 58 59 61 71 73 74])
Bicluster(rows=[26, 83], cols=[ 1  6  7  9 11 17 18 20 21 22 23 27 28 34 39 44 46 47 50 55 57 59 60 63
 67 68 69 73])
Bicluster(rows=[26, 84], cols=[ 0  2  3  4  5  8  9 13 15 16 20 22 24 30 32 34 36 39 41 44 45 46 48 49
 50 52 54 55 57 59 60 61 63 67 68 69 70 73])
Bicluster(rows=[26, 85], cols=[ 1  3  4  6  8 12 13 15 16 23 32 36 38 39 41 42 44 45 48 49 50 52 55 57
 59 60 61 63 64 69 72])
Bicluster(rows=[26, 86], cols=[ 0  1  5 10 11 14 19 20 22 27 29 30 31 32 34 37 39 40 43 50 55 57 59 60
 63 67 68 69 73])
Bicluster(rows=[26, 87], cols=[ 0  1  4  7  9 14 17 19 20 25 26 33 34 35 38 39 42 47 48 51 54 58 59 71
 73 74])
Bicluster(rows=[26, 88], cols=[ 2  3  4  6  7  9 13 14 17 18 21 22 24 26 27 28 32 33 36 38 40 43 45 46
 47 49 51 52 56 60 61 65 66 69])
Bicluster(rows=[26, 89], cols=[ 0  3  6  8 13 16 18 21 22 25 27 28 29 30 32 36 41 45 47 50 51 52 55 57
 59 60 61 63 69 72 73])
Bicluster(rows=[26, 90], cols=[ 0  1  2  3  5  6 12 14 15 21 32 36 39 43 46 48 51 54 58 59 62 71 73 74])
Bicluster(rows=[26, 91], cols=[ 0  2  4  5  6  7 12 13 15 23 24 25 27 30 33 35 39 40 41 48 50 52 54 55
 57 59 60 61 63 67 68 69 70 71 73])
Bicluster(rows=[26, 92], cols=[ 2  3  8  9 12 15 16 18 19 22 28 34 36 38 40 41 42 49 54 58 59 62 63 67
 71 73 74])
Bicluster(rows=[26, 93], cols=[ 3  5 12 13 16 21 23 25 29 30 34 39 40 42 44 45 48 50 51 52 53 54 55 58
 59 61 71 73 74])
Bicluster(rows=[26, 94], cols=[ 1  4  6  9 10 11 12 13 14 17 19 26 29 34 44 47 48 51 54 58 59 62 71 73
 74])
Bicluster(rows=[26, 95], cols=[ 1  7  8  9 10 12 18 19 21 25 26 28 29 32 35 36 38 39 41 44 47 49 51 52
 56 60 61 65 66 69])
Bicluster(rows=[26, 96], cols=[ 0  1  3  4  6  8 11 17 20 21 26 28 29 30 31 32 34 35 36 38 46 56 64 66
 72])
Bicluster(rows=[26, 97], cols=[ 0  5  7  8 10 12 13 15 16 19 25 26 31 32 33 34 38 39 42 47 48 55 56 57
 61 65 69 72])
Bicluster(rows=[26, 98], cols=[ 1  2  3  4  7  9 10 11 14 22 26 31 33 34 35 38 39 46 47 54 58 62 67 71
 73 74])
Bicluster(rows=[26, 99], cols=[ 0  2  9 11 12 13 20 25 28 31 32 34 35 37 42 43 44 46 49 51 56 58 61 63
 64 67 71 72])
Bicluster(rows=[27, 28], cols=[ 0  1  2  3  4  5  6  7  8  9 10 11 12 13 14 15 16 17 18 19 20 21 22 23
 24 29 30 35 37 38 39 40 44 52 53 54 59 60 62 64 65 68 69 73])
Bicluster(rows=[27, 29], cols=[ 0  1  2  3  4  5  6  7  8  9 10 11 12 13 14 15 16 17 18 19 20 21 22 23
 24 25 31 33 35 36 40 41 42 45 47 48 49 56 67 68 70 74])
Bicluster(rows=[27, 30], cols=[ 0  1  2  3  4  5  6  7  8  9 10 11 12 13 14 15 16 17 18 19 20 21 22 23
 24 25 27 29 30 31 36 39 40 41 50 51 53 55 57 61 62 64 65 68 69 71 73])
Bicluster(rows=[27, 31], cols=[ 0  1  2  3  4  5  6  7  8  9 10 11 12 13 14 15 16 17 18 19 20 21 22 23
 24 25 26 27 29 31 37 39 44 47 50 51 61 63 68 69 71 72 73])
Bicluster(rows=[27, 32], cols=[ 0  1  2  3  4  5  6  7  8  9 10 11 12 13 14 15 16 17 18 19 20 21 22 23
 24 26 27 30 32 37 38 44 46 48 51 52 53 55 57 63 64 69])
Bicluster(rows=[27, 33], cols=[ 0  1 11 18 19 20 21 22 25 31 33 34 36 38 40 41 42 45 47 48 49 53 61 63
 64 65 67 70 72])
Bicluster(rows=[27, 34], cols=[ 1  3  6  8 10 15 16 18 19 23 24 30 31 35 40 47 48 49 50 52 54 56 57 63
 65 68 69 73])
Bicluster(rows=[27, 35], cols=[ 0  2  5  8 10 11 12 14 20 22 27 28 29 31 33 36 40 47 48 49 53 56 62 64
 65 68 69 71 72 73])
Bicluster(rows=[27, 36], cols=[ 1  7  9 10 12 14 15 16 18 20 21 25 27 29 33 34 37 40 43 47 49 50 51 53
 56 62 65 67])
Bicluster(rows=[27, 37], cols=[ 0  1  2  4  5  6  7  9 11 22 23 30 31 35 40 47 48 49 50 52 54 58 59 63
 67 69 70 71 73 74])
Bicluster(rows=[27, 38], cols=[ 4  5  7  8 10 12 14 15 16 21 23 25 27 29 33 34 36 38 40 43 47 49 55 61
 62 65 66 68 70 71 73])
Bicluster(rows=[27, 39], cols=[ 1  6  8  9 15 17 18 21 22 23 24 25 27 29 33 34 37 40 43 47 49 54 58 61
 64 67 73])
Bicluster(rows=[27, 40], cols=[ 2  3  8  9 10 12 14 17 19 20 22 25 31 33 34 38 40 41 42 45 47 48 50 51
 59])
Bicluster(rows=[27, 41], cols=[ 1  4  6  7 11 12 13 14 23 24 25 27 29 33 34 36 40 43 47 48 49 52 58 60
 64 66 67 68 69 74])
Bicluster(rows=[27, 42], cols=[ 0  1  4  5  8 10 13 14 15 17 19 20 21 22 23 25 27 31 33 34 36 40 43 47
 48 49 50 56 62 63 67 70 71])
Bicluster(rows=[27, 43], cols=[ 0  2  4  5  7 11 13 15 16 18 20 25 34 37 38 39 43 46 50 51 57 61 62 64
 65 67 71 72])
Bicluster(rows=[27, 44], cols=[ 0  1  2  3 10 11 14 15 17 18 19 20 21 23 26 32 39 44 46 51 52 54 55 56
 59 60 64 69 71 72 73 74])
Bicluster(rows=[27, 45], cols=[ 0  4  5  8  9 11 15 16 17 22 24 25 27 29 31 33 34 36 38 40 43 47 48 49
 51 56 59 62 64 65])
Bicluster(rows=[27, 46], cols=[ 0  7  8  9 15 17 19 20 22 25 27 29 31 33 34 36 40 43 47 48 49 50 51 54
 57 59 60 62 63 65 67 68 69 70 71 73 74])
Bicluster(rows=[27, 47], cols=[ 2  3  5  6  9 10 12 15 16 22 24 27 29 37 39 50 53 54 55 57 59 63 65 68
 69 71 72 73])
Bicluster(rows=[27, 48], cols=[ 0  2  3  4  5  6  7 10 12 14 15 16 17 18 20 21 23 31 33 34 36 41 42 43
 47 48 51 52 56 58 61 62 63 65 66 67 71 73 74])
Bicluster(rows=[27, 49], cols=[ 4  5  6  7 10 12 13 15 16 23 26 32 35 39 46 52 55 61 67 70 71])
Bicluster(rows=[27, 50], cols=[ 3  4  5  9 10 14 15 20 31 33 34 36 42 43 47 48 50 54 59 61 63 65 68 69
 71 73])
Bicluster(rows=[27, 51], cols=[ 0  7 10 14 15 25 28 33 34 37 40 46 47 49 50 51 53 54 55 57 59 60 61 62
 63 65 69 73])
Bicluster(rows=[27, 52], cols=[ 0  1  5  6  9 10 13 17 19 20 25 31 33 34 36 38 40 41 42 45 47 48 50 52
 54 59 61 64 67 73])
Bicluster(rows=[27, 53], cols=[ 1  4  6  7  8  9 11 12 13 14 17 18 20 21 22 23 24 25 27 29 34 37 40 43
 49 50 56 61 63 64 67 68 73])
Bicluster(rows=[27, 54], cols=[ 0  2  4  5 10 11 14 15 17 20 21 22 25 31 33 34 38 41 42 45 47 48 52 54
 58 59 62 67 68 69 71])
Bicluster(rows=[27, 55], cols=[ 0  3 10 11 14 21 22 23 26 29 36 39 41 42 50 51 53 56 60 61 64 65 71 73])
Bicluster(rows=[27, 56], cols=[ 1  2  3  5  6  8  9 10 11 14 19 23 27 29 30 35 37 39 44 50 51 58 63 64
 71 74])
Bicluster(rows=[27, 57], cols=[ 0  2  3  7 11 12 14 16 17 19 20 23 26 32 39 46 50 59 61 67 68 72 73 74])
Bicluster(rows=[27, 58], cols=[ 0  1  2  4 11 13 15 17 18 19 20 25 31 33 34 36 41 42 43 47 48 56 57 58
 60 62 68 69 70 71 74])
Bicluster(rows=[27, 59], cols=[ 0  5  7  8 10 12 15 16 17 18 22 25 27 29 31 33 34 36 40 43 47 48 49 54
 61 63 64 65 67 68])
Bicluster(rows=[27, 60], cols=[ 2  3  4  5  7  9 10 11 12 14 15 17 19 20 22 23 31 33 34 36 43 47 48 54
 56 60 62 63 64 67 74])
Bicluster(rows=[27, 61], cols=[ 0  4  6  7  9 11 17 22 24 28 33 34 37 46 47 49 52 55 56 57 58 60 62 63
 64 67 68 70 72 73])
Bicluster(rows=[27, 62], cols=[ 4  5  6  7  9 12 14 18 20 23 26 32 39 46 52 53 56 59 60 64 66 70 73 74])
Bicluster(rows=[27, 63], cols=[ 0  2  3  4  6  7 10 11 12 13 17 19 20 25 27 29 31 33 34 36 40 43 47 48
 49 53 54 56 60 61 62 63 64 67 68 69 70 74])
Bicluster(rows=[27, 64], cols=[ 0  3  5  7  8 10 14 17 18 20 21 22 23 27 29 35 37 39 50 52 54 56 62 64
 67 68 71 73])
Bicluster(rows=[27, 65], cols=[ 0  1  2  4 10 11 16 17 18 19 22 23 25 27 29 31 33 34 36 38 40 43 47 48
 49 50 55 56 58 60 62])
Bicluster(rows=[27, 66], cols=[ 0  2  3  4  6  7  8 10 13 17 20 25 26 27 28 34 39 41 47 49 51 53 55 57
 59 61 71 72])
Bicluster(rows=[27, 67], cols=[ 1  4  8 12 14 15 16 19 20 29 30 36 40 41 42 43 44 47 50 59 65 69 71 73
 74])
Bicluster(rows=[27, 68], cols=[ 2  5  6  7  8 11 13 14 15 16 20 21 23 25 29 30 31 34 37 42 45 49 50 51
 53 59 61 65 71 72 73])
Bicluster(rows=[27, 69], cols=[ 1  5  7  8 10 16 17 22 25 26 29 30 32 33 35 36 41 45 47 48 50 53 59 65
 69 71 72 73 74])
Bicluster(rows=[27, 70], cols=[ 1  3  4  5  7  9 11 12 13 14 17 22 23 24 27 29 30 33 34 36 37 39 41 44
 46 47 49 50 51 54 55 57 59 61 65 67 68 72 73])
Bicluster(rows=[27, 71], cols=[ 3  4  5  8 10 11 14 15 19 22 25 31 33 34 35 37 38 40 46 49 50 56 61 63
 64])
Bicluster(rows=[27, 72], cols=[ 1  3  7  9 10 11 12 15 16 17 23 24 26 28 31 32 35 36 37 38 39 42 44 49
 52 54 56 58 63 64 66 67 68 70])
Bicluster(rows=[27, 73], cols=[ 0  1  2  9 10 11 12 13 15 16 17 18 19 21 24 25 27 31 38 40 42 43 47 48
 50 51 53 55 57 59 61 71 72])
Bicluster(rows=[27, 74], cols=[ 1  2 10 11 17 20 22 27 29 30 35 39 40 42 44 47 50 60 62 65 70 71 73 74])
Bicluster(rows=[27, 75], cols=[ 1  2  4  5  7  8 11 19 21 24 25 28 35 41 42 43 46 49 50 51 55 56 57 59
 61 63 64 65 73])
Bicluster(rows=[27, 76], cols=[ 2  6 10 11 13 14 16 17 20 25 28 29 30 32 34 36 38 42 43 46 48 63 66 71])
Bicluster(rows=[27, 77], cols=[ 3  5 13 17 21 27 29 31 32 34 36 38 40 45 46 47 50 51 54 55 57 59 61 65
 67 68 72 73])
Bicluster(rows=[27, 78], cols=[ 3  6  9 10 11 14 15 16 18 22 25 26 27 28 29 33 34 36 38 40 47 48 50 51
 53 55 57 59 61 65 69 71 72 73])
Bicluster(rows=[27, 79], cols=[ 0  5  7  9 16 18 21 26 27 28 33 35 41 42 46 50 51 54 55 56 57 59 61 63
 64 65 67 73])
Bicluster(rows=[27, 80], cols=[ 0  2  8 11 12 14 24 25 26 27 36 41 45 50 51 54 55 57 59 61 65 68 72 73])
Bicluster(rows=[27, 81], cols=[ 1  6  7 11 15 16 17 18 20 23 27 29 30 35 37 38 40 45 48 50 53 59 65 69
 71 73 74])
Bicluster(rows=[27, 82], cols=[ 0  1  3  4  5  6 11 13 14 15 19 22 23 25 27 29 30 34 36 37 38 40 41 43
 44 47 50 59 60 62 65 69 70 71 72 73 74])
Bicluster(rows=[27, 83], cols=[ 1  2  3  6  7  8  9 14 17 18 21 28 32 34 37 39 40 42 44 46 47 51 54 55
 57 59 61 65 68 71 72 73])
Bicluster(rows=[27, 84], cols=[ 3  7  8 11 12 16 17 19 22 24 25 26 27 34 36 37 38 42 44 45 49 50 51 55
 57 59 61 65 71 72 73])
Bicluster(rows=[27, 85], cols=[ 1  2  4  5  6  8  9 10 11 14 16 19 23 27 33 34 35 36 37 39 44 45 49 50
 51 54 55 57 59 61 65 67 68 72 73])
Bicluster(rows=[27, 86], cols=[ 2  4 15 22 26 29 30 33 37 38 40 41 45 46 48 51 55 57 59 61 65 71 72 73])
Bicluster(rows=[27, 87], cols=[ 0  4  6  7 12 13 16 17 20 21 22 29 30 31 34 36 38 40 41 44 45 47 48 49
 52 58 65 70 71 73])
Bicluster(rows=[27, 88], cols=[ 0  3  5 11 13 15 20 21 22 24 34 35 36 37 40 41 42 45 46 47 48 49 50 51
 55 56 57 59 61])
Bicluster(rows=[27, 89], cols=[ 3  6  8 13 16 17 19 21 22 25 29 37 41 42 43 45 47 50 51 54 55 57 59 61
 65 67 68 72 73])
Bicluster(rows=[27, 90], cols=[ 2  3  6 12 14 15 21 26 28 40 48 49 50 52 58 59 62 65 70 71 72 73])
Bicluster(rows=[27, 91], cols=[ 0  1  2  4  6  7 12 13 15 21 28 35 40 41 43 48 50 51 53 55 57 59 61 65
 68 69 71 72 73])
Bicluster(rows=[27, 92], cols=[ 0  2  3  4  8  9 10 11 12 14 16 17 20 27 30 31 33 36 39 40 41 49 50 59
 60 62 65 70 71 72 73 74])
Bicluster(rows=[27, 93], cols=[ 3  9 15 16 20 23 25 28 29 31 32 33 34 35 40 43 44 45 51 55 57 60 61 69
 70 74])
Bicluster(rows=[27, 94], cols=[ 0  2  5  6 12 15 20 27 31 36 37 38 42 47 49 50 59 60 62 65 70 71 72 73])
Bicluster(rows=[27, 95], cols=[ 0  1  2  4  8 14 15 18 25 27 30 33 34 35 39 41 42 44 47 48 49 50 51 55
 56 57])
Bicluster(rows=[27, 96], cols=[ 9 12 15 22 23 25 26 27 29 36 46 47 52 56 58 60 62 65 70 71 73])
Bicluster(rows=[27, 97], cols=[ 1  3  7 13 17 19 20 21 22 23 24 27 30 31 33 35 38 41 42 45 46 48 49 56
 65 66 71 73])
Bicluster(rows=[27, 98], cols=[ 0  1  3  4  5  7 11 15 17 22 27 35 37 38 40 41 42 44 47 48 49 52 58 62
 65 70 71 73])
Bicluster(rows=[27, 99], cols=[ 0  2  3  4  9 16 19 23 29 30 32 35 36 41 48 50 51 53 55 59 61 62 63 65
 67 69 70 72])
Bicluster(rows=[28, 29], cols=[ 0  1  2  3  4  5  6  7  8  9 10 11 12 13 14 15 16 17 18 19 20 21 22 23
 24 26 34 50 52 57 58 60 61 66 68 69 71])
Bicluster(rows=[28, 30], cols=[ 0  1  2  3  4  5  6  7  8  9 10 11 12 13 14 15 16 17 18 19 20 21 22 23
 24 25 26 28 29 30 32 33 34 39 40 42 43 45 53 54 55 56 58 62 63 64 65 66
 67 68 69 70 72 73 74])
Bicluster(rows=[28, 31], cols=[ 0  1  2  3  4  5  6  7  8  9 10 11 12 13 14 15 16 17 18 19 20 21 22 23
 24 28 29 31 32 33 35 36 37 41 42 44 46 48 49 51 55 56 57 58 64 67 68 70
 71 73 74])
Bicluster(rows=[28, 32], cols=[ 0  1  2  3  4  5  6  7  8  9 10 11 12 13 14 15 16 17 18 19 20 21 22 23
 24 25 31 32 33 37 38 40 41 42 44 45 51 52 53 54 55 57 60 61 64 69 70 74])
Bicluster(rows=[28, 33], cols=[ 1 10 12 13 17 24 25 29 30 31 32 33 34 35 37 42 43 44 45 46 54 56 58 59
 60 64 67 69 70 73])
Bicluster(rows=[28, 34], cols=[ 0  4  9 10 11 13 15 21 22 29 31 33 34 37 38 41 42 46 50 53 54 55 59 69
 70])
Bicluster(rows=[28, 35], cols=[ 0  1  2  3  4  5  6  7 10 11 13 14 16 19 20 21 23 28 31 32 39 40 47 52
 60 61 62 65 69])
Bicluster(rows=[28, 36], cols=[ 1  7  9 12 14 15 18 20 21 26 29 40 41 42 46 51 53 55 57 58 61 62 65 69
 72])
Bicluster(rows=[28, 37], cols=[ 0  2  3  5 14 16 18 19 24 25 27 30 32 33 34 36 37 38 47 48 50 51 54 55
 56 58 60 61 62 64 65 69 70 72 74])
Bicluster(rows=[28, 38], cols=[ 2  4  5  7  8 10 12 14 16 21 23 26 29 31 37 40 41 42 46 50 57 58 62 68
 69 72])
Bicluster(rows=[28, 39], cols=[ 0  4  6  7 10 13 15 18 20 21 23 26 27 29 31 36 37 40 41 50 51 54 63 64
 65 67 69 70 71 73])
Bicluster(rows=[28, 40], cols=[ 4  7 23 25 29 30 31 32 33 34 35 42 43 44 45 46 56 58 59 62 64 65 69 70
 72])
Bicluster(rows=[28, 41], cols=[ 1  2  3  5  8  9 10 15 16 17 19 20 21 29 31 33 37 38 41 42 46 50 52 62
 64 65 68 72 74])
Bicluster(rows=[28, 42], cols=[ 9 11 24 25 27 30 31 32 33 34 37 38 41 51 53 55 56 57 59 67 68 70 73 74])
Bicluster(rows=[28, 43], cols=[ 2  4  5  7  9 13 15 20 22 25 29 31 33 34 37 38 41 42 46 51 52 55 58 62
 64 65 66 68 70])
Bicluster(rows=[28, 44], cols=[ 0  2  3 10 11 14 15 17 18 19 20 21 23 27 30 32 35 36 37 39 41 43 44 47
 48 49 51 52 57 58 60 61 64 67 68 69 70 73 74])
Bicluster(rows=[28, 45], cols=[ 0  1  3  4  5  6 13 15 17 18 21 23 25 30 31 32 33 34 35 40 52 53 55 62
 64 66 67 69 72 74])
Bicluster(rows=[28, 46], cols=[ 0  1  2  3  4  6 11 12 14 15 21 23 28 29 37 39 41 42 45 46 47 49 52 54
 55 64 65 66 67 68 69 70 71 72 74])
Bicluster(rows=[28, 47], cols=[ 0  6 12 16 22 24 27 28 36 37 39 41 42 45 47 48 49 51 53 54 56 58 59 61
 67 68 70 73])
Bicluster(rows=[28, 48], cols=[ 0  2  5  9 10 17 20 28 29 37 39 42 45 46 47 49 53 54 57 58 60 61 64 65
 67 68 71 72 74])
Bicluster(rows=[28, 49], cols=[ 1  3  4  6  9 11 13 16 17 18 19 21 23 24 25 27 29 31 32 33 34 37 38 41
 42 46 50 54 55 60 61 66 68 71 74])
Bicluster(rows=[28, 50], cols=[ 2  7  9 10 13 15 17 18 19 23 28 29 37 39 42 45 46 47 49 51 52 53 54 55
 57 60 61 62 64 66 68 72])
Bicluster(rows=[28, 51], cols=[ 3  4  8 10 11 17 20 22 23 28 31 32 40 47 53 54 61 65 66 72 73])
Bicluster(rows=[28, 52], cols=[ 0  3  5  7  9 10 14 16 17 20 21 22 23 24 28 29 32 37 39 41 42 45 47 49
 51 53 57 62 63 67 72 74])
Bicluster(rows=[28, 53], cols=[ 1  2  5  6  8  9 11 12 13 14 17 18 20 21 22 24 26 27 29 31 37 40 41 42
 46 58 64 68 69 70 72 73])
Bicluster(rows=[28, 54], cols=[ 0  1  2  5  7  8 10 12 13 15 17 19 23 27 28 35 36 37 39 41 47 48 49 54
 55 60 61 62 64 65 69 72])
Bicluster(rows=[28, 55], cols=[ 2  3 10 11 14 15 17 20 21 22 23 28 31 32 33 35 40 51 53 55 60 65 67 68
 70])
Bicluster(rows=[28, 56], cols=[ 1  2  3  5  6  8  9 13 14 15 19 20 23 27 32 35 36 37 39 41 44 47 48 49
 55 56 57 61 64 66 70 72 74])
Bicluster(rows=[28, 57], cols=[ 0  2  3  7 11 12 14 16 17 19 20 23 27 28 32 35 36 37 39 41 47 48 49 51
 54 55 56 57 58 60 66 71 72 73])
Bicluster(rows=[28, 58], cols=[ 0  3  4 11 12 14 15 20 21 23 28 29 37 39 42 46 47 49 51 53 58 62 64 65
 66 67 69 72 73 74])
Bicluster(rows=[28, 59], cols=[ 2  8 11 18 29 31 38 40 41 42 46 50 54 55 60 62 66 68 69 70 71 72 73 74])
Bicluster(rows=[28, 60], cols=[ 0  1  5  6  7 11 13 14 15 16 17 19 20 21 28 29 37 39 46 47 49 50 51 53
 57 59 60 61 62 64 65 66 67 71 72])
Bicluster(rows=[28, 61], cols=[ 3  5  7  8  9 10 12 14 15 17 19 20 26 29 31 37 40 41 42 46 50 51 52 55
 57 60 61 62 64 66 69 71 72])
Bicluster(rows=[28, 62], cols=[ 2  4  5  6  7  9 10 11 12 14 15 18 20 23 25 27 30 32 34 35 36 37 39 43
 47 48 49 50 52 53 54 55 57 58 60 64 66 71 72 73])
Bicluster(rows=[28, 63], cols=[ 1  4  5  7  8 11 12 13 15 16 19 21 22 23 25 28 32 33 35 40 50 51 52 60
 66 72])
Bicluster(rows=[28, 64], cols=[ 2  3  5  7  8 14 17 18 21 22 23 27 28 36 37 39 41 42 45 47 48 49 51 52
 54 55 57 58 61 62 63 68 69 72 73])
Bicluster(rows=[28, 65], cols=[ 6  8  9 12 14 15 25 27 30 32 33 34 35 36 37 38 41 47 51 53 54 56 57 58
 61 64 65 68 69 70 73])
Bicluster(rows=[28, 66], cols=[ 1  9 12 14 16 21 28 29 31 32 33 35 36 37 41 42 45 47 49 51 53 55 57 60
 61 62 64 65 66 69 71 72])
Bicluster(rows=[28, 67], cols=[ 0  1  2  6  9 10 12 16 20 22 29 30 31 33 34 35 40 49 51 53 55 57 58 59
 67 73 74])
Bicluster(rows=[28, 68], cols=[ 2  5  6  7  8 11 13 14 15 16 20 21 22 23 26 27 29 30 37 40 47 51 53 54
 55 57 58 59 65 67 68 70 73 74])
Bicluster(rows=[28, 69], cols=[ 2  8  9 10 15 16 17 22 25 27 29 30 51 53 56 57 58 59 63 67 73 74])
Bicluster(rows=[28, 70], cols=[ 1  3  4  5  7  9 11 12 13 14 17 22 23 24 25 26 30 31 37 38 42 43 44 45
 46 51 54 55 57 58 64 65 70 71 72 74])
Bicluster(rows=[28, 71], cols=[ 3  4  5  8 10 11 14 15 19 22 26 37 38 40 42 43 45 47 51 55 57 58 66 70
 74])
Bicluster(rows=[28, 72], cols=[ 0  4  6  8  9 13 14 15 17 18 19 26 28 30 31 44 46 51 53 54 55 57 58 64
 65 70 71 72 74])
Bicluster(rows=[28, 73], cols=[ 0  1  2  4  9 10 11 12 13 15 16 17 18 19 21 24 26 33 36 38 40 51 53 55
 56 57 58 59 63 67 70 73 74])
Bicluster(rows=[28, 74], cols=[ 0  1  2  9 11 15 22 27 29 30 32 34 35 36 39 40 41 43 44 48 49 51 52 55
 56 57 59 60 61 62 63 69 73])
Bicluster(rows=[28, 75], cols=[ 2  3  5  7  9 11 12 13 18 20 23 25 26 30 34 35 39 40 46 51 53 55 57 58
 64 65 70 71 72 74])
Bicluster(rows=[28, 76], cols=[ 1  2  3  4  7  8  9 10 11 13 14 17 20 22 23 27 31 34 38 43 44 47 51 55
 57 58 64 65 70 71 72 74])
Bicluster(rows=[28, 77], cols=[ 2  5  7  9 10 17 20 21 23 27 29 34 38 40 41 44 45 48 49 54 56 59 67 68
 70 73])
Bicluster(rows=[28, 78], cols=[ 1  2  4 15 19 20 21 28 29 33 37 39 41 43 46 47 49 51 52 53 55 57 60 61
 62 64 65 66 69 71 72])
Bicluster(rows=[28, 79], cols=[ 1  2 10 11 12 14 19 23 25 28 30 33 35 36 37 41 42 43 46 48 49 52 54 55
 57 60 61 62 65 66 67 68 69 72 73])
Bicluster(rows=[28, 80], cols=[ 3  4  9 10 15 16 17 18 21 26 31 32 40 41 45 46 47 48 51 52 54 55 57 60
 61 62 64 65 66 68 69 72])
Bicluster(rows=[28, 81], cols=[ 1  5  6  7  9 11 15 16 18 20 23 25 29 30 31 34 35 37 38 40 46 51 53 54
 55 57 58 65 67 68 72 73 74])
Bicluster(rows=[28, 82], cols=[ 0  1  3  4  5  6 11 13 14 15 22 23 29 30 31 37 40 44 45 48 51 52 55 56
 57 59 60 61 62 63 69 73])
Bicluster(rows=[28, 83], cols=[ 1  2  3  6  7  8  9 11 14 17 18 20 21 22 23 32 33 40 43 46 51 53 55 57
 58 64 65 70 71 72 74])
Bicluster(rows=[28, 84], cols=[ 3  7  8 10 11 12 14 16 17 19 24 27 28 31 32 33 34 37 38 43 44 46 47 48
 56 59 63 67 73])
Bicluster(rows=[28, 85], cols=[ 1  2  4  5  6  8  9 10 11 12 14 16 19 23 25 26 30 42 43 44 55 57 58 64
 65 70 71 72 74])
Bicluster(rows=[28, 86], cols=[ 0  3  5  7  8  9 10 13 14 16 23 25 27 31 32 39 43 44 48 52 54 55 57 60
 61 62 64 65 66 67 68 69 72])
Bicluster(rows=[28, 87], cols=[ 1  2  5  9 14 15 19 31 32 33 34 37 38 42 43 44 45 46 49 51 52 55 56 57
 59 60 61 62 63 69])
Bicluster(rows=[28, 88], cols=[ 2  5  7  9 10 12 17 23 25 27 30 32 33 35 36 37 47 48 52 55 56 57 59 61
 62 63 69])
Bicluster(rows=[28, 89], cols=[ 4  5  8  9 11 16 17 18 19 25 26 40 44 51 54 55 57 58 64 65 70 71 72 74])
Bicluster(rows=[28, 90], cols=[ 0  1  2  3  5  6 12 14 15 20 21 23 25 29 31 33 35 40 41 43 45 52 54 61
 64 65 66 68 69 72])
Bicluster(rows=[28, 91], cols=[ 4  6 11 12 14 15 19 23 24 32 33 35 36 40 47 51 53 54 55 57 58 59 67 68
 70 73 74])
Bicluster(rows=[28, 92], cols=[ 0  3  4  5  8 11 12 14 16 17 20 21 22 25 26 30 39 42 45 47 51 52 55 56
 57 59 60 61 62 63 69 73])
Bicluster(rows=[28, 93], cols=[ 0  2  3  4  6  7  9 11 14 15 16 19 20 21 25 26 27 29 31 32 33 34 35 36
 40 41 42 44 47 48 49 51 53 56 57 58 59 60 63 74])
Bicluster(rows=[28, 94], cols=[ 0  1  2  5 11 12 13 15 18 20 25 32 33 34 37 43 52 55 56 57 59 61 62 63
 69])
Bicluster(rows=[28, 95], cols=[ 6  7  9 11 19 20 22 28 29 30 31 32 36 37 40 41 42 43 44 45 47 52 55 61
 63 66 73])
Bicluster(rows=[28, 96], cols=[ 2  5  7 10 14 25 30 32 37 41 42 44 49 51 53 55 57 58 59 67 73 74])
Bicluster(rows=[28, 97], cols=[ 0  5  6 10 15 27 31 33 37 39 40 42 45 52 55 56 57 59 61 62 63 69])
Bicluster(rows=[28, 98], cols=[ 1  3  4  7 11 15 17 22 27 31 34 35 36 38 40 43 45 52 55 56 59 61 63 66])
Bicluster(rows=[28, 99], cols=[ 0  2  3  4  7  9 14 16 19 23 27 28 29 31 35 42 45 46 49 51 53 56 57 58
 59 62 69 71])
Bicluster(rows=[29, 30], cols=[ 1  3  6  8 12 16 18 21 22 23 24 25 26 27 30 31 34 35 36 37 38 40 41 43
 47 48 49 50 52 53 56 57 59 60 65 69 70 72 74])
Bicluster(rows=[29, 31], cols=[ 0  1  2  3  4  5  6  7  8  9 10 11 12 13 14 15 16 17 18 19 20 21 22 23
 24 25 27 31 38 46 47 56 57 58 60 68])
Bicluster(rows=[29, 32], cols=[ 2  4  7  9 11 14 17 19 25 26 27 31 32 33 35 37 38 40 41 44 47 48 52 53
 54 61 62 68 69])
Bicluster(rows=[29, 33], cols=[ 1  2 11 14 15 18 19 20 22 24 25 26 28 29 30 31 33 37 39 40 41 43 44 49
 50 52 54 56 57 62 65 67 70 71])
Bicluster(rows=[29, 34], cols=[ 1  2  3  6  8  9 11 12 13 16 18 23 24 25 26 28 31 32 34 38 39 42 49 51
 54 57 66 67 69 71 72 74])
Bicluster(rows=[29, 35], cols=[ 3  4  6 11 13 23 35 36 37 38 41 45 48 51 53 54 61 63 65 66 67 69 70 71])
Bicluster(rows=[29, 36], cols=[ 0  1  2  4  5  9 10 16 17 18 19 21 22 27 31 32 33 36 37 39 40 46 49 52
 54 57 58 59 60 61 65 66 67 70 72])
Bicluster(rows=[29, 37], cols=[ 1  4  7  8 10 11 15 16 18 25 26 33 39 40 47 48 49 52 54 56 62 63 64 65
 66 68 70 72 73])
Bicluster(rows=[29, 38], cols=[ 0  2  3  4  7 11 13 14 18 20 22 24 29 34 35 37 38 40 41 42 45 47 49 53
 55 56 57 59 63 66 69 72 73 74])
Bicluster(rows=[29, 39], cols=[ 1  2  3  4  5  7 16 22 29 31 34 35 38 39 40 42 47 49 51 54 57 59 60 63
 65 67 68 69 71 72 73])
Bicluster(rows=[29, 40], cols=[ 2  3  8  9 10 12 14 17 18 19 20 22 25 26 28 29 30 31 33 36 37 39 40 41
 43 44 45 47 49 52 56 60 62 63 64 65 66 67 68 71 72])
Bicluster(rows=[29, 41], cols=[ 1  4  7  8 11 12 13 14 16 21 26 27 31 32 33 36 37 39 40 46 49 54 59 61
 63 67 69 71 73 74])
Bicluster(rows=[29, 42], cols=[ 0  1  4  8 10 13 14 17 19 20 21 22 23 24 26 27 31 32 33 36 37 39 40 46
 49 52 53 55 56 58 59 60 65 66 69 70 74])
Bicluster(rows=[29, 43], cols=[ 8 10 16 17 18 19 21 23 26 27 31 32 33 36 37 39 40 46 48 49 50 51 55 57
 59 60 61 62 67 71 72 73])
Bicluster(rows=[29, 44], cols=[ 2  4  6  8 13 14 15 17 20 22 25 26 28 29 30 31 33 39 40 41 42 43 45 49
 51 55 57 60 67 70 71 72 74])
Bicluster(rows=[29, 45], cols=[ 4  8 11 12 15 16 25 26 27 30 36 37 39 40 46 47 48 49 50 52 53 57 60 63
 66 68 69 71 72])
Bicluster(rows=[29, 46], cols=[ 1  3  6  7  9 10 12 13 17 19 21 23 27 35 36 37 38 45 46 48 50 54 59 60
 61 69 72 74])
Bicluster(rows=[29, 47], cols=[ 3  7 11 14 16 17 19 20 22 24 27 34 35 36 37 38 40 46 47 48 49 50 51 52
 53 54 57 62 65 69 70 74])
Bicluster(rows=[29, 48], cols=[ 0  1  2  5  7 10 11 12 14 15 17 20 22 25 26 27 30 31 32 33 36 37 39 40
 46 49 50 53 56 60 67 69 74])
Bicluster(rows=[29, 49], cols=[ 4  6  9 11 12 13 16 17 19 23 28 34 35 38 43 44 50 51 56 57 59 60 61 62
 64 65 66 67 68 70 72 73])
Bicluster(rows=[29, 50], cols=[ 4  9 10 14 15 17 20 25 26 27 30 31 32 33 36 37 39 40 46 49 56 57 60 66
 69])
Bicluster(rows=[29, 51], cols=[ 2  4  5 11 12 13 19 27 31 32 33 36 37 39 40 46 49 50 52 53 54 57 61 63
 65 67 68 70 71 72 74])
Bicluster(rows=[29, 52], cols=[ 0  1  2  6  9 13 14 15 17 25 26 29 30 31 32 33 37 39 40 41 44 45 49 51
 53 56 60 63 67 68 72])
Bicluster(rows=[29, 53], cols=[ 1  4  6  7  8 11 12 15 18 19 21 22 23 24 26 27 33 36 37 39 40 46 47 48
 49 52 59 62 67 72])
Bicluster(rows=[29, 54], cols=[ 0  2  4  5 10 11 14 15 20 22 25 26 28 29 30 31 32 33 39 40 41 42 43 44
 45 49 52 53 57 60 66 68])
Bicluster(rows=[29, 55], cols=[ 1  7  8 13 21 26 31 34 35 38 39 42 49 50 51 53 61 63 64 66 69 70 71 73])
Bicluster(rows=[29, 56], cols=[ 2  5  9 11 14 15 16 20 25 26 28 29 30 31 32 33 39 40 41 42 43 45 49 50
 57 58 62 66 68 70 72 74])
Bicluster(rows=[29, 57], cols=[ 1  2  7  8 10 14 19 25 26 29 30 31 32 33 39 41 43 44 45 50 51 66 70 72
 74])
Bicluster(rows=[29, 58], cols=[ 0  1  2  5 13 15 18 19 20 25 26 27 31 32 33 36 37 39 40 46 49 50 51 52
 56 61 65 66 67 70 74])
Bicluster(rows=[29, 59], cols=[ 1  9 11 14 16 21 22 24 25 26 28 31 34 38 39 42 49 53 54 55 57 59 63 71
 73])
Bicluster(rows=[29, 60], cols=[ 4  5  7  9 10 15 17 20 23 27 31 32 33 36 37 39 40 46 49 52 53 60 65 66
 67 69 72 74])
Bicluster(rows=[29, 61], cols=[ 1  2  7 11 13 14 20 23 31 34 35 38 40 42 47 49 51 52 53 55 61 65 66 67
 69 70 71 74])
Bicluster(rows=[29, 62], cols=[ 4  7  9 10 13 14 15 16 19 20 25 26 28 30 31 32 33 39 42 52 53 56 60 66
 67 68 72 74])
Bicluster(rows=[29, 63], cols=[ 1  4  5  6  8 12 13 14 16 21 22 23 29 31 34 35 38 40 42 47 49 50 51 54
 55 57 67 70 72])
Bicluster(rows=[29, 64], cols=[ 3  4  8  9 12 13 15 18 19 21 22 27 34 35 36 37 38 46 47 48 54 64 66 67
 70 72])
Bicluster(rows=[29, 65], cols=[ 1  2 10 16 17 18 19 22 23 26 27 31 32 33 36 37 39 40 46 48 49 54 56 59
 60 64 70 71 73])
Bicluster(rows=[29, 66], cols=[ 4  7 11 15 17 18 23 25 27 33 34 37 39 42 43 45 46 47 55 62 63 64 73])
Bicluster(rows=[29, 67], cols=[ 0  2  3  4  5 10 14 19 25 26 27 30 34 36 37 44 45 46 50 51 53 54 59 61
 63 69 70])
Bicluster(rows=[29, 68], cols=[ 6  8  9 10 12 13 16 17 19 21 23 27 30 31 32 37 39 40 45 47 51 52 53 61
 65 66 67 69 70 71 72 74])
Bicluster(rows=[29, 69], cols=[ 2  7 13 15 17 19 23 26 29 32 36 42 43 48 49 50 51 52 54 59 61 63 69 70
 72 74])
Bicluster(rows=[29, 70], cols=[ 0  3  8 19 22 24 25 28 29 30 32 33 41 44 46 48 52 54 57 60 65 66 67 71
 72 74])
Bicluster(rows=[29, 71], cols=[ 2  3  7  8  9 12 13 17 23 28 32 36 39 40 41 43 47 50 51 52 59 60 61 63
 64 69 73 74])
Bicluster(rows=[29, 72], cols=[ 0  1  2  4  5 12 14 16 19 22 23 24 31 37 43 44 45 47 48 54 55 59 62 63
 73])
Bicluster(rows=[29, 73], cols=[ 2  4  9 10 13 15 17 19 22 25 26 27 28 37 38 39 43 44 45 47 48 49 56 57
 58 60 68])
Bicluster(rows=[29, 74], cols=[ 0  2  3  6  9 12 15 16 21 29 30 32 34 37 40 43 44 45 46 47 50 51 52 59
 60 61 63 64 69 73 74])
Bicluster(rows=[29, 75], cols=[ 3  4 11 13 14 17 18 19 23 25 26 28 29 31 34 38 43 44 45 46 47 49 52 57
 60 65 66 67 71 72 74])
Bicluster(rows=[29, 76], cols=[ 0  2  5  9 14 17 20 26 28 33 34 35 37 38 43 47 48 51 53 61 66 70])
Bicluster(rows=[29, 77], cols=[ 2  3  6  7  8  9 10 12 13 16 18 20 24 26 29 33 34 37 38 40 41 42 45 47
 54 55 59 62 63 67 71 73])
Bicluster(rows=[29, 78], cols=[ 5  9 10 11 12 14 21 26 27 30 31 34 36 38 42 43 46 48 50 51 53 54 61 65
 67 69 70 71 72])
Bicluster(rows=[29, 79], cols=[ 2  3  8 10 14 25 29 30 32 41 43 44 46 47 52 54 57 60 65 66 67 71 72 74])
Bicluster(rows=[29, 80], cols=[ 1  3  6  7 11 12 13 16 18 19 21 22 25 29 31 33 34 36 39 40 47 48 50 54
 59 67 71])
Bicluster(rows=[29, 81], cols=[ 0  4  5  7 12 13 20 22 25 26 29 33 36 38 46 47 48 50 51 53 54 59 61 67
 69 70 71 72])
Bicluster(rows=[29, 82], cols=[10 13 16 17 18 20 25 28 29 30 31 34 39 40 44 45 46 47 49 51 53 55 59 63
 64 70 73])
Bicluster(rows=[29, 83], cols=[ 0  3  5  7  9 10 11 12 14 15 16 24 26 27 32 34 37 39 40 41 44 47 48 54
 55 59 62 63 67 71 73])
Bicluster(rows=[29, 84], cols=[ 0  2  3  4  5  8  9 13 15 16 20 22 24 27 28 29 31 32 39 40 41 42 44 45
 46 47 48 49 56 57 58 60 66])
Bicluster(rows=[29, 85], cols=[ 0  1  2  3  4 11 12 13 14 17 18 19 20 21 22 32 34 36 39 41 42 43 44 49
 54 55 59 62 63 67 71 73])
Bicluster(rows=[29, 86], cols=[ 1  7 17 22 28 29 30 33 37 39 41 43 45 46 47 49 51 61 65 67 69 70 71 72
 74])
Bicluster(rows=[29, 87], cols=[ 2  3  4  5  7  8  9 10 12 13 14 15 26 28 30 32 34 35 36 37 38 40 44 46
 48 49 50 51 52 59 60 61 63 64 73 74])
Bicluster(rows=[29, 88], cols=[ 2  3  4  6  7  9 13 14 17 21 22 24 26 28 29 31 37 40 42 46 49 50 57 58
 59 60 63 64 66 73])
Bicluster(rows=[29, 89], cols=[ 1  2  3  4  6  7  9 10 11 13 19 20 22 25 26 27 28 29 35 36 38 41 45 48
 54 55 59 62 63 73])
Bicluster(rows=[29, 90], cols=[ 2 10 13 14 16 20 22 25 26 27 29 31 33 41 43 45 46 48 52 54 57 60 65 66
 67 71 72 74])
Bicluster(rows=[29, 91], cols=[ 0  2  4  5  7  8 10 11 15 19 23 25 28 29 30 35 37 40 43 48 56 57 58 60])
Bicluster(rows=[29, 92], cols=[ 0  2  4  8  9 10 11 12 15 17 18 20 26 27 28 29 31 32 36 38 40 41 43 49
 52 53 56 57 61 66 68 69 70 74])
Bicluster(rows=[29, 93], cols=[ 4  7  8 11 12 17 19 22 23 25 26 28 29 30 31 32 37 38 39 40 42 43 44 46
 53 55 63 64 70 73])
Bicluster(rows=[29, 94], cols=[ 3  4  8 11 13 19 22 23 25 26 27 28 32 34 35 36 38 40 41 43 46 49 50 51
 52 59 60 61 63 64 69 73 74])
Bicluster(rows=[29, 95], cols=[ 1  7  8  9 10 11 12 16 18 19 21 26 29 30 31 32 33 39 40 41 42 43 44 45
 49 50 57 58 59 60 63 64 66 73])
Bicluster(rows=[29, 96], cols=[ 1  2  3  6  7  8 12 13 14 16 29 31 33 41 45 47 50 51 53 54 59 61 69 70])
Bicluster(rows=[29, 97], cols=[ 0  3  5  7  8 10 13 15 16 19 22 25 26 28 30 32 34 37 38 39 43 48 49 57
 58 63 64 66 72 73])
Bicluster(rows=[29, 98], cols=[ 4  6  7  8 13 16 17 18 20 21 24 26 28 31 32 34 38 39 43 45 48 49 50 57
 58 59 60 63 64 66 73])
Bicluster(rows=[29, 99], cols=[ 1 10 11 13 16 17 22 23 26 27 28 29 30 31 34 39 40 41 50 51 52 53 56 61
 65 72 73])
Bicluster(rows=[30, 31], cols=[ 0  1  2  3  4  5  6  7  8  9 10 11 12 13 14 15 16 17 18 19 20 21 22 23
 24 25 27 28 29 31 33 35 37 38 39 41 42 44 47 48 49 50 51 56 60 63 67 68
 69 70 71 73 74])
Bicluster(rows=[30, 32], cols=[ 0  1  2  3  4  5  6  7  8  9 10 11 12 13 14 15 16 17 18 19 20 21 22 23
 24 25 26 32 33 37 40 45 47 49 51 54 55 56 57 58 59 64 70 74])
Bicluster(rows=[30, 33], cols=[ 1  5 10 12 13 17 24 25 26 27 29 30 32 33 34 36 37 40 41 43 45 47 48 49
 50 51 52 56 58 61 64 70 71 73])
Bicluster(rows=[30, 34], cols=[ 1  3  5  6  7  8 10 14 15 16 18 19 23 24 25 26 28 30 31 32 33 34 35 38
 46 51 57 67 68 69 74])
Bicluster(rows=[30, 35], cols=[ 0  1  2  3  4  5  6  7  9 10 11 13 14 16 19 20 21 23 28 32 33 35 37 38
 39 40 46 47 49 50 58 59 64 72])
Bicluster(rows=[30, 36], cols=[ 3  4  5  8  9 10 13 15 17 19 23 28 33 35 37 38 39 40 46 47 49 54 59 66
 68 69 71 72 73 74])
Bicluster(rows=[30, 37], cols=[ 4  5  6  7 15 22 23 26 28 31 32 33 34 35 38 46 47 51 54 55 57 60 61 63
 65 66 67 72 74])
Bicluster(rows=[30, 38], cols=[ 1  3  5 10 11 13 15 18 19 24 28 30 32 33 34 35 36 37 38 40 46 47 49 50
 51 53 54 56 59 67 69 72 74])
Bicluster(rows=[30, 39], cols=[ 0  9 10 14 15 16 17 20 25 26 28 30 32 34 44 46 47 50 52 58 59 60 64 66
 68 74])
Bicluster(rows=[30, 40], cols=[ 4  7 13 23 25 27 29 30 32 33 34 36 40 41 45 47 48 49 51 52 53 55 56 60
 64 65 71 73])
Bicluster(rows=[30, 41], cols=[ 1  2  3  5  8  9 10 15 16 17 19 20 21 24 25 26 29 32 40 42 47 48 49 59
 60 61 62 66 68 71 72 74])
Bicluster(rows=[30, 42], cols=[ 2  7  9 12 21 24 25 26 27 29 32 36 40 42 47 48 52 53 56 59 60 65 67 69
 70 73])
Bicluster(rows=[30, 43], cols=[ 0  1  2  3  5  6 11 12 14 15 17 19 20 23 24 25 26 30 31 32 34 44 46 52
 54 59 64 72 73 74])
Bicluster(rows=[30, 44], cols=[ 0  2  3 10 11 14 15 17 18 19 20 23 27 29 30 32 33 34 39 42 45 47 48 49
 53 55 58 59 62 64 65 67 68 70])
Bicluster(rows=[30, 45], cols=[ 2  5  7  8  9 10 11 12 14 19 20 25 26 27 29 32 36 37 40 41 43 45 47 50
 51 53 54 58 61 64 65 68 70])
Bicluster(rows=[30, 46], cols=[ 0  1  2  3  4  6  7 11 12 13 14 15 17 20 21 23 28 29 30 33 34 35 36 37
 38 39 40 41 44 47 48 49 66 70 72])
Bicluster(rows=[30, 47], cols=[ 0  2  5  6  9 12 16 22 24 27 28 29 30 33 34 35 36 39 40 41 44 45 47 48
 49 50 52 55 57 58 62 65 66 67 69 70 71 73 74])
Bicluster(rows=[30, 48], cols=[ 0  2  4  7 13 14 15 17 20 28 29 33 35 36 38 39 40 41 48 49 50 52 53 59
 64 69 72])
Bicluster(rows=[30, 49], cols=[ 1  3  4  6  9 11 13 17 18 19 21 23 24 25 26 27 29 32 33 34 40 42 47 48
 49 66 68 72 74])
Bicluster(rows=[30, 50], cols=[ 1  5  7  8  9 12 13 14 15 16 17 18 19 20 23 28 29 33 35 36 37 38 39 40
 41 47 48 49 53 58 62 66 72])
Bicluster(rows=[30, 51], cols=[ 0  3  4  6  7  8 10 12 13 15 17 18 19 20 21 22 23 28 32 33 34 35 38 46
 47 53 59 66 72])
Bicluster(rows=[30, 52], cols=[ 0  3  5  7  9 10 14 16 17 20 21 22 23 24 27 28 29 30 33 34 35 36 39 40
 41 44 45 47 48 49 52 53 62 63 64 65 71 72 74])
Bicluster(rows=[30, 53], cols=[ 1  2  4  6  7  8  9 11 12 13 14 17 18 20 21 22 23 24 27 29 36 37 40 42
 45 50 58 64 66 70 72 73])
Bicluster(rows=[30, 54], cols=[ 0  1  2  4  7  8 12 13 15 17 19 20 23 27 29 30 32 33 34 36 40 45 47 48
 49 72])
Bicluster(rows=[30, 55], cols=[ 0  3  4  9 10 11 14 23 28 33 35 36 37 38 39 40 47 49 50 51 54 55 58 61
 64 65 67 68 71 73])
Bicluster(rows=[30, 56], cols=[ 1  2  3  5  6  8  9 10 11 14 19 23 25 27 29 30 32 33 34 36 39 40 42 45
 47 48 49 50 51 53 56 59 60 66 70 71 72])
Bicluster(rows=[30, 57], cols=[ 0  2  3  7 11 12 14 16 17 19 20 23 28 30 33 35 38 39 42 44 48 50 52 56
 58 59 61 65 66 70 73])
Bicluster(rows=[30, 58], cols=[ 2  3  4 11 12 14 15 17 19 20 21 23 28 29 33 35 36 37 38 39 40 41 47 48
 49 50 53 55 58 62 64 65 66 72 73])
Bicluster(rows=[30, 59], cols=[ 0  3  5  6 10 13 15 17 19 21 23 28 29 33 35 36 37 38 39 40 46 47 48 49
 54 56 57 58 59 60 64 68 69 71 73])
Bicluster(rows=[30, 60], cols=[ 0  1  4  6  7  8  9 11 12 13 16 17 19 21 22 28 30 32 33 34 35 36 37 38
 39 40 47 49 53 59 62 64 66 72])
Bicluster(rows=[30, 61], cols=[ 3  5  7  8 10 12 14 15 17 19 20 26 32 40 42 47 48 49 53 55 58 59 68 70
 73])
Bicluster(rows=[30, 62], cols=[ 2  3  4  5  6  7  9 10 11 12 14 15 20 23 25 27 29 32 33 34 40 42 43 45
 47 48 49 53 58 59 62 65 66 72 73])
Bicluster(rows=[30, 63], cols=[ 0  1  4  7  8 11 12 13 15 16 17 19 21 22 23 28 32 33 35 38 40 46 47 49
 50 57 59 62 64 70 73])
Bicluster(rows=[30, 64], cols=[ 0  2  3  5  7  8 10 14 17 18 20 21 22 23 27 28 29 30 32 33 34 35 36 37
 39 40 41 44 47 48 49 50 58 62 63 71 72 73 74])
Bicluster(rows=[30, 65], cols=[ 0  4  6  8  9 11 12 14 15 25 26 27 29 32 36 37 40 41 43 45 47 50 52 53
 58 59 64 67 70 74])
Bicluster(rows=[30, 66], cols=[ 0  2  3  4  6  8 10 13 15 17 19 20 25 27 32 33 35 37 41 42 43 45 46 47
 48 51 52 54 55 56 57 60 61 63 67 70 74])
Bicluster(rows=[30, 67], cols=[ 0  1  2  6  9 10 12 16 20 22 29 30 34 36 37 40 45 46 49 50 53 54 55 65
 67 68 69 70 71 73])
Bicluster(rows=[30, 68], cols=[ 2  5  6  7 11 13 14 15 16 20 21 23 24 29 30 31 40 41 46 51 52 54 55 56
 57 60 61 63 65 67 68 70 71 73 74])
Bicluster(rows=[30, 69], cols=[ 2  5  7  8  9 10 15 16 17 22 25 27 29 36 42 49 50 53 54 55 58 65 67 68
 69 70 71 73])
Bicluster(rows=[30, 70], cols=[ 1  3  4  5  7  9 11 12 13 14 15 17 22 23 24 26 27 28 29 30 32 36 39 41
 42 43 45 48 51 52 55 56 57 60 61 64 65 73 74])
Bicluster(rows=[30, 71], cols=[ 3  4  5 10 11 14 15 19 22 25 26 28 31 32 36 40 41 42 44 45 48 50 52 55
 59 60 64 69 72 74])
Bicluster(rows=[30, 72], cols=[ 0  2  4  6  8 13 14 18 19 25 26 32 36 37 38 41 43 44 45 49 51 52 54 55
 56 57 60 61 63 67 68 71 74])
Bicluster(rows=[30, 73], cols=[ 0  1  2  4  9 10 11 12 13 15 18 19 21 24 27 31 37 41 51 52 54 55 56 57
 60 61 63 67 69 70 71 74])
Bicluster(rows=[30, 74], cols=[ 0  1  2  9 11 15 17 20 27 32 33 36 37 39 40 45 46 48 49 50 53 54 58 59
 65 67 68 71 73])
Bicluster(rows=[30, 75], cols=[ 2  7  9 12 15 18 20 23 25 26 30 31 32 34 36 37 38 39 40 41 43 47 49 50
 51 52 55 60 64 65 73 74])
Bicluster(rows=[30, 76], cols=[ 1  2  3  4  7  8  9 10 11 13 14 17 20 22 23 25 28 34 37 39 41 46 50 51
 52 55 59 60 61 64 65 72 74])
Bicluster(rows=[30, 77], cols=[ 2  5  7  9 10 17 20 21 23 26 27 28 29 30 31 33 35 36 37 42 47 49 51 52
 55 60 61 65 68 71 73 74])
Bicluster(rows=[30, 78], cols=[ 3  5  6 10 13 14 16 18 22 25 27 29 33 34 35 36 37 40 47 51 52 54 55 56
 57 60 61 63 67 68 71 74])
Bicluster(rows=[30, 79], cols=[ 1  2 10 11 12 14 19 25 26 27 28 30 31 33 38 44 47 50 53 54 58 59 62 65
 67 68 71 73])
Bicluster(rows=[30, 80], cols=[ 0  2  5  7 12 14 19 23 25 27 28 29 30 32 33 35 40 44 50 55 64 65 69 70
 73])
Bicluster(rows=[30, 81], cols=[ 1  5  6  7  9 11 15 16 18 20 23 27 30 32 34 35 36 39 40 41 47 51 52 54
 55 56 63 67 69 70 71 74])
Bicluster(rows=[30, 82], cols=[ 5  8  9 10 15 17 20 21 25 29 30 32 36 40 41 43 45 46 47 48 50 53 54 58
 65 67 68 69 71 73])
Bicluster(rows=[30, 83], cols=[ 1  2  5  6  7  9 14 17 18 19 21 22 23 31 36 37 38 40 41 49 51 52 54 55
 56 57 60 61 65 68 71 73 74])
Bicluster(rows=[30, 84], cols=[ 3  7  8 11 12 14 16 17 19 22 24 27 28 31 32 33 36 40 41 43 47 48 51 52
 54 55 56 57 60 61 63 65 67 68 71 73 74])
Bicluster(rows=[30, 85], cols=[ 1  2  4  5  6  8  9 10 11 14 16 19 23 25 27 28 30 32 37 39 41 42 43 47
 48 51 52 55 57 60 61 64 65 73 74])
Bicluster(rows=[30, 86], cols=[ 0  3  5  7  8  9 10 13 14 16 23 25 26 29 30 32 34 35 36 37 38 39 43 46
 48 49 58 59 62 64 66 68 72])
Bicluster(rows=[30, 87], cols=[ 0  1  2  4  5  7  9 14 15 19 20 26 29 30 31 32 36 37 40 43 49 50 54 59
 62 65 67 68 71 73])
Bicluster(rows=[30, 88], cols=[ 0  1  2  4  5  7  9 10 12 14 15 17 20 23 26 27 29 32 34 36 37 40 41 45
 46 47 48 54 59 62 65 66 67 68 71 73])
Bicluster(rows=[30, 89], cols=[ 2  4  5  7  8  9 11 15 16 18 19 20 25 26 29 32 41 43 44 47 49 51 52 54
 55 56 57 60 61 65 67 68 71 73 74])
Bicluster(rows=[30, 90], cols=[ 1  2  3  5  6 12 14 15 20 21 29 33 35 40 44 45 47 50 54 59 62 65 66 67
 68 71 73])
Bicluster(rows=[30, 91], cols=[ 4  8  9 11 14 19 23 24 25 33 35 37 39 40 41 43 46 48 51 52 54 55 56 57
 60 61 63 67 68 71 73 74])
Bicluster(rows=[30, 92], cols=[ 0  2  3  4  5  7  8  9 10 11 12 14 16 17 18 20 25 31 34 43 46 47 50 54
 58 59 62 65 67 68 71 73])
Bicluster(rows=[30, 93], cols=[ 0  2  3  4  5  6  7  9 10 11 14 15 16 17 19 20 21 25 26 27 32 36 43 46
 47 48 49 50 53 54 55 58 65 67 68 69 71 73])
Bicluster(rows=[30, 94], cols=[ 0  1  2  4  5  6  9 10 11 12 13 15 18 19 20 25 26 32 37 40 41 43 46 50
 54 59 62 65 66 67 68 71 73])
Bicluster(rows=[30, 95], cols=[ 0  2  3  4  5 13 15 17 21 25 27 29 30 32 34 37 40 41 45 46 47 49 50 51
 52 55 59 60 61 72 74])
Bicluster(rows=[30, 96], cols=[ 2  5  7 10 13 14 25 27 29 32 33 34 35 36 37 38 45 48 50 53 54 58 65 67
 68 69 71 73])
Bicluster(rows=[30, 97], cols=[ 0  2  4  7  8 11 12 13 14 16 17 19 20 25 26 33 34 36 37 40 41 45 46 50
 51 52 55 59 60 61 72 74])
Bicluster(rows=[30, 98], cols=[ 0  5  9 12 13 14 15 16 18 21 23 24 26 31 34 40 41 42 43 46 48 49 50 51
 52 55 59 60 61 72 74])
Bicluster(rows=[30, 99], cols=[ 0  1  2  3  4  7  9 14 16 19 20 23 26 27 28 31 33 34 40 45 46 49 50 52
 53 54 55 56 59 62 64 65 66 68 74])
Bicluster(rows=[31, 32], cols=[ 0  1  2  3  4  5  6  7  8  9 10 11 12 13 14 15 16 17 18 19 20 21 22 23
 24 25 26 27 32 33 34 37 40 42 43 44 47 49 51 56 57 60 61 62 63 64 65 70
 72 74])
Bicluster(rows=[31, 33], cols=[ 1 10 12 13 17 24 28 32 33 37 38 39 40 41 42 44 45 46 48 49 52 53 58 59
 64 65 67 69 70 73])
Bicluster(rows=[31, 34], cols=[ 1  3  5  6  7  8 10 14 15 16 18 19 23 24 28 30 31 32 33 34 35 38 39 47
 51 55 62 63 65 66 67 68 69 71 72 73 74])
Bicluster(rows=[31, 35], cols=[ 0  1  2  3  4  5  6  7  9 10 11 13 14 16 19 20 21 23 26 27 28 29 30 32
 33 34 35 39 49 55 56 64])
Bicluster(rows=[31, 36], cols=[ 0  2  3  4  5 10 13 15 17 19 26 27 29 30 32 33 34 35 49 50 55 61 68 69
 74])
Bicluster(rows=[31, 37], cols=[ 4  5  6  7 15 22 23 28 30 31 33 34 35 38 39 47 51 55 59 60 63 67 69 73
 74])
Bicluster(rows=[31, 38], cols=[ 1  3  5 10 11 13 15 17 18 19 24 27 28 29 32 33 34 35 38 39 43 50 51 56
 57 66 67 69 70 74])
Bicluster(rows=[31, 39], cols=[ 0  9 10 14 15 16 17 26 30 31 32 33 34 35 39 47 52 53 56 58 62 64 69 71
 72])
Bicluster(rows=[31, 40], cols=[ 4  5  7 11 23 26 28 32 34 35 38 40 43 44 45 48 49 58 59 61 63 64 65 66
 67 69 72 73])
Bicluster(rows=[31, 41], cols=[ 2  6  9 10 11 12 13 15 17 18 20 22 23 28 30 31 33 34 35 38 39 47 50 51
 53 55 57 58 66 70 73])
Bicluster(rows=[31, 42], cols=[ 0  1  2  4  5  7 12 14 15 20 21 22 23 24 25 27 29 31 37 41 42 45 46 47
 50 55 56 58 60 64])
Bicluster(rows=[31, 43], cols=[ 1 12 17 19 24 26 27 29 30 32 34 35 37 40 46 49 50 51 53 54 58 59 61 62
 65 66 67 68 71 73])
Bicluster(rows=[31, 44], cols=[ 6  7  8  9 12 27 28 29 31 33 37 38 39 43 46 47 51 52 53 54 55 58 63 66
 68 70 73 74])
Bicluster(rows=[31, 45], cols=[ 2  5  7  8  9 11 12 14 16 17 19 20 25 29 37 39 42 45 46 47 50 54 55 56
 58 59 60 65 66 69 70])
Bicluster(rows=[31, 46], cols=[ 0  1  2  3  4  6  7 11 12 13 14 15 20 21 23 26 27 28 29 30 32 34 35 37
 40 41 42 46 48 49 50 55 60 61 63 67 68 69 70])
Bicluster(rows=[31, 47], cols=[ 0  5  6 12 16 22 24 26 28 30 32 34 35 37 40 41 42 43 45 48 49 50 51 52
 56 59 61 63 64 67 68 69 70 73 74])
Bicluster(rows=[31, 48], cols=[ 0  2  5  9 10 14 15 17 20 26 28 30 32 34 35 37 40 41 42 46 48 49 57 58
 63 66 67 68])
Bicluster(rows=[31, 49], cols=[ 4  5  6  7 10 12 13 15 16 17 23 28 32 33 34 35 36 38 40 48 49 56 57 60
 61 63 71 74])
Bicluster(rows=[31, 50], cols=[ 1  5  7  8  9 12 13 14 15 16 17 18 19 20 23 27 28 29 30 32 33 34 35 37
 38 39 43 46 49 55])
Bicluster(rows=[31, 51], cols=[ 0  3  4  6  7  8 10 12 13 15 18 19 20 21 22 23 28 30 31 32 33 34 35 38
 39 47 55 63 71])
Bicluster(rows=[31, 52], cols=[ 0  3  5  7  9 10 14 16 17 20 21 22 23 24 26 28 30 32 34 35 37 40 41 42
 43 45 48 49 50 51 52 55 57 64 65 66 67 74])
Bicluster(rows=[31, 53], cols=[ 3  4  7  9 14 19 20 28 30 31 32 33 34 35 39 47 51 54 57 60 62 63 64 66
 67 74])
Bicluster(rows=[31, 54], cols=[ 0  1  2  5  7  8 10 12 13 15 17 19 20 23 26 28 32 34 35 36 38 40 43 44
 45 48 49 55 58 61])
Bicluster(rows=[31, 55], cols=[ 0  2  4  6  9 10 11 14 15 17 20 23 27 28 29 32 33 34 35 38 39 43 50 51
 61 63 67 68 69 70 71 72 74])
Bicluster(rows=[31, 56], cols=[ 1  2  3  5  6  8  9 13 14 15 19 20 23 26 28 32 33 34 35 36 38 40 43 44
 45 48 49 57 60 62 63 70 74])
Bicluster(rows=[31, 57], cols=[ 0  2  3  7 11 12 14 17 19 20 23 26 28 30 34 35 36 40 43 50 51 53 55 57
 58 60 62 63 65 68 70 71 72 73])
Bicluster(rows=[31, 58], cols=[ 2  3  4 11 12 14 15 16 19 20 21 23 26 27 28 29 30 32 34 35 37 40 41 42
 46 48 49 51 61 67 70 73])
Bicluster(rows=[31, 59], cols=[ 0  3  5  6 10 13 15 17 19 21 23 26 27 29 30 32 34 37 40 46 48 49 53 58
 62 63 64 66 68 72])
Bicluster(rows=[31, 60], cols=[ 0  1  2  5  7 10 11 13 14 15 17 19 20 26 27 29 30 32 34 35 37 40 42 46
 48 49 50 55 57 63 64 69 71])
Bicluster(rows=[31, 61], cols=[ 1  4  5  9 10 11 13 16 17 21 23 26 30 31 32 33 34 35 39 47 52 60 61 70
 71 74])
Bicluster(rows=[31, 62], cols=[ 4  5  6  7  9 10 11 12 14 15 18 20 23 26 28 32 34 35 36 38 40 49 55 57
 63 65 73])
Bicluster(rows=[31, 63], cols=[ 0  1  8 10 11 17 19 20 21 22 26 30 32 34 49 50 51 55 56 63 68 70 72 73])
Bicluster(rows=[31, 64], cols=[ 0  2  3  5  7  8 10 14 17 18 20 21 22 23 26 27 28 29 32 33 34 35 37 38
 39 40 41 42 43 46 48 49 50 56 57 58 59 63 66 73 74])
Bicluster(rows=[31, 65], cols=[ 0  1  2  4  6  8  9 10 11 12 16 17 19 25 27 29 31 41 42 46 47 50 67 71
 74])
Bicluster(rows=[31, 66], cols=[ 0  2  3  4  6  7  8 10 13 15 17 20 25 27 29 33 35 38 39 42 47 48 51 56
 57 58 60 61 65 66 67 69 70 72 73 74])
Bicluster(rows=[31, 67], cols=[ 0  1  2  6  9 10 12 14 16 20 22 27 29 33 35 37 38 42 45 47 49 51 56 57
 58 61 65 66 67 69 70 72 73 74])
Bicluster(rows=[31, 68], cols=[ 2  4  5  6  7  8 11 13 14 15 16 20 21 22 23 25 29 31 37 38 41 43 51 56
 57 58 60 61 63 64 66 67 68 69 70 71 72 73 74])
Bicluster(rows=[31, 69], cols=[ 7  8  9 10 16 17 22 25 26 34 38 39 40 43 46 47 49 51 56 57 58 61 65 66
 67 69 70 72 73])
Bicluster(rows=[31, 70], cols=[ 1  3  4  5  7  9 11 12 13 14 15 17 22 23 24 28 29 32 38 40 41 42 44 47
 48 51 52 53 56 58 60 62 63 64 66 68 71 72 73 74])
Bicluster(rows=[31, 71], cols=[ 3  4  5  8 10 11 14 15 19 22 25 27 28 31 35 36 39 41 45 48 50 51 52 53
 57 58 62 74])
Bicluster(rows=[31, 72], cols=[ 0  2  4  6  8 13 14 18 19 25 30 37 38 39 42 44 46 47 49 51 52 53 56 58
 60 62 63 64 66 67 68 71 72 73 74])
Bicluster(rows=[31, 73], cols=[ 0  1  2  4  9 10 11 12 13 15 16 17 18 19 21 24 25 27 31 33 36 41 51 54
 56 57 58 60 61 65 66 67 69 70 72 73 74])
Bicluster(rows=[31, 74], cols=[ 0  1  2  9 11 15 26 32 35 36 37 40 42 43 44 45 46 47 51 54 57 58 61 65
 66 69 70 72 73])
Bicluster(rows=[31, 75], cols=[ 2  3  7  9 12 13 18 20 23 27 29 30 32 34 35 40 41 42 49 51 52 53 56 62
 63 64 66 71 72 73 74])
Bicluster(rows=[31, 76], cols=[ 1  2  3  4  7  8  9 10 11 13 14 17 20 22 23 25 26 28 37 41 42 44 50 51
 52 53 56 57 58 60 62 66 74])
Bicluster(rows=[31, 77], cols=[ 2  5  7  9 17 21 23 28 29 31 33 35 37 43 47 49 51 52 53 56 58 60 62 63
 64 66 67 68 71 72 73 74])
Bicluster(rows=[31, 78], cols=[ 3  5  6 10 11 13 14 15 16 18 22 25 26 27 29 30 32 35 37 43 46 47 51 56
 57 58 60 61 63 64 66 67 68 69 70 72 73 74])
Bicluster(rows=[31, 79], cols=[ 0  2  5 10 11 12 13 14 19 27 28 31 32 33 34 37 38 40 41 42 44 46 47 48
 49 50 55 63 64 68 71])
Bicluster(rows=[31, 80], cols=[ 5  7 12 14 19 23 25 26 28 30 38 39 40 46 47 51 56 58 60 63 64 66 67 68
 71 72 73 74])
Bicluster(rows=[31, 81], cols=[ 1  5  6  7  9 11 15 16 18 20 23 26 34 35 39 41 42 46 51 54 56 57 58 60
 61 65 66 67 69 70 72 73 74])
Bicluster(rows=[31, 82], cols=[ 0  1  3  4  5  6 11 14 15 21 22 23 25 27 29 31 37 39 44 47 48 50 54 56
 57 63 67 72 73])
Bicluster(rows=[31, 83], cols=[ 1  2  5  6  7  9 14 15 17 18 19 21 22 23 30 32 37 38 39 41 43 44 47 49
 51 52 53 56 58 60 62 63 64 66 67 68 71 72 73 74])
Bicluster(rows=[31, 84], cols=[ 3  7  8 11 12 16 17 19 22 24 25 26 28 31 33 37 40 41 44 46 48 51 52 53
 56 58 60 62 63 64 65 66 67 68 72 73 74])
Bicluster(rows=[31, 85], cols=[ 2  4  5  6  8  9 10 11 14 16 19 23 28 37 38 39 41 44 48 51 52 53 56 58
 62 63 64 66 71 72 73 74])
Bicluster(rows=[31, 86], cols=[ 0  3  5  7  8  9 10 13 14 16 20 23 25 29 31 33 35 38 39 40 45 47 48 50
 55 71])
Bicluster(rows=[31, 87], cols=[ 1  2  5  9 10 14 15 19 25 30 31 32 33 37 39 40 41 42 44 46 47 49 51 54
 57 61 65 66 69 72])
Bicluster(rows=[31, 88], cols=[ 3  4  5  6  7  8  9 10 11 13 14 17 18 20 21 22 24 31 33 43 46 50 51 53
 55 57 58 60 61 69 70 74])
Bicluster(rows=[31, 89], cols=[ 3  6  8 11 16 17 18 19 21 25 29 34 37 40 44 46 47 49 51 52 53 56 58 60
 62 63 64 66 68 71 72 73 74])
Bicluster(rows=[31, 90], cols=[ 0  5  9 11 16 19 22 25 30 31 32 36 40 42 46 47 48 49 51 52 53 56 57 58
 60 62 63 64 66 71 74])
Bicluster(rows=[31, 91], cols=[ 0  4  6  7 11 12 14 15 19 23 24 25 26 32 33 35 36 39 41 45 49 51 56 57
 58 60 61 63 64 66 67 68 69 70 71 72 73 74])
Bicluster(rows=[31, 92], cols=[ 0  3  4  5  7  8 10 11 12 14 16 17 20 27 31 34 38 42 44 50 54 56 57 65
 72 73])
Bicluster(rows=[31, 93], cols=[ 0  2  3  4  6  7  9 10 11 14 15 16 19 20 21 29 31 32 33 36 39 42 44 48
 49 51 54 57 58 59 61 65 66 69 70 72 73 74])
Bicluster(rows=[31, 94], cols=[ 6  7 26 28 29 31 32 33 39 40 41 42 43 44 46 47 48 49 51 54 57 61 65 66
 69 72])
Bicluster(rows=[31, 95], cols=[ 0  1  2  3  4  8 13 14 15 17 18 20 21 25 27 29 31 38 39 44 47 50 51 52
 53 57 58 60 61 74])
Bicluster(rows=[31, 96], cols=[ 2  5  7 10 13 14 25 26 28 32 34 37 39 40 42 43 45 47 48 50 56 57 61 63
 67 69 72 73])
Bicluster(rows=[31, 97], cols=[ 0  2  4  7  8 11 12 13 14 16 17 19 20 25 27 33 37 38 40 41 42 47 50 51
 52 53 57 58 60 61 74])
Bicluster(rows=[31, 98], cols=[ 0  5  8  9 12 13 14 15 16 18 21 23 24 25 31 38 39 40 41 42 48 49 50 51
 52 53 55 57 58 60 61 62 74])
Bicluster(rows=[31, 99], cols=[ 0  2  3  4  7  9 14 16 19 20 23 28 29 31 32 33 34 35 39 42 44 45 46 47
 49 51 52 57 58 61 64 69 72])
Bicluster(rows=[32, 33], cols=[ 0  1  5 10 13 18 21 22 25 27 28 30 37 42 44 45 47 48 51 56 57 58 63 64
 65 68 69 72])
Bicluster(rows=[32, 34], cols=[ 1  3  5  6  7  8 10 14 15 16 18 19 23 24 25 26 29 36 39 47 48 50 51 52
 55 57 62 63 65 72 74])
Bicluster(rows=[32, 35], cols=[ 0  1  2  3  4  5  6  7 10 11 13 14 16 19 20 21 23 24 27 31 32 33 34 37
 40 47 49 50 52 56 58 59 60 61 67 69 71 73])
Bicluster(rows=[32, 36], cols=[ 1  7 12 14 18 20 21 35 37 39 41 46 51 53 56 57 61 65 69 70 71])
Bicluster(rows=[32, 37], cols=[ 0  2  3  5 14 18 19 24 25 26 28 30 31 32 40 41 46 47 49 55 56 59 60 61
 63 64 69 70 71 73])
Bicluster(rows=[32, 38], cols=[ 1  3 10 11 13 15 17 18 19 24 26 27 31 32 33 34 37 40 43 47 49 51 52 53
 54 56 57 58 60 61 63 70 71 73 74])
Bicluster(rows=[32, 39], cols=[ 0  1  3  7  9 10 15 16 20 22 25 29 36 39 43 48 53 55 58 59 67 69 73 74])
Bicluster(rows=[32, 40], cols=[ 0  1  2  9 10 14 15 16 17 19 20 24 25 37 40 42 44 45 47 52 53 54 57 58
 59 61 63 68 74])
Bicluster(rows=[32, 41], cols=[ 2  5  6  9 10 11 12 13 15 17 18 20 22 23 25 29 36 39 43 48 52 53 56 57
 58 59 64 68 70 71])
Bicluster(rows=[32, 42], cols=[ 7 12 21 22 23 25 28 30 31 35 38 40 41 46 47 49 50 53 57 61 62 65 70 72
 74])
Bicluster(rows=[32, 43], cols=[ 0  2  5  7 11 13 15 16 18 20 25 28 30 31 35 37 38 40 41 46 47 51 56 57
 59 64 70 73])
Bicluster(rows=[32, 44], cols=[ 0  2  3 10 11 14 15 17 18 19 20 21 23 26 31 32 33 34 41 44 46 49 50 51
 52 56 60 61 63 64 65 69 70])
Bicluster(rows=[32, 45], cols=[ 0  2  5  8  9 11 12 14 16 17 28 30 35 37 38 39 40 41 42 47 51 52 54 56
 57 58 65 67 69 70 71])
Bicluster(rows=[32, 46], cols=[ 0  1  2  3  4  6  7 11 12 13 14 15 17 20 21 23 26 31 32 33 34 37 40 42
 43 45 47 49 53 58 59 60 61 63 69 71 73])
Bicluster(rows=[32, 47], cols=[ 2  3  5  6  9 10 12 15 16 22 24 26 31 32 33 37 40 42 43 45 47 49 55 56
 57 58 61 63 64 72 74])
Bicluster(rows=[32, 48], cols=[ 0  2  3  4  5  6  7  8 10 12 13 14 15 17 18 20 21 23 27 29 36 45 51 59
 60 64 66 67 68])
Bicluster(rows=[32, 49], cols=[ 1  4  5  6 10 11 12 13 15 16 17 18 23 24 25 26 31 32 33 40 41 46 49 54
 55 56 58 59 60 61 67 74])
Bicluster(rows=[32, 50], cols=[ 1  5  7  8  9 12 13 14 15 16 17 18 19 20 23 26 31 32 33 34 37 40 42 43
 47 49 52 58 59 69 71 73])
Bicluster(rows=[32, 51], cols=[ 0  3  4  6  7  8 10 11 12 13 15 16 17 19 20 22 23 26 27 43 47 48 59 60
 61 63 68 69])
Bicluster(rows=[32, 52], cols=[ 0  3  5  7  9 10 14 16 17 20 21 22 23 24 26 31 32 33 34 40 41 43 46 49
 53 57 58 59 65 68 73 74])
Bicluster(rows=[32, 53], cols=[ 1  2  5  6  8  9 13 14 17 18 20 21 22 24 25 28 30 31 35 37 38 40 41 46
 47 56 59 63 64 69 70 71])
Bicluster(rows=[32, 54], cols=[ 0  1  2  5  7  8 10 12 13 15 17 19 23 26 31 32 33 34 40 41 43 46 49 50
 53 55 59 61 63 64 68 69 71])
Bicluster(rows=[32, 55], cols=[ 0  3  4  9 10 11 14 21 23 26 27 31 32 33 34 37 40 47 49 51 52 53 54 55
 58 59 60 63 64 70 72])
Bicluster(rows=[32, 56], cols=[ 1  2  3  5  6  8  9 13 14 15 19 20 23 26 31 32 33 37 40 41 44 49 51 55
 58 61 62 63 64 70])
Bicluster(rows=[32, 57], cols=[ 1  5  6 15 16 20 21 22 24 26 31 32 33 34 37 40 41 44 46 47 49 52 53 56
 58 59 62 63 66 67 68 71 73])
Bicluster(rows=[32, 58], cols=[ 2  3  4 11 12 14 15 16 17 19 20 21 23 26 31 32 33 34 37 40 42 43 47 49
 52 55 58 59 60 61 64 69])
Bicluster(rows=[32, 59], cols=[ 0  3  5  6 10 13 15 17 19 21 23 24 26 27 31 32 33 34 37 40 47 48 49 50
 52 53 54 55 56 58 62 63 64])
Bicluster(rows=[32, 60], cols=[ 0  1  4  5  6  7  9 11 13 14 15 16 17 19 20 21 26 27 31 32 33 34 37 40
 49 52 58 61 63 64])
Bicluster(rows=[32, 61], cols=[ 2  3  5  7  8 10 12 14 15 19 20 25 28 30 31 35 38 40 46 47 49 51 52 53
 56 57 58 60 61 69 72])
Bicluster(rows=[32, 62], cols=[ 1  2  4  5  6 12 13 14 18 19 21 22 23 24 25 26 30 31 32 33 37 40 41 46
 47 49 58 59 63 68 71])
Bicluster(rows=[32, 63], cols=[ 0  1  4  7  8 11 15 16 17 19 21 22 23 26 29 32 33 34 36 47 48 51 52 57
 60 63 64 69 71])
Bicluster(rows=[32, 64], cols=[ 0  1  4  6  9 10 11 13 16 19 20 24 27 28 30 35 38 39 45 48 51 53 54 58
 60 62 65 70 71 73])
Bicluster(rows=[32, 65], cols=[ 6  8  9 12 14 15 25 26 28 30 31 32 33 40 41 46 47 49 50 54 57 58 61 63
 64 69 70 72])
Bicluster(rows=[32, 66], cols=[ 0  2  3  4  6  7  8 10 13 15 17 19 20 22 25 26 28 30 31 33 36 37 42 45
 47 51 53 54 55 56 57 60 65 70 72 74])
Bicluster(rows=[32, 67], cols=[ 3  4 11 15 17 18 19 20 24 30 31 32 35 37 38 40 41 42 43 46 52 58 59 60
 61 67 68 69 71 73])
Bicluster(rows=[32, 68], cols=[ 2  5  6  7  8 11 13 14 15 16 20 21 22 23 28 35 36 37 39 40 42 43 51 53
 54 55 56 57 62 65 70 72 74])
Bicluster(rows=[32, 69], cols=[ 1  5  7  8 10 16 17 22 25 28 31 34 43 48 49 54 55 56 57 58 60 65 72])
Bicluster(rows=[32, 70], cols=[ 1  3  4  5  7  8  9 11 12 13 14 17 22 23 24 25 30 31 35 37 40 42 44 45
 46 51 53 55 56 57 62 63 64 70 74])
Bicluster(rows=[32, 71], cols=[ 2  3  8  9 12 13 16 17 18 20 21 23 27 29 37 38 39 42 45 46 47 48 52 53
 58 59 60 61 67 68 71 73])
Bicluster(rows=[32, 72], cols=[ 0  2  4  6  8 13 14 15 18 19 29 31 37 39 42 45 48 49 51 53 54 55 56 57
 62 70 74])
Bicluster(rows=[32, 73], cols=[ 0  1  2  9 10 11 12 13 15 16 17 18 19 21 24 27 28 29 30 38 48 50 51 53
 54 55 56 57 60 62 65 70 72 74])
Bicluster(rows=[32, 74], cols=[ 0  2  3  4  6 12 13 15 16 17 18 19 20 21 27 30 36 37 38 42 44 47 52 53
 58 59 60 61 67 68 71 73])
Bicluster(rows=[32, 75], cols=[ 1  2  4  5  7  8 11 13 21 24 27 29 36 40 42 46 47 51 55 56 57 62 63 64
 67 68 70 71 74])
Bicluster(rows=[32, 76], cols=[ 1  2  3  4  7  8  9 10 11 13 14 17 20 22 23 25 29 30 31 35 37 42 44 51
 55 57 62 63 64 67 68 70 71 74])
Bicluster(rows=[32, 77], cols=[ 2  3  5  7  9 17 21 23 33 37 38 39 41 43 44 45 46 49 51 54 56 57 62 65
 70 74])
Bicluster(rows=[32, 78], cols=[ 3  5  6 10 14 16 18 22 25 32 37 38 40 43 44 47 48 50 51 53 54 56 57 62
 65 70 72 74])
Bicluster(rows=[32, 79], cols=[ 0  3  5  7  9 17 18 21 25 26 27 28 29 30 31 36 38 42 47 51 53 55 56 57
 62 63 64 70 74])
Bicluster(rows=[32, 80], cols=[ 0  5  7 12 14 19 23 25 26 31 33 40 42 43 45 48 53 55 56 63 70 74])
Bicluster(rows=[32, 81], cols=[ 1  5  6  7  9 11 15 16 18 20 23 26 31 34 38 42 45 47 50 51 53 57 62 65
 70 72 74])
Bicluster(rows=[32, 82], cols=[ 0  2  4  5 11 12 13 14 15 16 18 19 25 27 29 30 32 34 40 41 43 44 46 47
 49 52 53 58 59 60 61 67 68 69 71 73])
Bicluster(rows=[32, 83], cols=[ 1  2  5  6  7  9 13 14 15 18 19 21 22 23 26 27 28 29 32 33 37 40 42 43
 44 46 47 48 49 51 54 56 57 62 65 70 74])
Bicluster(rows=[32, 84], cols=[ 3  7  8 11 12 13 16 17 19 22 24 26 29 35 37 38 39 40 44 47 50 51 53 54
 55 56 57 62 65 70 72 74])
Bicluster(rows=[32, 85], cols=[ 1  3  4  5  6  8  9 11 12 13 14 16 19 23 25 29 36 37 42 44 47 51 53 55
 56 57 62 63 64 70 74])
Bicluster(rows=[32, 86], cols=[ 0  1 10 11 19 20 21 22 25 26 29 30 31 35 37 38 39 42 44 46 47 48 51 53
 55 56 57 63 64 70 74])
Bicluster(rows=[32, 87], cols=[ 0  3  8 11 13 17 20 23 26 29 30 31 33 34 37 40 41 42 43 44 45 51 55 59
 62 67 68 70 71 73 74])
Bicluster(rows=[32, 88], cols=[ 0  3  4  5 10 11 13 14 15 18 20 21 22 24 26 27 29 33 37 43 46 48 51 55
 57 59 62 67 68 70 71 73 74])
Bicluster(rows=[32, 89], cols=[ 2  4  5  7  8  9 11 15 16 17 18 19 20 25 27 28 30 34 35 37 38 39 40 45
 47 48 49 51 53 54 55 56 57 62 65 70 74])
Bicluster(rows=[32, 90], cols=[ 0  5  8  9 11 13 15 19 22 29 32 34 35 38 40 49 51 55 56 57 62 63 64 67
 68 70 71 74])
Bicluster(rows=[32, 91], cols=[ 4  8  9 11 14 19 23 24 25 27 28 29 30 31 32 33 40 47 49 51 53 54 55 56
 57 62 65 70 74])
Bicluster(rows=[32, 92], cols=[ 0  2  9 10 13 15 19 20 23 25 26 27 31 32 33 39 40 41 42 43 45 46 49 53
 58 59 60 61 67 68 70 71 73])
Bicluster(rows=[32, 93], cols=[ 0  2  3  4  6  7  9 10 11 14 15 16 19 20 21 25 28 30 32 38 41 42 44 47
 49 52 54 55 56 57 58 60 61 65 72])
Bicluster(rows=[32, 94], cols=[ 0  2  3  4  5  8  9 11 13 14 15 19 20 22 23 25 27 28 31 42 44 45 48 52
 53 58 59 60 61 67 68 71 73])
Bicluster(rows=[32, 95], cols=[ 1  4  7  8  9 10 12 14 16 18 20 21 27 28 29 30 36 39 44 48 53 58 59 60
 61 67 68 70 71 73])
Bicluster(rows=[32, 96], cols=[ 2  5  7 10 13 14 25 26 31 32 33 37 40 42 44 46 47 49 54 55 56 58 60 61])
Bicluster(rows=[32, 97], cols=[ 0  2  4  7  8 10 11 12 13 14 16 17 19 20 25 27 28 29 30 33 35 37 39 40
 42 45 51 55 57 62 67 68 70 71 73 74])
Bicluster(rows=[32, 98], cols=[ 0  5  9 12 13 14 15 16 18 19 23 24 25 27 29 30 40 42 44 45 49 51 55 57
 59 62 67 68 70 71 73 74])
Bicluster(rows=[32, 99], cols=[ 0  2  3  4  7  9 14 16 19 20 23 30 32 38 40 42 45 47 48 49 54 55 56 60
 61 63 64 69 71 73 74])
Bicluster(rows=[33, 34], cols=[ 3  5  6  7  8  9 10 12 13 14 16 19 25 26 32 33 34 35 39 47 49 52 53 54
 56 61 62 63 68 69 71])
Bicluster(rows=[33, 35], cols=[ 2  7  8 15 20 25 26 28 30 32 33 34 35 38 39 47 49 50 51 52 53 56 57 61
 65 72])
Bicluster(rows=[33, 36], cols=[ 4  8 14 15 16 20 21 25 26 28 30 32 33 34 35 38 52 53 56 59 65 72])
Bicluster(rows=[33, 37], cols=[ 0  1  5 12 14 16 19 20 21 22 25 26 32 33 34 35 39 47 49 50 53 54 57 59
 63 66 67 68 73 74])
Bicluster(rows=[33, 38], cols=[ 0  6 10 20 22 24 25 26 28 30 32 33 34 35 38 39 47 50 51 54 55 60 66 67
 68 69 70 74])
Bicluster(rows=[33, 39], cols=[10 12 13 18 19 21 22 27 29 31 36 37 39 40 41 42 46 47 48 49 54 60 63 64
 66 67 68 69 70 73])
Bicluster(rows=[33, 40], cols=[ 0  3  4  6  7 10 17 21 23 24 25 26 27 28 29 30 31 32 33 34 35 36 37 38
 39 40 41 42 43 44 45 46 47 48 49 53 58 60 63 67 68 73])
Bicluster(rows=[33, 41], cols=[ 0  2  4  5  7 10 20 21 25 28 30 34 35 38 50 52 54 58 59 61 65 66 70 73])
Bicluster(rows=[33, 42], cols=[ 0  1  3  5  6  9 12 16 19 20 21 22 24 27 29 31 36 37 39 40 46 47 48 49
 52 56 67 68 69 70 73 74])
Bicluster(rows=[33, 43], cols=[ 0  1  2  3  4  6  7  8 11 12 14 15 20 24 29 31 36 37 40 46 48 49 50 53
 58 60 65 71])
Bicluster(rows=[33, 44], cols=[ 0  2  9 13 14 15 22 23 24 25 26 28 30 33 34 35 38 43 53 55 56 57 58 59
 61 63 66 68 70 71 73])
Bicluster(rows=[33, 45], cols=[ 0  3  5  6 10 25 26 27 28 29 30 31 32 33 34 35 36 37 38 39 40 41 42 46
 47 48 49 50 51 57 58 59 61 64 69 70 73 74])
Bicluster(rows=[33, 46], cols=[ 3 10 11 14 16 19 25 26 27 28 29 30 31 32 33 34 35 36 37 38 39 40 42 43
 46 47 48 49 51 52 57 59 63 67 70 71])
Bicluster(rows=[33, 47], cols=[10 12 18 19 20 21 24 25 26 27 28 29 30 31 32 33 34 35 36 37 38 39 40 41
 42 45 46 47 48 49 52 57 59 62 64 67 68 69 70 71 73])
Bicluster(rows=[33, 48], cols=[ 1  2  3  6  8 11 14 22 25 26 28 29 30 31 32 33 34 35 37 38 39 40 47 48
 49 50 54 56 57 58 59 61 63 65 66 67])
Bicluster(rows=[33, 49], cols=[ 2  3  7 11 19 22 25 26 29 31 32 33 34 36 37 39 40 46 47 48 49 51 52 53
 54 57 63 65 71 74])
Bicluster(rows=[33, 50], cols=[ 2  3  6  8 14 16 20 25 26 28 29 30 31 32 33 34 35 36 37 38 39 40 46 47
 48 49 52 56 57 65])
Bicluster(rows=[33, 51], cols=[ 0  1  2  3  6  8 19 20 25 26 28 30 32 33 34 35 38 39 47 51 52 57 59 71
 73])
Bicluster(rows=[33, 52], cols=[ 2  4  5  6  7 10 14 15 16 19 20 25 26 27 28 29 30 31 32 33 34 35 36 37
 38 39 40 41 42 43 44 45 46 47 48 49 50 56 57 58 61 64 66 67 74])
Bicluster(rows=[33, 53], cols=[ 1  5  6  7 11 13 14 15 16 18 20 21 22 24 25 26 28 30 32 33 34 35 38 52
 56 57 60 61 62 63 66 67 69 74])
Bicluster(rows=[33, 54], cols=[ 1  9 12 13 17 18 21 22 25 26 27 28 29 30 31 32 33 34 35 36 37 38 39 40
 41 42 43 44 45 46 47 48 49 50 58 60 64 66 68 69])
Bicluster(rows=[33, 55], cols=[ 2  4  5  8 12 13 14 16 19 20 23 25 26 28 30 32 33 34 35 38 39 50 52 54
 56 57 63 65 66 67 69 70 71])
Bicluster(rows=[33, 56], cols=[ 0  2  8 10 11 12 14 15 16 23 25 26 27 28 29 30 31 32 33 34 35 36 37 38
 39 40 41 42 43 45 46 47 48 49 50 53 57 59 60 61 62 63 70])
Bicluster(rows=[33, 57], cols=[ 2  5  6  7  9 13 20 23 25 26 27 28 29 30 31 32 33 34 35 36 37 38 39 40
 41 42 43 44 46 47 48 49 51 57 58 59 63 69 73])
Bicluster(rows=[33, 58], cols=[ 3  6 10 11 14 16 19 20 25 26 27 28 29 30 31 32 33 34 35 36 37 38 39 40
 41 42 43 44 46 47 48 49 57 58 59 63 67 70 73])
Bicluster(rows=[33, 59], cols=[ 0  3  4  5  9 18 19 22 26 29 31 32 33 36 37 39 40 46 47 48 49 51 52 54
 58 59 60 61 63 65 66 67 69 73])
Bicluster(rows=[33, 60], cols=[ 2  3  8 25 26 28 30 31 32 33 34 35 38 39 40 47 49 51 52 56 57 59 63 65
 71])
Bicluster(rows=[33, 61], cols=[ 5  6 10 11 12 16 22 26 32 33 39 51 54 56 58 60 66 67 69 70 71 72 74])
Bicluster(rows=[33, 62], cols=[ 0  1 13 17 18 21 22 25 26 27 28 29 30 31 32 33 34 35 36 37 38 39 40 41
 42 45 46 47 48 49 60 68 74])
Bicluster(rows=[33, 63], cols=[ 2  3  5  6  8 11 16 19 25 26 28 30 32 33 34 35 38 39 47 52 53 59 61 63
 65 70 73])
Bicluster(rows=[33, 64], cols=[ 0  1  2  6  7  8 14 16 19 20 23 25 26 27 28 29 30 31 32 33 34 35 36 37
 38 39 40 41 42 43 44 45 46 47 48 49 50 51 52 53 57 58 61 65 66 73 74])
Bicluster(rows=[33, 65], cols=[ 0  6  8 11 13 14 16 17 21 22 25 26 31 32 33 34 37 39 40 47 48 49 54 55
 58 59 60 63 65 66 73])
Bicluster(rows=[33, 66], cols=[ 0  1  3  5  6 10 12 18 19 21 25 26 27 29 32 33 35 37 38 39 41 45 47 48
 64 69 74])
Bicluster(rows=[33, 67], cols=[ 7  9 11 12 15 19 20 23 27 28 29 31 33 34 36 37 40 42 51 52 56 57 58 59
 65 70 72])
Bicluster(rows=[33, 68], cols=[ 0  2  3  4  7 10 15 17 18 23 27 37 43 47 50 54 57 58 59 63 66 67 70 71
 73])
Bicluster(rows=[33, 69], cols=[ 1  3  4  5  6  9 10 17 19 25 28 30 35 36 39 48 51 52 56 57 58 59 65 70
 72])
Bicluster(rows=[33, 70], cols=[ 2  5  6 12 16 17 19 21 22 24 27 28 29 30 32 38 41 42 43 44 45 49 51 52
 53 54 57 59 61 63 64 67 73])
Bicluster(rows=[33, 71], cols=[ 3  5 10 11 13 14 17 19 27 32 35 39 40 41 43 48 50 60 63 66 69 71 73 74])
Bicluster(rows=[33, 72], cols=[ 0  2  6  8  9 12 14 17 19 21 22 24 25 26 29 32 37 39 40 41 43 55 62 68])
Bicluster(rows=[33, 73], cols=[ 0  3  6 11 13 14 18 19 21 25 26 27 28 29 30 31 32 37 40 41 42 43 44 47
 48 51 52 56 57 65])
Bicluster(rows=[33, 74], cols=[ 3  6  7  8  9 14 19 22 23 29 30 34 35 40 43 44 47 50 56 58 59 60 65 66
 69 74])
Bicluster(rows=[33, 75], cols=[11 12 14 18 19 25 26 27 28 29 36 37 41 42 43 44 49 51 52 53 54 57 59 63
 67 73])
Bicluster(rows=[33, 76], cols=[ 2  4  6  7 11 12 14 16 18 20 23 24 28 31 34 37 41 42 43 48 62 63 65 66
 73])
Bicluster(rows=[33, 77], cols=[ 1  2  6  7 11 14 16 22 23 25 27 30 33 35 41 42 43 46 48 49 50 58 59 60
 63 66 69 70 71 73 74])
Bicluster(rows=[33, 78], cols=[ 2  4  5 10 11 13 18 22 25 27 29 33 34 37 38 40 44 46 47 48 51 52 53 56
 57 61 65 72])
Bicluster(rows=[33, 79], cols=[ 0  1  3  5  8 12 22 25 27 33 35 41 42 43 46 47 54 60 66 67 69 71 73 74])
Bicluster(rows=[33, 80], cols=[ 2  3  6  7  8 10 14 18 21 23 26 27 28 29 30 33 37 42 44 50 57 58 59 63
 65 70 71 73])
Bicluster(rows=[33, 81], cols=[ 2  3  9 13 14 21 24 27 28 30 31 36 41 42 46 47 48 51 52 56 57 58 59 65
 70 72])
Bicluster(rows=[33, 82], cols=[ 0  1  2  3  5  7  9 11 14 16 17 19 22 25 27 28 31 32 35 36 38 39 40 41
 47 49 51 56 57 58 59 65 70 72])
Bicluster(rows=[33, 83], cols=[ 2  3  4  8 11 14 15 16 20 23 30 32 33 36 38 41 46 49 50 60 63 66 67 69
 70 71 73 74])
Bicluster(rows=[33, 84], cols=[ 2  6 12 13 17 18 20 22 24 27 31 32 33 40 41 44 46 47 49 51 52 53 56 57
 59 61 63 65 71])
Bicluster(rows=[33, 85], cols=[ 1  5  7 13 17 25 27 32 35 37 38 39 41 43 44 48 51 52 53 54 57 59 61 63
 64 67 68 73])
Bicluster(rows=[33, 86], cols=[ 1  7  8 11 14 19 20 21 22 23 29 30 32 34 36 39 48 49 51 52 53 56 57 59
 61 63 65 67 71])
Bicluster(rows=[33, 87], cols=[ 1  5  6  8 20 21 23 26 27 28 31 33 34 35 36 37 38 39 40 41 43 45 46 48
 56 57 60 69 72 74])
Bicluster(rows=[33, 88], cols=[ 0  2  3  6  8 11 14 16 20 21 27 29 31 34 36 40 41 42 44 45 47 48 49 50
 51 52 53 57 59 61 64 68 73])
Bicluster(rows=[33, 89], cols=[ 1  2  3  4  5  6  7  8 11 12 13 15 16 19 20 22 25 26 27 28 29 32 41 42
 45 46 47 55 62 68])
Bicluster(rows=[33, 90], cols=[ 0  2  3  4  5  6  7 14 17 20 22 23 25 26 29 31 33 38 42 43 45 46 47 50
 51 52 53 54 57 59 61 63 64 67 68 73])
Bicluster(rows=[33, 91], cols=[ 0  5  6  8 10 11 14 17 18 19 20 22 32 33 35 39 41 47 48 49 54 64 66 67
 69 74])
Bicluster(rows=[33, 92], cols=[ 2  5  6 12 15 20 21 23 28 31 33 35 36 40 41 43 46 49 56 57 58 60 69 70
 72 74])
Bicluster(rows=[33, 93], cols=[ 2  3  4  7 12 13 14 16 18 24 25 29 31 33 34 35 39 40 44 55 60 62 69 70
 74])
Bicluster(rows=[33, 94], cols=[ 0  1  8 11 14 16 18 19 27 34 36 41 42 43 44 45 46 48 49 56 59 60 69 72
 74])
Bicluster(rows=[33, 95], cols=[ 0  6 11 13 18 19 20 21 25 26 27 28 29 30 31 32 33 34 37 38 39 40 41 42
 43 45 47 48 49 50 51 52 53 57 64 68])
Bicluster(rows=[33, 96], cols=[ 3  6 16 19 23 24 27 28 29 32 33 34 40 41 43 48 50 51 52 53 54 57 59 61
 63 64 68 73])
Bicluster(rows=[33, 97], cols=[ 0  5  6  9 12 13 17 18 22 25 26 28 30 31 34 36 37 38 39 40 41 42 43 45
 48 49 50 51 52 53 57 66])
Bicluster(rows=[33, 98], cols=[ 0  5  6 11 18 20 21 25 26 27 28 30 31 32 36 39 44 45 46 50 51 52 53 57
 68])
Bicluster(rows=[33, 99], cols=[ 2  4  5  6  7  8 13 15 17 20 23 25 27 28 32 33 34 42 44 45 49 50 54 57
 58 59 64])
Bicluster(rows=[34, 35], cols=[ 1  5  7  8 14 16 17 18 19 23 24 25 26 27 28 29 30 31 32 33 34 35 36 37
 38 39 40 41 42 43 44 45 46 47 48 49 50 52 53 55 56 59 60 61 70])
Bicluster(rows=[34, 36], cols=[ 1  5  6  7  8 11 12 14 15 16 17 19 21 23 25 26 27 28 29 30 31 32 33 34
 35 36 37 38 39 40 41 42 43 44 45 46 47 48 49 52 53 54 56 59 60 61 68 69
 70 71 74])
Bicluster(rows=[34, 37], cols=[ 0  1  2  5  6  7  8  9 11 15 19 23 25 26 27 28 29 30 31 32 33 34 35 36
 37 38 39 40 41 42 43 44 45 46 47 48 49 50 51 52 54 55 56 57 62 63 64 65
 67 69 72 73 74])
Bicluster(rows=[34, 38], cols=[ 0  5 10 12 14 16 17 19 21 24 25 26 27 28 29 30 31 32 33 34 35 36 37 38
 39 40 41 42 43 44 45 46 47 48 49 50 51 52 54 59 60 61 62 64 66 67 69 74])
Bicluster(rows=[34, 39], cols=[ 0  1  2  3  4  8 10 11 13 14 15 16 17 21 23 25 26 27 28 29 30 31 32 33
 34 35 36 37 38 39 40 41 42 43 44 45 46 47 48 49 50 54 55 56 57 61 62 68
 69 70 71 72])
Bicluster(rows=[34, 40], cols=[ 3  4 12 13 14 15 16 17 19 22 24 25 26 28 31 32 33 34 35 38 39 40 47 49
 52 57 59 60 62 63 64 67 70 71])
Bicluster(rows=[34, 41], cols=[ 0  6  7  9 10 11 12 13 14 15 18 21 23 25 26 27 28 29 30 31 32 33 34 35
 36 37 38 39 40 41 42 43 44 45 46 47 48 49 50 51 52 54 55 57 58 60 61 62
 63 65 66 67 71 72 73])
Bicluster(rows=[34, 42], cols=[ 1  3  5  6  8  9 12 14 15 17 18 19 20 21 22 23 25 26 27 28 29 30 31 32
 33 34 35 36 37 38 39 40 41 42 43 44 45 46 47 48 49 51 55 60 63 68 69])
Bicluster(rows=[34, 43], cols=[ 3  4  5  6  8  9 11 13 14 15 16 17 19 21 22 23 24 25 26 27 28 29 30 31
 32 33 34 35 36 37 38 39 40 41 42 43 44 45 46 47 48 49 55 56 60 61 62 63
 64 67 70 71 73])
Bicluster(rows=[34, 44], cols=[ 0  2  4  7  8 13 16 22 25 26 27 28 29 30 31 32 33 34 35 36 37 38 39 40
 41 42 43 44 45 46 47 48 49 51 55 57 58 66 67 68 72 73 74])
Bicluster(rows=[34, 45], cols=[ 1  5  9 10 11 12 17 18 25 26 27 28 29 30 31 32 33 34 35 36 37 38 39 40
 41 42 43 44 45 46 47 48 49 52 55 56 59 60 64 67 69 70 71 74])
Bicluster(rows=[34, 46], cols=[ 7  8 10 14 17 18 19 20 24 25 26 27 28 29 30 31 32 33 34 35 36 37 38 39
 40 41 42 43 44 45 46 47 48 49 53 59 60 61 67])
Bicluster(rows=[34, 47], cols=[ 4  7  8 13 14 17 19 23 25 26 27 28 29 30 31 32 33 34 35 36 37 38 39 40
 41 42 43 44 46 47 48 49 53 56 70 71 74])
Bicluster(rows=[34, 48], cols=[ 6  7  8 11 14 16 17 18 20 22 24 25 26 27 28 29 30 31 32 33 34 35 36 37
 38 39 40 41 42 43 44 45 46 47 48 49 52 53 54 55 59 66 69 70])
Bicluster(rows=[34, 49], cols=[ 0  2  3  4  9 10 11 14 19 21 25 26 27 28 29 30 31 32 33 34 35 36 37 38
 39 40 41 42 43 44 45 46 47 48 49 50 54 55 56 58 63 65 66 67 71 72])
Bicluster(rows=[34, 50], cols=[ 3  5  6  7  8 14 17 20 25 26 27 28 29 30 31 32 33 34 35 36 37 38 39 40
 41 42 43 44 45 46 47 48 49 53 54 59 60 70])
Bicluster(rows=[34, 51], cols=[ 3  6  7  8  9 10 13 14 15 17 18 19 20 23 25 26 27 28 29 30 31 32 33 34
 35 36 37 38 39 40 41 42 43 44 45 46 47 48 49 53 54 55 56 59 61 63 69 71])
Bicluster(rows=[34, 52], cols=[ 0  2  6  8  9 10 13 19 21 26 31 32 33 39 40 47 48 49 50 51 52 58 62 71
 72])
Bicluster(rows=[34, 53], cols=[ 0  1  5  6  7  8 10 11 12 13 14 16 19 21 22 23 25 26 27 28 29 30 31 32
 33 34 35 36 37 38 39 40 41 42 43 44 45 46 47 48 49 51 52 55 56 61 62 63
 65 66 67 69 70 71 74])
Bicluster(rows=[34, 54], cols=[ 3  5  6  9 10 12 13 14 15 16 18 23 27 29 31 36 37 40 41 42 46 48 51 52
 53 54 55 63 68 69 73 74])
Bicluster(rows=[34, 55], cols=[ 1  3  5  8 12 13 14 15 16 17 18 19 20 25 26 27 28 29 30 31 32 33 34 35
 36 37 38 39 40 41 42 43 44 45 46 47 48 49 51 52 53 54 55 56 59 60 63 67
 68 69 71 72 74])
Bicluster(rows=[34, 56], cols=[ 2  7  9 10 11 16 26 27 29 31 32 33 36 37 39 40 41 42 45 46 47 48 49 52
 55 58 60 63 64 65 66 72 73 74])
Bicluster(rows=[34, 57], cols=[ 0  1  2  5  8 15 21 22 27 29 31 36 37 40 41 42 45 46 48 49 50 51 52 53
 56 57 61 63 66 67 68 73 74])
Bicluster(rows=[34, 58], cols=[ 1  8 10 13 17 20 24 25 26 27 28 29 30 31 32 33 34 35 36 37 38 39 40 41
 42 43 44 45 46 47 48 49 50 51 52 53 55 59 60 61 70])
Bicluster(rows=[34, 59], cols=[ 1  5  7  9 11 12 15 16 17 19 20 22 23 24 25 26 27 28 29 30 31 32 33 34
 35 36 37 38 39 40 41 42 43 44 45 46 47 48 49 50 52 54 55 56 57 59 61 62
 69 70 71])
Bicluster(rows=[34, 60], cols=[ 3  5  7  8 16 17 18 20 23 24 25 26 27 28 29 30 31 32 33 34 35 36 37 38
 39 40 41 42 43 44 45 46 47 48 49 52 53 56 59 60 61 63 70 71])
Bicluster(rows=[34, 61], cols=[ 1  3  5  6  7 10 11 12 15 16 18 19 22 23 25 26 27 28 29 30 31 32 33 34
 35 36 37 38 39 40 41 42 43 44 45 46 47 48 49 50 52 53 54 56 63 69 71 74])
Bicluster(rows=[34, 62], cols=[ 4  9 12 13 16 19 21 22 25 26 27 28 29 30 31 32 33 34 35 36 37 38 39 40
 41 42 43 44 45 46 47 48 49 50 51 54 55 58 62 63 64 66 67 72 73 74])
Bicluster(rows=[34, 63], cols=[ 1  3  5  6  7  8 12 13 15 16 17 18 19 20 23 25 26 27 28 29 30 31 32 33
 34 35 36 37 38 39 40 41 42 43 44 45 46 47 48 49 51 52 53 54 55 56 57 61
 63 71 72])
Bicluster(rows=[34, 64], cols=[ 6 11 15 16 19 20 25 26 27 28 29 30 31 32 33 34 35 36 37 38 39 40 41 42
 43 44 45 46 47 48 49 60 63 70 73 74])
Bicluster(rows=[34, 65], cols=[ 1  3  9 11 15 17 19 23 24 25 26 27 28 29 30 31 32 33 34 35 36 37 38 39
 40 41 42 43 44 45 46 47 48 49 51 54 56 60 63 64 65 69 70 71 73])
Bicluster(rows=[34, 66], cols=[ 3  6  8  9 10 11 15 19 21 25 32 35 36 38 39 40 47 49 50 51 62 64 65 66
 67 68 72 73 74])
Bicluster(rows=[34, 67], cols=[ 1  5  6 10 11 12 16 30 32 33 34 38 39 47 48 50 51 62 64 65 66 72 73 74])
Bicluster(rows=[34, 68], cols=[ 0  5  7  9 12 13 14 15 23 24 30 31 38 40 42 43 45 46 50 51 57 58 62 64
 65 66 67 68 72 73 74])
Bicluster(rows=[34, 69], cols=[ 0  1  3  4  5  6  7 11 17 19 26 31 34 36 38 39 41 45 48 49 52 53 55 60
 63 64 67 68 69 72 73])
Bicluster(rows=[34, 70], cols=[ 2  5  7  8 14 17 20 24 25 28 29 30 32 36 38 49 50 54 57 58 63 65 66 71
 72 73])
Bicluster(rows=[34, 71], cols=[ 0  3  5  7 10 11 15 16 17 20 22 23 25 26 30 32 34 36 37 39 42 45 48 53
 56 60 61 63 64 67 68 70 73])
Bicluster(rows=[34, 72], cols=[ 5  6  8  9 11 12 14 15 18 19 22 26 29 32 35 38 39 40 47 48 50 57 58 62
 64 65 66 67 68 72 73])
Bicluster(rows=[34, 73], cols=[ 1  6  8 10 15 16 18 19 20 23 24 29 33 37 40 42 45 48 50 51 57 58 62 64
 65 66 67 68 69 72 73 74])
Bicluster(rows=[34, 74], cols=[ 0  5  9 10 12 13 22 23 26 30 31 33 35 38 39 48 49 51 54 62 63 71 74])
Bicluster(rows=[34, 75], cols=[ 1  5  7  8 19 20 22 27 29 30 32 34 35 36 45 49 51 55 56 57 58 62 63 66
 74])
Bicluster(rows=[34, 76], cols=[ 4  9 10 11 13 21 22 25 27 30 31 34 38 39 47 52 53 55 56 60 61 63 64 67
 70 72 73])
Bicluster(rows=[34, 77], cols=[ 2  6  8  9 12 13 14 16 21 24 26 27 33 34 38 42 46 49 53 54 56 59 60 61
 63 68 70 71])
Bicluster(rows=[34, 78], cols=[ 3  4  5  6  7  9 10 11 12 16 17 18 21 33 34 41 43 47 48 49 50 51 57 58
 62 64 65 66 67 68 72 73 74])
Bicluster(rows=[34, 79], cols=[ 0  1  4  9 14 20 21 23 25 26 30 31 33 35 38 47 52 53 55 60 61 63 64 67
 68 72 73])
Bicluster(rows=[34, 80], cols=[ 4  5  7  8  9 13 14 24 28 32 36 39 41 43 44 50 51 54 58 62 63 66 67 68
 71 72 73 74])
Bicluster(rows=[34, 81], cols=[ 3  7  8 12 14 17 20 24 25 26 31 34 35 39 41 43 45 46 47 48 51 52 53 55
 63 64 65 67 68 69 72 73])
Bicluster(rows=[34, 82], cols=[ 0  1  3  5  6  8 11 12 13 15 17 20 23 30 31 32 39 40 42 46 47 49 50 51
 52 55 64 65 66 69 72 73])
Bicluster(rows=[34, 83], cols=[ 0  1  3  4  5  6  7  8 10 13 14 15 16 17 19 20 22 24 25 28 36 37 40 45
 46 47 53 59 60 61 70])
Bicluster(rows=[34, 84], cols=[ 0  3  6  7  8  9 13 14 15 16 19 21 24 28 29 31 32 33 36 39 42 49 50 51
 57 58 62 63 64 65 66 67 68 72 73 74])
Bicluster(rows=[34, 85], cols=[ 1  3  5  6  8 10 12 13 14 16 17 19 20 21 22 23 25 28 29 30 32 35 36 38
 49 50 54 57 58 62 63 65 66 67 71 72 73])
Bicluster(rows=[34, 86], cols=[ 0  1  9 10 11 12 19 25 27 28 29 32 34 39 41 45 48 49 50 51 54 57 58 62
 63 64 65 66 67 68 71 72 73 74])
Bicluster(rows=[34, 87], cols=[ 5  6 11 12 13 14 16 26 30 31 32 33 39 40 48 52 53 55 60 61 64 65 72 73])
Bicluster(rows=[34, 88], cols=[ 5  6  8  9 10 12 14 16 18 24 25 26 27 29 30 31 32 33 36 37 40 41 42 43
 45 48 49 51 55 56 58 59 62 74])
Bicluster(rows=[34, 89], cols=[ 0  3  5  6  7  8 12 13 16 18 19 20 25 26 32 36 47 48 50 54 57 58 62 63
 64 65 66 67 68 72 73 74])
Bicluster(rows=[34, 90], cols=[ 0  3  5  6 11 13 14 15 20 22 26 27 36 38 40 44 48 49 52 53 55 56 60 61
 63 64 67 68 70 72 73])
Bicluster(rows=[34, 91], cols=[ 4  5  9 11 12 13 15 16 17 18 21 30 31 32 33 36 39 43 44 45 47 49 52 53
 54 55 56 61 63 69 71])
Bicluster(rows=[34, 92], cols=[ 0  2  3  5  7  8  9 14 16 18 22 29 30 31 33 35 37 38 40 44 48 50 51 57
 62 66 69 74])
Bicluster(rows=[34, 93], cols=[ 3  7 10 12 13 14 15 16 17 19 22 23 25 31 33 37 39 40 46 50 51 64 65 66
 69 72 73 74])
Bicluster(rows=[34, 94], cols=[ 1  3  5 10 16 18 19 23 26 29 32 33 36 40 42 46 48 49 55 60 61 64 65 70
 72 73])
Bicluster(rows=[34, 95], cols=[ 6  7 13 15 16 21 23 25 26 31 32 33 34 39 40 47 49 53 56 60 61 63 64 67
 68 70])
Bicluster(rows=[34, 96], cols=[ 1  2  3  6  8 12 15 16 17 19 20 21 22 24 29 30 31 32 40 41 44 45 48 51
 55 56 58 62 63 74])
Bicluster(rows=[34, 97], cols=[ 2  3  4  7 12 13 18 19 24 25 26 30 31 32 35 37 39 41 42 44 45 48 49 56
 59 64 65 72 73])
Bicluster(rows=[34, 98], cols=[ 0  1  2  5  6  7  9 12 13 15 17 20 21 25 26 28 30 34 35 39 40 48 49 55
 60 61 64 65 70 72 73])
Bicluster(rows=[34, 99], cols=[ 1  7 11 12 13 14 16 19 23 25 26 28 31 33 34 35 36 37 39 47 48 51 64 68
 69 72])
Bicluster(rows=[35, 36], cols=[ 0  1  2  3  4  5  6  7  8  9 10 12 13 14 15 16 17 18 19 20 22 23 25 26
 27 28 29 30 31 32 33 34 35 36 37 38 39 40 41 42 43 44 45 46 47 48 49 51
 52 53 55 56 57 59 60 61 62 63 65 67 69 70 72 73])
Bicluster(rows=[35, 37], cols=[ 4  5  6  8 10 11 15 22 23 25 26 27 28 29 30 31 32 33 34 35 36 37 38 39
 40 41 42 43 44 45 46 47 48 49 50 52 56 58 65 66 68 70])
Bicluster(rows=[35, 38], cols=[ 3  4  5 10 11 12 13 14 15 17 19 22 25 26 27 28 29 30 31 32 33 34 35 36
 37 38 39 40 41 42 43 44 45 46 47 48 49 50 52 53 57 58 59 60 61 62 63 66
 68 69 72])
Bicluster(rows=[35, 39], cols=[ 0  1  8  9 10 14 15 16 17 20 22 25 26 27 28 29 30 31 32 33 34 35 36 37
 38 39 40 41 42 43 44 45 46 47 48 49 50 51 54 56 59 61 63 64 65 66 67 69
 70 73])
Bicluster(rows=[35, 40], cols=[ 4  5  7 18 22 23 25 26 28 30 32 33 34 35 38 39 54 57 62 64 69 74])
Bicluster(rows=[35, 41], cols=[ 2  4  6  7 11 12 13 14 18 20 22 23 25 26 27 28 29 30 31 32 33 34 35 36
 37 38 39 40 41 42 43 44 45 46 47 48 49 50 55 59 60 61 62 64 65 68 69 71
 74])
Bicluster(rows=[35, 42], cols=[ 0  1  2  3  4  5  6  8 13 14 15 16 17 18 19 20 22 23 25 26 27 28 29 30
 31 32 33 34 35 36 37 38 39 40 41 42 43 44 45 46 47 48 49 52 53 57 59 62
 63 65 67 69 70 72 73 74])
Bicluster(rows=[35, 43], cols=[ 0  1  3  6  8 11 14 17 19 20 23 24 25 26 27 28 29 30 31 32 33 34 35 36
 37 38 39 40 41 42 43 44 45 46 47 48 49 51 56 57 58 61 62 64 66 68 70 71
 72])
Bicluster(rows=[35, 44], cols=[ 1  2  3 10 11 14 15 17 19 20 21 23 25 26 28 30 32 33 34 35 38 53 54 56
 57 60 61 69])
Bicluster(rows=[35, 45], cols=[ 0  1  3  4  5  6 13 15 21 22 23 25 26 27 28 29 30 31 32 33 34 35 36 37
 38 39 40 41 42 43 44 45 46 47 48 49 50 51 52 54 56 57 58 60 62 64 65 66
 70])
Bicluster(rows=[35, 46], cols=[ 0  2  3  4  6  7  8 11 12 13 14 15 16 18 20 21 22 23 24 25 26 28 29 30
 31 32 33 34 35 36 37 38 39 40 43 44 47 48 49 51 54 55 58 59 61 62 65 68
 69 71 72 73])
Bicluster(rows=[35, 47], cols=[ 7  8 10 11 14 15 21 25 26 27 28 29 30 31 32 33 34 35 36 37 38 39 40 41
 42 43 44 45 46 47 48 49 53 56 63 70 73])
Bicluster(rows=[35, 48], cols=[ 2  3  4  7 11 12 13 14 15 16 17 18 23 24 25 26 27 28 29 30 31 32 33 34
 35 36 37 38 39 40 41 42 43 44 45 46 47 48 49 50 53 55 57 59 62 63 67 68
 69 70 72 73 74])
Bicluster(rows=[35, 49], cols=[14 22 25 26 27 28 29 30 31 32 33 34 35 36 37 38 39 40 41 42 43 44 45 46
 47 48 49 54 56 60 66 68 74])
Bicluster(rows=[35, 50], cols=[ 1  3  4  5  6  7  8  9 12 14 15 16 17 20 21 22 23 24 25 26 27 28 29 30
 31 32 33 34 35 36 37 38 39 40 41 42 43 44 45 46 47 48 49 51 52 53 54 55
 57 58 63 67 68 69 70 73 74])
Bicluster(rows=[35, 51], cols=[ 0  2  3  4  5  6  7 10 11 12 13 15 16 17 18 19 20 21 23 24 25 26 27 28
 29 30 31 32 33 34 35 36 37 38 39 40 41 42 43 44 45 46 47 48 49 51 52 53
 55 56 57 58 59 60 61 62 65 66 67 69 70 74])
Bicluster(rows=[35, 52], cols=[ 0  2  3  7 11 14 15 18 20 23 24 25 26 28 30 32 33 34 35 38 39 47 55 58
 59 60 61 62 64 66 68 69 70 73])
Bicluster(rows=[35, 53], cols=[ 2  3  4  7  8 11 12 14 15 19 20 22 23 25 26 27 28 29 30 31 32 33 34 35
 36 37 38 39 40 41 42 43 44 45 46 47 48 49 52 56 57 58 61 64 66 68 70 73])
Bicluster(rows=[35, 54], cols=[ 0  1  5  7  8  9 10 13 18 19 20 22 25 26 28 30 32 33 34 35 38 39 51 57
 60 62 65 66 68 69 70 71 74])
Bicluster(rows=[35, 55], cols=[ 0  1  2  3  4  8  9 10 11 14 15 18 19 20 21 22 23 25 26 27 28 29 30 31
 32 33 34 35 36 37 38 39 40 41 42 43 44 45 46 47 48 49 50 52 53 55 56 57
 58 59 60 62 65 66 73])
Bicluster(rows=[35, 56], cols=[ 1  2  3  5  6  9 11 14 15 18 19 22 23 25 26 28 30 32 33 34 35 38 39 50
 53 54 57 61 66 67 68 73])
Bicluster(rows=[35, 57], cols=[ 0  2  3  7 16 18 19 20 22 24 25 26 28 30 32 33 34 35 38 39 51 55 57 58
 59 60 67 68 71 74])
Bicluster(rows=[35, 58], cols=[ 2  3  4  6  8 11 13 15 17 19 21 23 24 25 26 27 28 29 30 31 32 33 34 35
 36 37 38 39 40 41 42 43 44 45 46 47 48 49 50 51 52 53 55 58 59 60 61 63
 65 68 69 70 72 74])
Bicluster(rows=[35, 59], cols=[ 0  1  2  3  5  6  7  8 10 12 13 15 16 17 19 21 22 23 24 25 26 27 28 29
 30 31 32 33 34 35 36 37 38 39 40 41 42 43 44 45 46 47 48 49 50 51 52 55
 56 58 59 61 62 63 64 66 67 68 69 70 72 73 74])
Bicluster(rows=[35, 60], cols=[ 0  1  2  3  4  5  6  7  8  9 10 11 12 13 14 15 16 17 18 19 20 21 22 24
 25 26 27 28 29 30 31 32 33 34 35 36 37 38 39 40 41 42 43 44 45 46 47 48
 49 51 52 53 54 55 56 57 58 59 60 61 62 64 65 66 68 69 70 71 73 74])
Bicluster(rows=[35, 61], cols=[ 0  1  4  5 10 11 13 16 18 20 21 22 23 25 26 27 28 29 30 31 32 33 34 35
 36 37 38 39 40 41 42 43 44 45 46 47 48 49 50 51 55 56 57 58 59 62 64 65
 66 68 72 73])
Bicluster(rows=[35, 62], cols=[ 1  2  4  5  6  7  8  9 10 14 15 17 23 24 26 31 32 33 39 47 49 51 52 55
 57 58 59 70 71 74])
Bicluster(rows=[35, 63], cols=[ 0  1  2  4  7  8  9 10 11 12 13 16 17 18 19 20 21 22 23 24 25 26 27 28
 29 30 31 32 33 34 35 36 37 38 39 40 41 42 43 44 45 46 47 48 49 50 52 53
 54 55 56 58 59 60 61 62 64 65 66 67 68 69 70 71 73 74])
Bicluster(rows=[35, 64], cols=[ 0  3  4  5 10 12 14 17 20 25 26 28 30 31 32 33 34 35 38 39 43 44 47 49
 50 51 54 55 56 57 60 66 67 68 70 72])
Bicluster(rows=[35, 65], cols=[ 0  2  3  4 10 11 17 18 19 21 22 23 24 25 26 27 28 29 30 31 32 33 34 35
 36 37 38 39 40 41 42 43 44 45 46 47 48 49 57 58 59 60 62 66 68 70 71 72])
Bicluster(rows=[35, 66], cols=[ 5  9 14 18 21 25 30 32 34 39 43 44 48 51 52 54 55 56 57 58 59 60 61 62
 63 65 67 68 69 70 71 72 73 74])
Bicluster(rows=[35, 67], cols=[ 3  4  8 15 17 19 20 24 29 31 32 36 37 39 40 43 45 47 51 52 54 55 57 58
 60 61 63 67 69 70 72 74])
Bicluster(rows=[35, 68], cols=[ 0  1  2  3  5  9 12 17 19 20 25 26 27 28 29 31 32 34 35 37 39 40 49 51
 52 53 54 55 57 58 59 60 61 65 67 68 69 70 71 72 73 74])
Bicluster(rows=[35, 69], cols=[ 4 11 18 20 23 25 27 28 29 30 31 35 39 42 44 46 49 54 55 56 57 59 62 63
 65 66 67 71 72 73])
Bicluster(rows=[35, 70], cols=[ 2  8 18 22 26 32 33 34 35 37 46 47 48 49 51 52 53 55 56 57 58 59 60 61
 64 65 69 70 74])
Bicluster(rows=[35, 71], cols=[ 2  6  7  9 12 13 18 20 25 26 30 32 34 36 37 39 40 42 48 51 52 53 56 57
 58 60 61 62 66 69 70 74])
Bicluster(rows=[35, 72], cols=[ 1  7  9 10 11 15 16 17 20 21 23 24 28 34 42 51 52 54 55 57 58 59 60 61
 62 65 67 68 69 71 73])
Bicluster(rows=[35, 73], cols=[ 0  2  3  8 10 11 12 14 18 23 25 26 31 32 34 35 37 39 40 47 48 49 51 52
 53 54 55 57 58 59 60 61 63 67 69 70 71 72 73 74])
Bicluster(rows=[35, 74], cols=[ 4  7 10 13 14 16 19 20 21 22 25 27 29 37 41 47 54 55 57 58 59 61 62 67
 71 72 73])
Bicluster(rows=[35, 75], cols=[ 5  6 10 14 16 17 25 28 32 40 43 44 46 47 49 51 52 53 55 56 57 58 59 60
 61 62 66 69 70 74])
Bicluster(rows=[35, 76], cols=[ 2  3  7  9 10 11 12 13 14 16 17 18 21 23 26 33 37 42 45 47 54 55 57 59
 62 65 67 71 73])
Bicluster(rows=[35, 77], cols=[ 4  8 11 12 15 18 19 24 26 27 34 38 39 42 46 47 51 52 53 55 56 57 58 59
 60 61 64 65 69 70 74])
Bicluster(rows=[35, 78], cols=[ 2  8 11 12 21 22 28 29 36 37 39 40 45 46 47 48 49 51 52 53 54 55 57 58
 59 60 61 65 67 68 69 70 71 73 74])
Bicluster(rows=[35, 79], cols=[ 1  2 10 14 19 22 23 25 28 30 33 38 47 50 51 52 53 55 56 57 58 60 61 62
 66 69 70 74])
Bicluster(rows=[35, 80], cols=[ 0  1  2  6 13 26 27 28 30 31 33 43 44 45 46 54 55 56 57 58 59 61 62 63
 65 66 67 68 71 72 73])
Bicluster(rows=[35, 81], cols=[ 4 12 13 14 21 27 33 36 41 42 43 45 46 51 52 53 55 56 57 58 59 60 61 62
 64 66 69 70])
Bicluster(rows=[35, 82], cols=[ 0  2  7 11 12 24 25 28 29 31 32 34 35 37 38 39 43 47 54 55 57 59 62 63
 65 67 71 72 73])
Bicluster(rows=[35, 83], cols=[11 12 20 24 28 34 35 36 39 40 45 46 47 51 52 53 55 56 57 58 59 60 61 64
 65 69 70 73 74])
Bicluster(rows=[35, 84], cols=[ 0  1  2  4  5  9 15 18 20 22 23 25 27 30 31 32 34 35 37 38 39 40 49 51
 52 53 55 57 59 61 65 67 68 69 70 71 72 73 74])
Bicluster(rows=[35, 85], cols=[ 7 12 18 22 26 32 33 34 37 48 49 51 52 53 55 56 57 58 59 60 61 64 65 69
 70 74])
Bicluster(rows=[35, 86], cols=[ 0  3  5  7  9 10 11 12 13 14 17 18 20 30 31 32 34 35 37 38 39 42 49 51
 52 53 55 56 57 58 59 60 61 64 65 69 70 74])
Bicluster(rows=[35, 87], cols=[ 8 11 20 22 23 25 26 28 29 32 33 34 35 38 39 40 49 50 54 56 59 63 65 66
 67 71 73])
Bicluster(rows=[35, 88], cols=[ 0  3  8 11 13 15 18 20 21 22 24 25 26 27 29 30 31 32 33 36 40 41 42 43
 45 48 49 50 54 56 59 63 65 66 72 73])
Bicluster(rows=[35, 89], cols=[ 0  1 12 22 23 26 30 32 33 35 37 38 39 40 47 51 52 53 55 56 57 58 59 60
 61 64 65 68 69 70 73 74])
Bicluster(rows=[35, 90], cols=[ 2  6 10 12 14 18 20 21 24 25 26 27 33 35 38 40 44 48 49 51 52 53 55 56
 57 58 59 60 61 62 66 69 70 74])
Bicluster(rows=[35, 91], cols=[ 0  2  5 12 13 15 16 17 25 28 30 39 40 43 44 45 48 51 52 53 54 55 56 57
 58 59 60 61 62 63 65 67 68 69 70 71 72 73 74])
Bicluster(rows=[35, 92], cols=[ 0  1  2 10 13 15 19 20 22 23 26 31 32 33 40 49 54 55 57 58 59 62 63 67
 71 72 73])
Bicluster(rows=[35, 93], cols=[ 1  5  8 10 12 22 24 25 26 27 28 30 31 33 34 35 36 38 39 41 43 47 48 54
 55 57 58 59 62 63 65 67 71 72 73])
Bicluster(rows=[35, 94], cols=[ 3  4  5  8 10 11 14 17 20 22 23 24 30 34 35 37 38 40 48 49 55 57 59 63
 72])
Bicluster(rows=[35, 95], cols=[ 3  4  5  8 13 18 21 26 31 35 36 39 40 46 47 48 49 50 54 56 65 67 71 73])
Bicluster(rows=[35, 96], cols=[ 1  3  4  6  8  9 16 18 19 27 29 30 39 41 44 45 48 50 54 56 59 63 65 66
 67 71 72 73])
Bicluster(rows=[35, 97], cols=[ 0  5  6 10 15 22 25 26 28 30 31 34 35 36 40 44 49 50 51 52 55 57 58 61
 66 74])
Bicluster(rows=[35, 98], cols=[ 0  8 12 14 16 18 19 23 24 26 27 31 34 35 36 37 38 39 46 50 56 63 65 66
 73])
Bicluster(rows=[35, 99], cols=[ 1  2  3  4  7  8 14 15 16 18 19 20 22 23 25 28 32 33 34 36 37 40 41 46
 50 57 64 66 69 70 71])
Bicluster(rows=[36, 37], cols=[ 1  4  6  7  9 10 11 13 15 16 18 22 23 25 26 27 28 29 30 31 32 33 34 35
 36 37 38 39 40 41 42 43 44 45 46 47 48 49 52 54 56 65 66 69 70 72 74])
Bicluster(rows=[36, 38], cols=[ 3  4  5  7 10 12 13 14 15 16 17 19 20 21 22 25 26 27 28 29 30 31 32 33
 34 35 36 37 38 39 40 41 42 43 44 45 46 47 48 49 52 54 55 57 58 59 60 62
 63 69 72 74])
Bicluster(rows=[36, 39], cols=[ 1  7  9 10 11 14 15 16 17 18 19 20 21 22 24 25 26 27 28 29 30 31 32 33
 34 35 36 37 38 39 40 41 42 43 44 45 46 47 48 49 54 56 59 61 63 65 66 67
 68 69 70 71 73])
Bicluster(rows=[36, 40], cols=[ 2  7  8 10 11 15 17 18 19 22 29 36 37 40 46 48 51 52 54 55 60 61 62 65
 66 67 69 72 73 74])
Bicluster(rows=[36, 41], cols=[ 1  4  6  7  9 12 13 15 18 20 21 22 23 24 25 26 27 28 29 30 31 32 33 34
 35 36 37 38 39 40 41 42 43 44 45 46 47 48 49 54 59 60 61 67 71])
Bicluster(rows=[36, 42], cols=[ 0  1  3  4  5  6  7  8 12 13 14 15 17 18 19 20 21 22 25 26 27 28 29 30
 31 32 33 34 35 36 37 38 39 40 41 42 43 44 45 46 47 48 49 50 52 57 58 59
 60 61 62 64 65 66 67 68 69 70 72 73 74])
Bicluster(rows=[36, 43], cols=[ 3  6  7 10 11 14 16 17 18 19 20 21 23 25 26 27 28 29 30 31 32 33 34 35
 36 37 38 39 40 41 42 43 44 45 46 47 48 49 50 51 56 57 59 60 61 62 67 70
 71 72])
Bicluster(rows=[36, 44], cols=[ 6  7  8  9 16 22 24 25 26 27 28 29 30 31 32 33 34 35 36 37 38 39 40 41
 42 43 44 45 46 47 48 49 55 65 67 68 72])
Bicluster(rows=[36, 45], cols=[ 0  3  4  5  9 11 12 13 14 15 16 17 20 22 24 25 26 27 28 29 30 31 32 33
 34 35 36 37 38 39 40 41 42 43 44 45 46 47 48 49 50 52 56 57 60 62 65 66
 69 70 71 72 73])
Bicluster(rows=[36, 46], cols=[ 0  2  3  4  7  8  9 13 15 17 19 20 22 25 26 27 28 29 30 31 32 33 34 35
 36 37 38 39 40 41 42 43 44 45 46 47 48 49 50 51 55 58 61 62 63 64 67 70
 72 74])
Bicluster(rows=[36, 47], cols=[ 7  8 10 14 15 17 23 25 26 27 28 29 30 31 32 33 34 35 36 37 38 39 40 41
 42 43 44 45 46 47 48 49 51 53 56 64 67 71 73])
Bicluster(rows=[36, 48], cols=[ 0  2  3  4  5  6  8 11 13 15 16 17 18 23 25 26 27 28 29 30 31 32 33 34
 35 36 37 38 39 40 41 42 43 44 45 46 47 48 49 53 54 57 62 63 64 65 67 68
 69 70 72])
Bicluster(rows=[36, 49], cols=[ 9 11 14 21 22 25 26 27 28 29 30 31 32 33 34 35 36 37 38 39 40 41 42 43
 44 45 46 47 48 49 54 56 61 68 71 74])
Bicluster(rows=[36, 50], cols=[ 0  2  6  8  9 10 13 14 15 17 19 20 22 23 24 25 26 28 30 31 32 33 34 35
 37 38 39 40 43 44 47 48 49 50 52 54 56 57 60 63 64 65 66 67 69 70 72 73])
Bicluster(rows=[36, 51], cols=[ 1  2  3  4  5  6  7  8 10 13 14 15 17 18 19 20 22 23 24 25 26 27 28 29
 30 31 32 33 34 35 36 37 38 39 40 41 42 43 44 45 46 47 48 49 50 51 52 53
 54 55 56 57 58 59 61 62 65 66 67 69 70 71 72 73])
Bicluster(rows=[36, 52], cols=[ 0  1  2  3  9 10 17 18 20 23 25 26 28 30 32 33 34 35 38 39 47 49 50 55
 60 71 72 74])
Bicluster(rows=[36, 53], cols=[ 1  3  4  7  9 11 12 14 15 16 19 20 21 23 25 26 27 28 29 30 31 32 33 34
 35 36 37 38 39 40 41 42 43 44 45 46 47 48 49 50 52 56 59 61 67 68 69 70
 71 72 73 74])
Bicluster(rows=[36, 54], cols=[ 0  4  5  6  8 10 11 13 14 15 16 17 18 20 21 23 24 25 26 28 30 32 33 34
 35 38 51 54 57 60 61 62 63 65 67 72])
Bicluster(rows=[36, 55], cols=[ 0  1  2  3  7  8 10 12 15 16 17 18 19 20 22 23 24 25 26 27 28 29 30 31
 32 33 34 35 36 37 38 39 40 41 42 43 44 45 46 47 48 49 50 52 54 55 56 57
 60 61 62 63 64 65 67 68 69 70 71 73])
Bicluster(rows=[36, 56], cols=[ 2  3  5  6  8  9 18 19 21 24 25 26 28 30 32 33 34 35 38 53 58 59 64 73
 74])
Bicluster(rows=[36, 57], cols=[ 0  1  2  3  6 15 17 18 19 20 22 25 26 28 30 32 33 34 35 38 50 54 55 57
 59 64 66 67 70 73])
Bicluster(rows=[36, 58], cols=[ 0  1  2  3  4  6  8  9 17 18 19 22 23 24 25 26 27 28 29 30 31 32 33 34
 35 36 37 38 39 40 41 42 43 44 45 46 47 48 49 52 53 60 61 63 64 65 66 67
 70 72 73])
Bicluster(rows=[36, 59], cols=[ 0  1  3  5  6  7 10 11 12 13 15 16 17 18 19 22 23 24 25 26 27 28 29 30
 31 32 33 34 35 36 37 38 39 40 41 42 43 44 45 46 47 48 49 51 52 54 55 56
 59 62 63 65 66 67 68 69 71 72 73])
Bicluster(rows=[36, 60], cols=[ 0  2  3  4  5  6  7  8  9 10 13 15 17 19 22 23 25 26 27 28 29 30 31 32
 33 34 35 36 37 38 39 40 41 42 43 44 45 46 47 48 49 50 51 52 53 55 56 57
 58 59 60 61 62 63 65 66 67 69 72 73])
Bicluster(rows=[36, 61], cols=[ 0  1  4  6  7  9 12 13 14 16 17 18 20 22 23 24 25 26 27 28 29 30 31 32
 33 34 35 36 37 38 39 40 41 42 43 44 45 46 47 48 49 54 55 56 57 59 61 62
 63 66 67 68 69 70 71 72 73 74])
Bicluster(rows=[36, 62], cols=[ 0 16 21 25 26 27 28 29 30 31 32 33 34 35 36 37 38 39 40 41 42 43 44 45
 46 47 48 49 54 59 65 73])
Bicluster(rows=[36, 63], cols=[ 0  1  2  4  6  7  8  9 10 12 13 14 15 16 17 18 19 22 23 24 25 26 27 28
 29 30 31 32 33 34 35 36 37 38 39 40 41 42 43 44 45 46 47 48 49 50 52 53
 55 56 59 60 62 65 66 67 68 70 73])
Bicluster(rows=[36, 64], cols=[ 1  2  3  4  5  6  9 10 11 16 17 24 25 26 28 30 31 32 33 34 35 38 39 40
 47 48 49 51 53 56 57 64 67 70 71 72])
Bicluster(rows=[36, 65], cols=[ 0  1  2  3  5 10 11 13 17 18 19 22 23 24 25 26 27 28 29 30 31 32 33 34
 35 36 37 38 39 40 41 42 43 44 45 46 47 48 49 50 54 56 57 59 60 62 68 70
 71 72 73])
Bicluster(rows=[36, 66], cols=[ 5  7 11 23 24 25 30 32 34 39 42 43 44 48 50 51 52 53 55 57 60 63 64 65
 66 70 72])
Bicluster(rows=[36, 67], cols=[ 3 12 14 15 17 19 20 28 31 33 34 36 37 40 43 45 50 52 55 57 61 62 63 64
 65 66 69 70 72])
Bicluster(rows=[36, 68], cols=[ 0  3  7 14 15 20 21 24 25 26 27 28 29 31 32 34 35 37 39 40 49 50 51 52
 53 55 56 57 60 63 65 66 67 70 72])
Bicluster(rows=[36, 69], cols=[ 2  3  5  6 10 12 14 17 19 20 29 32 36 40 41 45 46 49 50 52 53 54 56 57
 59 60 62 68 70 71 73])
Bicluster(rows=[36, 70], cols=[ 0  6  7 11 12 14 19 26 32 33 34 35 37 46 48 49 50 51 52 53 54 55 56 57
 59 60 66 67 68 71 72 73])
Bicluster(rows=[36, 71], cols=[ 2 13 14 15 17 23 33 34 36 40 45 48 49 50 51 53 54 55 56 57 59 60 66 68
 71 73])
Bicluster(rows=[36, 72], cols=[ 0  1  2  4  5  6  7  8  9 13 15 16 17 19 20 22 23 24 28 29 31 34 36 37
 41 46 49 56 59 61 62 67 69 73 74])
Bicluster(rows=[36, 73], cols=[ 1  3  6  8  9 10 15 16 17 18 19 20 23 24 25 26 31 32 34 35 37 39 40 47
 48 49 50 51 53 55 57 60 63 64 66 70 72])
Bicluster(rows=[36, 74], cols=[ 4  6 10 11 13 19 20 24 27 28 29 34 36 40 41 47 50 56 57 61 62 63 64 65
 66 69 72 74])
Bicluster(rows=[36, 75], cols=[ 6 10 11 14 17 21 22 25 28 32 40 43 44 46 47 49 50 51 52 53 56 57 59 60
 70 71])
Bicluster(rows=[36, 76], cols=[ 0  3  4  5  6  8 10 17 23 24 26 29 31 33 36 37 39 46 47 48 56 59 61 62
 65 69 72 73 74])
Bicluster(rows=[36, 77], cols=[ 0  4  6  8 12 14 16 18 19 21 26 34 38 42 46 49 50 51 52 53 54 55 56 57
 59 60 66 67 68 70 71 73])
Bicluster(rows=[36, 78], cols=[ 0  2  7  8  9 15 16 18 22 23 28 29 36 37 39 40 45 46 47 48 49 50 51 52
 53 55 57 60 63 65 66 70 72])
Bicluster(rows=[36, 79], cols=[ 2  6  7  9 10 16 18 21 22 23 28 30 33 38 45 46 50 51 53 54 55 56 57 58
 59 60 66 68 71 72 73])
Bicluster(rows=[36, 80], cols=[ 0  1  2  6  9 13 22 26 28 30 31 33 40 43 44 45 46 50 56 57 59 61 62 63
 65 66 67 69 72 73 74])
Bicluster(rows=[36, 81], cols=[ 2  3  4  7  8 11 17 20 21 24 27 31 32 36 38 44 47 48 50 51 52 55 57 60
 61 62 63 64 65 66 70 72])
Bicluster(rows=[36, 82], cols=[ 2 14 16 19 25 28 29 31 32 35 36 38 39 40 43 47 50 52 55 57 61 62 63 64
 65 66 69 72 74])
Bicluster(rows=[36, 83], cols=[ 7 14 16 18 21 28 34 35 36 39 40 45 46 50 51 52 53 54 55 56 57 59 60 65
 66 67 68 70 72 73])
Bicluster(rows=[36, 84], cols=[ 0  1  4  5  6  9 11 12 15 18 23 25 30 31 32 33 34 35 37 38 39 40 47 48
 49 50 51 52 53 55 56 57 60 63 65 66 67 70 72 73])
Bicluster(rows=[36, 85], cols=[ 1  9 11 14 15 22 26 27 32 33 34 37 42 48 49 50 51 53 54 55 56 57 58 65
 66 67 68 71 72 73])
Bicluster(rows=[36, 86], cols=[ 3  5  6  8  9 10 13 14 20 21 24 30 31 32 34 35 37 38 42 49 50 51 52 53
 54 55 56 57 59 60 65 66 67 68 70 71 72 73])
Bicluster(rows=[36, 87], cols=[ 3  7  8 12 17 18 20 21 23 25 26 29 33 34 35 38 39 40 50 56 59 63 64 65
 72])
Bicluster(rows=[36, 88], cols=[ 2  4  5  6  8 10 15 17 22 24 31 37 40 46 47 48 50 51 54 55 56 57 58 59
 66 68 71 73])
Bicluster(rows=[36, 89], cols=[ 1 11 21 23 24 25 26 28 32 37 38 40 43 47 50 51 52 53 54 55 56 57 58 59
 60 65 66 67 68 70 71 72 73])
Bicluster(rows=[36, 90], cols=[ 2  3  6  9 10 11 15 25 26 27 33 35 40 44 46 47 48 50 51 53 54 55 56 57
 58 59 60 66 68 71 72 73])
Bicluster(rows=[36, 91], cols=[ 1  5  7 10 11 12 15 16 17 21 22 25 28 30 36 39 43 44 45 47 48 50 51 52
 53 55 56 57 59 60 61 62 63 65 66 67 70 72 73])
Bicluster(rows=[36, 92], cols=[ 0  2  6  7  9 10 12 13 14 16 19 22 24 26 27 31 32 33 40 42 49 50 52 55
 57 62 63 64 66 69])
Bicluster(rows=[36, 93], cols=[ 8 10 11 12 18 20 21 22 25 26 27 28 30 31 33 34 35 36 38 39 41 47 48 50
 52 55 56 57 61 62 63 64 65 66 69 72 74])
Bicluster(rows=[36, 94], cols=[ 1  3  4  8  9 10 12 15 16 17 18 19 20 22 23 30 34 35 37 38 40 48 49 50
 57 61 63 64 66 69 74])
Bicluster(rows=[36, 95], cols=[ 1  6  9 10 14 16 18 19 21 23 24 25 26 28 31 32 33 34 40 47 49 50 51 57
 58 59])
Bicluster(rows=[36, 96], cols=[ 1  2  5  6  9 10 13 15 16 20 24 26 31 33 35 36 37 40 48 50 52 53 54 56
 57 59 60 66 68 70 71 73])
Bicluster(rows=[36, 97], cols=[ 0  5  7 10 11 12 18 20 22 23 25 26 30 31 32 35 36 37 39 41 42 44 48 49
 50 51 55 56 57 58 59 66])
Bicluster(rows=[36, 98], cols=[ 3  4  5  6  8  9 14 15 16 17 24 31 33 41 42 50 51 54 55 56 57 58 59 66
 68 71 73])
Bicluster(rows=[36, 99], cols=[ 1  6  8  9 18 22 24 29 30 31 39 40 42 43 45 47 50 51 55 58 61 64 65 66
 69])
Bicluster(rows=[37, 38], cols=[ 0  2  4  5  7  8 10 13 15 16 20 22 25 26 27 28 29 30 31 32 33 34 35 36
 37 38 39 40 41 42 43 44 45 46 47 48 49 50 52 54 58 62 64 67 68 69 72 74])
Bicluster(rows=[37, 39], cols=[ 0  1  2  4  5  7  8  9 11 15 21 22 25 26 27 28 29 30 31 32 33 34 35 36
 37 38 39 40 41 42 43 44 45 46 47 48 49 50 54 55 57 58 60 62 65 66 69 70
 72])
Bicluster(rows=[37, 40], cols=[ 8 15 18 21 25 26 32 33 34 39 47 49 52 56 57 58 62 63 64 65 66 67 68 69
 72])
Bicluster(rows=[37, 41], cols=[ 0  1  2  3  4  5  6  7  8  9 11 12 15 16 19 22 23 25 26 27 28 29 30 31
 32 33 34 35 36 37 38 39 40 41 42 43 44 45 46 47 48 49 50 51 52 53 54 55
 57 62 63 65 67 68 72 73])
Bicluster(rows=[37, 42], cols=[ 1  4  5  6  7  8  9 10 15 21 22 23 24 25 26 27 28 29 30 31 32 33 34 35
 36 37 38 39 40 41 42 43 44 45 46 47 48 49 51 52 55 56 61 65 66 70 74])
Bicluster(rows=[37, 43], cols=[ 0  2  5  6  7  8 10 11 12 15 16 18 20 21 23 25 26 27 28 29 30 31 32 33
 34 35 36 37 38 39 40 41 42 43 44 45 46 47 48 49 53 55 56 58 59 62 63 64
 65 66 67 68 72 73])
Bicluster(rows=[37, 44], cols=[ 0  3  9 12 14 17 20 22 25 26 27 28 29 30 31 32 33 34 35 36 37 38 39 40
 41 42 45 46 47 48 49 51 53 57 59 61 63 65 66 70 72 73 74])
Bicluster(rows=[37, 45], cols=[ 2  4  5  8  9 11 13 14 15 16 19 20 22 25 26 27 28 29 30 31 32 33 34 35
 36 37 38 39 40 41 42 43 44 45 46 47 48 49 52 55 56 58 63 64 67 69 72 74])
Bicluster(rows=[37, 46], cols=[ 7  8  9 12 13 22 25 26 27 28 29 30 31 32 33 34 35 36 37 38 39 40 41 42
 43 44 45 46 47 48 49 60 67 68 70])
Bicluster(rows=[37, 47], cols=[ 7  8 10 15 19 21 23 25 26 27 28 29 30 31 32 33 34 35 36 37 38 39 40 41
 42 43 44 45 46 47 48 49 56 59 67])
Bicluster(rows=[37, 48], cols=[ 1  6 11 12 13 15 19 21 23 25 26 27 28 29 30 31 32 33 34 35 36 37 38 39
 40 41 42 43 44 45 46 47 48 49 52 54 55 58 68 69])
Bicluster(rows=[37, 49], cols=[ 1  8  9 11 18 19 20 22 24 25 26 27 28 29 30 31 32 33 34 35 36 37 38 39
 40 41 42 43 44 45 46 47 48 49 50 53 54 55 56 59 60 61 63 66 68 72])
Bicluster(rows=[37, 50], cols=[ 4  5  6 10 12 13 22 25 26 27 28 29 30 31 32 33 34 35 36 37 38 39 40 41
 42 43 44 45 46 47 48 49 56 58 68 72])
Bicluster(rows=[37, 51], cols=[ 0  1  4  6  7  9 10 12 15 21 22 23 25 26 27 28 29 30 31 32 33 34 35 36
 37 38 39 40 41 42 43 44 45 46 47 48 49 52 54 55 56 58 60 63 65 66 70 72])
Bicluster(rows=[37, 52], cols=[ 0  1  2  3  5  6  9 14 16 27 29 31 36 37 40 46 47 48 49 52 54 55 59 60
 61 62 66 72 73])
Bicluster(rows=[37, 53], cols=[ 0  1  2  4  5  6  7  8  9 11 15 16 18 21 22 23 24 25 26 27 28 29 30 31
 32 33 34 35 36 37 38 39 40 41 42 43 44 45 46 47 48 49 51 52 55 56 58 59
 60 62 63 65 67 68 69 72 74])
Bicluster(rows=[37, 54], cols=[ 0  4  5  6  8 11 15 19 21 22 27 29 36 37 40 41 42 45 46 48 51 52 54 55
 57 59 60 63 64 65 66 67 69 71 72])
Bicluster(rows=[37, 55], cols=[ 1  5  7  8 10 15 16 19 22 23 25 26 27 28 29 30 31 32 33 34 35 36 37 38
 39 40 41 42 43 44 45 46 47 48 49 51 52 54 55 56 58 61 62 63 65 66 67 69
 70])
Bicluster(rows=[37, 56], cols=[ 2  3  7 11 12 14 17 18 20 21 22 26 27 29 31 32 33 36 37 39 40 41 42 46
 47 48 49 52 55 56 57 61 63 64 70 72 73 74])
Bicluster(rows=[37, 57], cols=[ 1  5  8 13 17 20 24 26 27 29 31 32 33 36 37 39 40 41 42 45 46 47 48 49
 50 51 52 56 57 59 60 63 65 71 72 73])
Bicluster(rows=[37, 58], cols=[ 1  6  9 12 18 22 25 26 27 28 29 30 31 32 33 34 35 36 37 38 39 40 41 42
 43 44 45 46 47 48 49 51 52 55 56 58 65 68 70])
Bicluster(rows=[37, 59], cols=[ 1  2  5  7  8 10 11 12 13 14 15 16 18 22 23 25 26 27 28 29 30 31 32 33
 34 35 36 37 38 39 40 41 42 43 44 45 46 47 48 49 50 52 54 55 57 58 60 62
 66 68 69 72])
Bicluster(rows=[37, 60], cols=[ 4 10 12 13 15 22 23 25 26 27 28 29 30 31 32 33 34 35 36 37 38 39 40 41
 42 43 44 45 46 47 48 49 52 56 58 65 66 68 72])
Bicluster(rows=[37, 61], cols=[ 1  2  4  5  6  7  8  9 11 14 15 19 21 22 23 25 26 27 28 29 30 31 32 33
 34 35 36 37 38 39 40 41 42 43 44 45 46 47 48 49 50 51 54 55 56 58 60 61
 63 65 66 67 68 69 70 72 74])
Bicluster(rows=[37, 62], cols=[ 1  2  5  8 14 16 17 18 19 20 24 25 26 27 28 29 30 31 32 33 34 35 36 37
 38 39 40 41 42 43 44 45 46 47 48 49 50 54 55 57 59 63 64 65 67 71 72 73])
Bicluster(rows=[37, 63], cols=[ 1  4  5  6  7 10 11 14 15 21 22 23 25 26 27 28 29 30 31 32 33 34 35 36
 37 38 39 40 41 42 43 44 45 46 47 48 49 51 52 55 56 57 58 60 63 65 66 68
 70 72])
Bicluster(rows=[37, 64], cols=[ 1  6 10 11 12 13 19 25 26 27 28 29 30 31 32 33 34 35 36 37 38 39 40 41
 42 43 44 45 46 47 48 49 56 58 63 66 71 73])
Bicluster(rows=[37, 65], cols=[ 1  4  9 10 11 13 14 15 16 18 20 21 22 23 25 26 27 28 29 30 31 32 33 34
 35 36 37 38 39 40 41 42 43 44 45 46 47 48 49 51 54 56 58 61 63 64 65 66
 68 69 70 72 73])
Bicluster(rows=[37, 66], cols=[ 5 10 13 14 18 23 26 27 29 33 35 37 39 41 48 50 51 55 57 59 60 61 62 63
 64 67 69 73 74])
Bicluster(rows=[37, 67], cols=[ 1  2  3  5  6  8  9 14 18 19 22 24 28 30 32 34 39 47 48 50 57 59 61 62
 71])
Bicluster(rows=[37, 68], cols=[ 0  2  3  4  5  6  7 11 17 18 21 22 30 31 32 36 38 39 43 48 49 50 57 59
 60 61 62 64 67 73])
Bicluster(rows=[37, 69], cols=[ 1  5  6  7 10 19 20 36 38 39 41 43 45 48 50 51 57 59 60 61 62 69 70 71
 73 74])
Bicluster(rows=[37, 70], cols=[ 2  4  5  7  8  9 10 15 16 18 19 21 22 23 25 26 28 30 32 38 47 49 50 53
 54 57 59 61 63 64 67 73])
Bicluster(rows=[37, 71], cols=[ 0  5  8 11 15 19 21 23 25 26 30 32 34 36 37 39 40 42 48 52 54 63 64 65
 66 67 72])
Bicluster(rows=[37, 72], cols=[ 3  9 11 13 15 16 20 21 22 23 24 35 36 37 38 41 46 49 50 53 54 57 59 61
 63 64 65 67 73])
Bicluster(rows=[37, 73], cols=[ 0  1  2  3  4  8  9 11 14 16 19 21 26 31 32 33 38 40 45 46 47 49 50 57
 59 60 61 62 71 73])
Bicluster(rows=[37, 74], cols=[ 3  8 14 16 17 18 20 21 23 24 31 33 38 39 43 44 48 49 50 53 54 57 59 63
 64 67 68 73])
Bicluster(rows=[37, 75], cols=[ 1  4  5  7  8 11 12 14 17 19 21 25 29 30 32 34 35 36 37 45 49 50 53 54
 57 59 61 62 63 65 68 72])
Bicluster(rows=[37, 76], cols=[ 1  2  4  7  9 14 16 18 22 23 24 25 28 38 40 43 46 49 50 53 54 57 59 63
 68 73])
Bicluster(rows=[37, 77], cols=[ 5  7 10 14 16 18 21 23 24 26 28 30 31 39 40 43 47 50 53 54 57 59 61 62
 63 64 67 73])
Bicluster(rows=[37, 78], cols=[ 8  9 11 14 15 16 17 18 25 31 32 33 34 38 42 45 52 54 55 56 58 65 66 68
 70 72 74])
Bicluster(rows=[37, 79], cols=[ 0  3  5  6  7  9 10 12 13 16 18 22 23 25 28 30 31 33 35 38 47 52 54 55
 58 63 64 65 66 67 70 72])
Bicluster(rows=[37, 80], cols=[ 1  9 11 12 16 18 20 22 28 30 32 36 39 41 43 44 50 51 54 55 60 61 62 63
 65 67 69 72 74])
Bicluster(rows=[37, 81], cols=[ 2  5  6  7  8 10 11 14 21 23 25 30 32 34 35 40 43 50 51 59 60 61 62 64
 69 73 74])
Bicluster(rows=[37, 82], cols=[ 0  1  2  4  5  6 10 11 14 15 16 18 19 22 23 30 32 39 40 42 46 47 49 50
 51 57 59 60 61 62 69 70 71 73 74])
Bicluster(rows=[37, 83], cols=[ 5  6  7  8  9 10 11 13 15 16 20 21 22 23 24 26 27 29 34 35 38 39 47 48
 50 53 54 57 59 61 63 64 67 73])
Bicluster(rows=[37, 84], cols=[ 0  1  2  4  6  9 10 12 21 22 28 29 31 32 33 36 42 47 49 50 51 54 57 60
 61 62 63 64 67 69 73 74])
Bicluster(rows=[37, 85], cols=[ 1  4  5  6  8  9 11 18 23 25 28 29 30 32 35 38 40 46 49 50 53 54 57 59
 61 63 64 67 73])
Bicluster(rows=[37, 86], cols=[ 0  1  3 11 14 15 17 18 19 21 22 25 27 28 29 32 34 39 40 41 43 45 48 49
 50 51 53 54 57 59 61 62 63 64 67 69 73])
Bicluster(rows=[37, 87], cols=[ 0  3  4  5  9 10 15 17 18 20 21 26 28 31 33 35 47 50 51 52 58 59 70 71])
Bicluster(rows=[37, 88], cols=[ 1  2  4  5  6  7  8  9 14 15 16 22 25 26 27 29 30 31 32 33 36 37 40 41
 42 43 45 48 49 51 53 55 56 57 61 62 66 69])
Bicluster(rows=[37, 89], cols=[ 0  1  6 15 21 22 27 32 36 42 47 50 53 54 57 59 61 62 63 64 67 73])
Bicluster(rows=[37, 90], cols=[ 0  5  6  8  9 10 12 15 17 19 26 27 32 36 37 38 39 40 44 48 49 52 54 55
 58 63 64 65 66 67 70 72])
Bicluster(rows=[37, 91], cols=[ 1  7 10 14 15 19 20 21 22 24 25 28 30 31 32 33 36 39 43 44 45 47 49 52
 54 55 56 58 65 66 70 72])
Bicluster(rows=[37, 92], cols=[ 0  2  4  5  7  8 11 20 21 26 28 29 30 31 33 35 37 38 40 44 48 50 51 57
 59 60 61 62 69 70 71 74])
Bicluster(rows=[37, 93], cols=[ 0  1  2  3  5  8 14 16 17 22 25 27 30 32 34 35 36 39 41 43 47 48 49 51
 55 56 60 66 68 69 74])
Bicluster(rows=[37, 94], cols=[ 0  1  2  3  6  7 14 16 17 19 28 31 34 35 39 47 50 51 57 59 61 62 69 70
 71 74])
Bicluster(rows=[37, 95], cols=[ 7  9 11 13 15 19 23 29 31 35 36 37 39 40 41 42 48 49 51 53 55 56 61 62
 66 69 74])
Bicluster(rows=[37, 96], cols=[ 1  6  8  9 10 12 13 15 16 17 19 20 21 24 32 33 34 36 37 38 52 54 55 58
 63 64 65 66 67 72])
Bicluster(rows=[37, 97], cols=[ 2  7  8 10 14 16 19 21 22 25 26 30 31 32 35 36 37 39 41 42 44 45 48 49
 56 63 64 65 71 72 73])
Bicluster(rows=[37, 98], cols=[ 3  5  6  7  8 10 12 15 20 21 23 26 27 31 32 34 35 36 37 38 39 46 51 53
 55 56 61 62 66])
Bicluster(rows=[37, 99], cols=[ 0  2  3  8  9 10 11 14 19 21 26 30 33 35 43 49 52 55 56 58 60 62 63 65
 67 68 69 72])
Bicluster(rows=[38, 39], cols=[ 0  4  6  7  8 10 14 19 20 21 22 23 25 26 27 28 29 30 31 32 33 34 35 36
 37 38 39 40 41 42 43 44 45 46 47 48 49 50 54 56 57 59 61 62 63 69])
Bicluster(rows=[38, 40], cols=[ 1  3  4  5  7 15 17 19 22 23 24 27 29 36 37 41 42 46 48 52 53 54 55 57
 58 61 62 63 69 72 74])
Bicluster(rows=[38, 41], cols=[ 0  2  4  5  8 10 11 12 13 16 20 21 22 25 26 27 28 29 30 31 32 33 34 35
 36 37 38 39 40 41 42 43 44 45 46 47 48 49 50 54 56 57 59 60 61 62 66 67
 68 70 72])
Bicluster(rows=[38, 42], cols=[ 2  3  4  5  7  8 12 13 14 15 17 19 21 22 23 25 26 27 28 29 30 31 32 33
 34 35 36 37 38 39 40 41 42 43 44 45 46 47 48 49 51 52 53 57 58 59 60 62
 63 69 71 72 74])
Bicluster(rows=[38, 43], cols=[ 1  2  3  5  7  8 14 16 17 19 20 21 24 25 26 27 28 29 30 31 32 33 34 35
 36 37 38 39 40 41 42 43 44 45 46 47 48 49 50 54 58 59 60 62 66 67 68 72])
Bicluster(rows=[38, 44], cols=[ 3  4  6  8 10 11 14 15 16 17 18 19 25 26 28 30 32 33 34 35 38 52 57 59
 60 66 67 69 70 74])
Bicluster(rows=[38, 45], cols=[ 1  2  3  4  5  7  8 12 13 14 15 16 17 18 20 22 25 26 27 28 29 30 31 32
 33 34 35 36 37 38 39 40 41 42 43 44 45 46 47 48 49 50 52 53 58 60 64 65
 67 69 72 74])
Bicluster(rows=[38, 46], cols=[ 1  3 10 11 13 15 17 18 19 22 24 25 26 27 28 29 30 31 32 33 34 35 36 37
 38 39 40 41 42 43 44 45 46 47 48 49 53 55 58 60 61 62 63 65 67 68 71 72
 73 74])
Bicluster(rows=[38, 47], cols=[ 7  8 10 11 14 15 18 23 25 26 27 28 29 30 31 32 33 34 35 36 37 38 39 40
 41 42 43 44 46 47 48 49 65 67])
Bicluster(rows=[38, 48], cols=[ 3 11 12 13 15 16 17 21 24 25 26 27 28 29 30 31 32 33 34 35 36 37 38 39
 40 41 42 43 44 45 46 47 48 49 50 53 54 57 59 61 63 65 66 68 69 71 72 73])
Bicluster(rows=[38, 49], cols=[ 6  8 14 21 22 23 25 26 27 28 29 30 31 32 33 34 35 36 37 38 39 40 41 42
 43 44 45 46 47 48 49 51 54 56 57 66 67 68 70 74])
Bicluster(rows=[38, 50], cols=[ 1  3  4  5 14 15 17 18 19 22 25 26 27 28 29 30 31 32 33 34 35 36 37 38
 39 40 41 42 43 44 45 46 47 48 49 52 53 57 58 60 61 63 65 68 69 71 72 73])
Bicluster(rows=[38, 51], cols=[ 0  3  7 10 11 12 13 14 15 17 19 22 25 26 27 28 29 30 31 32 33 34 35 36
 37 38 39 40 41 42 43 44 45 46 47 48 49 52 53 54 58 59 60 61 62 69 72])
Bicluster(rows=[38, 52], cols=[ 3  5 10 11 15 22 25 26 28 30 33 34 35 38 53 57 58 60 61 66 67 68 72 74])
Bicluster(rows=[38, 53], cols=[ 0  2  3  4  5  7  8 11 12 14 15 16 19 20 21 23 25 26 27 28 29 30 31 32
 33 34 35 36 37 38 39 40 41 42 43 44 45 46 47 48 49 51 52 57 58 61 66 67
 68 69 72 74])
Bicluster(rows=[38, 54], cols=[ 1  3 11 14 15 17 22 25 26 28 30 31 32 33 34 35 38 39 47 49 53 61 65 71
 72])
Bicluster(rows=[38, 55], cols=[ 2  3  5  7 10 11 14 16 19 22 25 26 27 28 29 30 31 32 33 34 35 36 37 38
 39 40 41 42 43 44 45 46 47 48 49 50 52 53 54 57 58 59 60 62 63 66 67 69
 70])
Bicluster(rows=[38, 56], cols=[ 0  1  3  7 10 11 15 16 17 19 25 26 28 30 32 33 34 35 38 39 47 50 51 56
 57 58 59 61 65 68 70 72 74])
Bicluster(rows=[38, 57], cols=[ 5  8  9 15 17 22 24 25 26 28 30 32 33 34 35 38 39 47 49 52 53 55 56 58
 60 62 63 71 72 73])
Bicluster(rows=[38, 58], cols=[ 3 10 11 13 15 17 19 22 25 26 27 28 29 30 31 32 33 34 35 36 37 38 39 40
 41 42 43 44 45 46 47 48 49 50 52 58 59 60 61 63 68 71 72])
Bicluster(rows=[38, 59], cols=[ 2  3  5  7  8 10 12 13 15 16 17 19 22 24 25 26 27 28 29 30 31 32 33 34
 35 36 37 38 39 40 41 42 43 44 45 46 47 48 49 50 52 53 54 56 58 59 60 61
 62 63 65 66 68 69 72])
Bicluster(rows=[38, 60], cols=[ 1  3  4 11 12 13 15 17 19 22 24 25 26 27 28 29 30 31 32 33 34 35 36 37
 38 39 40 41 42 43 44 45 46 47 48 49 52 53 55 57 58 59 60 61 63 65 68 69
 72])
Bicluster(rows=[38, 61], cols=[ 2  4  5  7  8 10 11 12 13 14 16 20 22 25 26 27 28 29 30 31 32 33 34 35
 36 37 38 39 40 41 42 43 44 45 46 47 48 49 50 53 54 57 59 62 63 66 68 69
 72 74])
Bicluster(rows=[38, 62], cols=[ 2  6  8 16 20 21 23 25 26 27 28 29 30 31 32 33 34 35 36 37 38 39 40 41
 42 43 44 45 46 47 48 49 51 53 54 56 57 64 66 67 70 74])
Bicluster(rows=[38, 63], cols=[ 4  5  7 10 11 12 13 14 17 19 22 25 26 27 28 29 30 31 32 33 34 35 36 37
 38 39 40 41 42 43 44 45 46 47 48 49 50 52 57 58 59 60 61 63 68 69 72])
Bicluster(rows=[38, 64], cols=[ 1  2  5  7  8 10 11 13 14 15 19 21 23 27 29 36 37 41 42 46 48 53 57 58
 60 62 63 64 68 69 72])
Bicluster(rows=[38, 65], cols=[ 3  4  6 10 13 16 17 19 22 25 26 27 28 29 30 31 32 33 34 35 36 37 38 39
 40 41 42 43 44 45 46 47 48 49 51 52 53 54 57 59 60 62 64 66 68 72])
Bicluster(rows=[38, 66], cols=[ 0  2  5  6  7  8 10 11 18 20 25 30 32 34 39 42 43 44 47 48 49 52 55 58
 60 61 65 71 73])
Bicluster(rows=[38, 67], cols=[ 0  2  3  4  6  8 10 11 12 14 15 16 17 19 24 29 31 32 33 36 37 39 40 42
 43 45 47 52 53 55 58 60 61 65 71 73])
Bicluster(rows=[38, 68], cols=[ 3  4  5  7  8 13 14 16 17 18 19 21 25 26 27 28 29 31 32 34 35 37 39 40
 49 52 58 60 61 63 68 72])
Bicluster(rows=[38, 69], cols=[ 5  7  9 10 13 19 25 28 29 30 31 35 39 44 46 52 53 55 58 60 61 62 65 69
 71 73 74])
Bicluster(rows=[38, 70], cols=[ 0  1  2  3 15 16 17 19 24 29 31 36 39 40 41 48 50 57 59 62 63 68 70 72
 74])
Bicluster(rows=[38, 71], cols=[ 3  5  6 10 11 12 15 16 19 20 27 28 29 32 35 39 40 44 50 57 59 62 63 65
 70 71 72])
Bicluster(rows=[38, 72], cols=[ 7 10 11 15 17 18 20 22 30 31 36 42 45 46 49 50 57 59 62 66 68 70 72 74])
Bicluster(rows=[38, 73], cols=[ 3  4  5 11 13 15 17 19 20 25 26 27 29 31 32 34 35 37 39 40 41 42 47 48
 49 52 55 58 61 65 71 73])
Bicluster(rows=[38, 74], cols=[ 4  9 10 12 13 14 20 26 27 30 32 35 36 41 44 45 50 51 57 59 63 65 66 71
 72 73])
Bicluster(rows=[38, 75], cols=[ 3  4  5  6 11 13 14 15 18 27 29 30 32 34 35 36 45 47 49 50 57 62 66 68
 70 72 74])
Bicluster(rows=[38, 76], cols=[ 0  2  7  8 14 15 16 19 20 23 25 27 30 31 35 37 52 54 58 59 60 61 67])
Bicluster(rows=[38, 77], cols=[ 1  2  5  7 11 13 15 19 20 21 23 24 26 27 29 31 34 36 37 38 39 40 41 42
 46 47 52 58 59 61 63 68 72])
Bicluster(rows=[38, 78], cols=[ 1  5  7 10 11 14 15 16 22 27 28 29 36 37 39 40 45 46 47 48 49 52 58 60
 61 63 68 72])
Bicluster(rows=[38, 79], cols=[ 0  7 10 11 13 14 16 19 21 25 26 28 30 31 33 35 38 47 50 54 57 60 67 69])
Bicluster(rows=[38, 80], cols=[ 1  3  4 10 15 16 20 21 26 27 29 33 35 42 43 44 52 53 58 60 61 65 69 71
 73])
Bicluster(rows=[38, 81], cols=[ 0  3  6  7 13 16 17 20 21 23 27 31 32 36 38 42 44 46 47 48 52 53 55 58
 60 61 63 65 71 73])
Bicluster(rows=[38, 82], cols=[ 4  5  6  9 11 13 14 15 18 19 23 24 25 27 28 29 31 32 35 36 38 39 40 43
 45 47 49 52 53 55 58 60 61 62 65 69 70 71 73 74])
Bicluster(rows=[38, 83], cols=[ 0  2  5  7  8 11 14 21 23 24 28 34 35 36 37 39 40 45 46 47 52 58 59 61
 63 68 72])
Bicluster(rows=[38, 84], cols=[ 0  2  3  4 11 19 20 21 22 23 24 28 29 31 32 33 36 42 45 47 49 51 54 56
 64 66 67 70])
Bicluster(rows=[38, 85], cols=[ 0  2  4  5  8 10 12 13 14 15 16 20 22 26 27 32 33 34 37 42 48 49 52 58
 59 61 63 72])
Bicluster(rows=[38, 86], cols=[ 5  7  8 10 12 14 15 22 23 25 26 27 28 29 31 36 41 45 47 48 49 50 57 62
 68 70 74])
Bicluster(rows=[38, 87], cols=[ 2  3  4  5 11 12 13 14 16 17 22 25 26 27 31 33 34 35 36 37 38 39 40 42
 46 48 57 59 62 65 69 70 71 73 74])
Bicluster(rows=[38, 88], cols=[ 2  3  4  5  7  8 10 11 13 14 15 16 22 23 24 25 26 27 29 30 31 32 33 36
 37 40 41 42 43 45 48 49 50 51 57 59 63 65 66 71 72])
Bicluster(rows=[38, 89], cols=[ 1  2  3  4  5  7 11 13 16 17 19 20 24 27 29 30 33 35 36 38 39 41 46 55
 65 73])
Bicluster(rows=[38, 90], cols=[ 2  5 11 12 13 14 17 19 21 22 23 28 29 32 34 39 40 41 42 46 48 49 50 57
 59 62 63 68 69 70 72 74])
Bicluster(rows=[38, 91], cols=[ 0  2  5  6  7  9 16 17 18 21 22 31 32 33 35 36 43 45 47 49 50 53 54 57
 59 60 62 63 68 69 72 74])
Bicluster(rows=[38, 92], cols=[ 0  2  4  5 12 14 20 23 25 29 30 31 33 34 37 38 40 48 49 50 53 56 62 64
 66 69 74])
Bicluster(rows=[38, 93], cols=[ 0  1  2  4  6  7 10 12 13 14 16 21 22 24 25 26 28 29 30 31 33 34 35 38
 39 40 41 42 43 52 53 55 58 60 61 65 69 71 73])
Bicluster(rows=[38, 94], cols=[ 2  3  5  6  7 11 12 13 17 19 22 27 30 34 35 36 37 38 39 40 41 46 48 49
 57 62 65 69 70 71 73 74])
Bicluster(rows=[38, 95], cols=[ 2  3  6 12 14 15 16 17 20 23 26 29 30 31 35 37 38 39 40 41 42 47 48 49
 50 51 59 63 65 66 71 72 73])
Bicluster(rows=[38, 96], cols=[ 3 12 15 19 23 24 27 30 37 39 41 42 44 45 48 57 59 62 63 65 69 70 71 72
 73 74])
Bicluster(rows=[38, 97], cols=[ 1  4  7  8  9 15 20 22 24 25 26 30 31 32 34 35 37 39 41 42 44 45 48 49
 55 56 59 64])
Bicluster(rows=[38, 98], cols=[ 2  3  5 11 12 14 16 17 23 25 26 30 31 32 39 40 41 42 48 52 58 59 61 64
 67])
Bicluster(rows=[38, 99], cols=[ 0  2  3  6  8 15 19 20 21 26 28 31 35 36 37 39 41 47 48 51 53 57 64 66
 69 73])
Bicluster(rows=[39, 40], cols=[ 0  3  5  6  8 13 14 15 16 18 19 22 29 31 36 37 39 40 46 47 48 49 53 62
 67 73 74])
Bicluster(rows=[39, 41], cols=[ 0  1  5  8  9 10 14 15 17 20 21 22 24 25 26 27 28 29 30 31 32 33 34 35
 36 37 38 39 40 41 42 43 44 45 46 47 48 49 50 51 53 54 55 57 58 59 61 62
 64 65 67 71 72])
Bicluster(rows=[39, 42], cols=[ 0  1  3  7  8 14 15 16 17 19 20 21 22 23 25 26 27 28 29 30 31 32 33 34
 35 36 37 38 39 40 41 42 43 44 45 46 47 48 49 55 57 59 63 65 66 67 68 69
 70 73])
Bicluster(rows=[39, 43], cols=[ 0  2  3  4  5  7  8 11 13 14 15 17 18 19 20 21 23 25 26 27 28 29 30 31
 32 33 34 35 36 37 38 39 40 41 42 43 44 45 46 47 48 49 51 52 53 55 58 59
 61 62 64 65 66 67 70 71 74])
Bicluster(rows=[39, 44], cols=[ 0  2  4  9 10 11 16 21 22 27 29 31 36 37 40 41 42 45 46 47 48 49 51 52
 53 56 57 58 59 60 66 67 71])
Bicluster(rows=[39, 45], cols=[ 0  2  4  9 11 12 15 17 20 22 24 25 26 27 28 29 30 31 32 33 34 35 36 37
 38 39 40 41 42 43 44 45 46 47 48 49 50 53 55 56 66 69 70 71 72 73 74])
Bicluster(rows=[39, 46], cols=[ 8  9 10 14 16 17 19 20 22 25 26 27 28 29 30 31 32 33 34 35 36 37 38 39
 40 41 42 43 44 45 46 47 48 49 53 61 63 67 70])
Bicluster(rows=[39, 47], cols=[ 5 10 12 14 15 17 18 19 27 29 31 36 37 40 46 48 50 51 58 64 65 67 68 69
 73])
Bicluster(rows=[39, 48], cols=[ 3 11 14 16 18 21 25 26 27 28 29 30 31 32 33 34 35 36 37 38 39 40 41 42
 43 44 45 46 47 48 49 50 52 54 55 58 63 67 69 70])
Bicluster(rows=[39, 49], cols=[ 4  5  8  9 11 12 13 14 21 22 25 26 27 28 29 30 31 32 33 34 35 36 37 38
 39 40 41 42 43 44 45 46 47 48 49 52 54 55 56 57 71 72])
Bicluster(rows=[39, 50], cols=[ 3  4 14 16 19 22 25 26 27 28 29 30 31 32 33 34 35 36 37 38 39 40 41 42
 43 44 45 46 47 48 49 51 54 61 63 66 73])
Bicluster(rows=[39, 51], cols=[ 0  3  7 10 15 16 17 18 20 24 25 26 27 28 29 30 31 32 33 34 35 36 37 38
 39 40 41 42 43 44 45 46 47 48 49 51 54 56 59 61 62 64 65 66 67 69 70 71
 72 73])
Bicluster(rows=[39, 52], cols=[ 0  1  2  7  9 10 11 12 19 20 21 23 24 27 29 31 36 37 40 41 42 46 48 50
 51 54 55 58 60 62 64 66 67 68 72])
Bicluster(rows=[39, 53], cols=[ 1  4  5  6  7  8  9 13 14 15 16 18 20 21 22 23 25 26 27 28 29 30 31 32
 33 34 35 36 37 38 39 40 41 42 43 44 45 46 47 48 49 53 55 56 57 59 60 61
 64 65 67 69 70 71 72 73])
Bicluster(rows=[39, 54], cols=[ 0  3  4  5  6 12 13 14 15 16 18 20 22 23 24 27 29 36 37 40 41 42 45 46
 48 55 57 60 62 65 66 68 72 74])
Bicluster(rows=[39, 55], cols=[ 0  1  3  5  7  8 10 12 13 14 15 17 18 20 22 24 25 26 27 28 29 30 31 32
 33 34 35 36 37 38 39 40 41 42 43 44 45 46 47 48 49 50 51 55 56 62 63 64
 65 68 69 71 73 74])
Bicluster(rows=[39, 56], cols=[ 2  5  6 10 11 16 18 22 27 29 31 36 37 40 41 42 45 46 47 48 49 53 55 57
 59 63 68 70 72])
Bicluster(rows=[39, 57], cols=[ 1  2  6 11 12 15 18 20 21 22 24 27 29 31 36 37 40 41 42 45 46 48 50 55
 57 58 59 61 65 68 72])
Bicluster(rows=[39, 58], cols=[ 1  9 10 13 17 18 19 24 25 26 27 28 29 30 31 32 33 34 35 36 37 38 39 40
 41 42 43 44 45 46 47 48 49 50 51 55 61 65 66 67 70 73])
Bicluster(rows=[39, 59], cols=[ 0  1  2  3  7  8 11 15 16 17 18 19 22 25 26 27 28 29 30 31 32 33 34 35
 36 37 38 39 40 41 42 43 44 45 46 47 48 49 50 51 53 54 56 58 59 60 61 62
 63 64 66 67 69 70 71 72 73])
Bicluster(rows=[39, 60], cols=[ 0  3  9 14 16 17 19 22 23 25 26 27 28 29 30 31 32 33 34 35 36 37 38 39
 40 41 42 43 44 45 46 47 48 49 51 59 61 63 64 65 66 67 69 70 73])
Bicluster(rows=[39, 61], cols=[ 0  1  2  4  5  6  7  8  9 10 15 16 17 18 20 22 23 24 25 26 27 28 29 30
 31 32 33 34 35 36 37 38 39 40 41 42 43 44 45 46 47 48 49 50 51 52 54 56
 58 59 63 64 65 66 67 69 70 71 73])
Bicluster(rows=[39, 62], cols=[ 0  2  4  5  8 12 13 16 21 25 26 27 28 29 30 31 32 33 34 35 36 37 38 39
 40 41 42 43 44 45 46 47 48 49 52 53 54 55 57 58 59 60 65 68 72 73 74])
Bicluster(rows=[39, 63], cols=[ 0  1  3  4  5  6  7  9 10 15 16 17 18 22 24 25 26 27 28 29 30 31 32 33
 34 35 36 37 38 39 40 41 42 43 44 45 46 47 48 49 51 54 56 57 59 61 64 65
 66 67 69 72])
Bicluster(rows=[39, 64], cols=[ 0  1  9 11 16 24 25 26 27 28 29 30 31 32 33 34 35 36 37 38 39 40 41 42
 43 44 45 46 47 48 49 66 71 74])
Bicluster(rows=[39, 65], cols=[ 0  1  3  4  6 11 12 17 18 21 22 23 24 25 26 27 28 29 30 31 32 33 34 35
 36 37 38 39 40 41 42 43 44 45 46 47 48 49 53 54 57 58 59 62 66 70 71])
Bicluster(rows=[39, 66], cols=[ 0  7 10 12 15 17 18 19 20 23 24 26 29 32 33 35 37 39 41 46 47 49 50 52
 53 55 57 58 62 68])
Bicluster(rows=[39, 67], cols=[ 0  1  4  8  9 10 11 13 18 20 21 25 26 32 33 34 35 38 39 47 48 50 55 57
 58 62 68])
Bicluster(rows=[39, 68], cols=[ 4  6  7 15 19 20 21 23 24 25 27 28 29 31 34 35 37 40 54 61 63 64 66 67
 70 73])
Bicluster(rows=[39, 69], cols=[ 1  3 10 11 12 16 17 18 21 23 24 34 36 37 38 39 41 45 48 50 51 55 56 57
 58 68 69 72])
Bicluster(rows=[39, 70], cols=[ 4  7  8 11 13 16 22 23 24 26 32 33 34 35 37 40 46 48 49 54 61 64 66 70
 71 73])
Bicluster(rows=[39, 71], cols=[ 2  3  8 10 13 14 15 18 21 23 24 25 26 28 29 31 32 35 39 40 44 49 50 52
 54 55 56 57 59 60 62 63 64 65 67 72 73 74])
Bicluster(rows=[39, 72], cols=[ 1  7  9 10 15 17 19 20 22 24 30 31 36 37 38 41 46 49 50 52 53 54 55 56
 57 58 59 60 62 64 65 67 71 72])
Bicluster(rows=[39, 73], cols=[ 0  1  3  4  5  8  9 10 14 15 17 18 20 21 24 25 26 32 34 35 36 51 61 63
 66 67 70 73])
Bicluster(rows=[39, 74], cols=[ 2  4  6  7 10 16 18 24 26 30 31 32 35 48 49 50 52 53 54 55 56 57 59 60
 62 64 65 67 72])
Bicluster(rows=[39, 75], cols=[ 1  4  5  6  9 27 29 30 32 34 35 36 37 45 49 50 52 54 55 56 57 59 60 62
 63 64 65 67 72 74])
Bicluster(rows=[39, 76], cols=[ 1  3  9 10 17 18 20 22 28 29 34 40 46 50 52 54 55 56 57 60 62 64 65 67
 71 72 74])
Bicluster(rows=[39, 77], cols=[ 5  8 13 18 19 27 33 42 44 46 49 56 59 61 65 66 68 70 71 72 73])
Bicluster(rows=[39, 78], cols=[ 5  6  8  9 10 11 13 15 19 23 24 25 31 32 33 34 38 42 45 51 54 59 63 64
 66 67 69 70 73])
Bicluster(rows=[39, 79], cols=[ 0  2  6  7  9 11 12 16 17 23 24 25 29 33 36 37 40 50 52 53 54 55 56 57
 59 60 62 64 65 67 71 72])
Bicluster(rows=[39, 80], cols=[ 0  1 10 14 19 22 28 30 31 36 40 41 43 44 46 50 52 53 54 55 56 57 58 59
 62 64 65 67 69 71 72 73])
Bicluster(rows=[39, 81], cols=[ 3  4  5  8 11 13 21 25 26 28 29 30 37 38 39 44 47 51 54 58 59 63 64 65
 66 67 69 73])
Bicluster(rows=[39, 82], cols=[ 4  5  6 11 13 24 26 28 35 38 43 48 52 53 54 55 56 57 58 59 62 63 64 65
 67 73])
Bicluster(rows=[39, 83], cols=[ 3  9 14 16 17 19 20 26 27 29 30 32 37 38 39 40 42 49 50 52 53 54 55 56
 57 58 59 60 62 64 65 67 71 72])
Bicluster(rows=[39, 84], cols=[ 2  3  4  5  6 14 16 17 18 20 21 22 23 28 29 31 32 33 36 39 42 49 50 52
 53 55 57 60 62 68 74])
Bicluster(rows=[39, 85], cols=[ 1  3  9 14 16 17 18 21 22 24 25 28 29 30 32 36 39 49 50 52 53 54 55 56
 57 59 60 62 64 65 67 71 72])
Bicluster(rows=[39, 86], cols=[ 0  1  5  6  7 10 13 15 18 20 24 25 26 27 28 29 31 32 41 45 48 49 50 52
 53 54 55 56 57 58 59 62 65 71 72])
Bicluster(rows=[39, 87], cols=[ 0  2  3  4  5  6  7  8 18 20 21 24 26 28 29 32 33 34 35 38 49 50 52 53
 55 57 59 60 62 63 64 73])
Bicluster(rows=[39, 88], cols=[ 0  2  3  4  5  6  7  8 10 12 15 18 19 20 22 25 26 27 29 30 31 32 33 36
 40 41 42 43 45 47 48 49 50 52 55 56 57 59 60 62 63 73 74])
Bicluster(rows=[39, 89], cols=[ 0  1 17 19 22 23 27 29 34 36 40 41 42 46 47 49 50 52 53 54 55 56 57 58
 59 60 62 64 65 67 71 72])
Bicluster(rows=[39, 90], cols=[ 0  6  8  9 16 17 18 22 24 26 28 29 30 31 41 47 50 52 53 54 55 56 57 58
 59 60 62 64 65 67 72])
Bicluster(rows=[39, 91], cols=[ 0  1  4  6  7 11 13 15 16 21 25 28 30 31 36 39 43 44 45 47 49 51 54 59
 61 63 64 65 66 67 69 70 71 73])
Bicluster(rows=[39, 92], cols=[ 6 10 12 15 23 25 28 30 34 38 39 43 47 50 52 54 55 56 57 59 60 62 63 64
 65 67 72 73 74])
Bicluster(rows=[39, 93], cols=[ 1  4  6  8 10 11 18 20 21 22 23 25 26 27 28 30 33 34 38 39 47 48 49 51
 59 63 64 66 67 69 73])
Bicluster(rows=[39, 94], cols=[ 4  8 10 11 13 21 23 24 25 26 30 32 33 34 35 38 50 52 53 54 55 56 57 59
 60 62 64 65 67])
Bicluster(rows=[39, 95], cols=[ 0  1  3  6  8 11 15 17 20 23 24 26 31 32 33 35 36 39 46 47 49 50 52 55
 56 57 59 60 62 63 64 65 67 73 74])
Bicluster(rows=[39, 96], cols=[ 1  3  8  9 15 16 18 21 29 30 32 40 41 44 45 48 50 52 53 54 55 56 57 59
 60 62 63 64 65 67 72 73 74])
Bicluster(rows=[39, 97], cols=[ 5  6  7  8  9 16 18 20 21 22 23 24 26 29 32 34 38 39 46 47 49 50 52 54
 55 56 57 59 60 62 64 65 67 72 74])
Bicluster(rows=[39, 98], cols=[ 0  4  6  7  8  9 11 14 16 19 26 27 29 31 32 34 35 36 37 38 39 46 50 52
 55 56 57 59 60 62 63 73 74])
Bicluster(rows=[39, 99], cols=[ 0  1  5  6  8  9 11 13 14 16 19 20 22 25 28 31 33 34 35 36 37 39 40 41
 46 47 50 52 55 58 59 63 65 66 67 68 69 70 72 74])
Bicluster(rows=[40, 41], cols=[ 1  2  4  6  7  9 10 12 13 15 17 18 20 22 24 26 31 32 33 39 40 47 49 50
 51 52 55 64 65 66 67 69 70 72 74])
Bicluster(rows=[40, 42], cols=[ 0  8 10 11 14 15 16 17 19 20 22 27 29 31 32 36 37 39 40 42 46 47 48 49
 50 54 56 58 60 61 63 65 66 73])
Bicluster(rows=[40, 43], cols=[ 0  1  3  4  7  8 10 13 14 17 18 19 24 26 29 31 32 33 36 37 39 40 46 47
 48 49 53 54 56 58 60 61 62 64 67 70 71 72 74])
Bicluster(rows=[40, 44], cols=[ 4  9 11 12 13 22 23 25 26 27 28 29 30 31 32 33 34 35 36 37 38 39 40 41
 42 46 47 48 49 50 54 55 57 65 67 69 72])
Bicluster(rows=[40, 45], cols=[ 0  7 15 22 26 27 29 31 32 33 36 37 39 40 42 46 47 48 49 51 52 53 58 59
 60 64 66 68 69 72 73 74])
Bicluster(rows=[40, 46], cols=[ 4  5  8 13 18 22 23 25 26 28 30 31 32 33 34 35 38 39 40 47 48 49 54 57
 62 64 67 69])
Bicluster(rows=[40, 47], cols=[ 4  8 10 13 14 17 21 25 26 27 28 29 30 31 32 33 34 35 36 37 38 39 40 41
 42 46 47 48 49 50 51 57 67 68 70 71 74])
Bicluster(rows=[40, 48], cols=[ 2 10 12 17 22 24 25 26 28 29 30 31 32 33 34 35 36 37 38 39 40 46 47 48
 49 51 56 60])
Bicluster(rows=[40, 49], cols=[ 3  6  8 13 14 25 26 27 28 29 30 31 32 33 34 35 36 37 38 39 40 41 42 43
 45 46 47 48 49 53 61 62 63 64 69 71])
Bicluster(rows=[40, 50], cols=[ 6  7 11 22 23 25 26 28 29 30 31 32 33 34 35 37 38 39 40 47 48 49 53 64
 69 74])
Bicluster(rows=[40, 51], cols=[ 0  1  4  9 11 13 14 18 23 26 31 32 33 39 47 49 53 54 57 62 63 69 73 74])
Bicluster(rows=[40, 52], cols=[ 8  9 10 16 17 20 21 24 25 26 27 28 29 30 31 32 33 34 35 36 37 38 39 40
 41 42 43 44 45 46 47 48 49 52 55 56 58 59 60 63 65 67 68 70 71])
Bicluster(rows=[40, 53], cols=[ 2  8  9 12 14 16 18 19 20 22 25 26 32 33 34 35 50 53 54 56 62 65 67 70])
Bicluster(rows=[40, 54], cols=[ 1  2 10 14 16 17 20 21 24 25 26 27 28 29 30 31 32 33 34 35 36 37 38 39
 40 41 42 43 44 45 46 47 48 49 51 52 55 60 66 68 70])
Bicluster(rows=[40, 55], cols=[ 0  1  2  3  4  8 14 15 17 19 20 22 23 24 29 36 37 40 46 48 50 51 52 55
 58 64 65 68 70 73])
Bicluster(rows=[40, 56], cols=[ 0  5  6 16 18 22 23 25 26 27 28 29 30 31 32 33 34 35 36 37 38 39 40 41
 42 43 44 45 46 47 48 49 51 52 53 54 56 63 64 71])
Bicluster(rows=[40, 57], cols=[ 4  8 13 17 21 24 25 26 27 28 29 30 31 32 33 34 35 36 37 38 39 40 41 42
 43 44 46 47 48 49 50 51 52 53 58 59 60 61 65 68 69 70])
Bicluster(rows=[40, 58], cols=[ 5  6  7 10 22 25 26 28 29 30 31 32 33 34 35 36 37 38 39 40 46 47 48 49
 53 54 57 61 62 64 67 69 73])
Bicluster(rows=[40, 59], cols=[ 0 10 12 15 17 18 19 21 22 24 29 31 36 37 39 40 46 47 48 49 52 53 55 57
 58 62 67 70 72 73])
Bicluster(rows=[40, 60], cols=[ 1  9 17 24 25 26 28 30 31 32 33 34 35 38 39 40 47 48 49 50 56 60 66 70])
Bicluster(rows=[40, 61], cols=[ 1  3  8  9 10 12 14 15 17 25 28 30 34 35 38 51 52 56 58 66 68])
Bicluster(rows=[40, 62], cols=[ 0  4  5  7  8 11 13 23 25 26 29 31 32 33 34 36 37 39 40 46 47 48 49 53
 54 65 73 74])
Bicluster(rows=[40, 63], cols=[ 2  9 10 12 15 16 19 20 21 25 26 28 30 32 33 34 35 38 39 47 52 55 58 72])
Bicluster(rows=[40, 64], cols=[ 0  7 15 18 25 26 27 28 29 30 31 32 33 34 35 36 37 38 39 40 41 42 46 47
 48 49 53 59 62 63 64 69 71 73])
Bicluster(rows=[40, 65], cols=[ 0  1  3  5  7  9 13 19 21 27 29 31 36 37 40 41 42 46 47 48 49 51 58 59
 66 71 72 74])
Bicluster(rows=[40, 66], cols=[ 1  2  3  6  8 10 15 20 24 25 27 29 30 32 34 37 40 41 43 44 46 47 49 50
 51 56 59 60 66 68])
Bicluster(rows=[40, 67], cols=[ 1  2  7  8  9 10 12 14 16 18 23 27 28 29 31 33 34 40 41 42 46 53 54 62
 64 69])
Bicluster(rows=[40, 68], cols=[ 1  2  8 12 14 15 20 22 25 26 28 31 32 34 35 36 39 42 44 45 46 49 50 51
 56 59 60 66 68 70])
Bicluster(rows=[40, 69], cols=[ 2  4  5  6  9 11 13 15 16 18 23 25 28 33 37 41 45 47 48 53 57 62 69])
Bicluster(rows=[40, 70], cols=[ 2  4  5  7  8 11 16 19 23 25 27 28 30 32 38 42 43 44 45 48 50 51 55 56
 59 60 63 64 65 66 67 70 72 73])
Bicluster(rows=[40, 71], cols=[ 0  1  3  8 10 15 16 17 20 21 22 25 26 27 29 30 32 34 38 40 49 55 60 63
 65 66 67 70 72 73])
Bicluster(rows=[40, 72], cols=[ 0  1  5  6  8  9 10 13 15 16 17 18 21 24 25 26 32 36 37 39 40 41 43 45
 46 50 51 56 59 60 66 70 71])
Bicluster(rows=[40, 73], cols=[ 0  2  5  7  9 10 12 13 15 16 17 19 25 26 27 28 29 30 31 32 33 37 38 40
 42 43 44 47 48 50 51 56 59 60 66 68 70])
Bicluster(rows=[40, 74], cols=[ 5  8 10 12 14 17 19 20 23 24 26 27 32 35 36 38 41 45 49 51 54 55 60 63
 64 65 66 67 70 72 73])
Bicluster(rows=[40, 75], cols=[ 0  2  3 18 19 20 21 25 26 27 28 29 36 37 43 44 45 50 51 56 59 60 65 66
 67 70 71])
Bicluster(rows=[40, 76], cols=[ 4  5  6  7 12 13 14 22 24 25 28 31 34 37 38 41 42 43 44 48 51 54 55 60
 63 64 65 66 70 72 73])
Bicluster(rows=[40, 77], cols=[ 1  5  7  8 12 13 14 19 23 24 27 28 29 30 33 36 41 46 49 51 55 58 60 63
 65 66 67 70 71 72 73])
Bicluster(rows=[40, 78], cols=[ 3  6  7  8  9 13 14 18 22 24 25 27 29 33 34 36 37 38 40 44 46 47 48 50
 51 55 56 58 59 60 66 68])
Bicluster(rows=[40, 79], cols=[ 1  3  8  9 15 16 24 28 29 30 32 34 36 37 38 40 41 44 49 50 51 55 56 59
 60 65 66 70 71])
Bicluster(rows=[40, 80], cols=[ 0  2  5  7  8  9 10 17 22 23 32 38 39 40 46 51 55 56 58 59 60 63 65 66
 67 70 71 72 73])
Bicluster(rows=[40, 81], cols=[ 2  3  5  7  8 11 12 13 14 23 25 26 27 30 34 35 36 39 42 47 52 53 55 56
 58 59 61 66 68])
Bicluster(rows=[40, 82], cols=[ 0  3  7  9 10 13 15 17 18 20 21 25 27 28 31 32 35 36 38 39 40 41 44 47
 49 54 61 62 64])
Bicluster(rows=[40, 83], cols=[ 0  2  3  4  8  9 13 14 15 16 17 20 22 24 27 28 29 34 35 37 42 44 47 48
 50 51 56 59 60 66 70 71])
Bicluster(rows=[40, 84], cols=[ 2  7  9 11 13 15 18 20 21 27 28 33 37 40 46 47 50 51 55 56 58 59 60 65
 66 67 70 71 72])
Bicluster(rows=[40, 85], cols=[ 2  3  7 10 12 14 16 17 19 20 22 25 27 32 35 37 38 39 41 43 45 47 48 49
 53 62 63 65 69 71 72 73])
Bicluster(rows=[40, 86], cols=[ 0  1  6  7 12 13 14 18 19 20 21 23 24 25 31 36 43 44 53 62 63 65 67 69
 71 72 73])
Bicluster(rows=[40, 87], cols=[ 0  1  2  8  9 10 12 14 15 16 19 21 26 27 28 32 33 35 36 37 39 40 42 44
 45 46 48 52 54 58 60 64])
Bicluster(rows=[40, 88], cols=[ 0  3  4  5  6  7 13 15 18 19 21 22 23 24 27 29 31 34 35 36 38 40 41 42
 44 45 47 48 49 57 63 65 68 72 73 74])
Bicluster(rows=[40, 89], cols=[ 3  4  5  6  7 12 13 22 25 29 40 41 46 47 50 51 55 56 59 60 65 66 67 70
 71 72 73])
Bicluster(rows=[40, 90], cols=[ 0  4  6  7  8 15 16 17 18 19 23 25 26 29 31 33 38 40 42 43 45 46 47 53
 61 62 63 65 67 69 71 72 73])
Bicluster(rows=[40, 91], cols=[ 0  2  4  6 11 13 15 16 23 39 41 48 50 51 52 55 56 58 59 60 65 66 70 71])
Bicluster(rows=[40, 92], cols=[ 2  3  8  9 10 12 14 18 19 20 26 27 28 31 33 35 36 40 41 43 45 46 49 50
 52 55 56 58 59 66 68])
Bicluster(rows=[40, 93], cols=[ 0  1  3  6 10 12 15 20 24 25 26 29 30 31 33 34 35 39 40 44 47 50 52 55
 56 58 59 66 68])
Bicluster(rows=[40, 94], cols=[ 0  6  7  9 10 12 15 16 17 19 21 24 27 33 34 36 41 42 43 44 45 46 48 49
 53 55 56 59 61 66 68])
Bicluster(rows=[40, 95], cols=[ 0  6  8 14 15 17 21 25 26 28 29 30 31 32 33 34 37 38 40 41 42 43 44 45
 47 48 49 62 65 68 69 72 74])
Bicluster(rows=[40, 96], cols=[ 3  5  7  8 13 15 17 20 24 27 28 29 31 32 33 34 40 41 43 45 48 53 61 62
 63 65 69 71 72 73])
Bicluster(rows=[40, 97], cols=[ 3  8 10 13 21 24 25 26 27 28 30 31 32 34 35 37 39 42 45 48 49 51 54 55
 60 63 64 66 70 72 73])
Bicluster(rows=[40, 98], cols=[ 0  2  4  6  7  8  9 10 11 12 13 14 16 19 21 24 25 26 27 28 31 32 36 37
 44 45 46 57 65 68 72 73 74])
Bicluster(rows=[40, 99], cols=[ 4  6  7  8 10 12 17 18 22 23 25 27 28 33 34 35 42 44 45 49 53 55 56 58
 61 65 69 72])
Bicluster(rows=[41, 42], cols=[ 1  2  4  6  9 12 13 14 18 21 22 23 25 26 27 28 29 30 31 32 33 34 35 36
 37 38 39 40 41 42 43 44 45 46 47 48 49 51 55 59 65 69 73 74])
Bicluster(rows=[41, 43], cols=[ 0  2  5  6  8 11 14 15 16 20 23 25 26 27 28 29 30 31 32 33 34 35 36 37
 38 39 40 41 42 43 44 45 46 47 48 49 53 54 55 59 60 61 62 63 64 65 66 67
 68 71 72 73])
Bicluster(rows=[41, 44], cols=[ 0  7  9 13 22 25 26 27 28 29 30 31 32 33 34 35 36 37 38 39 40 41 42 43
 44 45 46 47 48 49 51 56 57 58 63 65 66 67 70 72 73])
Bicluster(rows=[41, 45], cols=[ 2  4  8  9 10 11 13 16 17 19 20 22 24 25 26 27 28 29 30 31 32 33 34 35
 36 37 38 39 40 41 42 43 44 45 46 47 48 49 52 55 63 64 72 73])
Bicluster(rows=[41, 46], cols=[ 4  7  9 10 13 14 17 20 22 25 26 27 28 29 30 31 32 33 34 35 36 37 38 39
 40 41 42 43 44 45 46 47 48 49 60 61 67 68 69 74])
Bicluster(rows=[41, 47], cols=[ 7  8 14 17 19 23 25 26 27 28 29 30 31 32 33 34 35 36 37 38 39 40 41 42
 43 44 45 46 47 48 49 67 71])
Bicluster(rows=[41, 48], cols=[ 1  4  6  7 11 12 13 14 18 19 23 25 26 27 28 29 30 31 32 33 34 35 36 37
 38 39 40 41 42 43 44 45 46 47 48 49 50 52 54 55 58 66 67 68 74])
Bicluster(rows=[41, 49], cols=[ 1  3  5  8  9 10 14 17 19 21 22 24 25 26 27 28 29 30 31 32 33 34 35 36
 37 38 39 40 41 42 43 44 45 46 47 48 49 53 54 55 57 58 66 68 70 71 74])
Bicluster(rows=[41, 50], cols=[ 6  7 14 22 25 26 27 28 29 30 31 32 33 34 35 36 37 38 39 40 41 42 43 44
 45 46 47 48 49 55 61 68 69 72])
Bicluster(rows=[41, 51], cols=[ 1  4  6  9 10 11 12 13 15 18 20 22 23 25 26 27 28 29 30 31 32 33 34 35
 36 37 38 39 40 41 42 43 44 45 46 47 48 49 54 55 59 61 62 63 64 65 67 71
 72 73 74])
Bicluster(rows=[41, 52], cols=[ 1  4  5  7  9 10 11 17 19 20 22 23 25 28 30 34 35 38 51 54 55 57 60 61
 63 65 66 68 69 72])
Bicluster(rows=[41, 53], cols=[ 0  1  2  4  5  6  7  8  9 10 11 12 13 14 17 20 21 23 24 25 26 27 28 29
 30 31 32 33 34 35 36 37 38 39 40 41 42 43 44 45 46 47 48 49 51 53 54 55
 57 59 61 64 65 66 67 68 72])
Bicluster(rows=[41, 54], cols=[ 0  1  2  5  6  8 10 11 14 15 17 18 19 20 22 27 29 31 36 37 40 41 42 45
 46 48 49 51 52 54 55 56 57 62 63 65 67 70 72])
Bicluster(rows=[41, 55], cols=[ 1  2  4  5 11 14 15 17 18 20 22 23 24 25 26 27 28 29 30 31 32 33 34 35
 36 37 38 39 40 41 42 43 44 45 46 47 48 49 50 51 52 54 55 60 62 64 65 66
 67 70 71])
Bicluster(rows=[41, 56], cols=[ 3  4  5  7  8 10 19 27 29 31 32 36 37 39 40 46 47 48 49 53 55 57 58 59
 60 66 69 71 72 73])
Bicluster(rows=[41, 57], cols=[ 0  1  3  4 13 15 16 17 18 19 20 24 27 29 31 36 37 40 41 42 46 47 48 49
 50 51 52 54 57 58 59 61 65 66 69 70 72 73])
Bicluster(rows=[41, 58], cols=[ 1  2  4  6  9 10 13 14 22 25 26 27 28 29 30 31 32 33 34 35 36 37 38 39
 40 41 42 43 44 45 46 47 48 49 50 51 55 60 61 65 67 68 69 73 74])
Bicluster(rows=[41, 59], cols=[ 2  6  8 12 13 15 22 23 25 26 27 28 29 30 31 32 33 34 35 36 37 38 39 40
 41 42 43 44 45 46 47 48 49 50 54 55 57 59 61 62 64 67 68 71 72 74])
Bicluster(rows=[41, 60], cols=[ 4  6  7  9 11 12 14 18 22 23 25 26 27 28 29 30 31 32 33 34 35 36 37 38
 39 40 41 42 43 44 45 46 47 48 49 59 60 61 64 67 68 69 71 72 74])
Bicluster(rows=[41, 61], cols=[ 2  3  4  5  6  8  9 10 11 12 13 15 17 18 19 20 23 24 25 26 27 28 29 30
 31 32 33 34 35 36 37 38 39 40 41 42 43 44 45 46 47 48 49 50 52 54 58 59
 62 64 65 66 67 68 71 72])
Bicluster(rows=[41, 62], cols=[ 1  2  5  8 19 21 24 25 26 27 28 29 30 31 32 33 34 35 36 37 38 39 40 41
 42 43 44 45 46 47 48 49 53 54 55 56 57 58 59 63 65 66 67 72 73])
Bicluster(rows=[41, 63], cols=[ 4  5  6  7 11 12 13 15 18 20 22 23 25 26 27 28 29 30 31 32 33 34 35 36
 37 38 39 40 41 42 43 44 45 46 47 48 49 51 52 55 57 59 60 61 64 65 67 68
 69 71 72 73 74])
Bicluster(rows=[41, 64], cols=[ 1  4  6 13 19 24 25 26 27 28 29 30 31 32 33 34 35 36 37 38 39 40 41 42
 43 44 45 46 47 48 49 60 63 66 73])
Bicluster(rows=[41, 65], cols=[ 1  2  9 11 15 16 18 22 23 25 26 27 28 29 30 31 32 33 34 35 36 37 38 39
 40 41 42 43 44 45 46 47 48 49 51 53 54 58 59 60 62 63 65 66 68 71 73])
Bicluster(rows=[41, 66], cols=[ 2  5  6 10 13 15 16 17 20 21 22 24 25 26 32 35 36 38 39 40 47 49 50 51
 52 57 58 62 63 66 70 73])
Bicluster(rows=[41, 67], cols=[ 3  4 14 15 17 24 25 26 27 29 35 36 37 38 42 50 52 55 59 60 63 66 73])
Bicluster(rows=[41, 68], cols=[ 0  1  2  3  7 11 12 13 14 19 23 30 40 42 43 45 46 50 51 52 53 54 57 58
 59 62 63 65 66 70 72 73])
Bicluster(rows=[41, 69], cols=[ 3  4  5 11 14 19 20 23 24 26 27 28 30 35 40 42 44 49 50 51 52 53 55 57
 58 59 62 64 65 66 67 68 70 71 72])
Bicluster(rows=[41, 70], cols=[ 2  4  7 16 22 25 29 32 36 49 50 51 53 57 58 59 62 64 65 66 67 68 70 71
 72])
Bicluster(rows=[41, 71], cols=[ 0  5  7  8 10 12 13 15 18 19 25 26 30 32 34 36 37 38 39 42 48 55 59 60
 61 63 65 69 72 73 74])
Bicluster(rows=[41, 72], cols=[ 1  6  9 10 13 14 15 17 18 24 29 30 35 38 39 40 48 50 51 53 54 57 58 62
 65 66 67 70 72 73])
Bicluster(rows=[41, 73], cols=[ 2  3  4  7  8  9 10 12 13 15 17 18 31 32 33 40 45 46 47 49 50 51 57 58
 62 63 66 70 73])
Bicluster(rows=[41, 74], cols=[ 0 10 17 19 24 26 30 31 32 35 48 49 50 51 53 55 57 58 59 62 64 65 66 68
 70 71 72])
Bicluster(rows=[41, 75], cols=[ 2  5  7 10 11 13 16 27 29 30 32 34 35 36 37 45 47 49 50 51 53 55 57 58
 59 62 64 65 66 68 70 71 72])
Bicluster(rows=[41, 76], cols=[ 2  4  6  7 11 13 15 19 20 22 23 24 28 29 34 36 40 45 46 48 50 51 53 55
 57 58 59 62 64 65 66 68 70 71 72])
Bicluster(rows=[41, 77], cols=[ 6 11 12 13 18 19 24 29 33 35 36 37 49 50 51 53 55 57 58 59 62 64 65 66
 67 68 70 71 72])
Bicluster(rows=[41, 78], cols=[ 0  2  6  7  9 11 12 15 19 21 22 23 26 29 30 32 35 37 40 41 47 48 50 51
 52 54 55 58 59 62 65 67 72 73])
Bicluster(rows=[41, 79], cols=[ 0  3  5  6 14 16 21 22 23 25 30 33 35 44 47 55 59 60 61 63 65 69 72 73
 74])
Bicluster(rows=[41, 80], cols=[ 1  2  6  9 10 11 13 14 15 16 17 22 28 30 31 36 40 41 43 44 50 51 52 53
 54 55 57 58 59 62 64 65 66 67 68 70 71 72])
Bicluster(rows=[41, 81], cols=[ 2  8 12 16 17 21 22 24 25 26 28 29 30 34 35 37 39 44 50 51 52 55 58 59
 62 64 65 67 68 70 71 72])
Bicluster(rows=[41, 82], cols=[ 1  2  5  7 11 12 15 18 21 25 28 35 37 38 39 43 48 52 55 58 62 64 68 71])
Bicluster(rows=[41, 83], cols=[ 7 11 12 14 20 24 26 27 29 30 32 37 38 39 40 42 49 50 51 52 53 54 55 57
 58 59 62 64 65 66 67 70 71 72])
Bicluster(rows=[41, 84], cols=[ 0  2  5  6  7  9 13 14 15 18 20 22 26 29 31 36 40 42 47 49 50 51 52 54
 55 57 58 59 62 65 66 67 70 72 73])
Bicluster(rows=[41, 85], cols=[ 4  6  9 11 12 13 14 15 23 25 28 29 30 32 36 39 49 50 51 53 57 58 59 62
 64 65 66 67 68 70 71 72])
Bicluster(rows=[41, 86], cols=[ 0  2  3  4  5  8 10 11 12 16 20 22 25 26 27 28 29 32 39 41 45 48 49 50
 51 52 53 54 55 57 58 59 62 64 65 66 67 70 72 73])
Bicluster(rows=[41, 87], cols=[ 1  5 11 19 20 23 26 28 29 32 33 34 35 38 49 51 52 53 55 58 59 62 64 68
 70 71])
Bicluster(rows=[41, 88], cols=[ 1  5  6  9 10 11 13 17 18 20 22 25 26 27 29 30 31 32 33 36 40 41 42 43
 45 48 49 50 51 53 55 57 58 59 62 70])
Bicluster(rows=[41, 89], cols=[ 1  6 12 13 22 27 29 34 36 42 46 47 50 51 53 54 55 57 58 59 62 64 65 66
 67 70 71 72 73])
Bicluster(rows=[41, 90], cols=[ 0  2  4  5  6  7  8  9 12 15 16 18 19 20 26 32 36 37 38 39 40 44 48 49
 55 59 60 63 65 72 73 74])
Bicluster(rows=[41, 91], cols=[ 1  2 15 19 22 30 31 32 33 36 39 43 44 45 47 49 54 55 59 60 64 65 67 71
 72 74])
Bicluster(rows=[41, 92], cols=[ 0  1  4  7 11 12 17 19 29 30 31 33 37 38 40 44 48 49 51 52 56 57 58 60
 62 66])
Bicluster(rows=[41, 93], cols=[ 0  3  9 12 13 15 16 19 20 21 22 25 27 28 30 33 34 35 36 39 41 43 47 48
 49 52 55])
Bicluster(rows=[41, 94], cols=[ 2  3  5  8  9 11 12 13 15 16 18 19 20 24 25 26 28 29 33 42 46 49 50 55
 56 61 66 69 74])
Bicluster(rows=[41, 95], cols=[ 2  9 10 12 13 15 18 19 20 26 31 32 33 35 36 39 46 47 49 50 51 53 55 58
 59 62 64 68 70 71 72])
Bicluster(rows=[41, 96], cols=[ 4  6  9 11 15 18 21 29 30 32 40 41 44 45 48 50 51 53 55 57 58 59 62 64
 65 66 68 70 71 72])
Bicluster(rows=[41, 97], cols=[ 0  1  2  5 10 11 12 17 20 24 25 26 29 32 34 38 39 46 47 50 51 53 57 58
 59 62 64 65 66 68 70 71 72])
Bicluster(rows=[41, 98], cols=[ 1  2  3  5  9 12 15 17 23 26 29 32 34 35 38 39 50 51 53 57 58 59 62 64
 65 68 70 71 72])
Bicluster(rows=[41, 99], cols=[ 0  1  3  8 11 12 13 16 19 20 24 26 30 33 35 43 49 55 57 59 63 64 65 66
 68 70 72 74])
Bicluster(rows=[42, 43], cols=[ 0  2  3  5  6  7  8  9 10 14 15 17 19 21 23 25 26 27 28 29 30 31 32 33
 34 35 36 37 38 39 40 41 42 43 44 45 46 47 48 49 50 54 55 56 58 59 60 61
 65 72 73])
Bicluster(rows=[42, 44], cols=[ 3  4  9 12 14 15 17 19 20 22 25 26 32 33 34 35 39 51 52 55 57 59 63 64
 68 69 73 74])
Bicluster(rows=[42, 45], cols=[ 0  2  3  4  5  9 12 13 15 17 22 25 26 27 28 29 30 31 32 33 34 35 36 37
 38 39 40 41 42 43 44 45 46 47 48 49 50 52 53 55 56 58 60 62 66 69 72 73])
Bicluster(rows=[42, 46], cols=[ 0  3  4  8 13 14 15 16 18 19 20 22 25 26 27 28 29 30 31 32 33 34 35 36
 37 38 39 40 41 42 43 44 45 46 47 48 49 50 52 53 56 58 62 63 64 66 69 70
 71 72 74])
Bicluster(rows=[42, 47], cols=[ 0  2  3  5  7  8 16 18 23 25 26 28 30 31 32 33 34 35 38 39 40 47 49 53
 55 60 63 65 66 69 70 73])
Bicluster(rows=[42, 48], cols=[ 0  1  3  4  6 10 13 14 15 17 18 21 22 25 26 27 28 29 30 31 32 33 34 35
 36 37 38 39 40 41 42 43 44 45 46 47 48 49 53 55 56 57 59 60 62 63 64 67
 69 70 71 72 74])
Bicluster(rows=[42, 49], cols=[ 8  9 11 14 21 22 24 25 26 27 28 29 30 31 32 33 34 35 36 37 38 39 40 41
 42 43 44 45 46 47 48 49 55 57 61 63 68 74])
Bicluster(rows=[42, 50], cols=[ 3  4  5  6  8 10 14 15 16 17 20 22 25 26 27 28 29 30 31 32 33 34 35 36
 37 38 39 40 41 42 43 44 45 46 47 48 49 50 52 53 56 57 58 60 62 63 64 66
 67 69 71 72])
Bicluster(rows=[42, 51], cols=[ 0  1  3  4  5  6  7  9 13 14 15 16 17 18 19 20 25 26 27 28 29 30 31 32
 33 34 35 36 37 38 39 40 41 42 43 44 45 46 47 48 49 50 52 53 56 58 59 62
 63 64 65 66 67 69 70 72 73 74])
Bicluster(rows=[42, 52], cols=[ 1  5 13 16 17 18 20 25 26 28 30 31 32 33 34 35 38 39 40 47 48 49 50 53
 57 58 60 65 72 74])
Bicluster(rows=[42, 53], cols=[ 1  2  3  4  7  8 12 14 15 19 20 21 22 23 24 25 26 27 28 29 30 31 32 33
 34 35 36 37 38 39 40 41 42 43 44 45 46 47 48 49 50 51 52 54 55 57 58 59
 63 73])
Bicluster(rows=[42, 54], cols=[ 0  2  3  4  6 10 14 15 17 18 20 21 22 25 26 28 30 31 32 33 34 35 38 39
 40 47 49 53 60 62 64 66 67 71 72])
Bicluster(rows=[42, 55], cols=[ 0  1  2  3  5  7  8 12 14 15 18 19 20 25 26 27 28 29 30 31 32 33 34 35
 36 37 38 39 40 41 42 43 44 45 46 47 48 49 51 53 55 56 57 58 61 62 63 64
 65 68 69 70 73])
Bicluster(rows=[42, 56], cols=[ 0  7 11 16 21 22 25 26 27 28 29 30 31 32 33 34 35 36 37 38 39 40 41 42
 43 44 45 46 47 48 49 60 70 71])
Bicluster(rows=[42, 57], cols=[ 0  1  3  6  8  9 10 16 19 20 25 26 28 30 32 33 34 35 38 39 57 59 61 63
 64 65 66 67 70 73 74])
Bicluster(rows=[42, 58], cols=[ 0  1  2  3  4  6  9 14 15 19 20 25 26 27 28 29 30 31 32 33 34 35 36 37
 38 39 40 41 42 43 44 45 46 47 48 49 51 53 55 56 61 62 64 65 66 69 70 71
 72 73 74])
Bicluster(rows=[42, 59], cols=[ 0  1  2  3  5  6  7  8  9 10 13 15 17 19 22 25 26 27 28 29 30 31 32 33
 34 35 36 37 38 39 40 41 42 43 44 45 46 47 48 49 52 53 59 63 64 66 67 68
 69 72 73])
Bicluster(rows=[42, 60], cols=[ 0  3  4  5  6 10 13 14 15 16 17 18 19 20 23 25 26 27 28 29 30 31 32 33
 34 35 36 37 38 39 40 41 42 43 44 45 46 47 48 49 50 52 53 56 57 58 59 60
 62 63 64 65 66 67 69 72 73])
Bicluster(rows=[42, 61], cols=[ 0  1  2  4  5  7  8 12 13 18 22 23 25 26 27 28 29 30 31 32 33 34 35 36
 37 38 39 40 41 42 43 44 45 46 47 48 49 53 57 59 61 62 63 65 69 70 72 73
 74])
Bicluster(rows=[42, 62], cols=[ 0  8  9 11 12 21 22 24 25 26 27 28 29 30 31 32 33 34 35 36 37 38 39 40
 41 42 43 44 45 46 47 48 49 54 55 65 73])
Bicluster(rows=[42, 63], cols=[ 0  4  5  6 10 13 15 16 17 18 19 20 25 26 27 28 29 30 31 32 33 34 35 36
 37 38 39 40 41 42 43 44 45 46 47 48 49 50 51 58 59 62 63 64 65 66 67 69
 70 73 74])
Bicluster(rows=[42, 64], cols=[ 0  1  4  6 10 13 19 25 26 27 28 29 30 31 32 33 34 35 36 37 38 39 40 41
 42 43 44 45 46 47 48 49 50 56 60 63 72 73])
Bicluster(rows=[42, 65], cols=[ 0  1  3  4  9 10 12 17 18 19 22 23 25 26 27 28 29 30 31 32 33 34 35 36
 37 38 39 40 41 42 43 44 45 46 47 48 49 50 51 52 53 56 57 59 60 61 62 68
 70 72 73])
Bicluster(rows=[42, 66], cols=[ 5  7 14 16 18 23 25 30 32 34 39 43 44 48 50 53 56 57 62 64 66 67 69 70
 72 74])
Bicluster(rows=[42, 67], cols=[ 2  3  4  8  9 12 14 15 17 18 19 20 29 31 32 36 37 39 40 43 45 47 50 53
 56 62 64 66 69 70 72 74])
Bicluster(rows=[42, 68], cols=[ 0  2  3  5  7 10 13 14 15 17 20 21 22 23 25 26 27 28 29 31 32 34 35 37
 39 40 49 50 52 56 58 62 64 66 67 72])
Bicluster(rows=[42, 69], cols=[ 1  5  7  9 13 18 20 25 28 29 31 35 39 44 46 53 56 57 62 64 66 67 69 70
 72 74])
Bicluster(rows=[42, 70], cols=[ 6  7  8  9 12 16 18 19 21 22 24 26 27 32 33 34 35 42 46 48 49 50 52 56
 58 60 63 65 66 68 72 73])
Bicluster(rows=[42, 71], cols=[ 5  8 13 15 17 18 20 23 25 26 30 32 34 36 40 45 48 49 52 54 58 59 60 62
 65 66 73])
Bicluster(rows=[42, 72], cols=[ 0  1  4  6 13 14 15 18 19 28 29 31 34 36 37 41 46 49 53 57 59 63 65 69
 73 74])
Bicluster(rows=[42, 73], cols=[ 0  3  4  6  7 15 18 19 22 27 29 31 32 34 35 37 39 40 41 47 48 49 50 52
 56 58 62 64 66 67 72])
Bicluster(rows=[42, 74], cols=[ 2  3  6  9 10 11 13 18 19 20 22 27 28 29 34 40 45 47 50 51 56 57 61 66
 69 71 72 74])
Bicluster(rows=[42, 75], cols=[ 1  2  4  5  6  7  8  9 10 14 16 17 19 21 25 28 32 43 44 46 47 49 50 52
 57 58 59 60 62 63 65 66 68 73])
Bicluster(rows=[42, 76], cols=[ 3  6 13 14 15 17 18 20 26 33 37 42 45 47 53 57 64 67 69 70 74])
Bicluster(rows=[42, 77], cols=[ 5  6  7  9 13 14 18 21 23 26 27 29 31 34 36 37 38 39 40 41 42 47 50 52
 56 58 60 64 66 67 72])
Bicluster(rows=[42, 78], cols=[ 5  7  8 14 15 27 28 29 36 37 39 40 45 46 47 48 49 50 52 56 62 64 66 67
 72])
Bicluster(rows=[42, 79], cols=[ 7  9 10 21 25 30 33 35 38 44 45 46 52 54 57 58 59 60 62 63 65 66 68 73])
Bicluster(rows=[42, 80], cols=[ 0  1  2  6 13 26 28 30 31 33 36 40 41 43 44 45 46 51 55 57 59 61 63 65
 67 73])
Bicluster(rows=[42, 81], cols=[ 3  4  7  8  9 13 14 21 27 31 36 38 42 44 46 47 48 50 52 53 56 58 62 64
 66 69 70 71 72 74])
Bicluster(rows=[42, 82], cols=[ 0  1  4  5 13 14 15 16 19 22 23 25 27 28 29 31 32 34 35 36 38 39 40 43
 45 47 49 50 53 56 62 66 69 70 71 72 74])
Bicluster(rows=[42, 83], cols=[ 1  3  5  6 14 15 16 18 22 23 25 29 31 36 37 41 45 47 48 50 52 56 58 60
 64 66 67 72])
Bicluster(rows=[42, 84], cols=[ 0  1  4  5  6 11 13 15 18 20 22 24 27 31 32 33 34 35 37 38 39 40 43 46
 47 49 50 52 56 58 60 62 64 66 67 72])
Bicluster(rows=[42, 85], cols=[ 0  4  5  6 14 16 17 19 20 21 22 25 28 29 30 36 39 47 51 55 63 73])
Bicluster(rows=[42, 86], cols=[ 0  1  2  3  5  6 13 14 16 17 18 21 22 30 31 32 34 35 37 38 39 42 49 52
 62 63 65 66 73])
Bicluster(rows=[42, 87], cols=[ 0  1  2  3  4  5  6 13 17 18 20 25 27 31 34 36 37 40 42 46 47 48 50 56
 57 66 69 71 72 74])
Bicluster(rows=[42, 88], cols=[ 0  1  3  4  5  6  7  8  9 12 13 15 18 20 25 26 27 30 31 32 33 36 37 40
 41 42 43 45 48 49 51 55 56 59 61 64 71 72])
Bicluster(rows=[42, 89], cols=[ 0  5  8  9 13 21 26 29 30 32 33 35 37 38 39 46 47 50 52 56 58 60 64 66
 67 72])
Bicluster(rows=[42, 90], cols=[ 3  5  6  8 10 14 15 18 20 22 25 26 27 33 35 38 40 44 46 47 48 50 52 57
 58 59 60 62 63 65 66 68 73])
Bicluster(rows=[42, 91], cols=[ 0  1  2  5  7  9 10 12 15 17 21 24 25 28 30 39 43 44 45 48 50 52 56 57
 58 59 62 63 64 65 66 67 69 70 72 73 74])
Bicluster(rows=[42, 92], cols=[ 0  5  6  7  8 10 12 19 20 22 26 27 31 33 36 40 42 49 50 53 56 62 66 69
 70 71 72 74])
Bicluster(rows=[42, 93], cols=[ 5  7 13 18 21 23 26 28 30 31 33 34 36 38 39 40 41 42 43 50 53 56 62 64
 66 69 70 71 72 74])
Bicluster(rows=[42, 94], cols=[ 0  1  2  3  4  5 10 12 13 15 17 19 20 27 30 34 35 36 37 38 41 48 49 50
 51 56 57 61 66 71 72])
Bicluster(rows=[42, 95], cols=[ 0  2  4  8  9 11 12 14 15 17 18 23 26 29 30 31 35 37 38 39 40 41 42 47
 48 49 55 59 71 72])
Bicluster(rows=[42, 96], cols=[ 3  4  6  8 12 15 16 18 19 21 27 29 30 37 41 44 45 48 51 55 57 59 61 63
 64 65 67 72])
Bicluster(rows=[42, 97], cols=[ 0  1  5  6  7  9 11 12 15 22 25 26 28 30 31 32 34 35 36 39 40 41 44 48
 49 52 54 57 58 59 60 62 66])
Bicluster(rows=[42, 98], cols=[ 3  4  5  7  8  9 12 15 17 21 25 26 30 31 32 39 40 41 42 48 49 52 54 57
 58 59 60 62])
Bicluster(rows=[42, 99], cols=[ 0  1  2  6  7 10 17 18 20 23 27 29 31 38 39 40 42 46 47 50 52 53 56 57
 58 63 64 66 69 70 72])
Bicluster(rows=[43, 44], cols=[ 4 12 13 16 25 26 27 28 29 30 31 32 33 34 35 36 37 38 39 40 41 42 43 44
 45 46 47 48 49 59 63 65 66 67 69 72 74])
Bicluster(rows=[43, 45], cols=[ 0  1  2  3  7  8  9 11 14 16 17 20 25 26 27 28 29 30 31 32 33 34 35 36
 37 38 39 40 41 42 43 44 45 46 47 48 49 50 53 55 56 57 58 60 63 64 70 71
 72 73 74])
Bicluster(rows=[43, 46], cols=[ 1  8 12 14 17 19 24 25 26 27 28 29 30 31 32 33 34 35 36 37 38 39 40 41
 42 43 44 45 46 47 48 49 56 57 58 61 67 68 72])
Bicluster(rows=[43, 47], cols=[ 2  3  4  7  8 11 12 13 15 21 24 25 26 28 30 32 33 34 35 38 39 50 51 55
 58 59 60 61 64 65 67 68 73])
Bicluster(rows=[43, 48], cols=[ 3  6 10 11 12 16 21 22 23 24 25 26 27 28 29 30 31 32 33 34 35 36 37 38
 39 40 41 42 43 44 45 46 47 48 49 50 55 57 58 60 66 67 68 70 72])
Bicluster(rows=[43, 49], cols=[ 4  5  7  8 11 13 14 15 18 21 25 26 27 29 31 32 33 34 35 36 37 39 40 41
 42 45 46 47 48 49 52 53 55 61 66 68 69 71])
Bicluster(rows=[43, 50], cols=[ 1  3  6 10 12 14 17 24 25 26 27 28 29 30 31 32 33 34 35 36 37 38 39 40
 41 42 43 44 45 46 47 48 49 50 51 55 56 57 58 60 68 70 72])
Bicluster(rows=[43, 51], cols=[ 0  3  6  9 13 14 15 17 19 20 23 25 26 27 28 29 30 31 32 33 34 35 36 37
 38 39 40 41 42 43 44 45 46 47 48 49 50 51 56 57 58 61 62 63 65 66 67 71
 72 73])
Bicluster(rows=[43, 52], cols=[ 0  3  5 12 13 14 18 20 23 24 28 30 38 43 44 50 52 53 55 56 58 60 64 68
 70 74])
Bicluster(rows=[43, 53], cols=[ 2  3  5  6  8 11 13 14 16 17 18 19 20 21 23 25 26 27 28 29 30 31 32 33
 34 35 36 37 38 39 40 41 42 43 44 45 46 47 48 49 50 53 54 55 56 58 59 61
 63 64 65 66 67 68 70 72 73])
Bicluster(rows=[43, 54], cols=[ 2  4  5  7 11 14 15 16 20 27 29 31 36 37 40 41 42 46 47 48 49 54 55 58
 62 63 66 67 69 74])
Bicluster(rows=[43, 55], cols=[ 0  2  3  5  7  8 13 14 15 16 17 18 19 20 25 26 27 28 29 30 31 32 33 34
 35 36 37 38 39 40 41 42 43 44 45 46 47 48 49 50 54 55 56 57 58 61 62 65
 66 67 71 73 74])
Bicluster(rows=[43, 56], cols=[ 2  5  8 11 12 13 14 15 20 27 29 36 37 41 42 46 48 50 60 61 64 65 66 67
 72])
Bicluster(rows=[43, 57], cols=[ 0  3  4  5  6  8  9 10 12 13 15 17 19 21 25 26 28 30 33 34 35 38 50 51
 53 58 62 65 68 69 71 73])
Bicluster(rows=[43, 58], cols=[ 6 12 13 17 18 19 24 25 26 27 28 29 30 31 32 33 34 35 36 37 38 39 40 41
 42 43 44 45 46 47 48 49 50 51 55 56 58 61 65 67 68 70 72 73])
Bicluster(rows=[43, 59], cols=[ 0  2  3  6  7  8  9 10 16 17 18 19 23 24 25 26 27 28 29 30 31 32 33 34
 35 36 37 38 39 40 41 42 43 44 45 46 47 48 49 51 53 55 58 59 62 64 66 67
 68 70 71 72])
Bicluster(rows=[43, 60], cols=[ 0  1  3  6 10 12 17 19 23 24 25 26 27 28 29 30 31 32 33 34 35 36 37 38
 39 40 41 42 43 44 45 46 47 48 49 50 51 56 57 58 59 60 61 64 67 68 70 71
 72])
Bicluster(rows=[43, 61], cols=[ 0  2  5  6  7  8 11 15 16 17 20 21 23 25 26 27 28 29 30 31 32 33 34 35
 36 37 38 39 40 41 42 43 44 45 46 47 48 49 51 54 56 57 58 59 61 62 64 65
 66 67 68 71 72 73])
Bicluster(rows=[43, 62], cols=[ 0  2  4  5  7  8  9 13 16 18 21 22 25 26 27 28 29 30 31 32 33 34 35 36
 37 38 39 40 41 42 43 44 45 46 47 48 49 52 53 54 55 59 63 65 67 69 73 74])
Bicluster(rows=[43, 63], cols=[ 0  1  3  5  6 10 11 13 15 17 19 23 25 26 27 28 29 30 31 32 33 34 35 36
 37 38 39 40 41 42 43 44 45 46 47 48 49 50 51 56 58 59 64 66 67 68 71 73])
Bicluster(rows=[43, 64], cols=[ 0  6 10 11 12 13 15 16 19 25 26 27 28 29 30 31 32 33 34 35 36 37 38 39
 40 41 42 43 44 45 46 47 48 49 50 56 57 58 60 63 66 73 74])
Bicluster(rows=[43, 65], cols=[ 0  3  4  9 10 11 15 16 17 18 19 21 23 24 25 26 27 28 29 30 31 32 33 34
 35 36 37 38 39 40 41 42 43 44 45 46 47 48 49 53 54 56 57 58 59 60 62 63
 65 66 68 69 70 71 72 73])
Bicluster(rows=[43, 66], cols=[ 0  1  2  4  5  7 11 12 13 14 15 20 22 23 25 26 28 30 31 32 33 34 39 48
 50 51 56 57 58 61 68 71 72])
Bicluster(rows=[43, 67], cols=[ 1  7 10 11 12 14 15 19 25 26 27 29 31 35 36 37 40 41 42 50 51 54 55 58
 59 61 63 64 65 66 73])
Bicluster(rows=[43, 68], cols=[ 2  3  4  7 10 11 13 14 15 19 20 22 25 27 28 29 35 37 40 50 51 56 57 58
 60 61 68 70 71 72])
Bicluster(rows=[43, 69], cols=[ 5  7  9 11 12 13 14 18 20 21 22 23 26 27 28 30 31 35 40 42 44 49 50 53
 55 59 62 65 66 68 71 72])
Bicluster(rows=[43, 70], cols=[ 1  2  3  8 10 12 14 16 17 18 21 24 25 28 29 32 36 49 52 53 55 59 63 64
 65 66 67 68 69 71 73 74])
Bicluster(rows=[43, 71], cols=[ 1  4  5  8 11 15 17 21 22 23 25 26 30 32 34 36 37 38 39 42 45 48 50 51
 54 55 58 59 60 61 63 65 66 70 73])
Bicluster(rows=[43, 72], cols=[ 0  6  7  8 14 15 16 19 21 29 30 32 35 38 39 40 47 48 52 53 54 63 69 73
 74])
Bicluster(rows=[43, 73], cols=[ 0  2  3  4  6  8 11 13 14 15 16 17 18 20 21 22 23 25 26 28 30 33 36 50
 51 56 57 58 61 68 71 72])
Bicluster(rows=[43, 74], cols=[ 4  7  8 13 16 18 21 22 23 26 30 31 33 35 38 39 48 49 52 59 64 65 67 68
 69 71 73 74])
Bicluster(rows=[43, 75], cols=[ 2  3  4  5  8 11 12 21 22 25 27 29 30 32 34 35 36 37 45 49 52 59 64 65
 67 68 69 71 73 74])
Bicluster(rows=[43, 76], cols=[ 1  2  3  6 11 14 16 17 18 20 21 23 28 29 34 36 40 45 46 52 59 64 65 66
 68 69 71 73 74])
Bicluster(rows=[43, 77], cols=[ 1  5  6  7  8  9 13 14 16 19 24 26 27 33 34 38 42 46 49 50 51 56 57 60
 64 65 67 70 71 72])
Bicluster(rows=[43, 78], cols=[ 1  5  7  8 11 13 14 16 18 23 25 28 33 34 36 38 40 42 45 47 50 51 56 57
 58 61 68 71 72])
Bicluster(rows=[43, 79], cols=[ 1  5  7  9 10 12 16 18 23 25 30 33 35 44 47 50 51 54 57 58 59 60 61 63
 64 65 66 70 73])
Bicluster(rows=[43, 80], cols=[ 0  4  6 12 15 18 24 28 30 31 33 36 40 41 43 44 45 46 50 53 55 59 61 62
 64 65 66 67 68 71 72 73])
Bicluster(rows=[43, 81], cols=[ 1  2  3  8 14 17 22 24 25 26 31 34 35 39 41 43 45 46 47 48 51 54 55 58
 59 61 62 63 64 65 66 73])
Bicluster(rows=[43, 82], cols=[ 0  5  9 11 14 15 19 25 28 29 31 35 37 38 39 43 47 50 51 56 58 61 72])
Bicluster(rows=[43, 83], cols=[ 2  5  7  8 11 15 18 21 22 24 28 34 35 36 39 40 45 46 49 50 51 56 57 60
 67 68 70 71 72])
Bicluster(rows=[43, 84], cols=[ 2  3  5  9 10 12 13 15 17 19 20 21 24 28 29 31 32 33 36 42 47 49 52 53
 54 59 63 64 67 69 73 74])
Bicluster(rows=[43, 85], cols=[ 0  5  6  8 11 13 14 15 17 18 19 21 23 25 28 29 30 32 36 38 49 52 53 59
 64 65 67 69 71 73 74])
Bicluster(rows=[43, 86], cols=[ 2  9 11 18 20 21 25 27 28 29 32 34 39 41 45 48 49 52 53 54 59 63 64 67
 69 73 74])
Bicluster(rows=[43, 87], cols=[ 0  3  4  7  8  9 11 13 17 18 20 23 26 28 29 32 33 35 38 43 49 50 52 55
 56 59 66 69 72 74])
Bicluster(rows=[43, 88], cols=[ 0  2  3  5  6  7  8  9 14 16 20 24 25 26 27 28 29 30 31 32 33 36 37 40
 41 42 43 45 48 49 50 52 55 56 59 66 69 72 74])
Bicluster(rows=[43, 89], cols=[ 2  3  4  5  6  7  8 11 12 15 16 17 18 20 21 26 29 30 32 33 35 37 38 40
 46 47 56 57 60 68 70 71 72])
Bicluster(rows=[43, 90], cols=[ 1  2  3  5  6  9 10 12 13 14 15 22 26 27 32 36 38 39 40 44 48 49 50 51
 54 55 57 58 59 60 61 63 65 66 70 73])
Bicluster(rows=[43, 91], cols=[ 0  2  4  7  9 10 13 15 16 17 21 30 31 32 33 36 39 43 44 45 47 49 50 51
 55 58 61 64 65 66 67 71 72])
Bicluster(rows=[43, 92], cols=[ 0  2  3  6 12 13 15 17 24 25 34 36 39 41 46 47 50 51 54 55 58 59 60 61
 63 65 66 70 73])
Bicluster(rows=[43, 93], cols=[ 1  2  4  7 15 16 20 24 25 26 28 30 31 33 34 35 36 39 41 43 47 48 50 51
 56 57 58 61 72])
Bicluster(rows=[43, 94], cols=[ 0  2  3  8 11 13 14 15 16 17 18 20 21 23 26 30 32 33 34 35 37 38 40 50
 53 55 56 62 66 72])
Bicluster(rows=[43, 95], cols=[ 0  2  3  7  8  9 14 15 16 17 20 22 26 30 31 32 33 35 36 38 39 46 47 48
 49 52 59 66 69 72 74])
Bicluster(rows=[43, 96], cols=[ 3  6  8 15 16 19 21 22 24 29 30 32 40 41 44 45 48 52 53 55 59 62 65 66
 68 69 71 72 74])
Bicluster(rows=[43, 97], cols=[ 0  4  6  7  9 13 16 20 21 23 25 26 28 30 31 34 35 36 40 44 50 51 54 57
 58 59 60 61 63 66 70 73])
Bicluster(rows=[43, 98], cols=[ 0  4  5  6  7  8 10 12 13 14 15 19 21 22 23 24 26 27 28 31 32 34 35 36
 37 38 39 46 52 55 56 59 66 69 72 74])
Bicluster(rows=[43, 99], cols=[ 0  2  4  6  7  8 10 12 17 20 21 26 27 30 39 40 43 47 50 51 58 61 62 66
 67 68 72])
Bicluster(rows=[44, 45], cols=[ 0  1  3  4  7  8  9 12 15 16 18 21 22 23 24 25 26 32 33 34 35 39 47 49
 54 55 56 57 58 60 72 73])
Bicluster(rows=[44, 46], cols=[ 0  2  3  5  9 11 14 15 21 22 23 29 31 32 33 36 37 39 40 46 47 48 49 52
 54 56 63 64 67 68 69 70 73 74])
Bicluster(rows=[44, 47], cols=[ 2  3 10 13 18 25 26 28 30 31 32 33 34 35 38 39 40 47 49 53 54 55 56 62
 67 69 73])
Bicluster(rows=[44, 48], cols=[ 2  4 10 14 16 17 20 25 26 31 32 33 34 39 40 47 49 56 59 60 63 64 68 74])
Bicluster(rows=[44, 49], cols=[ 0  1  2  4  9 10 20 22 23 25 26 27 28 29 30 31 32 33 34 35 36 37 38 39
 40 41 42 43 44 45 46 47 48 49 52 53 57 58 62 63 64 66 68 71])
Bicluster(rows=[44, 50], cols=[ 1  2 10 17 18 19 22 23 24 29 31 36 37 39 40 46 47 48 49 51 56 57 58 60
 61 63 64 66 68 72 73])
Bicluster(rows=[44, 51], cols=[ 6  7  8  9 12 13 24 25 26 27 28 29 30 31 32 33 34 35 36 37 38 39 40 41
 42 43 44 45 46 47 48 49 55 65 67 72])
Bicluster(rows=[44, 52], cols=[ 0  2  3 10 11 13 14 15 21 23 25 26 27 28 29 31 32 33 34 35 36 37 38 39
 40 41 42 46 47 48 49 51 54 60 65 66 67 69])
Bicluster(rows=[44, 53], cols=[ 0  1  7  9 10 16 18 21 27 29 31 32 36 37 39 40 41 42 46 47 48 49 53 54
 57 59 60 62 63 68 69 72 74])
Bicluster(rows=[44, 54], cols=[ 0  2  3  4 10 15 17 19 20 22 23 25 26 27 28 29 30 31 32 33 34 35 36 37
 38 39 40 41 42 43 44 45 46 47 48 49 50 54 57 60 61 64 66 69])
Bicluster(rows=[44, 55], cols=[ 6  8  9 13 16 22 24 25 26 27 28 29 30 31 32 33 34 35 36 37 38 39 40 41
 42 43 44 45 46 47 48 49 51 55 65 66 68 70 74])
Bicluster(rows=[44, 56], cols=[ 1  2  3  7 10 11 12 14 15 16 17 19 20 22 23 24 25 26 27 28 29 30 31 32
 33 34 35 36 37 38 39 40 41 42 43 44 45 46 47 48 49 53 54 55 57 59 61 63
 64 66 70 72 73 74])
Bicluster(rows=[44, 57], cols=[ 0  2  3  8 11 13 14 17 19 20 23 25 26 27 28 29 30 31 32 33 34 35 36 37
 38 39 40 41 42 43 45 46 47 48 49 51 57 58 59 63 64 65 70 72 73 74])
Bicluster(rows=[44, 58], cols=[ 3  4  5  9 11 13 14 15 20 21 23 24 29 31 36 37 39 40 46 47 48 49 50 51
 53 55 56 58 64 65 66 67 69 70 74])
Bicluster(rows=[44, 59], cols=[ 6  7 14 16 22 24 25 26 27 28 29 30 31 32 33 34 35 36 37 38 39 40 41 42
 43 44 45 46 47 48 49 55 57 66 67 68 72])
Bicluster(rows=[44, 60], cols=[ 0  1  2 11 14 15 19 20 21 25 26 28 30 32 33 34 35 38 54 56 57 59 60 61
 63 69])
Bicluster(rows=[44, 61], cols=[ 2  3  4 10 13 14 15 16 19 20 27 29 31 36 37 40 41 42 46 48 51 52 54 55
 56 58 59 60 61 63 66 68 69 70 71 72 73])
Bicluster(rows=[44, 62], cols=[ 1  2  3  4 10 11 13 14 15 16 17 20 21 23 25 26 27 28 29 30 31 32 33 34
 35 36 37 38 39 40 41 42 43 45 46 47 48 49 52 53 54 56 57 58 59 60 62 63
 64 65 73 74])
Bicluster(rows=[44, 63], cols=[ 7  8  9 13 16 22 24 25 26 27 28 29 30 31 32 33 34 35 36 37 38 39 40 41
 42 43 44 45 46 47 48 49 51 55 65 67 68 72])
Bicluster(rows=[44, 64], cols=[ 0  2  3  4 10 13 14 16 17 18 20 23 24 25 26 28 30 31 32 33 34 35 38 39
 40 47 48 49 52 53 54 56 57 58 64 66 69])
Bicluster(rows=[44, 65], cols=[ 7 20 22 24 25 26 27 28 29 30 31 32 33 34 35 36 37 38 39 40 41 42 43 44
 45 46 47 48 49 51 58 59 61 63 66 68 72])
Bicluster(rows=[44, 66], cols=[ 1  6  7  8 13 14 21 24 25 27 29 32 35 37 38 39 41 46 47 49 51 54 56 57
 58 59 61 63 66 70 71 73 74])
Bicluster(rows=[44, 67], cols=[ 3  4  6  8 11 12 15 17 23 27 28 33 34 39 40 41 44 46 47 54 56 57 61 64
 69 70 74])
Bicluster(rows=[44, 68], cols=[ 0  1  3  8 13 16 17 18 19 24 25 26 28 31 32 35 36 38 39 46 48 49 53 54
 56 57 60 61 64 69 73])
Bicluster(rows=[44, 69], cols=[ 8  9 11 14 16 20 25 28 30 33 35 37 39 41 43 45 47 48 51 54 56 57 58 59
 61 63 64 66 70 73 74])
Bicluster(rows=[44, 70], cols=[ 2  9 13 22 24 26 30 32 33 34 35 36 38 43 47 49 53 56 57 59 60 61 63 68
 69 71 73])
Bicluster(rows=[44, 71], cols=[ 3  6  7  9 10 11 13 14 15 19 21 28 35 36 37 42 43 45 47 51 54 56 57 58
 59 64 66])
Bicluster(rows=[44, 72], cols=[ 1  3  6  8 10 13 20 25 26 29 32 39 40 41 44 47 48 52 53 54 56 57 60 61
 63 64 69 71 73])
Bicluster(rows=[44, 73], cols=[ 0  1  2  3  4  7 10 11 13 14 17 23 25 26 28 30 32 34 39 43 45 46 47 49
 52 53 60 64 69])
Bicluster(rows=[44, 74], cols=[ 0  2  4  7  8 11 13 15 16 20 26 30 31 32 35 36 38 41 43 44 49 53 57 59
 60 61 65 66 67 69 72 74])
Bicluster(rows=[44, 75], cols=[ 4  7  8  9 10 12 13 14 17 24 25 27 29 32 34 35 36 37 45 49 53 56 57 59
 60 61 63 66 67 69 72 73])
Bicluster(rows=[44, 76], cols=[ 7  8  9 13 15 16 19 22 25 28 29 30 32 34 36 38 40 43 45 46 52 53 56 57
 59 60 61 63 67 69 72 73])
Bicluster(rows=[44, 77], cols=[ 1  7  9 13 15 16 26 28 31 37 39 40 43 47 53 56 57 59 60 61 63 68 69 71
 73 74])
Bicluster(rows=[44, 78], cols=[ 6  8  9 19 20 21 24 27 29 32 33 36 37 40 43 46 47 48 51 56 57 58 59 61
 63 66 68 70 71 73 74])
Bicluster(rows=[44, 79], cols=[ 0  1  2  8  9 10 11 14 16 19 23 25 28 29 30 32 33 35 36 37 38 40 43 49
 53 56 57 59 60 61 63 67 68 69 71 73])
Bicluster(rows=[44, 80], cols=[ 0  1  7  8 10 12 13 15 17 18 22 24 25 32 36 38 39 41 45 53 56 57 59 60
 61 63 66 68 69 71 73 74])
Bicluster(rows=[44, 81], cols=[ 4 11 15 18 20 21 22 23 25 26 29 33 34 35 37 51 58 59 61 65 66 67 68 70
 72 74])
Bicluster(rows=[44, 82], cols=[ 0  1  4  7 10 13 16 17 20 21 24 26 30 37 39 48 51 58 65 66 67 70 72 74])
Bicluster(rows=[44, 83], cols=[ 2 14 15 17 18 19 21 23 24 30 32 33 38 43 44 45 46 51 56 58 59 63 66 70
 71 72 73])
Bicluster(rows=[44, 84], cols=[ 0  1  2  4  7  8 12 13 20 22 29 31 32 33 34 35 36 39 42 45 49 52 53 54
 56 57 60 61 63 64 69 71 73])
Bicluster(rows=[44, 85], cols=[ 4 16 21 26 29 31 33 34 35 36 40 43 46 52 53 56 57 59 60 61 63 68 69 71
 73])
Bicluster(rows=[44, 86], cols=[ 0  3 10 14 17 22 23 27 29 30 32 33 34 35 38 39 40 41 43 44 45 48 53 56
 57 59 60 61 63 68 69 71 73 74])
Bicluster(rows=[44, 87], cols=[ 1  2  4  7  8  9 10 12 14 19 22 26 27 28 33 35 36 37 38 39 40 42 43 45
 46 48 50 51 53 55 58 60 69 74])
Bicluster(rows=[44, 88], cols=[ 1  2  4 10 13 14 17 22 23 24 26 27 28 29 31 32 34 35 36 38 40 41 42 45
 47 48 49 52 53 57 59 60 61 65 66 69 72])
Bicluster(rows=[44, 89], cols=[ 0  1  7  8  9 13 16 22 24 25 26 27 28 32 36 42 44 47 52 53 56 57 59 60
 61 63 68 69 71 73])
Bicluster(rows=[44, 90], cols=[ 0  1  2 10 13 14 16 20 21 22 23 25 26 29 31 33 38 41 43 47 53 56 57 59
 60 61 63 66 67 68 69 72 73])
Bicluster(rows=[44, 91], cols=[ 0  1  2  4  8  9 17 18 24 25 27 28 29 30 37 40 42 46 53 54 56 57 60 61
 63 64 69 71 73 74])
Bicluster(rows=[44, 92], cols=[ 0  2  7 10 15 16 22 23 24 26 28 29 31 33 35 37 40 44 46 48 51 54 56 57
 58 64 70 74])
Bicluster(rows=[44, 93], cols=[ 2  3 11 13 14 15 17 19 20 21 22 24 27 32 36 41 44 47 48 49 51 53 55 58
 65 66 70 72 74])
Bicluster(rows=[44, 94], cols=[ 6  9 12 13 16 22 24 25 26 27 28 32 33 36 40 41 42 45 46 48 49 54 55 56
 59 63 64 66 73])
Bicluster(rows=[44, 95], cols=[10 11 16 24 25 26 29 30 31 32 33 34 36 37 38 41 42 43 46 47 48 49 52 53
 57 59 60 61 65 66 69 72])
Bicluster(rows=[44, 96], cols=[ 5 16 21 23 28 29 31 32 33 34 40 41 43 45 52 53 56 57 59 60 61 65 66 67
 69 72 73])
Bicluster(rows=[44, 97], cols=[ 0  8  9 10 12 13 16 22 25 26 27 28 29 30 32 34 35 38 39 43 46 47 49 53
 57 59 60 61 65 66 67 69 72])
Bicluster(rows=[44, 98], cols=[ 1  3  4  9 11 12 13 16 20 24 25 26 27 28 31 32 34 35 36 37 39 43 46 52
 53 57 59 60 61 65 66 69 72])
Bicluster(rows=[44, 99], cols=[ 0  1  2  3  6 12 19 22 23 26 33 35 40 42 45 50 55 57 62 63 65 66 69])
Bicluster(rows=[45, 46], cols=[ 0  1  3  6  9 10 13 15 17 18 21 22 23 25 26 27 28 29 30 31 32 33 34 35
 36 37 38 39 40 41 42 43 44 45 46 47 48 49 51 53 54 56 57 58 59 62 65 66
 70 72])
Bicluster(rows=[45, 47], cols=[ 8 14 15 17 18 19 25 26 27 28 29 30 31 32 33 34 35 36 37 38 39 40 41 42
 43 44 45 46 47 48 49 51 54 55 56 61 65 67 68 70 71 73 74])
Bicluster(rows=[45, 48], cols=[ 3 11 13 15 16 19 22 23 25 26 27 28 29 30 31 32 33 34 35 36 37 38 39 40
 41 42 43 44 45 46 47 48 49 50 51 52 55 57 58 59 60 61 62 65 69 70])
Bicluster(rows=[45, 49], cols=[ 7  8  9 10 11 12 17 19 22 25 26 27 28 29 30 31 32 33 34 35 36 37 38 39
 40 41 42 43 44 45 46 47 48 49 55 56 67 71])
Bicluster(rows=[45, 50], cols=[ 1  3  4  5 13 15 18 21 22 23 24 25 26 27 28 29 30 31 32 33 34 35 36 37
 38 39 40 41 42 43 44 45 46 47 48 49 50 52 56 57 58 59 60 62 65 66 70 72])
Bicluster(rows=[45, 51], cols=[ 0  3  4  5  9 13 14 15 17 24 25 26 27 28 29 30 31 32 33 34 35 36 37 38
 39 40 41 42 43 44 45 46 47 48 49 50 53 56 57 58 62 66 68 69 70 72 73])
Bicluster(rows=[45, 52], cols=[ 5 13 17 19 21 23 25 26 28 30 31 32 33 34 35 38 39 40 43 44 47 49 53 54
 59 61 63 64 68 71 72 74])
Bicluster(rows=[45, 53], cols=[ 2  3  4  8  9 10 11 12 14 15 16 17 20 22 24 25 26 27 28 29 30 31 32 33
 34 35 36 37 38 39 40 41 42 43 44 45 46 47 48 49 50 52 53 55 56 58 64 69
 70 71 72 73 74])
Bicluster(rows=[45, 54], cols=[ 0  3 11 14 15 22 23 25 26 28 30 32 33 34 35 38 39 47 49 51 52 53 57 60
 62 65 68])
Bicluster(rows=[45, 55], cols=[ 0  2  3  6  7 12 15 16 17 21 22 23 24 25 26 27 28 29 30 31 32 33 34 35
 36 37 38 39 40 41 42 43 44 45 46 47 48 49 50 52 53 55 56 58 59 62 67 69
 71 73 74])
Bicluster(rows=[45, 56], cols=[ 1  3  5  6  7 15 16 22 23 24 25 26 28 30 32 33 34 35 38 39 54 58 65 71
 72])
Bicluster(rows=[45, 57], cols=[ 2  5  7 10 11 12 13 14 16 19 20 22 24 27 29 31 36 37 40 41 42 45 46 48
 49 50 52 55 56 62 71 72 73])
Bicluster(rows=[45, 58], cols=[ 3  6  9 10 13 15 17 21 23 24 25 26 27 28 29 30 31 32 33 34 35 36 37 38
 39 40 41 42 43 44 45 46 47 48 49 50 52 54 55 56 58 59 62 65 66 70 72 73])
Bicluster(rows=[45, 59], cols=[ 0  1  2  3  5  6  8 11 13 14 15 16 17 21 22 23 25 26 27 28 29 30 31 32
 33 34 35 36 37 38 39 40 41 42 43 44 45 46 47 48 49 50 52 53 56 58 62 65
 69 70 71 72 73])
Bicluster(rows=[45, 60], cols=[ 0  1  3  4  5  6 13 15 17 21 22 25 26 27 28 29 30 31 32 33 34 35 36 37
 38 39 40 41 42 43 44 45 46 47 48 49 52 54 56 57 58 60 62 65 66 69 70 72
 73])
Bicluster(rows=[45, 61], cols=[ 0  1  2  4  8  9 11 12 14 17 19 20 22 24 25 26 27 28 29 30 31 32 33 34
 35 36 37 38 39 40 41 42 43 44 45 46 47 48 49 53 56 57 62 64 69 71 72 73
 74])
Bicluster(rows=[45, 62], cols=[ 1  2  4  5  6  8 15 16 18 19 22 23 25 28 30 34 35 38 51 52 53 55 56 58
 60 61 66 68 72])
Bicluster(rows=[45, 63], cols=[ 0  1  4  5 13 14 15 17 21 25 26 27 28 29 30 31 32 33 34 35 36 37 38 39
 40 41 42 43 44 45 46 47 48 49 50 52 54 56 58 62 65 72 73])
Bicluster(rows=[45, 64], cols=[ 0  4  6  9 11 13 16 19 24 25 26 27 28 29 30 31 32 33 34 35 36 37 38 39
 40 41 42 43 44 45 46 47 48 49 50 51 54 56 57 58 60 61 63 66 68 70 71 73
 74])
Bicluster(rows=[45, 65], cols=[ 0  3  4  8  9 11 12 13 14 16 17 22 25 26 27 28 29 30 31 32 33 34 35 36
 37 38 39 40 41 42 43 44 45 46 47 48 49 50 53 56 58 60 62 63 64 69 70 72
 73])
Bicluster(rows=[45, 66], cols=[ 0  2  5  7  8 11 18 19 20 21 24 25 30 32 34 39 42 43 44 47 48 51 54 57
 58 59 60 62 65 66 68 70])
Bicluster(rows=[45, 67], cols=[ 2  3  4  8 10 12 15 16 18 23 28 29 31 33 36 37 39 40 42 43 45 52 54 57
 58 59 60 62 65 66 68 70])
Bicluster(rows=[45, 68], cols=[ 0  1  3  5  8 11 15 16 18 24 25 26 28 29 31 32 34 35 39 40 41 49 54 57
 58 59 60 65 66 70])
Bicluster(rows=[45, 69], cols=[ 2  3  5  8  9 13 16 17 18 23 25 33 36 39 44 47 48 54 57 58 59 60 62 65
 66 68 70])
Bicluster(rows=[45, 70], cols=[ 9 10 11 12 14 20 24 26 32 33 34 35 37 40 46 48 49 50 56 58 60 62 66 70
 72 73])
Bicluster(rows=[45, 71], cols=[ 1  6  8 11 13 14 17 19 24 25 26 30 32 34 36 37 38 39 42 45 48 50 52 58
 60 62 63 64 67 70 71 73])
Bicluster(rows=[45, 72], cols=[ 0  4  6  7  9 10 11 13 16 17 18 20 22 29 30 35 37 38 41 49 55 64 71 73
 74])
Bicluster(rows=[45, 73], cols=[ 0  1  3  4  6  7 15 20 23 24 25 26 27 29 31 32 34 35 37 39 40 41 42 47
 48 49 51 54 57 59 60 65 66 68 70])
Bicluster(rows=[45, 74], cols=[ 2  3  6  9 11 13 17 18 21 22 27 28 29 34 37 40 45 47 52 53 54 57 58 59
 62 65 66 68 69])
Bicluster(rows=[45, 75], cols=[ 2  4  5  6  7  8  9 11 20 24 25 32 40 43 44 46 47 49 50 56 57 58 60 62
 64 66 67 70 71 72 73])
Bicluster(rows=[45, 76], cols=[ 2  7  8 10 11 14 15 16 20 25 27 30 31 34 37 38 50 58 60 62 64 67 70 71
 72 73])
Bicluster(rows=[45, 77], cols=[ 1  2  7  9 10 15 17 20 26 27 29 34 38 39 41 42 46 47 56 57 58 60 62 66
 70 72])
Bicluster(rows=[45, 78], cols=[ 7 11 15 16 21 22 25 27 29 33 34 36 37 38 40 46 47 48 54 57 58 59 60 62
 65 66 70])
Bicluster(rows=[45, 79], cols=[ 1  7  9 16 23 25 30 33 35 44 45 46 50 56 57 58 60 62 64 66 67 70 71 72
 73])
Bicluster(rows=[45, 80], cols=[ 2  3  7  8 11 12 14 15 18 19 21 22 24 25 27 29 31 32 38 39 40 42 46 50
 52 56 58 60 62 66 70 72 73])
Bicluster(rows=[45, 81], cols=[ 1  2  4  5  6 14 15 17 18 19 23 25 26 31 34 35 39 41 43 45 46 47 48 50
 52 53 55 63 64 67 69 71 73])
Bicluster(rows=[45, 82], cols=[ 0  4  5  8 10 13 15 18 20 22 25 27 28 29 31 32 34 35 36 38 39 40 43 45
 47 49 52 53 54 57 58 59 62 65 66 68 69 70])
Bicluster(rows=[45, 83], cols=[ 2  8  9 10 11 14 19 26 28 34 35 36 39 40 45 46 49 50 52 56 58 60 62 66
 70 72 73])
Bicluster(rows=[45, 84], cols=[ 0  1  4  5 10 11 12 14 15 16 17 22 24 25 27 30 31 32 33 34 35 37 38 39
 40 46 49 56 57 58 60 62 65 66 70])
Bicluster(rows=[45, 85], cols=[ 2  8  9 10 11 14 16 19 20 22 32 35 37 39 42 47 48 50 56 57 58 60 62 64
 66 70 71 72 73])
Bicluster(rows=[45, 86], cols=[ 0  2  3  5 11 13 20 23 24 30 31 32 34 35 37 38 42 49 50 52 56 58 60 62
 66 70 72 73])
Bicluster(rows=[45, 87], cols=[ 0  2  3  4  9 10 13 14 16 17 19 22 23 25 26 27 28 31 33 34 35 36 37 38
 39 40 42 48 50 54 56 65 66 68 69 74])
Bicluster(rows=[45, 88], cols=[ 0  2  3  4  5  7  8  9 10 12 13 14 15 16 21 22 25 26 27 28 29 30 31 32
 33 35 36 37 40 41 42 43 45 48 49 50 54 55 56 65 68 72 74])
Bicluster(rows=[45, 89], cols=[ 0  1  2  5  7  8  9 10 11 13 16 17 20 22 23 26 29 30 32 33 35 38 39 46
 47 51 57 59 60 65 66])
Bicluster(rows=[45, 90], cols=[ 3  5  6  9 11 15 16 21 22 23 25 26 27 33 35 40 44 46 47 48 50 56 57 58
 60 62 64 66 70 71 72 73])
Bicluster(rows=[45, 91], cols=[ 0  1  4  8  9 11 13 14 15 18 20 24 25 28 30 34 40 41 44 45 48 54 56 57
 58 59 60 62 65 66 70])
Bicluster(rows=[45, 92], cols=[ 0  1  5  7  8 11 12 13 14 15 16 17 22 23 24 26 27 28 31 33 35 36 40 42
 43 49 52 53 54 57 58 59 62 65 66 68 69])
Bicluster(rows=[45, 93], cols=[ 1  2  5  7  9 11 13 14 16 19 20 22 25 26 28 30 31 33 34 35 36 39 40 41
 42 43 47 48 52 53 54 56 57 58 59 62 65 66 68 69])
Bicluster(rows=[45, 94], cols=[ 2  3  4  5  7  9 11 12 16 17 20 22 25 26 30 32 33 34 35 37 38 40 48 49
 50 54 55 56 65 68 74])
Bicluster(rows=[45, 95], cols=[ 0  1  3  4  7  9 10 13 15 16 17 19 20 21 26 29 30 31 35 36 37 38 39 40
 41 42 47 48 49 50 54 55 56 65 68 72 74])
Bicluster(rows=[45, 96], cols=[ 1  2  3  5  6  7 14 15 18 22 25 27 36 37 39 42 45 47 52 53 54 57 58 59
 62 65 66 68])
Bicluster(rows=[45, 97], cols=[ 0  1  2  3  6  8 11 12 14 15 16 17 20 22 23 25 26 30 31 32 35 37 39 41
 42 44 45 48 49 50 51 56 57 63 66 67 72 73])
Bicluster(rows=[45, 98], cols=[ 1  2  3  4  5  9 10 14 16 17 19 24 25 26 30 31 32 39 40 41 42 48 49 50
 58 60 62 63 64 67 70 71 73])
Bicluster(rows=[45, 99], cols=[ 0  2  6  7  9 14 16 19 22 24 26 29 30 31 39 40 42 43 45 46 47 51 54 59
 60 65 66 68 69 71])
Bicluster(rows=[46, 47], cols=[ 2  3  5  7  8 10 11 15 17 18 25 26 27 28 29 30 31 32 33 34 35 36 37 38
 39 40 41 42 43 44 45 46 47 48 49 50 51 54 63 65 66 67 69 70])
Bicluster(rows=[46, 48], cols=[ 0  2  3  4  5  7  8 12 13 14 15 16 23 24 25 26 27 28 29 30 31 32 33 34
 35 36 37 38 39 40 41 42 43 44 45 46 47 48 49 51 53 54 55 56 59 62 63 64
 65 67 68 70 71 72 73 74])
Bicluster(rows=[46, 49], cols=[ 0  2  4  6  9 12 15 18 19 22 23 24 29 31 36 37 40 46 47 48 49 50 51 52
 55 58 59 61 63 65 72 74])
Bicluster(rows=[46, 50], cols=[ 0  1  2  7  8  9 12 14 15 16 20 21 22 23 24 25 26 27 28 29 30 31 32 33
 34 35 36 37 38 39 40 41 42 43 44 45 46 47 48 49 50 52 53 54 55 56 57 58
 59 63 64 65 66 68 69 71 72 73])
Bicluster(rows=[46, 51], cols=[ 2  3  4  5  7  9 11 12 13 14 15 18 19 20 21 23 24 25 26 28 30 31 32 33
 34 35 38 39 43 44 47 49 50 51 52 54 55 56 57 58 59 60 62 63 64 65 66 69
 70 72 73])
Bicluster(rows=[46, 52], cols=[ 0  2  3  7  9 11 13 14 16 17 20 23 24 25 26 28 29 30 31 32 33 34 35 36
 37 38 39 40 46 47 48 49 50 53 54 55 56 58 59 62 67 72 73])
Bicluster(rows=[46, 53], cols=[ 3  7  9 10 15 19 20 25 26 27 28 29 30 31 32 33 34 35 36 37 38 39 40 41
 42 43 44 45 46 47 48 49 50 61 67 68])
Bicluster(rows=[46, 54], cols=[ 0  1  2  3  4  5 14 15 16 18 20 22 23 24 25 26 28 30 31 32 33 34 35 37
 38 39 40 47 48 49 51 53 54 55 57 61 62 64 65 72])
Bicluster(rows=[46, 55], cols=[ 0  3  4  6  8 11 14 17 19 20 22 23 25 26 27 28 29 30 31 32 33 34 35 36
 37 38 39 40 41 42 43 44 45 46 47 48 49 53 58 59 60 62 63 64 67 70])
Bicluster(rows=[46, 56], cols=[ 1  2  3 10 14 18 22 23 25 26 28 30 31 32 33 34 35 38 39 40 47 49 54 58
 63 64 65 70 73 74])
Bicluster(rows=[46, 57], cols=[ 0  2  3 11 12 14 16 17 20 22 23 24 25 26 28 30 31 32 33 34 35 38 39 40
 47 49 53 54 55 63 64 66 68 70 71 74])
Bicluster(rows=[46, 58], cols=[ 0  3  4  5  8  9 10 11 12 13 14 15 17 19 20 21 22 23 24 25 26 27 28 29
 30 31 32 33 34 35 36 37 38 39 40 41 42 43 44 45 46 47 48 49 53 54 56 57
 58 59 60 61 62 64 66 67 68 69 70 71 72 74])
Bicluster(rows=[46, 59], cols=[ 0  3  6  7 13 15 17 21 22 23 24 25 26 27 28 29 30 31 32 33 34 35 36 37
 38 39 40 42 43 44 46 47 48 49 51 53 55 60 63 65 68 72 73])
Bicluster(rows=[46, 60], cols=[ 0  1  2  4  7  8  9 11 12 13 14 15 16 17 18 20 21 22 24 25 26 27 28 29
 30 31 32 33 34 35 36 37 38 39 40 41 42 43 44 45 46 47 48 49 50 53 54 55
 56 58 61 62 63 65 67 68 69 72 73 74])
Bicluster(rows=[46, 61], cols=[ 0  1  4  7  8 11 13 16 17 18 19 20 21 22 23 25 28 30 34 35 38 43 44 51
 56 57 58 60 61 64 68 72 73 74])
Bicluster(rows=[46, 62], cols=[ 4  6  8 11 12 13 14 15 18 19 21 23 24 26 31 32 33 39 40 47 48 49 51 52
 54 55 56 58 63 64 66 71 72])
Bicluster(rows=[46, 63], cols=[ 2  7  8 13 16 17 19 20 22 25 26 27 28 29 30 31 32 33 34 35 36 37 38 39
 40 41 42 43 44 45 46 47 48 49 54 55 58 60 62 63 67 68 69 70 74])
Bicluster(rows=[46, 64], cols=[ 2  3  7  9 10 14 17 18 20 21 23 25 26 27 28 29 30 31 32 33 34 35 36 37
 38 39 40 41 42 43 44 46 47 48 49 51 52 54 60 64 65 68 69 70 72])
Bicluster(rows=[46, 65], cols=[ 0  2  3  5 13 17 19 22 24 25 26 27 28 29 30 31 32 33 34 35 36 37 38 39
 40 41 42 43 44 45 46 47 48 49 50 52 53 56 60 62 68 70 72])
Bicluster(rows=[46, 66], cols=[ 1 10 14 18 21 25 30 32 34 37 39 42 43 44 47 48 49 50 51 54 55 56 57 58
 59 61 62 64 65 66 69 70 71 72 73 74])
Bicluster(rows=[46, 67], cols=[ 3 10 11 15 18 19 20 23 24 28 29 31 32 36 37 39 40 42 43 45 47 50 53 54
 55 56 58 59 60 61 62 64 65 69 70 71 72 73 74])
Bicluster(rows=[46, 68], cols=[ 0  1  3  7 12 13 14 15 20 25 26 28 31 32 34 35 39 41 42 46 49 50 51 52
 54 55 56 57 58 59 64 65 66 69 71 72 73])
Bicluster(rows=[46, 69], cols=[ 4 10 11 13 19 23 24 25 28 29 30 31 33 35 36 39 44 46 50 53 54 55 56 59
 60 61 62 64 65 69 70 71 72 73 74])
Bicluster(rows=[46, 70], cols=[ 2  7  8  9 10 16 17 18 22 26 29 33 34 35 36 41 42 45 47 49 50 51 52 54
 55 56 57 59 63 65 66 67 68 72 73])
Bicluster(rows=[46, 71], cols=[ 1  2  6  8 12 16 18 19 24 27 29 30 31 33 34 40 41 49 50 51 52 55 58 63
 67])
Bicluster(rows=[46, 72], cols=[ 2  4  5  6  7 11 12 15 16 20 21 24 27 28 34 45 50 54 55 56 61 62 65 69
 70 72 73 74])
Bicluster(rows=[46, 73], cols=[ 3  8  9 14 15 16 17 19 25 26 27 29 31 32 34 35 37 39 40 41 42 47 48 49
 50 51 52 54 55 56 57 58 59 64 65 66 69 71 72 73])
Bicluster(rows=[46, 74], cols=[ 4  5  9 12 13 14 17 18 19 20 21 22 23 25 29 37 45 46 47 50 53 55 56 60
 61 62 64 65 70 71 72 73 74])
Bicluster(rows=[46, 75], cols=[ 1  2  3  4 10 11 14 17 21 22 23 24 33 38 39 40 46 50 53 54 55 56 60 61
 62 64 65 70 71 72 73 74])
Bicluster(rows=[46, 76], cols=[ 1  2  3  5  6 11 12 14 15 16 18 19 21 23 24 26 27 33 41 50 53 55 56 58
 59 60 61 62 64 65 69 70 71 72 73 74])
Bicluster(rows=[46, 77], cols=[ 1  4 10 11 13 14 16 17 18 26 29 31 34 36 37 38 39 40 41 47 50 51 52 54
 55 56 57 58 59 63 65 66 68 72 73])
Bicluster(rows=[46, 78], cols=[ 2  8  9 10 12 15 21 22 24 25 27 29 33 34 36 37 38 40 46 47 48 50 51 54
 55 56 57 58 59 61 64 65 66 69 72 73])
Bicluster(rows=[46, 79], cols=[ 0  1  2  7  9 16 17 18 23 24 27 29 32 34 36 37 40 41 42 49 50 51 52 54
 55 56 57 59 63 65 66 68 72 73])
Bicluster(rows=[46, 80], cols=[ 0  2  5  9 10 11 13 17 26 27 29 30 33 42 43 44 45 53 54 55 60 61 62 63
 64 65 68 70 72 73 74])
Bicluster(rows=[46, 81], cols=[ 2  4  7  8 12 13 14 17 27 31 32 36 38 40 41 42 44 46 48 50 55 56 57 58
 59 61 62 64 65 66 69 70 71 72 73 74])
Bicluster(rows=[46, 82], cols=[ 0  2 12 13 14 16 18 19 24 25 27 28 29 31 32 34 35 36 38 39 40 43 45 47
 49 50 53 55 56 59 60 61 62 64 65 66 69 70 71 72 73 74])
Bicluster(rows=[46, 83], cols=[ 7  8  9 10 11 12 16 17 22 25 27 28 29 31 41 42 47 48 50 51 52 54 55 56
 57 58 59 64 65 66 68 72 73])
Bicluster(rows=[46, 84], cols=[ 0  2  4  5 10 13 15 17 18 20 22 23 25 30 31 32 34 35 36 38 39 41 43 46
 49 50 51 52 54 55 56 57 58 59 64 65 66 68 72 73])
Bicluster(rows=[46, 85], cols=[ 8 12 13 15 17 18 19 20 21 24 26 29 31 33 36 40 41 50 51 52 54 56 57 59
 65 66 68 72 73])
Bicluster(rows=[46, 86], cols=[ 0  3  5 11 12 14 18 19 20 24 29 30 32 33 35 36 38 39 48 50 51 52 54 55
 56 57 58 59 63 64 65 66 68 72 73])
Bicluster(rows=[46, 87], cols=[ 0  3  7  9 10 11 13 18 20 22 23 24 25 27 31 36 41 42 46 47 48 50 53 55
 56 59 60 61 62 64 65 70 71 72 73 74])
Bicluster(rows=[46, 88], cols=[ 0  3  4  7  9 11 13 14 15 16 17 18 21 24 39 46 50 53 55 56 59 60 61 62
 64 65 70 71 72 73 74])
Bicluster(rows=[46, 89], cols=[ 0  8  9 10 12 13 17 19 22 23 24 26 27 29 30 33 35 36 38 39 41 42 45 46
 48 50 51 52 54 55 56 57 58 59 64 65 66 68 72 73])
Bicluster(rows=[46, 90], cols=[ 1  2  3  6  8  9 12 13 14 15 18 19 21 22 24 25 26 29 31 33 35 42 44 46
 47 50 51 52 55 56 57 58 59 63 66 67 72 73])
Bicluster(rows=[46, 91], cols=[ 0  2  5  7  9 13 15 16 19 27 34 37 38 41 42 44 46 50 51 52 54 55 56 57
 58 59 64 65 66 71 72 73])
Bicluster(rows=[46, 92], cols=[ 8  9 13 15 17 19 20 22 23 26 27 31 32 33 36 40 42 45 46 49 50 53 55 56
 59 60 61 62 64 65 70 71 72 73 74])
Bicluster(rows=[46, 93], cols=[ 1  8  9 13 20 22 24 25 26 28 29 30 31 33 34 35 38 39 40 42 43 50 53 55
 56 59 60 61 62 64 65 66 69 70 71 72 73 74])
Bicluster(rows=[46, 94], cols=[ 3  4 13 14 15 16 19 20 24 27 29 31 36 39 41 42 46 47 50 53 55 56 59 60
 61 62 64 65 70 71 72 73 74])
Bicluster(rows=[46, 95], cols=[ 0  2  3  4  5  7  9 12 14 15 16 18 19 20 21 22 24 27 45 50 53 55 56 59
 60 61 62 64 65 70 71 72 73 74])
Bicluster(rows=[46, 96], cols=[ 5  8 12 15 16 18 19 21 26 27 29 31 35 38 40 41 50 51 52 55 56 57 59 63
 66 67 72 73])
Bicluster(rows=[46, 97], cols=[ 0  5  6  7 15 19 20 22 23 24 25 26 30 31 32 35 37 39 41 42 44 45 47 48
 49 50 51 52 55 57 66])
Bicluster(rows=[46, 98], cols=[ 1  3  4  9 10 11 13 15 16 18 19 27 29 33 36 37 45 46 50 51 52 55 57 63
 67 72])
Bicluster(rows=[46, 99], cols=[ 5  8  9 11 12 20 22 29 30 31 39 42 43 45 46 47 50 51 52 53 54 55 58 59
 60 61 64 65 67 70 72])
Bicluster(rows=[47, 48], cols=[ 2  5  7  9 15 19 21 23 25 26 27 28 29 30 31 32 33 34 35 36 37 38 39 40
 41 42 43 44 45 46 47 48 49 51 52 53 56 61 64 65 67 70 73])
Bicluster(rows=[47, 49], cols=[ 0  3  5  9 11 12 14 16 18 25 26 29 31 32 33 36 37 39 40 46 47 48 49 56
 58 61 62 63 66 74])
Bicluster(rows=[47, 50], cols=[ 2  7  9 14 15 18 21 25 26 27 28 29 30 31 32 33 34 35 36 37 38 39 40 41
 42 43 44 45 46 47 48 49 50 51 53 61 63 64 65 69 70 73])
Bicluster(rows=[47, 51], cols=[ 1  3  5  7 10 14 15 16 18 22 25 26 28 30 31 32 33 34 35 38 39 47 49 50
 53 58 61 65 66 69 70 73])
Bicluster(rows=[47, 52], cols=[ 0  5  9 10 16 18 19 22 24 25 26 27 28 29 30 31 32 33 34 35 36 37 38 39
 40 41 42 43 44 45 46 47 48 49 50 51 52 53 54 58 60 62 64 65 66 67 71 74])
Bicluster(rows=[47, 53], cols=[ 0  2  4  5  7  9 11 14 17 19 22 23 24 31 32 39 40 47 49 52 56 60 62 63
 64 66])
Bicluster(rows=[47, 54], cols=[ 0  2  3 11 12 14 18 21 25 26 27 28 29 30 31 32 33 34 35 36 37 38 39 40
 41 42 46 47 48 49 53 54 60 61 66])
Bicluster(rows=[47, 55], cols=[ 0  2  3  6  7 13 15 17 22 25 26 28 30 32 33 34 35 38 39 47 49 50 51 53
 58 63 65 67 70 72 73 74])
Bicluster(rows=[47, 56], cols=[ 7 12 21 25 26 27 28 29 30 31 32 33 34 35 36 37 38 39 40 41 42 43 44 45
 46 47 48 49 51 52 55 56 57 59 62 70 72 74])
Bicluster(rows=[47, 57], cols=[ 0  4  8 12 13 15 16 18 22 25 26 27 28 29 30 31 32 33 34 35 36 37 38 39
 40 41 42 46 47 48 49 50 54 56 58 63 65 68])
Bicluster(rows=[47, 58], cols=[ 2  3  5 10 11 15 17 25 26 27 28 29 30 31 32 33 34 35 36 37 38 39 40 41
 42 43 44 45 46 47 48 49 51 53 54 63 64 65 66 67 69 70 73])
Bicluster(rows=[47, 59], cols=[ 7  8 10 15 17 21 23 25 26 27 28 29 30 31 32 33 34 35 36 37 38 39 40 41
 42 43 44 45 46 47 48 49 64 65 67 70 71 73])
Bicluster(rows=[47, 60], cols=[ 2  7 10 11 15 17 21 23 25 26 27 28 29 30 31 32 33 34 35 36 37 38 39 40
 41 42 43 44 45 46 47 48 49 50 53 56 64 65 67 70 73])
Bicluster(rows=[47, 61], cols=[ 8 10 14 17 19 21 23 25 26 27 28 29 30 31 32 33 34 35 36 37 38 39 40 41
 42 43 44 45 46 47 48 49 56 67 71 73])
Bicluster(rows=[47, 62], cols=[ 2  5  6 12 22 26 29 31 32 33 36 37 39 40 47 48 49 54 58 60 62 63 65 73])
Bicluster(rows=[47, 63], cols=[ 7  8 10 14 17 21 23 25 26 27 28 29 30 31 32 33 34 35 36 37 38 39 40 41
 42 43 44 45 46 47 48 49 53 56 64 67 73])
Bicluster(rows=[47, 64], cols=[ 1  2  3  5  9 10 18 19 22 25 26 27 28 29 30 31 32 33 34 35 36 37 38 39
 40 41 42 43 44 45 46 47 48 49 51 54 56 61 68 69 70 71 73 74])
Bicluster(rows=[47, 65], cols=[ 6 10 12 13 16 17 18 21 27 29 36 37 40 41 42 46 48 52 54 56 58 66 70 71])
Bicluster(rows=[47, 66], cols=[ 2  4  5  7  8  9 10 11 12 13 16 17 18 19 25 27 29 30 32 34 37 39 41 43
 44 45 47 49 50 51 53 54 58 61 63 66 68 69 70])
Bicluster(rows=[47, 67], cols=[ 0  2  6 12 14 16 17 19 21 26 27 29 30 31 33 34 36 37 38 40 42 44 52 53
 55 57 59 70 72 74])
Bicluster(rows=[47, 68], cols=[ 2  3  4  7  8  9 11 15 18 23 25 26 28 31 32 34 35 39 41 42 46 49 50 51
 54 58 61 63 65 66 68 69 70])
Bicluster(rows=[47, 69], cols=[ 2  7  9 10 13 15 17 19 20 22 30 35 36 39 41 43 48 52 55 57 59 72 74])
Bicluster(rows=[47, 70], cols=[ 0  1  2  4  7  8 13 14 17 18 20 21 26 27 29 30 32 33 34 35 36 38 41 42
 45 47 49 50 58 61 63 64 65 66 67 71 73])
Bicluster(rows=[47, 71], cols=[ 4  5  6  8 10 11 14 15 18 19 21 25 26 27 29 30 31 34 38 40 49 50 56 60
 61 62 65 66 67 71 73])
Bicluster(rows=[47, 72], cols=[ 0  6  7  9 10 11 15 20 22 30 31 38 49 52 54 55 56 57 59 63 64 65 68 73
 74])
Bicluster(rows=[47, 73], cols=[ 3  4  8 10 11 13 15 17 19 20 25 26 27 28 30 31 33 37 38 40 41 42 43 44
 48 50 51 53 54 58 61 63 66 68 69 70])
Bicluster(rows=[47, 74], cols=[ 0  3  7  8 10 14 18 21 22 27 31 33 36 39 41 45 49 50 56 58 61 63 64 65
 66 67 71 73])
Bicluster(rows=[47, 75], cols=[ 2  5  7  8 11 13 16 21 22 25 27 28 29 32 36 41 42 43 44 49 50 60 61 62
 63 64 65 66 67 71 73])
Bicluster(rows=[47, 76], cols=[ 1  2  4  7  8 10 11 17 18 21 23 25 29 30 32 35 36 40 42 50 60 61 62 63
 64 65 66 67 71 73])
Bicluster(rows=[47, 77], cols=[ 0  7 11 17 18 20 22 26 29 31 34 36 37 38 39 40 44 45 47 50 54 58 61 63
 64 65 66])
Bicluster(rows=[47, 78], cols=[ 1  3  4  6  9 15 16 19 20 22 26 30 31 32 35 43 51 53 56 64 65 67 69 70
 71 73])
Bicluster(rows=[47, 79], cols=[ 4  7  9 12 17 21 22 27 28 30 32 38 40 41 42 44 50 60 61 62 63 64 65 66
 67 71])
Bicluster(rows=[47, 80], cols=[ 0  3  4  9 10 12 15 17 20 22 24 26 28 29 30 33 37 42 43 44 50 51 53 54
 58 61 63 65 66 68 69 70])
Bicluster(rows=[47, 81], cols=[ 0  4  5  6  7  8 11 13 14 15 16 17 25 26 27 30 31 34 35 36 39 41 42 46
 47 48 52 55 57 59 72 74])
Bicluster(rows=[47, 82], cols=[ 1  2 11 14 15 18 20 23 25 27 28 29 31 32 35 36 38 39 40 43 45 47 49 50
 51 54 63 65 66 68])
Bicluster(rows=[47, 83], cols=[ 2  3  4  5  7  9 10 12 13 14 15 19 21 23 24 25 27 28 29 31 42 47 48 54
 60 62 68])
Bicluster(rows=[47, 84], cols=[ 2  5  8  9 15 17 19 21 25 31 32 34 35 36 38 39 41 43 46 49 50 51 58 61
 63 64 65 66 69 70])
Bicluster(rows=[47, 85], cols=[ 1  4 13 15 18 21 27 32 35 37 39 43 44 48 50 56 58 60 61 62 64 65 66 67
 71 73])
Bicluster(rows=[47, 86], cols=[ 3  4  5  9 11 16 18 19 21 29 30 32 33 34 35 36 38 39 48 49 50 51 58 61
 63 64 65 66 69])
Bicluster(rows=[47, 87], cols=[ 5  7  9 13 27 32 33 36 37 39 40 42 44 45 46 51 55 58 59 60 61 72])
Bicluster(rows=[47, 88], cols=[ 5  7  8  9 10 12 13 14 28 31 32 35 37 38 40 44 49 50 59 60 61 62 66 72])
Bicluster(rows=[47, 89], cols=[ 0  3  4  5  8 11 12 15 17 19 20 21 22 26 27 28 32 33 36 38 39 41 42 43
 45 54 60 62 68])
Bicluster(rows=[47, 90], cols=[ 3  5  9 12 18 19 25 26 29 31 33 42 45 47 50 60 61 62 63 64 65 66 67 71
 73])
Bicluster(rows=[47, 91], cols=[ 2  5  7 14 15 18 19 20 21 23 25 28 30 34 37 40 41 42 43 44 50 51 53 54
 58 61 63 65 66 69 70])
Bicluster(rows=[47, 92], cols=[ 2  9 10 12 13 15 16 22 23 24 34 39 42 44 45 47 50 56 58 59 60 61 62 66
 72])
Bicluster(rows=[47, 93], cols=[ 4 10 14 19 23 25 26 28 29 30 31 33 34 35 39 40 41 42 43 47 54 56 63 65
 68])
Bicluster(rows=[47, 94], cols=[ 2  4  6  8 11 15 18 19 21 23 25 26 27 28 32 33 36 37 40 41 45 48 51 55
 58 59 60 61 72])
Bicluster(rows=[47, 95], cols=[ 2  4  8  9 13 14 15 17 22 25 26 27 28 29 31 32 33 34 37 40 41 42 45 47
 48 49 50 56 60 61 62 66 73])
Bicluster(rows=[47, 96], cols=[ 3  9 11 12 15 18 20 26 29 31 33 38 40 41 50 60 61 62 63 64 65 66 67 71
 73])
Bicluster(rows=[47, 97], cols=[ 0  4  5  6  7  8 13 17 18 19 25 26 27 28 30 31 32 34 35 37 39 48 49 50
 56 60 62 66])
Bicluster(rows=[47, 98], cols=[ 5  8 14 15 19 21 22 23 25 26 27 30 31 32 36 44 45 46 50 56 60 61 62 66])
Bicluster(rows=[47, 99], cols=[ 9 11 13 16 17 18 25 27 28 32 34 42 45 49 50 51 52 53 61 62 63 64 65 66
 74])
Bicluster(rows=[48, 49], cols=[ 1  2  6  7 11 12 18 19 20 21 22 25 26 28 30 33 34 35 38 50 53 58 59 62
 64 66 67 73])
Bicluster(rows=[48, 50], cols=[ 0  2  3  6  7  8 10 12 13 14 15 17 20 21 23 24 25 26 27 28 29 30 31 32
 33 34 35 36 37 38 39 40 41 42 43 44 45 46 47 48 49 50 53 54 55 56 57 59
 60 61 62 63 64 65 68 69 70 71 72 73 74])
Bicluster(rows=[48, 51], cols=[ 1  2  3  4  5  6  8 12 15 18 21 23 25 26 27 28 29 30 31 32 33 34 35 36
 37 38 39 40 41 42 43 44 45 46 47 48 49 50 53 54 55 57 59 62 64 67 69 70
 74])
Bicluster(rows=[48, 52], cols=[ 1  2  3  7 14 15 16 18 19 23 24 25 26 28 30 31 32 33 34 35 38 39 40 43
 47 49 50 52 54 55 56 59 60 61 62 66 70 73])
Bicluster(rows=[48, 53], cols=[ 1  3  6 11 12 15 16 21 22 25 26 27 28 29 30 31 32 33 34 35 36 37 38 39
 40 41 42 43 44 45 46 47 48 49 50 55 66 67 68 69 70])
Bicluster(rows=[48, 54], cols=[ 3  4  5  6  7  8  9 10 11 13 15 16 17 18 21 23 25 26 28 30 31 32 33 34
 35 38 39 40 47 49 52 54 55 58 60 62 63 64 65 67 70 71])
Bicluster(rows=[48, 55], cols=[ 1  3  4  9 14 16 18 23 25 26 27 28 29 30 31 32 33 34 35 36 37 38 39 40
 41 42 43 44 45 46 47 48 49 50 52 53 55 57 59 63 64 66 68 69])
Bicluster(rows=[48, 56], cols=[ 2  3  6  8 11 13 14 15 17 18 20 21 23 25 26 28 30 32 33 34 35 38 39 47
 49 50 52 53 55 57 64 65 68])
Bicluster(rows=[48, 57], cols=[ 1  3  6  7 10 12 14 18 21 23 25 26 28 30 32 33 34 35 38 39 47 49 50 52
 54 55 57 58 64 67 68 74])
Bicluster(rows=[48, 58], cols=[ 0  1  2  3  4  5  6  8 14 15 18 20 23 24 25 26 27 28 29 30 31 32 33 34
 35 36 37 38 39 40 41 42 43 44 45 46 47 48 49 50 52 53 55 56 58 59 62 63
 64 67 68 70 71 72 74])
Bicluster(rows=[48, 59], cols=[ 3 10 11 12 13 15 16 17 18 20 23 24 25 26 27 28 29 30 31 32 33 34 35 36
 37 38 39 40 41 42 43 44 45 46 47 48 49 50 54 55 58 59 61 63 65 67 68 69
 70 74])
Bicluster(rows=[48, 60], cols=[ 0  2  3  4  5  7  8 10 12 13 14 15 17 18 20 23 24 25 26 27 28 29 30 31
 32 33 34 35 36 37 38 39 40 41 42 43 44 45 46 47 48 49 53 56 57 59 60 62
 63 64 65 67 68 70 72 73 74])
Bicluster(rows=[48, 61], cols=[ 6 11 16 18 19 21 25 26 27 28 29 30 31 32 33 34 35 36 37 38 39 40 41 42
 43 44 45 46 47 48 49 50 52 54 55 57 58 62 63 67 68 69])
Bicluster(rows=[48, 62], cols=[ 4  7  9 10 14 19 20 24 25 26 28 30 33 34 35 38 51 53 54 55 56 57 58 60
 61 64 67 71 74])
Bicluster(rows=[48, 63], cols=[ 2  6  7  8 12 16 18 23 24 25 26 27 28 29 30 31 32 33 34 35 36 37 38 39
 40 41 42 43 44 45 46 47 48 49 50 54 55 61 62 65 67 68 74])
Bicluster(rows=[48, 64], cols=[ 1  2  3  6  7  8 12 14 16 17 19 25 26 28 29 30 31 32 33 34 35 36 37 38
 39 40 43 44 47 48 49 50 54 55 57 58 61 62 64 65 66 67 68 70])
Bicluster(rows=[48, 65], cols=[ 1  2  3  5 10 11 13 17 18 21 23 24 25 26 27 28 29 30 31 32 33 34 35 36
 37 38 39 40 41 42 43 44 45 46 47 48 49 54 56 57 58 60 62 66 68 70 72])
Bicluster(rows=[48, 66], cols=[ 9 11 14 19 23 24 25 27 28 30 32 34 37 39 42 44 47 48 49 53 56 59 60 62
 63 64 65 70 71 72 73 74])
Bicluster(rows=[48, 67], cols=[ 1  3  7 13 15 17 21 22 24 27 29 31 32 36 37 39 40 42 43 45 47 53 56 57
 59 62 63 64 65 70 71 72 73 74])
Bicluster(rows=[48, 68], cols=[ 0  2  6  9 10 11 12 14 15 22 25 26 28 29 31 32 34 35 39 41 42 46 49 56
 59 60 61 63 64 65 70 71 72 73])
Bicluster(rows=[48, 69], cols=[ 0  1  4  6 18 20 21 22 23 24 25 28 29 30 31 35 39 44 46 50 52 55 56 57
 58 59 62 63 64 65 69 71 72 73 74])
Bicluster(rows=[48, 70], cols=[ 1  2 11 21 22 26 29 33 34 35 36 41 42 45 47 49 51 54 56 59 60 61 63 64
 65 67 68 72 73])
Bicluster(rows=[48, 71], cols=[ 2  7  9 11 12 13 16 17 18 19 21 22 25 26 30 32 34 36 38 39 40 41 45 48
 49 50 55 57 60 62 70 74])
Bicluster(rows=[48, 72], cols=[ 0  2  4  5  8 12 13 14 15 16 23 28 31 34 36 41 42 46 50 54 55 57 58 63
 67 68 69])
Bicluster(rows=[48, 73], cols=[ 3  8 11 12 14 15 16 18 21 22 23 25 26 27 29 31 32 34 35 37 39 40 41 42
 47 48 49 53 56 59 60 62 63 64 65 70 71 72 73 74])
Bicluster(rows=[48, 74], cols=[ 4  6  7  8 12 13 14 18 22 27 28 29 34 40 41 45 47 50 52 55 57 58 59 63
 64 65 69 71 72 73])
Bicluster(rows=[48, 75], cols=[ 2  4  5  7  8 11 21 24 26 27 28 29 36 41 42 44 51 54 56 61 63 64 65 67
 68 72 73])
Bicluster(rows=[48, 76], cols=[ 0  2  5  9 10 12 13 14 17 18 19 20 26 37 39 41 42 47 50 52 55 57 58 59
 63 64 65 69 71 72 73])
Bicluster(rows=[48, 77], cols=[ 1  2  3  6  7  9 10 11 12 18 20 22 25 27 29 32 35 36 45 46 49 50 52 54
 55 57 58 63 67 68 69])
Bicluster(rows=[48, 78], cols=[ 0  2  4  6 12 15 16 18 20 23 24 27 28 29 36 37 39 46 47 48 49 53 56 59
 62 63 64 65 70 72 73 74])
Bicluster(rows=[48, 79], cols=[ 2  6 14 16 18 20 21 23 24 27 32 34 37 40 42 45 49 54 59 62 63 67 68 70
 74])
Bicluster(rows=[48, 80], cols=[ 0  2  3 13 16 18 26 27 29 30 33 42 43 44 53 55 56 57 59 62 63 64 65 69
 71 72 73 74])
Bicluster(rows=[48, 81], cols=[ 0  5  7  9 12 15 19 20 22 24 25 26 27 34 35 36 39 41 42 43 45 46 47 50
 52 53 55 57 58 66 69])
Bicluster(rows=[48, 82], cols=[ 1  2  7 11 12 14 16 22 24 25 27 28 29 31 32 34 35 36 38 39 40 43 45 47
 49 52 55 56 57 58 59 62 63 64 65 69 71 72 73])
Bicluster(rows=[48, 83], cols=[ 1  3 11 16 19 20 22 28 34 35 36 37 40 41 47 51 54 56 59 60 61 63 64 65
 67 68 72 73])
Bicluster(rows=[48, 84], cols=[ 0  2  4  5  6  9 15 18 19 20 21 22 23 27 31 32 33 34 35 38 39 40 41 43
 46 49 51 56 59 60 61 63 64 65 68 72 73])
Bicluster(rows=[48, 85], cols=[ 3  4  6 13 16 23 24 26 29 31 33 34 36 40 41 51 56 61 63 64 65 68 72 73])
Bicluster(rows=[48, 86], cols=[ 0  1  5  8  9 10 11 12 14 21 22 24 30 32 34 35 36 38 39 49 51 54 56 59
 60 61 63 64 65 67 68 72 73])
Bicluster(rows=[48, 87], cols=[ 1  3  6  8 12 16 17 18 19 21 23 24 25 26 27 31 34 35 36 37 38 39 40 42
 46 48 52 55 56 57 58 59 64 65 69 71 72 73])
Bicluster(rows=[48, 88], cols=[ 2 12 16 22 23 26 28 32 34 35 38 44 46 49 50 55 57 60 62 70 74])
Bicluster(rows=[48, 89], cols=[ 0  3  6 11 13 16 21 23 24 26 27 29 30 32 33 35 38 39 41 46 51 56 59 60
 61 63 64 65 68 72 73])
Bicluster(rows=[48, 90], cols=[ 3  4  6  7 12 14 18 19 22 25 26 27 33 35 38 40 44 46 47 48 49 50 53 55
 57 62 70 74])
Bicluster(rows=[48, 91], cols=[ 2  5  6  7 10 11 12 15 17 19 21 25 28 30 39 40 41 43 44 48 53 56 57 59
 60 62 63 64 65 68 70 72 73 74])
Bicluster(rows=[48, 92], cols=[ 2  6 11 13 15 21 23 26 27 28 31 33 35 40 42 43 49 52 55 56 57 58 59 64
 65 69 71 72 73])
Bicluster(rows=[48, 93], cols=[ 8 12 18 19 24 25 26 28 30 31 33 34 35 36 39 40 41 42 43 47 48 52 55 56
 57 58 59 62 63 64 65 69 71 72 73])
Bicluster(rows=[48, 94], cols=[ 1  3  8 10 11 12 14 16 17 18 21 23 24 27 30 34 35 36 37 38 39 41 46 48
 49 52 55 56 57 58 59 65 69 71 72 73])
Bicluster(rows=[48, 95], cols=[ 2  4  5  6  8 11 12 13 14 15 16 17 19 22 24 27 40 41 42 50 52 55 57 58
 59 64 65 71 72 73])
Bicluster(rows=[48, 96], cols=[ 2  6  7 11 12 13 14 16 18 23 26 31 33 35 36 37 38 40 42 48 50 53 54 55
 57 62 70 74])
Bicluster(rows=[48, 97], cols=[ 0  3  5 10 15 18 19 21 23 24 25 26 28 30 31 32 34 35 37 39 41 42 44 45
 48 49 50 51 59 61])
Bicluster(rows=[48, 98], cols=[ 1  2  6 10 11 12 14 22 23 24 27 31 36 38 39 40 46 48 49 50 52 55 58 63
 64 65 71 72 73])
Bicluster(rows=[48, 99], cols=[ 1  5  6 10 13 17 18 19 21 26 29 30 31 39 40 42 43 45 46 47 53 56 57 59
 64 65 67 69 72])
Bicluster(rows=[49, 50], cols=[ 2  4  5  6  7 12 16 20 24 25 26 28 30 32 33 34 35 38 50 51 52 59 62 64
 67 72])
Bicluster(rows=[49, 51], cols=[ 1  9 19 22 25 26 27 28 29 30 31 32 33 34 35 36 37 38 39 40 41 42 43 44
 45 46 47 48 49 54 56 60 63 66 71 74])
Bicluster(rows=[49, 52], cols=[ 0  1  2  7  9 10 16 17 18 21 23 24 25 26 27 29 31 32 33 34 36 37 39 40
 46 47 48 49 50 57 58 62 66 69 72 73 74])
Bicluster(rows=[49, 53], cols=[ 0  1  8  9 10 11 14 17 18 21 24 25 26 27 28 29 30 31 32 33 34 35 36 37
 38 39 40 41 42 43 44 45 46 47 48 49 55 56 57 60 62 63 66 68 71])
Bicluster(rows=[49, 54], cols=[ 0  1  3  4  5  7  8 10 11 12 13 15 22 23 25 26 27 28 29 31 32 33 34 35
 36 37 39 40 41 42 45 46 47 48 49 51 55 59 61 65 66 70 72 73])
Bicluster(rows=[49, 55], cols=[14 19 22 25 26 27 28 29 30 31 32 33 34 35 36 37 38 39 40 41 42 43 44 45
 46 47 48 49 55 56 57 60 61 63 66 68 71 72])
Bicluster(rows=[49, 56], cols=[ 1  2  5  6  8 11 13 15 18 20 22 23 25 26 27 28 29 31 32 33 34 35 36 37
 39 40 41 42 45 46 47 48 49 55 57 58 63 65 66 67 72])
Bicluster(rows=[49, 57], cols=[ 0  1  2  6  7  8 12 15 16 17 18 20 21 24 25 26 27 28 29 30 31 32 33 34
 35 36 37 38 39 40 41 42 45 46 47 48 49 50 51 56 58 59 60 61 63 64 67 70
 72])
Bicluster(rows=[49, 58], cols=[ 0  4  5  7  8  9 11 12 15 16 17 19 21 23 26 31 32 33 39 40 47 49 55 60
 61 66 72])
Bicluster(rows=[49, 59], cols=[ 8  9 11 18 22 25 26 27 28 29 30 31 32 33 34 35 36 37 38 39 40 41 42 43
 44 45 46 47 48 49 54 56 57 60 63 66 68 71 74])
Bicluster(rows=[49, 60], cols=[ 0  2  6  7 12 16 18 20 23 24 25 26 28 30 33 34 35 38 50 51 52 62 65 67])
Bicluster(rows=[49, 61], cols=[ 3  8  9 15 17 19 22 25 26 27 28 29 30 31 32 33 34 35 36 37 38 39 40 41
 42 43 44 45 46 47 48 49 54 56 60 61 63 66 68 71])
Bicluster(rows=[49, 62], cols=[ 1  4  5  6  7  8 10 12 13 15 18 19 20 21 23 24 25 26 27 28 29 30 31 32
 33 34 35 36 37 38 39 40 41 42 43 44 45 46 47 48 49 50 51 52 54 55 57 58
 59 62 63 64 66 67 69 70 72])
Bicluster(rows=[49, 63], cols=[ 3 19 22 25 26 27 28 29 30 31 32 33 34 35 36 37 38 39 40 41 42 43 44 45
 46 47 48 49 54 56 57 60 63 66 68 74])
Bicluster(rows=[49, 64], cols=[ 2  4  5  7  9 10 19 25 26 28 30 31 32 33 34 35 38 39 40 47 49 51 52 53
 55 56 57 58 60 62 63 64 66 67 70 71 72 74])
Bicluster(rows=[49, 65], cols=[ 1  4  6  9 11 12 15 19 20 22 25 26 27 28 29 30 31 32 33 34 35 36 37 38
 39 40 41 42 43 44 45 46 47 48 49 54 57 58 65 66 68 71])
Bicluster(rows=[49, 66], cols=[ 5 10 11 16 17 18 22 23 24 25 30 34 36 38 40 47 49 50 51 52 58 59 65 67
 70])
Bicluster(rows=[49, 67], cols=[ 7 11 14 15 17 19 24 26 27 29 30 31 36 37 38 40 42 44 50 55 57 59 60 61
 65 66 67 72])
Bicluster(rows=[49, 68], cols=[ 0  2  5 11 12 13 15 22 23 25 26 28 32 34 35 36 39 48 49 50 51 52 53 59
 62 64 65 67 73])
Bicluster(rows=[49, 69], cols=[ 1  3  5 10 13 17 18 20 21 22 23 24 25 28 30 33 35 37 41 43 45 47 48 50
 51 58 59 60 64 65 70 73])
Bicluster(rows=[49, 70], cols=[ 2  6  8  9 14 16 18 19 22 26 28 29 30 32 36 38 49 50 51 52 54 59 62 65
 68 69 71 72])
Bicluster(rows=[49, 71], cols=[ 2  3  5  8 10 11 12 14 15 16 18 19 20 21 22 23 24 25 26 29 31 34 38 43
 49 50 51 52 54 59 62 63 68 69 71 72])
Bicluster(rows=[49, 72], cols=[ 7 10 11 14 15 16 17 19 20 21 23 24 25 26 29 32 39 40 41 44 47 48 50 51
 52 53 59 62 65 67 72])
Bicluster(rows=[49, 73], cols=[ 1  6  8  9 10 11 15 17 19 23 25 26 28 29 30 31 32 38 39 40 45 46 47 49
 50 51 52 53 58 59 62 64 65 67 70 73])
Bicluster(rows=[49, 74], cols=[ 0  2  3  4 10 18 20 24 26 31 33 38 39 43 44 48 49 50 51 52 53 54 56 58
 62 63 68 71 72])
Bicluster(rows=[49, 75], cols=[ 5  6 10 16 19 25 27 29 30 32 34 35 36 37 45 49 50 51 52 53 54 55 56 57
 58 63 66 68 70 71])
Bicluster(rows=[49, 76], cols=[ 9 10 11 12 17 18 21 22 24 25 29 30 32 38 40 43 45 46 49 50 51 52 54 59
 62 63 65 68 69 71 72])
Bicluster(rows=[49, 77], cols=[ 0  4  8 11 15 24 28 29 30 33 36 37 43 45 51 52 53 54 55 56 57 58 63 66
 68 70 71])
Bicluster(rows=[49, 78], cols=[ 2  8 11 12 15 20 22 23 24 25 33 34 38 41 47 49 50 51 52 53 58 59 62 65
 67 70])
Bicluster(rows=[49, 79], cols=[ 1  2  9 10 12 23 24 25 29 30 32 33 35 36 37 40 49 50 51 52 53 54 58 63
 68 70 71 72])
Bicluster(rows=[49, 80], cols=[ 3  4  9 10 14 15 16 17 18 20 22 28 32 36 39 40 41 44 45 46 54 55 56 57
 58 60 61 63 66 68 70 71])
Bicluster(rows=[49, 81], cols=[ 0  1  3  5  6  8 11 15 17 18 19 21 22 23 24 25 26 28 29 30 33 34 35 37
 39 44 54 55 56 57 60 61 63 66 68 71])
Bicluster(rows=[49, 82], cols=[ 0  1  2  3  4  5 11 12 13 15 16 22 24 25 28 32 34 35 38 42 44 46 49 50
 51 52 58 59 60 64 70 73])
Bicluster(rows=[49, 83], cols=[ 3  8  9 11 12 14 17 20 22 24 27 29 31 34 35 43 47 48 50 51 52 53 59 62
 65 67 71 72])
Bicluster(rows=[49, 84], cols=[ 0  1  2  4  5  6 14 15 17 18 19 20 21 22 23 29 31 32 33 34 35 36 39 42
 45 49 50 51 52 53 59 62 65 67 73])
Bicluster(rows=[49, 85], cols=[ 1  3  4  7  8  9 11 13 15 18 19 21 24 26 29 31 33 34 35 38 40 43 46 50
 51 52 53 59 62 65 71 72])
Bicluster(rows=[49, 86], cols=[ 0  1  5  6  7 10 11 13 16 18 19 21 22 24 27 30 32 33 34 35 39 40 41 43
 44 45 48 50 51 52 53 58 59 62 65 67 70 72])
Bicluster(rows=[49, 87], cols=[ 0  2  3  6  7  8 11 12 13 16 17 18 24 30 44 50 51 52 53 54 56 62 63 68
 71])
Bicluster(rows=[49, 88], cols=[ 1  2  5  8  9 10 12 17 22 23 26 27 28 29 30 31 32 35 36 38 40 41 42 43
 45 47 48 49 51 52 53 55 56 57 58 62 66])
Bicluster(rows=[49, 89], cols=[ 0  1  3  8  9 11 12 13 14 17 19 21 23 24 25 26 28 32 33 38 39 44 48 50
 51 52 53 59 62 65 67 72])
Bicluster(rows=[49, 90], cols=[ 2  5  6  8  9 11 12 13 15 18 19 20 22 24 25 26 29 31 33 38 41 43 47 50
 51 52 53 54 59 62 63 65 68 69 71 72])
Bicluster(rows=[49, 91], cols=[ 0  1  2  4  7 11 13 14 15 16 19 21 25 27 29 30 37 42 46 50 51 52 53 59
 62 64 65 67 73])
Bicluster(rows=[49, 92], cols=[ 1 10 13 14 15 17 23 28 29 30 31 33 35 37 38 40 44 46 48 49 50 57 59 60
 61 64 65 73])
Bicluster(rows=[49, 93], cols=[ 0  1  2  5  8 10 12 13 16 18 20 23 27 32 44 49 52 53 54 55 56 57 58 63
 66 68 70])
Bicluster(rows=[49, 94], cols=[ 0  3  4  5  6  7  8 10 12 13 15 17 18 21 23 28 43 44 51 52 53 54 56 58
 63 68 71])
Bicluster(rows=[49, 95], cols=[ 9 10 11 14 26 29 30 31 33 35 36 37 38 39 40 41 42 46 47 48 49 51 52 53
 55 56 57 58 66])
Bicluster(rows=[49, 96], cols=[ 1  2  3  5  7  8  9 10 13 15 19 21 23 26 28 31 32 33 34 40 44 46 49 54
 55 56 57 58 63 66 68 70 71 72])
Bicluster(rows=[49, 97], cols=[ 0  1  3  5  6  8 10 14 15 17 18 19 21 23 24 25 26 28 29 30 32 34 35 39
 43 46 47 50 51 52 53 54 56 62 63])
Bicluster(rows=[49, 98], cols=[ 1  4  8 14 15 17 20 25 26 27 28 31 32 34 35 36 37 38 39 46 51 52 53 55
 56 57 58 62 66])
Bicluster(rows=[49, 99], cols=[ 1  4  7  8 16 18 21 23 24 25 28 32 33 34 35 43 49 54 55 57 60 61 66 67
 68 70 73 74])
Bicluster(rows=[50, 51], cols=[ 3  5  6  8 12 14 16 17 20 21 22 24 25 26 27 28 29 30 31 32 33 34 35 36
 37 38 39 40 41 42 43 44 45 46 47 48 49 50 51 52 53 54 55 56 57 58 64 66
 69 72])
Bicluster(rows=[50, 52], cols=[ 0  2  5  7  9 10 11 16 17 20 21 23 25 26 28 29 30 31 32 33 34 35 36 37
 38 39 40 46 47 48 49 50 51 53 54 55 58 60 61 62 70 72])
Bicluster(rows=[50, 53], cols=[ 3  4 14 15 25 26 27 28 29 30 31 32 33 34 35 36 37 38 39 40 41 42 43 44
 45 46 47 48 49 50 52 58 68 70 72 73])
Bicluster(rows=[50, 54], cols=[ 1  3  4  5  6  7  8 10 13 14 15 17 19 20 23 24 25 26 28 30 31 32 33 34
 35 38 39 40 47 49 51 54 55 57 60 63 64 65 69 70 71 72 74])
Bicluster(rows=[50, 55], cols=[ 3  8  9 14 20 21 22 23 24 25 26 27 28 29 30 31 32 33 34 35 36 37 38 39
 40 41 42 43 44 45 46 47 48 49 53 55 57 58 59 64 73])
Bicluster(rows=[50, 56], cols=[ 1  5  6  8  9 13 14 15 19 23 25 26 28 30 31 32 33 34 35 38 39 40 47 49
 53 55 57 58 64 65 66 67 68 72 73])
Bicluster(rows=[50, 57], cols=[ 0  1  2  5 11 15 17 19 20 21 22 25 26 28 30 31 32 33 34 35 38 39 40 47
 48 49 50 51 54 57 58 59 60 63 67 70 71 72 73 74])
Bicluster(rows=[50, 58], cols=[ 0  6  8 15 17 19 20 21 22 23 24 25 26 27 28 29 30 31 32 33 34 35 36 37
 38 39 40 41 42 43 44 45 46 47 48 49 51 52 53 55 56 58 59 61 62 63 64 66
 68 69 70 72 74])
Bicluster(rows=[50, 59], cols=[ 1  3  5 10 12 13 15 17 19 21 22 23 24 25 26 27 28 29 30 31 32 33 34 35
 36 37 38 39 40 41 42 43 44 45 46 47 48 49 51 52 54 55 58 61 63 65 68 70
 72 73 74])
Bicluster(rows=[50, 60], cols=[ 1  2  3  4  5  6  7  8  9 10 12 13 15 16 17 19 20 21 22 24 25 26 27 28
 29 30 31 32 33 34 35 36 37 38 39 40 41 42 43 44 45 46 47 48 49 50 51 52
 53 55 56 57 58 60 61 62 63 64 65 66 67 68 69 70 72 73 74])
Bicluster(rows=[50, 61], cols=[ 0  1  3  5  6  7  8  9 10 12 13 14 15 16 17 18 20 21 22 23 24 28 30 38
 43 44 53 54 56 58 59 62 63 64 66 67 69 70 73])
Bicluster(rows=[50, 62], cols=[ 1  5  7  9 10 12 14 15 18 20 21 22 23 25 26 31 32 33 39 40 47 49 52 53
 54 55 56 57 58 60 61 62 64 70 72])
Bicluster(rows=[50, 63], cols=[ 1  2  3  5  6  7  8  9 10 12 15 16 17 19 20 21 23 24 25 26 28 30 32 33
 34 35 38 39 43 44 50 51 52 55 56 58 61 62 63 64 65 66 67 68 71 72 73 74])
Bicluster(rows=[50, 64], cols=[ 2  4  5  6  7 12 14 17 18 20 23 25 26 27 28 29 30 31 32 33 34 35 36 37
 38 39 40 41 42 43 44 46 47 48 49 51 52 54 55 57 61 62 64 65 67 68 69 70
 72])
Bicluster(rows=[50, 65], cols=[ 3  4 10 13 17 21 22 24 25 26 27 28 29 30 31 32 33 34 35 36 37 38 39 40
 41 42 43 44 45 46 47 48 49 50 52 54 56 57 60 68 72 74])
Bicluster(rows=[50, 66], cols=[ 5 18 24 25 30 32 34 39 42 43 44 47 48 49 50 51 52 53 55 56 57 58 59 60
 61 62 63 64 65 66 67 69 70 71 73 74])
Bicluster(rows=[50, 67], cols=[ 4  7 13 14 15 17 20 21 23 27 29 31 32 36 37 39 40 42 43 45 47 50 51 52
 53 55 56 57 58 59 63 64 65 66 67 69 71 73])
Bicluster(rows=[50, 68], cols=[ 1  5  9 10 12 14 18 19 20 24 25 26 28 29 31 32 34 35 39 41 42 46 49 50
 52 53 56 57 58 59 60 61 62 63 64 65 66 67 68 69 70 73 74])
Bicluster(rows=[50, 69], cols=[ 0  3  5  6 20 21 23 24 25 28 29 33 36 39 44 46 47 48 50 51 55 56 57 58
 59 63 64 65 66 67 69 71 73])
Bicluster(rows=[50, 70], cols=[ 0  4  5  6 14 16 26 27 29 32 33 34 35 36 42 47 49 50 52 54 55 56 57 58
 59 60 61 62 63 66 70 72 73 74])
Bicluster(rows=[50, 71], cols=[ 2  3  4  5 12 13 16 17 20 24 27 29 30 31 33 34 40 41 45 49 50 52 55 57
 60 61 62 66 70 72 74])
Bicluster(rows=[50, 72], cols=[ 0  1  2  3  7  9 12 13 15 16 17 18 19 20 21 23 24 27 28 33 34 45 50 51
 53 55 56 57 58 59 63 64 66 67 68 69 72 73])
Bicluster(rows=[50, 73], cols=[ 4  6  8 12 15 17 24 25 26 27 29 31 32 34 35 37 39 40 41 42 47 48 49 50
 52 53 56 57 58 59 60 61 62 63 64 65 66 67 69 70 71 73])
Bicluster(rows=[50, 74], cols=[ 0  2  6  7 11 12 14 17 27 31 33 36 39 41 45 48 49 50 52 54 56 57 59 60
 61 62 66 70 72 73 74])
Bicluster(rows=[50, 75], cols=[ 4  5  6 10 14 16 17 22 25 28 32 42 43 44 46 49 50 51 52 55 57 58 60 61
 62 66 69 70 72 74])
Bicluster(rows=[50, 76], cols=[ 4  6 12 14 15 19 20 29 32 35 36 40 41 42 46 48 49 50 52 54 55 57 58 59
 60 61 62 66 70 72 74])
Bicluster(rows=[50, 77], cols=[ 0  3  5  6  8 12 14 19 26 27 29 31 34 36 37 38 39 40 41 47 50 52 54 56
 57 58 59 60 61 62 63 66 68 70 72 73 74])
Bicluster(rows=[50, 78], cols=[ 0  3  5  8  9 12 14 15 19 22 24 27 28 29 36 37 39 46 47 48 49 50 52 53
 56 57 58 59 60 61 62 63 64 65 66 67 70 73])
Bicluster(rows=[50, 79], cols=[ 1  2  4  5  6  7  9 10 19 23 27 29 32 34 36 37 40 41 42 45 49 50 52 54
 56 57 59 60 61 62 63 66 68 70 72 73 74])
Bicluster(rows=[50, 80], cols=[ 0  1  2  3  4  9 10 11 13 15 26 29 33 35 37 42 43 44 50 51 52 53 55 56
 57 58 59 61 62 63 64 65 66 67 69 71 73])
Bicluster(rows=[50, 81], cols=[ 0  1  4  5  7  9 15 16 18 20 21 23 24 25 26 27 31 33 34 35 36 39 41 42
 43 45 46 47 48])
Bicluster(rows=[50, 82], cols=[ 4  5  7 12 14 18 24 25 27 28 29 31 32 34 35 36 38 39 40 43 45 47 49 50
 51 55 56 57 58 59 63 64 65 66 67 69 71 73])
Bicluster(rows=[50, 83], cols=[ 3  5  6 12 14 16 20 25 27 29 31 41 42 48 50 52 56 59 60 61 62 63 64 65
 66 67 68 70 73 74])
Bicluster(rows=[50, 84], cols=[ 4  5  6  9 15 20 21 25 27 30 31 32 33 34 35 38 39 43 46 49 50 52 54 56
 57 58 59 60 61 62 63 64 65 66 67 68 70 72 73 74])
Bicluster(rows=[50, 85], cols=[ 3  5 12 14 15 21 22 26 29 31 33 36 40 41 50 52 54 56 59 60 61 62 63 66
 70 73 74])
Bicluster(rows=[50, 86], cols=[ 6  7  8  9 12 13 14 23 24 29 30 32 33 35 36 38 39 48 49 50 52 54 55 56
 57 58 59 60 61 62 63 66 68 70 72 73 74])
Bicluster(rows=[50, 87], cols=[ 4  8 17 20 22 23 24 25 27 31 34 36 37 38 39 40 42 46 47 48 50 55 56 59
 63 64 65 66 71 73])
Bicluster(rows=[50, 88], cols=[ 3  4 15 19 21 22 24 25 26 27 28 29 30 31 32 33 35 36 37 38 40 41 42 43
 45 48 49 63 64 67 71 72 73])
Bicluster(rows=[50, 89], cols=[ 1  3  4  5  6 12 22 23 24 26 27 29 30 33 35 36 38 39 41 46 50 52 54 56
 57 59 60 61 62 63 64 65 66 67 68 70 73 74])
Bicluster(rows=[50, 90], cols=[ 1  3  5  6 10 12 14 20 21 23 24 25 26 27 31 33 35 38 40 44 46 47 48 50
 51 52 55 57 58 60 62 66 69 70 72])
Bicluster(rows=[50, 91], cols=[ 4  7 10 15 16 18 25 28 30 39 40 41 43 44 48 50 51 52 53 54 55 56 57 58
 59 60 61 62 63 64 65 66 67 68 69 70 72 73 74])
Bicluster(rows=[50, 92], cols=[ 1  3  4  5  6  9 13 14 15 20 22 23 24 26 27 31 32 36 40 42 45 46 48 50
 51 55 56 57 59 63 64 65 66 69 71])
Bicluster(rows=[50, 93], cols=[ 1  5  8 22 24 25 26 28 29 30 31 33 34 35 36 38 39 40 41 42 43 47 50 51
 55 56 57 59 63 64 65 66 67 69 71 72 73])
Bicluster(rows=[50, 94], cols=[ 3  4  5  8 14 17 22 24 27 30 34 35 36 38 39 41 46 48 49 50 55 56 59 63
 64 65 66 71 73])
Bicluster(rows=[50, 95], cols=[ 4  6  7  9 10 19 20 24 25 27 28 29 31 32 33 34 37 40 47 48 49 50 52 55
 57 60 61 62 66 70 74])
Bicluster(rows=[50, 96], cols=[ 1  2  3  4  6  8  9 10 12 13 15 21 23 26 27 29 31 35 38 40 41 42 50 52
 54 55 57 58 60 61 62 66 70 72 74])
Bicluster(rows=[50, 97], cols=[ 3  5  6 15 24 25 26 30 31 32 34 35 36 37 39 41 42 44 47 48 49 50 51 52
 55 57 58 60 61 62 66 70 74])
Bicluster(rows=[50, 98], cols=[ 1  3  4 20 22 25 26 28 34 35 39 40 42 44 48 49 51 52 58 60 62 69 70 74])
Bicluster(rows=[50, 99], cols=[ 4  6 10 12 17 22 24 29 30 31 38 39 40 42 45 46 47 50 51 52 55 56 58 68
 72 74])
Bicluster(rows=[51, 52], cols=[ 0  1  2  3  7  9 10 11 21 22 23 24 25 28 30 34 35 38 54 55 56 59 61 62
 70 72])
Bicluster(rows=[51, 53], cols=[ 1  3  4  7  9 12 13 14 15 19 20 23 25 26 27 28 29 30 31 32 33 34 35 36
 37 38 39 40 41 42 43 44 45 46 47 48 49 50 52 56 58 61 63 64 69 72 73])
Bicluster(rows=[51, 54], cols=[ 2  3  4  5  6  8 14 15 18 20 23 24 25 26 28 30 32 33 34 35 38 51 54 55
 57 61 62 64 65 66 67 68 72])
Bicluster(rows=[51, 55], cols=[ 1  2  3  4  7  8 10 11 15 17 18 19 20 21 22 23 24 25 26 27 28 29 30 31
 32 33 34 35 36 37 38 39 40 41 42 43 44 45 46 47 48 49 50 53 55 56 57 58
 60 62 63 64 65 66 69 70 71 73])
Bicluster(rows=[51, 56], cols=[ 3  6 14 15 17 19 20 23 25 26 28 30 33 34 35 38 53 54 63 64 65 67 73])
Bicluster(rows=[51, 57], cols=[ 1  2  6 11 15 16 17 20 21 25 26 28 30 33 34 35 38 50 51 54 55 57 59 60
 63 67 70 72 73 74])
Bicluster(rows=[51, 58], cols=[ 1  2  4  6  8  9 11 13 17 19 22 23 24 25 26 27 28 29 30 31 32 33 34 35
 36 37 38 39 40 41 42 43 44 45 46 47 48 49 52 55 56 58 60 61 64 65 66 67
 70 72 73 74])
Bicluster(rows=[51, 59], cols=[ 0  3  6  7  9 10 12 13 15 17 19 21 23 24 25 26 27 28 29 30 31 32 33 34
 35 36 37 38 39 40 41 42 43 44 45 46 47 48 49 51 52 53 54 55 58 59 60 61
 62 64 66 67 69 71 72 73 74])
Bicluster(rows=[51, 60], cols=[ 0  2  3  4  5  6  7  8 11 12 16 17 18 20 21 22 23 24 25 26 27 28 29 30
 31 32 33 34 35 36 37 38 39 40 41 42 43 44 45 46 47 48 49 50 51 52 53 55
 56 57 58 59 61 64 65 66 67 69 71 72 73 74])
Bicluster(rows=[51, 61], cols=[ 0  4  6  7 10 13 14 15 17 18 20 21 23 24 25 26 27 28 29 30 31 32 33 34
 35 36 37 38 39 40 41 42 43 44 45 46 47 48 49 51 53 54 55 56 57 59 60 62
 64 65 66 67 69 70 71 72 73])
Bicluster(rows=[51, 62], cols=[ 0  1 13 19 25 26 27 28 29 30 31 32 33 34 35 36 37 38 39 40 41 42 43 44
 45 46 47 48 49 63 65 73])
Bicluster(rows=[51, 63], cols=[ 0  2  3  4  6  7  8 10 11 12 13 14 15 17 18 19 20 21 22 23 24 25 26 27
 28 29 30 31 32 33 34 35 36 37 38 39 40 41 42 43 44 45 46 47 48 49 50 52
 54 55 56 58 59 60 61 62 63 64 65 66 67 69 70 71 72 73 74])
Bicluster(rows=[51, 64], cols=[ 0  1  2  3  8  9 10 13 17 18 20 22 23 25 26 28 30 32 33 34 35 38 39 47
 49 51 52 54 60 61 63 64 67 69 70 72])
Bicluster(rows=[51, 65], cols=[ 0  1  2  3  5  9 10 17 19 21 23 24 25 26 27 28 29 30 31 32 33 34 35 36
 37 38 39 40 41 42 43 44 45 46 47 48 49 50 52 54 56 57 59 60 62 63 66 70
 71 72 73])
Bicluster(rows=[51, 66], cols=[ 0 16 18 24 25 30 32 34 39 43 44 50 51 53 55 56 57 59 60 61 62 64 65 66
 67 69 70 74])
Bicluster(rows=[51, 67], cols=[ 0  1  4  9 11 14 17 18 19 20 21 29 31 32 36 37 39 40 43 45 47 51 52 53
 55 57 58 61 68 69 70 74])
Bicluster(rows=[51, 68], cols=[ 3  7 12 13 14 15 20 24 25 26 27 29 31 32 34 37 39 40 49 50 51 55 56 57
 58 59 61 64 65 66 67 74])
Bicluster(rows=[51, 69], cols=[ 1  4 11 13 19 20 21 23 24 25 27 28 29 30 31 35 39 42 44 46 49 50 55 56
 59 60 61 62 64 65 66 68 69])
Bicluster(rows=[51, 70], cols=[ 1  2  6  7  9 14 18 19 26 32 33 34 35 37 46 47 48 49 50 51 52 54 55 56
 57 58 59 61 65 66 71 72 73 74])
Bicluster(rows=[51, 71], cols=[ 0  2 10 12 14 15 17 18 21 23 31 33 36 40 42 48 49 50 51 52 55 56 57 58
 59 61 65 66 71 72 73 74])
Bicluster(rows=[51, 72], cols=[ 2  4  5  7  8 10 12 17 20 21 23 24 28 31 34 36 37 41 46 50 53 54 55 56
 59 60 62 64 65 66 67 69 70 72 73])
Bicluster(rows=[51, 73], cols=[ 0  3  6 10 15 19 23 24 26 31 32 34 35 36 39 40 47 48 49 50 51 53 55 56
 57 59 61 64 66 67 70 74])
Bicluster(rows=[51, 74], cols=[ 0  1  3  4  6  8  9 12 15 16 17 18 19 20 24 27 28 29 36 40 41 47 50 55
 56 57 59 60 61 62 66 68 69 70])
Bicluster(rows=[51, 75], cols=[ 1  6  9 14 16 19 22 25 28 32 40 43 44 46 47 49 50 51 52 55 56 57 58 59
 61 63 65 66 72 73 74])
Bicluster(rows=[51, 76], cols=[ 3  4  5  6  8 12 15 17 20 21 22 23 24 26 29 31 33 36 37 46 47 48 50 55
 56 59 60 62 64 65 66 67 69])
Bicluster(rows=[51, 77], cols=[ 4  6  9 11 12 13 18 22 26 27 34 38 39 42 46 47 50 51 52 54 55 56 57 58
 59 61 65 66 67 71 72 74])
Bicluster(rows=[51, 78], cols=[ 4 12 14 15 21 24 25 28 33 40 42 45 47 50 53 54 55 56 59 61 64 65 66 67
 69 70 71 72])
Bicluster(rows=[51, 79], cols=[ 0  2  6  7  9 22 23 24 28 30 33 38 45 46 50 51 52 55 56 57 58 59 61 63
 65 66 72 73 74])
Bicluster(rows=[51, 80], cols=[ 2  5  6  8  9 10 11 13 22 26 28 30 31 33 40 43 44 45 46 50 54 55 56 59
 60 62 64 65 66 67 69 72 73])
Bicluster(rows=[51, 81], cols=[ 1  2  3  4  7  9 12 13 15 17 27 31 32 36 38 44 46 47 48 50 51 52 53 55
 57 58 61 68 69 70 74])
Bicluster(rows=[51, 82], cols=[ 0  1  2 12 13 14 15 18 19 24 25 28 29 31 32 35 37 38 39 40 43 47 50 55
 56 57 59 60 61 62 66 68 69])
Bicluster(rows=[51, 83], cols=[ 1  7  9 12 14 20 28 34 35 36 39 40 45 46 49 50 51 52 54 55 56 57 58 59
 61 64 65 66 67 71 72 73 74])
Bicluster(rows=[51, 84], cols=[ 2  6 13 15 20 21 23 25 30 31 32 33 34 35 37 38 39 40 47 48 49 50 51 52
 54 55 56 57 58 59 61 64 65 66 67 72 74])
Bicluster(rows=[51, 85], cols=[10 13 14 15 18 21 24 26 32 33 34 37 42 48 49 50 51 52 54 55 56 57 58 59
 61 65 66 71 72 73 74])
Bicluster(rows=[51, 86], cols=[ 0  1  3  5  6  8 10 12 16 18 19 24 30 31 32 34 35 37 38 39 42 49 50 51
 52 54 55 56 57 58 59 61 64 65 66 67 71 72 73 74])
Bicluster(rows=[51, 87], cols=[ 0  1  3  7  9 11 13 14 17 18 20 23 24 25 26 29 33 34 35 38 39 40 50 55
 56 59 62 66 68])
Bicluster(rows=[51, 88], cols=[ 0  1  3  6  7  9 11 13 14 15 18 20 22 25 26 27 29 30 31 32 33 36 37 40
 41 42 43 45 48 49 56 59 65 68 72])
Bicluster(rows=[51, 89], cols=[ 0  9 12 13 23 24 26 28 30 32 33 35 37 38 40 47 50 51 52 54 55 56 57 58
 59 61 64 65 66 67 71 72 73 74])
Bicluster(rows=[51, 90], cols=[ 0  2  3  6  9 12 13 15 18 20 24 25 26 27 33 35 38 40 44 48 49 50 51 52
 55 57 58 59 61 63 65 66 72 73 74])
Bicluster(rows=[51, 91], cols=[ 0  1  2  5  7 13 15 22 25 28 30 36 39 43 44 45 47 48 50 51 52 53 54 55
 56 57 58 59 61 62 64 65 66 67 69 70 71 72 73 74])
Bicluster(rows=[51, 92], cols=[ 5  6  8 10 11 13 15 16 17 19 20 22 36 39 41 47 50 51 52 55 57 58 59 61
 63 66 72 73 74])
Bicluster(rows=[51, 93], cols=[ 0  5  8  9 10 12 13 14 15 18 20 22 26 28 30 31 33 34 38 39 40 41 42 51
 53 55 57 60 61 68 69 70 74])
Bicluster(rows=[51, 94], cols=[ 2  4  5  7  8 11 12 18 20 21 22 27 36 39 41 46 47 51 55 57 60 61 68 69
 70])
Bicluster(rows=[51, 95], cols=[ 0  3  5  9 13 14 15 17 18 24 26 30 31 32 33 35 36 38 46 47 49 64 65 68
 72 73])
Bicluster(rows=[51, 96], cols=[ 3  4  6  8 11 15 18 19 27 29 30 39 41 44 45 48 50 55 56 59 62 64 65 66
 68 72])
Bicluster(rows=[51, 97], cols=[ 6  7 10 21 23 24 25 26 30 31 32 35 36 39 40 44 49 50 51 52 55 57 58 61
 66 74])
Bicluster(rows=[51, 98], cols=[ 0  4  6  9 11 13 14 15 17 22 25 30 31 32 42 48 50 51 52 55 57 58 59 61
 63 66 73 74])
Bicluster(rows=[51, 99], cols=[ 0  1  5  6  9 11 12 17 20 24 26 27 30 39 40 43 47 50 51 52 53 55 58 59
 60 63 64 65 66])
Bicluster(rows=[52, 53], cols=[ 1  3  5  6  7  9 13 14 15 16 17 20 25 26 28 30 34 35 38 51 53 57 58 61
 65 66 67 70 71 72 73 74])
Bicluster(rows=[52, 54], cols=[ 0  6  7 10 12 16 17 18 20 23 24 25 26 27 28 29 30 31 32 33 34 35 36 37
 38 39 40 41 42 43 44 45 46 47 48 49 53 54 55 56 59 60 62 66 68 69 70 72])
Bicluster(rows=[52, 55], cols=[ 0  1  3  4  5 10 11 13 14 17 18 20 21 22 23 25 26 28 30 32 33 34 35 38
 39 50 51 53 55 58 59 60 66 67 73])
Bicluster(rows=[52, 56], cols=[ 2  3 10 14 15 18 23 25 26 27 28 29 30 31 32 33 34 35 36 37 38 39 40 41
 42 46 47 48 49 52 54 55 58 61 68 71 72 73])
Bicluster(rows=[52, 57], cols=[ 0  1  2  3  5  7 11 12 16 17 18 20 21 22 24 25 26 27 28 29 30 31 32 33
 34 35 36 37 38 39 40 41 42 43 45 46 47 48 49 50 53 54 55 58 65 68 70 72])
Bicluster(rows=[52, 58], cols=[ 1  2  4  9 11 12 13 15 17 22 23 24 25 26 28 30 31 32 33 34 35 38 39 40
 47 49 50 51 55 56 58 59 61 62 67 68 69 70])
Bicluster(rows=[52, 59], cols=[ 0  1  3  4  5 10 13 17 21 23 24 25 26 28 30 31 32 33 34 35 38 39 40 47
 49 55 58 61 64 66 70 71 72])
Bicluster(rows=[52, 60], cols=[ 0  2  9 10 14 16 17 18 21 24 25 26 28 30 31 32 33 34 35 38 39 40 47 48
 49 50 51 53 54 55 57 58 62 64 67 70 72])
Bicluster(rows=[52, 61], cols=[ 0  5  9 10 16 17 19 20 21 23 25 28 30 34 35 38 52 53 58 62 68 73 74])
Bicluster(rows=[52, 62], cols=[ 1  3  5  7 10 11 13 14 21 23 24 25 26 27 29 31 32 33 34 36 37 39 40 46
 47 48 49 53 54 55 57 58 60 61 62 65 68 69 70 72])
Bicluster(rows=[52, 63], cols=[ 0  2  5 13 16 17 18 21 22 23 25 26 28 30 32 33 34 35 38 39 50 51 54 55
 57 58 61 62 66 69 72])
Bicluster(rows=[52, 64], cols=[ 1  2  3  5  6  7  9 10 13 14 17 19 20 22 23 25 26 27 28 29 30 31 32 33
 34 35 36 37 38 39 40 41 42 43 44 45 46 47 48 49 50 54 55 57 61 62 63 66
 68 69 70 71 72 74])
Bicluster(rows=[52, 65], cols=[ 0  1  2  3  8 17 18 21 24 25 26 28 30 32 33 34 35 38 43 51 53 54 56 60
 62 63 64 65 66 70])
Bicluster(rows=[52, 66], cols=[ 0  6 10 12 13 17 19 20 23 24 25 27 28 29 30 34 37 40 41 43 44 46 47 49
 55 56 58 59 60 61 62 68 69 70 73])
Bicluster(rows=[52, 67], cols=[ 3  7 17 18 20 23 24 27 28 32 39 40 41 42 43 46 47 50 53 54 55 58 62 68
 73])
Bicluster(rows=[52, 68], cols=[ 0  3  5  6  8 13 14 20 25 26 28 31 32 34 35 36 39 42 44 45 46 49 50 54
 55 56 58 59 60 61 62 68 69 70 73])
Bicluster(rows=[52, 69], cols=[ 1  4  5  6  8 10 11 12 13 18 21 23 24 25 28 30 33 35 36 39 41 44 47 48
 50 51 53 55 56 58 59 62 68 73])
Bicluster(rows=[52, 70], cols=[ 3  4  6  7 11 12 14 15 18 19 21 22 25 27 31 37 39 40 42 45 46 48 52 54
 57 64 65 66 68 72 74])
Bicluster(rows=[52, 71], cols=[ 1  3  4  6  9 11 13 15 16 17 20 21 23 24 37 42 44 45 46 51 53 55 56 58
 59 62 73])
Bicluster(rows=[52, 72], cols=[ 3  6  7  9 10 16 17 19 23 24 25 26 29 32 37 39 40 41 43 45 47 50 54 55
 58 59 60 61 62 69 70 72 73])
Bicluster(rows=[52, 73], cols=[ 0  1  3  9 10 13 14 16 17 18 23 25 26 28 29 30 31 32 34 37 39 40 42 43
 44 47 49 55 56 58 59 60 61 62 68 69 70 73])
Bicluster(rows=[52, 74], cols=[ 0  2  6 10 11 13 15 17 18 20 22 24 26 27 31 33 36 41 45 49 50 55 58 60
 61 62 64 65 67 69 70 71 72])
Bicluster(rows=[52, 75], cols=[ 1  5 13 14 16 20 22 25 26 27 28 29 36 37 41 43 44 45 50 55 58 60 61 62
 64 67 69 70 71 72])
Bicluster(rows=[52, 76], cols=[ 1  6 10 13 16 20 24 25 29 30 32 35 36 40 45 46 49 50 55 58 60 61 62 64
 67 69 70 71 72])
Bicluster(rows=[52, 77], cols=[ 5 13 14 15 17 18 22 24 26 31 34 36 37 38 39 40 44 45 47 50 54 55 58 59
 60 61 62 64 67 69 70 72])
Bicluster(rows=[52, 78], cols=[ 2  4  6  9 24 25 27 29 33 34 36 37 38 40 44 46 47 48 50 54 55 56 58 59
 60 61 62 68 69 70 72 73])
Bicluster(rows=[52, 79], cols=[ 0  2  5  8  9 11 12 14 18 22 23 24 27 28 29 30 32 33 34 36 37 38 40 41
 42 44 49 50 54 55 58 60 61 62 64 67 69 70 71 72])
Bicluster(rows=[52, 80], cols=[ 0  2  9 10 11 12 17 18 22 26 29 30 33 35 37 43 44 50 53 54 55 58 62 68
 72 73])
Bicluster(rows=[52, 81], cols=[ 1  2  3  5  6 14 20 32 38 40 44 45 56 58 59 60 61 62 68 69 70 73])
Bicluster(rows=[52, 82], cols=[ 0  1  2  5  6  7  8 13 14 16 24 25 28 32 34 35 38 40 41 43 47 49 50 51
 53 55 56 58 59 62 68 73])
Bicluster(rows=[52, 83], cols=[ 1  5  6  9 16 17 18 19 24 25 27 28 29 31 42 47 48 50 54 55 58 59 60 61
 62 69 70 72 73])
Bicluster(rows=[52, 84], cols=[ 0  2 13 17 18 19 21 23 25 29 31 32 34 35 36 38 39 43 45 49 54 55 56 58
 59 60 61 62 68 69 70 73])
Bicluster(rows=[52, 85], cols=[ 1  5  6  7  9 13 19 21 24 26 29 31 33 34 36 40 41 45 49 50 54 55 58 60
 61 62 64 67 69 70 72])
Bicluster(rows=[52, 86], cols=[ 0  1  3  7 10 14 20 23 27 29 30 32 33 35 38 39 40 48 50 54 55 58 60 61
 62 64 69 70 72])
Bicluster(rows=[52, 87], cols=[ 0  3  6 11 13 18 20 23 24 26 27 28 31 33 34 35 38 39 41 43 45 46 48 50
 51 52 55 56 57 59 73 74])
Bicluster(rows=[52, 88], cols=[ 2  5  7  9 10 13 14 16 17 18 19 20 23 27 29 31 34 36 40 41 42 44 45 47
 48 50 55 58 60 61 62 63 65 69 70 71])
Bicluster(rows=[52, 89], cols=[ 0  5  6 13 17 19 23 26 27 28 30 32 33 36 38 39 41 42 43 45 48 50 54 55
 58 59 60 61 62 69 70 72])
Bicluster(rows=[52, 90], cols=[ 2  3  4  5  9 13 14 18 19 21 24 25 26 29 31 33 35 38 42 43 45 46 47 50
 55 58 60 61 62 64 65 67 69 70 71 72])
Bicluster(rows=[52, 91], cols=[ 0  1  2  6  7  8 13 16 19 21 22 25 27 28 30 34 37 40 42 43 46 50 54 55
 56 58 59 60 61 62 68 69 70 73])
Bicluster(rows=[52, 92], cols=[ 0  2  5  9 10 15 17 20 23 26 28 31 33 35 36 40 41 43 46 49 50 51 55 56
 59 73])
Bicluster(rows=[52, 93], cols=[ 0  1  2  3  4  5  7 10 11 13 14 16 23 32 36 41 42 48 49 51 57 58 60 62
 63 65 66 70 71])
Bicluster(rows=[52, 94], cols=[ 1  3  5  9 13 14 16 18 20 21 23 24 29 30 34 35 38 39 42 44 45 46 49 50
 51 52 55 56 57 59 73 74])
Bicluster(rows=[52, 95], cols=[ 1  7  9 10 11 20 22 25 26 27 28 29 31 32 33 34 37 38 40 41 42 45 47 48
 49 50 55 58 60 61 62 63 65 66 69 70])
Bicluster(rows=[52, 96], cols=[ 1  2  6 18 19 21 22 23 26 27 29 31 33 34 38 40 41 48 50 55 58 60 62 64
 65 67 70 71])
Bicluster(rows=[52, 97], cols=[ 0  1  5 10 18 19 25 26 27 28 30 31 32 34 35 37 39 44 47 48 49 50 55 58
 60 61 62 63 65 66 69 70])
Bicluster(rows=[52, 98], cols=[ 3  5  6  7 11 13 17 18 19 22 25 26 27 30 31 32 36 37 44 45 46 50 55 58
 60 61 62 63 65 66 69 70 71])
Bicluster(rows=[52, 99], cols=[ 1  3  6  7  9 14 15 16 18 20 23 25 27 28 29 32 33 34 35 40 42 44 45 49
 51 52 53 57 62 64 65 66 73])
Bicluster(rows=[53, 54], cols=[ 1  2  4  5  8 11 13 14 16 17 20 23 27 29 36 37 40 41 42 46 48 50 51 52
 55 57 58 59 60 65 67 69 71 72 74])
Bicluster(rows=[53, 55], cols=[ 1  2  3  5  8 13 14 15 16 17 19 20 25 26 27 28 29 30 31 32 33 34 35 36
 37 38 39 40 41 42 43 44 45 46 47 48 49 51 52 53 54 55 56 57 58 63 64 66
 67 68 69 71 73])
Bicluster(rows=[53, 56], cols=[ 1  2  5  6  8 11 27 29 31 36 37 40 41 42 46 48 50 52 53 54 55 57 63 65
 66 72])
Bicluster(rows=[53, 57], cols=[ 0  2  6 10 17 20 22 27 29 31 36 37 40 41 42 46 48 51 52 55 56 57 59 61
 63 66 67 71 72 74])
Bicluster(rows=[53, 58], cols=[ 1  3  9 10 13 15 17 18 19 25 26 27 28 29 30 31 32 33 34 35 36 37 38 39
 40 41 42 43 44 45 46 47 48 49 51 52 55 58 61 67 70 73])
Bicluster(rows=[53, 59], cols=[ 2  3  5  7  8 12 15 16 18 19 22 25 26 27 28 29 30 31 32 33 34 35 36 37
 38 39 40 41 42 43 44 45 46 47 48 49 52 53 55 56 58 59 60 61 63 64 66 67
 68 69 70 71 72 73])
Bicluster(rows=[53, 60], cols=[ 3  4  7  9 12 15 23 25 26 27 28 29 30 31 32 33 34 35 36 37 38 39 40 41
 42 43 44 45 46 47 48 49 50 52 58 61 63 64 67 68 70 72 73])
Bicluster(rows=[53, 61], cols=[ 2  4  5  6  7  8  9 11 12 13 14 16 17 20 22 23 24 25 26 27 28 29 30 31
 32 33 34 35 36 37 38 39 40 41 42 43 44 45 46 47 48 49 53 54 56 58 59 60
 63 64 65 66 67 68 69 71 72 73 74])
Bicluster(rows=[53, 62], cols=[ 1  2  5  8 10 13 16 18 21 22 24 25 26 27 28 29 30 31 32 33 34 35 36 37
 38 39 40 41 42 43 44 45 46 47 48 49 53 54 55 57 59 60 62 63 65 67 71 73
 74])
Bicluster(rows=[53, 63], cols=[ 4  5  6  7 11 12 13 14 16 17 19 20 23 25 26 27 28 29 30 31 32 33 34 35
 36 37 38 39 40 41 42 43 44 45 46 47 48 49 50 51 52 56 57 58 59 61 63 64
 66 67 68 72 73])
Bicluster(rows=[53, 64], cols=[ 1  9 11 16 19 25 26 27 28 29 30 31 32 33 34 35 36 37 38 39 40 41 42 43
 44 45 46 47 48 49 50 58 63 66 71 74])
Bicluster(rows=[53, 65], cols=[ 1  3  4  9 11 16 18 19 22 23 25 26 27 28 29 30 31 32 33 34 35 36 37 38
 39 40 41 42 43 44 45 46 47 48 49 50 51 53 57 58 59 63 65 66 68 69 70 73])
Bicluster(rows=[53, 66], cols=[ 3  5  7 11 15 18 20 23 26 32 35 39 46 47 49 51 53 54 55 57 59 60 65 66
 69 71 74])
Bicluster(rows=[53, 67], cols=[ 2  8  9 12 16 21 25 26 32 33 34 35 38 39 47 48 51 55 57 59 65 66 69 71
 74])
Bicluster(rows=[53, 68], cols=[ 0  1  2  7 12 14 15 18 40 42 43 45 46 51 53 55 57 59 60 65 66 67 69 71
 74])
Bicluster(rows=[53, 69], cols=[ 0  3 11 19 20 23 26 29 31 34 36 41 45 49 52 54 55 56 58 61 63 65 67 70
 71 72])
Bicluster(rows=[53, 70], cols=[ 1  5  8  9 10 13 14 17 19 22 24 26 31 32 33 34 35 37 40 46 48 50 52 56
 58 61 63 64 67 70 72 73])
Bicluster(rows=[53, 71], cols=[ 0  5  7  8 11 12 16 22 23 25 26 30 32 34 36 37 39 42 46 48 52 54 56 58
 61 63 65 70 71 72])
Bicluster(rows=[53, 72], cols=[ 1  9 11 12 16 17 19 23 29 30 37 38 41 51 53 55 57 59 60 63 65 66 67 68
 69 74])
Bicluster(rows=[53, 73], cols=[ 0  1  2  3  8  9 11 12 14 16 17 18 23 24 28 30 33 38 43 44 50 52 58 61
 70 73])
Bicluster(rows=[53, 74], cols=[ 0  2  4  7 12 14 16 17 22 26 28 31 32 34 48 49 51 53 55 56 57 60 63 64
 66 68 69 72 74])
Bicluster(rows=[53, 75], cols=[ 3  4  5  6  7 10 22 27 29 30 32 36 37 45 47 49 51 53 55 56 57 60 64 66
 69 72 73 74])
Bicluster(rows=[53, 76], cols=[ 2  3  7 11 14 16 18 20 24 28 29 34 36 45 46 48 55 56 57 59 62 63 64 66
 72 73])
Bicluster(rows=[53, 77], cols=[ 0  1  6  7  8 11 12 14 16 22 25 31 33 35 40 47 51 53 55 57 63 66 67 68
 69 74])
Bicluster(rows=[53, 78], cols=[ 5  6  8  9 10 12 18 22 23 25 31 32 33 34 38 42 45 50 52 56 58 61 63 64
 68 72 73])
Bicluster(rows=[53, 79], cols=[ 1  3  6  7  9 10 15 16 22 25 26 29 33 36 37 40 51 53 55 56 57 59 60 63
 64 65 66 67 68 69 72 74])
Bicluster(rows=[53, 80], cols=[ 1  2  6  7  8 10 11 12 13 14 18 19 22 28 30 32 39 43 48 51 53 55 57 59
 60 63 65 66 67 68 69 74])
Bicluster(rows=[53, 81], cols=[ 2  4  8 12 13 14 17 19 21 24 25 26 28 29 30 34 37 38 39 44 51 53 55 56
 57 63 64 68 69 72 73 74])
Bicluster(rows=[53, 82], cols=[ 1  2  5  7 10 12 13 14 16 26 28 35 37 38 43 48 51 53 55 56 57 60 64 69
 72 73 74])
Bicluster(rows=[53, 83], cols=[ 0  1  2  5  6  8  9 10 11 12 16 17 18 20 21 22 26 28 34 35 36 39 40 45
 46 49 50 52 56 58 61 63 64 67 68 70 72 73])
Bicluster(rows=[53, 84], cols=[ 0  2  3  4  5  6  7 19 20 23 26 29 31 32 33 36 42 47 49 51 53 55 57 59
 60 63 65 66 67 69 71 74])
Bicluster(rows=[53, 85], cols=[ 4  5  9 11 12 13 14 18 19 21 22 23 25 28 29 30 32 38 46 49 59 60 62 63
 65 66 67 68])
Bicluster(rows=[53, 86], cols=[ 5  6  8  9 11 12 13 14 15 19 20 25 26 27 28 29 31 32 39 41 45 48 49 51
 53 55 56 57 59 60 63 64 65 66 67 68 69 72 74])
Bicluster(rows=[53, 87], cols=[ 1  5  6 10 11 12 20 21 22 26 29 32 33 34 35 38 39 49 51 53 56 57 60 69
 73 74])
Bicluster(rows=[53, 88], cols=[ 1  2  3  4  5  8  9 14 15 16 17 20 25 26 27 29 30 31 32 33 36 37 40 41
 42 43 45 48 49 51 55 56 57 62 66 73])
Bicluster(rows=[53, 89], cols=[ 3 12 15 19 23 27 29 34 36 40 42 46 47 51 53 55 56 57 59 60 63 64 65 66
 67 68 69 72 74])
Bicluster(rows=[53, 90], cols=[ 0  5  8  9 13 14 22 26 27 32 36 38 39 40 44 48 49 52 54 56 58 59 61 63
 65 70 71 72])
Bicluster(rows=[53, 91], cols=[ 1  2  6  7 12 13 16 21 24 25 28 30 31 36 39 43 44 45 47 49 50 52 56 58
 61 63 64 67 68 72 73])
Bicluster(rows=[53, 92], cols=[ 1  2  4  6  7 11 12 13 14 16 17 20 22 25 29 31 33 34 37 38 40 48 49 51
 54 55 57 59 65 66 71])
Bicluster(rows=[53, 93], cols=[ 2  6  9 12 16 20 21 23 26 27 28 30 31 33 34 36 38 39 41 47 48 50 52 58
 61 73])
Bicluster(rows=[53, 94], cols=[ 5  8  9 10 11 16 20 21 22 25 26 28 29 32 33 46 49 52 55 57 58 59 61 66
 70])
Bicluster(rows=[53, 95], cols=[ 3  6  9 10 12 14 15 16 20 22 23 29 31 36 37 39 40 46 47 48 49 51 53 55
 56 57 60 69 73 74])
Bicluster(rows=[53, 96], cols=[ 4  8  9 10 16 19 21 29 30 32 40 41 44 45 48 51 53 55 56 57 60 64 66 69
 72 73 74])
Bicluster(rows=[53, 97], cols=[ 2  3  4  7  8 13 17 19 20 25 26 31 32 35 37 39 41 42 44 45 48 49 50 54
 56 63 65 72])
Bicluster(rows=[53, 98], cols=[ 2  3  7  9 10 12 14 15 16 23 25 26 30 31 32 39 40 42 48 50 54 56 61 63
 65 70 71 72])
Bicluster(rows=[53, 99], cols=[ 3  4  6  7  8  9 10 15 19 20 21 22 25 26 28 31 33 34 35 36 37 39 47 48
 51 54 57 59 63 65 66 67])
Bicluster(rows=[54, 55], cols=[ 2  5  7 12 13 14 15 16 18 20 21 22 24 27 29 36 37 41 42 46 48 51 52 54
 55 58 61 62 66 67 69 70 74])
Bicluster(rows=[54, 56], cols=[ 1  2  3  5  6  8 11 13 14 15 17 18 19 21 22 23 24 25 26 27 28 29 30 31
 32 33 34 35 36 37 38 39 40 41 42 43 44 45 46 47 48 49 52 54 55 61 64 65
 66 67 68 72])
Bicluster(rows=[54, 57], cols=[ 0  2  6  7 12 15 16 17 18 19 20 21 22 24 25 26 27 28 29 30 31 32 33 34
 35 36 37 38 39 40 41 42 43 44 45 46 47 48 49 51 52 53 54 55 57 67 68 70
 71 72])
Bicluster(rows=[54, 58], cols=[ 0  2  3  4  5  6  7 11 15 20 22 23 24 25 26 28 30 31 32 33 34 35 38 39
 40 47 48 49 52 54 57 61 62 63 64 66 71 72])
Bicluster(rows=[54, 59], cols=[ 0  5 10 13 15 16 17 19 22 23 25 26 28 30 32 33 34 35 38 39 50 51 53 54
 55 63 64 66 67 70 72 74])
Bicluster(rows=[54, 60], cols=[ 0  1  3  4  5  7  8 10 13 17 19 23 25 26 28 30 32 33 34 35 38 39 47 49
 51 57 60 61 63 64 65 67 68 69 70 72 74])
Bicluster(rows=[54, 61], cols=[ 0  4  5  7  8 10 12 16 17 19 21 23 27 29 36 37 41 42 46 48 51 59 60 62
 64 65 67 69 70 74])
Bicluster(rows=[54, 62], cols=[ 2  4  6  7 10 15 16 17 20 23 24 25 26 27 28 29 31 32 33 34 35 36 37 38
 39 40 41 42 45 46 47 48 49 51 54 55 60 64 67 68 69 70 72])
Bicluster(rows=[54, 63], cols=[ 1  3  4  6  7  9 10 14 15 17 19 23 25 26 28 30 33 34 35 38 64 65 66 67
 68 69 71 72 74])
Bicluster(rows=[54, 64], cols=[ 3  7  8 17 20 23 25 26 27 28 29 30 31 32 33 34 35 36 37 38 39 40 46 47
 48 49 51 54 62 64 65 67 69 72])
Bicluster(rows=[54, 65], cols=[ 0  2  3  5  7 10 11 13 18 22 24 25 26 28 30 32 33 34 35 38 39 47 49 53
 58 62 66 72 74])
Bicluster(rows=[54, 66], cols=[ 1  2 11 12 20 24 25 27 29 30 32 34 37 38 39 40 41 43 46 47 49 51 54 55
 57 61 62 63 64 65 67 68 72])
Bicluster(rows=[54, 67], cols=[ 3  7 11 13 14 15 18 21 23 24 27 28 31 33 34 39 40 41 42 46 47 52 54 55
 61 62 63 64 65 66 67 68 72])
Bicluster(rows=[54, 68], cols=[ 0  2  3 10 11 14 15 17 19 20 21 24 25 26 28 31 32 34 35 36 39 44 45 46
 48 49 51 54 55 57 60 61 62 63 64 65 67 69 70 72])
Bicluster(rows=[54, 69], cols=[ 3  6 12 18 23 24 25 28 30 33 35 36 37 39 41 45 47 48 51 52 53 55 57 61
 62 63 64 65 68 71 72])
Bicluster(rows=[54, 70], cols=[ 1  2  5  6  7  8 12 13 16 17 18 31 37 39 40 46 48 53 54 58 64 66 67 68
 72])
Bicluster(rows=[54, 71], cols=[ 3  5  8 10 15 16 18 19 20 23 24 28 36 37 42 45 46 47 52 53 55 58 63 64
 65 66 68 71 72])
Bicluster(rows=[54, 72], cols=[ 1  3  7 10 14 15 16 21 22 23 25 26 29 32 39 40 41 43 47 48 51 54 55 57
 60 63 64 65 67 69 70 72 74])
Bicluster(rows=[54, 73], cols=[ 0  2  8 10 11 15 16 17 18 20 21 23 24 25 26 28 29 30 31 32 34 39 43 44
 45 46 47 49 51 56 57 59 60 63 68 69 70 71 74])
Bicluster(rows=[54, 74], cols=[ 3  4  6  7  8 10 18 20 22 24 28 34 37 42 44 46 47 52 53 55 58 61 62 63
 64 65 66 68 71 72])
Bicluster(rows=[54, 75], cols=[ 2  4  5 10 11 17 20 24 26 28 31 37 43 44 45 48 51 54 55 57 60 65 67 69
 70 72])
Bicluster(rows=[54, 76], cols=[ 1  2  3  5  6  7  8 11 14 16 20 23 27 28 31 34 39 41 43 44 47 54 58 64
 67 68])
Bicluster(rows=[54, 77], cols=[ 1  6  8 14 16 18 19 21 26 31 34 37 38 39 40 44 47 51 54 55 57 60 64 65
 67 69 70 72 74])
Bicluster(rows=[54, 78], cols=[ 1  2 11 14 15 19 22 24 25 33 34 38 41 44 47 48 49 51 54 55 57 61 62 63
 64 65 67 69 72])
Bicluster(rows=[54, 79], cols=[ 0  1  6 10 12 13 16 18 19 21 23 24 28 29 30 32 34 36 37 38 40 41 43 44
 49 51 54 55 57 60 61 62 65 66 67 69 70 72])
Bicluster(rows=[54, 80], cols=[ 0  2  3  5  6  7  8 12 15 16 18 19 20 21 30 35 37 43 44 49 52 54 55 61
 62 64 65 66 67 72])
Bicluster(rows=[54, 81], cols=[ 3  4  8 11 12 15 17 19 20 21 32 38 40 45 51 56 57 59 60 63 69 70 71])
Bicluster(rows=[54, 82], cols=[ 0  2  4  7 11 14 15 16 22 24 25 28 32 35 38 40 41 44 46 47 49 52 53 55
 61 62 63 64 65 66 68 71 72])
Bicluster(rows=[54, 83], cols=[ 2  3 11 14 16 18 21 22 27 28 29 31 34 35 44 47 48 51 54 57 60 63 64 65
 67 69 70 72 74])
Bicluster(rows=[54, 84], cols=[ 0  2  4  5  6 15 18 20 22 23 25 29 31 32 34 35 36 38 39 42 43 44 45 49
 51 54 55 57 60 62 63 64 65 67 69 70 72])
Bicluster(rows=[54, 85], cols=[ 3  4  7 11 14 15 24 26 29 31 33 34 36 40 43 44 46 49 51 54 55 57 60 65
 67 69 70 72 74])
Bicluster(rows=[54, 86], cols=[ 0  3  5  6  7  8 10 11 13 17 20 21 22 24 27 29 30 33 34 35 38 39 40 41
 45 48 51 54 55 57 60 61 62 64 65 67 69 70 72])
Bicluster(rows=[54, 87], cols=[ 0  3 11 14 18 20 21 22 23 24 25 26 28 31 33 34 35 38 39 41 43 44 46 47
 48 53 55 58 63 64 65 66 68 71 72])
Bicluster(rows=[54, 88], cols=[ 1  4  5  6  7 10 12 16 17 18 20 22 27 29 31 34 35 36 38 40 41 42 44 45
 47 48 49 51 55 57 60 66 69 70 74])
Bicluster(rows=[54, 89], cols=[ 0  3  6 11 21 22 23 24 26 27 28 32 33 36 38 39 42 43 48 51 54 55 57 60
 63 64 65 67 69 70 72 74])
Bicluster(rows=[54, 90], cols=[ 1  2  3  6  7 10 15 18 20 22 24 25 26 29 31 33 35 38 41 42 43 45 47 51
 55 57 60 61 62 66 69 70])
Bicluster(rows=[54, 91], cols=[ 0  2  4  5  6 10 11 14 15 16 17 25 27 28 29 30 34 37 42 43 46 51 54 55
 57 60 61 62 63 64 65 67 69 70 72])
Bicluster(rows=[54, 92], cols=[ 0  2  6 11 14 15 20 21 22 23 24 26 28 29 31 32 33 35 37 40 41 43 46 48
 52 53 55 61 62 63 64 65 66 68 71 72])
Bicluster(rows=[54, 93], cols=[ 1  2  5  8 10 11 13 14 15 16 18 20 21 23 26 28 30 33 37 38 43 45 46 51
 56 57 59 62 69 71 73])
Bicluster(rows=[54, 94], cols=[ 0  2  3  4  8 10 11 15 16 17 18 20 23 24 29 30 31 34 35 38 39 44 47 52
 53 55 61 63 64 65 66 68 71 72])
Bicluster(rows=[54, 95], cols=[ 6  7 10 14 16 19 20 23 25 26 28 29 30 31 32 33 34 36 37 38 40 41 42 43
 44 47 48 49 51 55 57 60 61 66 69 70 74])
Bicluster(rows=[54, 96], cols=[ 3  4  5  6  7 10 11 13 15 16 18 23 26 35 38 46 49 51 55 57 60 61 62 66
 69 70 72])
Bicluster(rows=[54, 97], cols=[ 2  4  8  9 12 17 18 20 21 22 26 28 31 34 37 38 40 41 42 43 45 48 49 50
 63 64 65 71 72])
Bicluster(rows=[54, 98], cols=[ 2 10 14 16 18 23 24 26 28 31 34 35 38 39 40 41 42 43 44 48 49 58 63 64
 65 68 71 72])
Bicluster(rows=[54, 99], cols=[ 0  5  6 12 13 17 18 20 21 22 24 26 30 31 36 37 39 41 46 47 48 51 53 54
 55 56 61 64 65 66 68 72 74])
Bicluster(rows=[55, 56], cols=[ 2  3  7  8 12 14 16 18 23 24 25 26 32 33 34 35 55 57 58 64 70 73])
Bicluster(rows=[55, 57], cols=[ 0  1  2  3  5 11 13 14 15 17 18 20 23 25 26 28 30 32 33 34 35 38 50 55
 57 61 62 63 64 73])
Bicluster(rows=[55, 58], cols=[ 1  2  4  8 11 13 17 18 19 21 22 23 24 25 26 27 28 29 30 31 32 33 34 35
 36 37 38 39 40 41 42 43 44 45 46 47 48 49 50 51 52 55 58 59 60 64 65 67
 73])
Bicluster(rows=[55, 59], cols=[ 0  1  2  3  4  5  7 10 15 16 17 18 19 21 23 25 26 27 28 29 30 31 32 33
 34 35 36 37 38 39 40 41 42 43 44 45 46 47 48 49 50 52 53 54 55 58 62 63
 64 66 68 69 71 73])
Bicluster(rows=[55, 60], cols=[ 0  3  8  9 10 11 14 15 17 18 21 22 25 26 27 28 29 30 31 32 33 34 35 36
 37 38 39 40 41 42 43 44 45 46 47 48 49 52 53 56 57 58 60 63 64 65 71 73])
Bicluster(rows=[55, 61], cols=[ 0  1  5  7 10 12 15 16 17 18 20 21 24 25 26 27 28 29 30 31 32 33 34 35
 36 37 38 39 40 41 42 43 44 45 46 47 48 49 50 51 53 54 55 56 57 58 61 62
 63 64 65 66 67 68 69 70 71 73])
Bicluster(rows=[55, 62], cols=[ 0  5  8 12 13 16 19 25 26 27 28 29 30 31 32 33 34 35 36 37 38 39 40 41
 42 43 44 45 46 47 48 49 53 54 65 67 72 73 74])
Bicluster(rows=[55, 63], cols=[ 0  1  2  5  8  9 10 11 13 15 16 17 18 19 20 21 22 24 25 26 27 28 29 30
 31 32 33 34 35 36 37 38 39 40 41 42 43 44 45 46 47 48 49 50 51 52 55 56
 58 60 62 63 64 65 66 68 70 71 73])
Bicluster(rows=[55, 64], cols=[ 2  3  5  8 12 13 17 18 20 21 22 23 28 30 35 38 43 44 51 52 53 54 62 64
 65 67 68 69 70 74])
Bicluster(rows=[55, 65], cols=[ 0  1  2  3 10 12 16 17 18 19 21 22 24 25 26 27 28 29 30 31 32 33 34 35
 36 37 38 39 40 41 42 43 44 45 46 47 48 49 51 53 54 56 57 60 62 66 68 69
 71])
Bicluster(rows=[55, 66], cols=[ 0  4  6 10 11 12 18 27 29 31 33 37 41 48 50 51 52 53 54 55 57 60 62 63
 66 67 68 71])
Bicluster(rows=[55, 67], cols=[ 0  6  7  9 13 14 15 17 18 19 20 24 25 27 29 31 35 36 37 41 42 50 51 52
 53 54 55 57 58 60 62 66 67 68])
Bicluster(rows=[55, 68], cols=[ 1  6 11 14 23 29 40 41 42 43 45 50 51 52 53 54 55 61 62 63 65 66 67 68
 69 70 71 73])
Bicluster(rows=[55, 69], cols=[ 5  9 10 12 13 17 18 19 22 24 34 37 38 39 45 48 51 53 61 62 66 69 70 72])
Bicluster(rows=[55, 70], cols=[ 0  2  5  7 12 13 18 19 26 31 32 33 34 35 37 40 48 50 52 55 56 57 58 60
 63 67 68 71])
Bicluster(rows=[55, 71], cols=[ 5  6  9 15 16 18 24 25 26 30 32 34 36 39 40 45 48 50 54 55 57 58 67])
Bicluster(rows=[55, 72], cols=[ 1  4  6  9 10 11 20 21 22 23 24 30 31 36 42 45 46 49 50 51 55 56 57 61
 62 63 64 65 66 69 70 73])
Bicluster(rows=[55, 73], cols=[ 1  2  3  5  7  8 10 14 15 16 17 18 19 24 25 26 31 32 34 35 36 40 47 48
 52 56 57 58 60 64])
Bicluster(rows=[55, 74], cols=[10 14 17 18 19 20 21 23 24 27 28 34 36 40 41 50 51 55 56 57 61 62 64 65
 69 70 73])
Bicluster(rows=[55, 75], cols=[ 3  8  9 11 16 19 21 23 27 29 33 36 38 40 45 47 50 51 55 56 57 61 62 64
 65 66 69 70 73])
Bicluster(rows=[55, 76], cols=[ 2  3  4  9 10 14 15 18 21 22 23 24 29 31 36 37 39 45 47 48 50 51 55 56
 57 61 62 64 65 66 69 70 73])
Bicluster(rows=[55, 77], cols=[ 9 10 13 16 17 18 21 23 28 30 31 33 35 40 43 47 54 67 68 71 72 74])
Bicluster(rows=[55, 78], cols=[ 0  2  4  5  7 13 15 21 24 25 28 33 34 40 42 45 47 52 53 55 56 57 58 60
 63 65 73])
Bicluster(rows=[55, 79], cols=[ 0  1  3  4 12 21 24 26 41 47 50 51 55 56 57 61 62 63 64 65 66 69 70 73])
Bicluster(rows=[55, 80], cols=[ 0  1  2 11 22 26 28 30 31 33 36 40 41 43 44 45 46 50 51 53 55 56 57 61
 62 63 64 65 66 69 70 71 73])
Bicluster(rows=[55, 81], cols=[ 6  8  9 11 14 17 21 25 26 31 34 35 39 41 43 45 46 47 48 50 51 52 53 54
 55 57 58 60 61 62 66 67 69 70 72])
Bicluster(rows=[55, 82], cols=[ 1  5  9 10 12 13 15 16 21 22 24 26 30 31 32 39 40 42 46 47 49 51 53 61
 62 66 69 70 72])
Bicluster(rows=[55, 83], cols=[ 0  2  3  4  8 14 16 17 20 21 22 23 24 27 29 30 32 33 37 39 40 49 50 51
 55 61 62 63 65 66 69 70 71 73])
Bicluster(rows=[55, 84], cols=[ 0  1  2  7 12 15 18 20 25 30 31 32 33 34 35 37 38 39 40 47 48 49 52 56
 57 58 60 63 65 71 73])
Bicluster(rows=[55, 85], cols=[ 3  4  6  7  9 11 15 18 22 23 27 37 41 45 47 48 50 51 55 56 57 61 62 64
 65 66 69 70 73 74])
Bicluster(rows=[55, 86], cols=[ 2  4  5  7 13 15 18 19 20 22 24 25 26 27 28 29 31 41 45 47 48 49 50 51
 55 61 62 63 65 66 68 69 70 71 73])
Bicluster(rows=[55, 87], cols=[ 3  5  7  8 17 18 20 23 24 26 28 29 32 33 34 35 38 49 50 51 55 56 61 64
 66 74])
Bicluster(rows=[55, 88], cols=[ 0  1  3  5  7  8 11 12 15 16 18 20 21 22 25 26 27 29 30 31 32 33 36 40
 41 42 43 45 48 49 50 55 56 61 64 65 66 73 74])
Bicluster(rows=[55, 89], cols=[ 1  3  4  9 11 17 21 22 27 29 34 36 40 41 42 46 47 49 50 51 55 61 62 63
 65 66 69 70 71 73])
Bicluster(rows=[55, 90], cols=[ 2  3  4  5 10 13 14 15 18 20 21 23 24 25 26 27 32 33 36 37 38 39 40 44
 48 49 50 52 54 55 57 58 60 66 67])
Bicluster(rows=[55, 91], cols=[ 1  2  7 10 12 13 16 22 30 31 32 33 36 39 43 44 45 47 49 50 51 52 53 55
 56 57 58 60 62 63 65 66 68 71 73])
Bicluster(rows=[55, 92], cols=[ 1  2  3  4 10 11 13 14 15 19 20 21 22 36 39 41 46 47 50 54 55 57 58 60
 67])
Bicluster(rows=[55, 93], cols=[ 0  1  4  6  8  9 10 11 14 23 24 29 32 45 47 49 50 52 54 55 57 58 60 66
 67 72])
Bicluster(rows=[55, 94], cols=[ 1  3  7  8 10 14 15 18 19 20 30 34 35 37 38 40 48 49 51 55 56 57 61 62
 64 69 70])
Bicluster(rows=[55, 95], cols=[ 2  3  7  8 15 20 21 29 31 36 37 39 40 46 48 49 50 51 55 56 61 62 64 65
 66 69 73])
Bicluster(rows=[55, 96], cols=[ 1  3  4  8 11 12 15 16 18 19 29 30 32 40 41 44 45 48 50 51 55 56 61 62
 63 64 65 66 69 73 74])
Bicluster(rows=[55, 97], cols=[ 0  3  6 12 16 17 19 20 21 22 23 32 35 37 39 41 42 44 45 47 48 49 56 59
 63 65 73])
Bicluster(rows=[55, 98], cols=[ 3 15 16 17 18 22 24 25 26 31 32 39 40 48 49 50 52 54 55 57 58 60 67])
Bicluster(rows=[55, 99], cols=[ 1  2  3  5  8 12 13 14 18 20 23 24 25 28 31 33 34 36 37 40 46 47 51 53
 54 57 63 66 72 74])
Bicluster(rows=[56, 57], cols=[ 2  3  4  6 11 14 18 19 21 22 23 25 26 27 28 29 30 31 32 33 34 35 36 37
 38 39 40 41 42 43 44 45 46 47 48 49 50 52 55 57 59 63 64 66 67 68 69 72
 73 74])
Bicluster(rows=[56, 58], cols=[ 2  3  6  8 10 15 19 20 23 25 26 28 30 31 32 33 34 35 38 39 40 47 49 50
 53 55 61 64 66 68])
Bicluster(rows=[56, 59], cols=[ 1  3  5 13 15 19 22 23 25 26 28 30 32 33 34 35 38 50 58 60 64 65 66 67
 68 73])
Bicluster(rows=[56, 60], cols=[ 1  2  5  6  8  9 15 18 19 20 25 26 28 30 32 33 34 35 38 39 47 49 53 54
 57 58 59 61 66 68 72 73])
Bicluster(rows=[56, 61], cols=[ 2  3  5  6  8  9 11 14 15 18 19 20 21 27 29 36 37 41 42 45 46 53 54 55
 57 58 61 63 66 72 73])
Bicluster(rows=[56, 62], cols=[ 0  3  5  6  9 10 14 15 16 17 18 22 23 25 26 27 28 29 30 31 32 33 34 35
 36 37 38 39 40 41 42 45 46 47 48 49 53 55 57 59 61 63 64 66 68 72 74])
Bicluster(rows=[56, 63], cols=[ 1  2  6  8 18 19 20 23 25 26 28 30 33 34 35 38 54 58 59 64 65 66 67 68
 72 73])
Bicluster(rows=[56, 64], cols=[ 2  3  5  8 10 14 16 18 23 24 25 26 27 28 29 30 31 32 33 34 35 36 37 38
 39 40 46 47 48 49 50 53 55 57 61 64 65 68 71 72])
Bicluster(rows=[56, 65], cols=[ 0  6  8  9 11 14 18 20 21 22 24 27 29 31 32 33 36 37 39 40 41 42 45 46
 47 48 49 56 59 60 61 64 66 70 73])
Bicluster(rows=[56, 66], cols=[ 3  6  8 10 11 12 15 19 24 26 31 32 33 35 38 39 42 43 48 52 56 60 70 71])
Bicluster(rows=[56, 67], cols=[ 3 11 12 13 18 21 23 26 27 29 30 31 33 34 36 37 38 40 42 44 52 54 55 57
 59 60 61 64 65 66 67 68 70 72 73 74])
Bicluster(rows=[56, 68], cols=[ 1  2  3  4  5  9 11 14 16 17 19 21 24 25 26 28 31 32 34 35 36 39 44 45
 46 48 49 53 54 58 61 64 65 66 67 68 73])
Bicluster(rows=[56, 69], cols=[ 0  1  3  4  5  6 11 12 17 18 19 26 27 32 34 38 40 42 43 49 50 53 55 57
 58 59 61 63 66 71 72])
Bicluster(rows=[56, 70], cols=[ 1  3  5  8  9 13 14 15 16 20 21 23 25 27 28 30 31 37 38 39 40 42 43 44
 46 48 50 51 60 62 63 68 69 72])
Bicluster(rows=[56, 71], cols=[ 5  7  8 10 11 14 18 19 28 35 36 37 42 43 45 46 47 52 54 55 57 59 60 64
 66 67 68 70 72 73 74])
Bicluster(rows=[56, 72], cols=[ 2  5  6  7  8 13 14 16 18 19 21 22 31 35 36 42 43 44 46 49 51 56 62 69
 71])
Bicluster(rows=[56, 73], cols=[ 6 10 11 14 16 21 24 25 26 28 29 30 31 32 38 39 40 45 46 47 49 53 54 57
 58 61 64 65 66 67 68 73])
Bicluster(rows=[56, 74], cols=[ 0  6  8 10 14 18 22 23 24 30 34 35 37 40 42 43 44 46 47 52 54 55 57 59
 60 64 66 67 68 70 72 73 74])
Bicluster(rows=[56, 75], cols=[ 1  2  3  5  8  9 10 13 14 15 16 20 22 23 30 33 39 52 54 55 57 59 60 64
 66 67 68 70 72 73 74])
Bicluster(rows=[56, 76], cols=[ 1  2  3  6  8  9 10 11 14 23 24 28 31 34 37 38 39 41 43 44 50 51 54 59
 62 63 64 67 68 69 72 73])
Bicluster(rows=[56, 77], cols=[ 0  2  5  9 11 14 18 20 23 24 25 30 32 35 42 43 48 50 52 55 59 60 63 68
 70 72 73 74])
Bicluster(rows=[56, 78], cols=[ 0  3  4  5  6  8  9 11 13 14 17 21 26 30 31 32 35 42 43 45 50 52 55 57
 59 63 66 70 72 74])
Bicluster(rows=[56, 79], cols=[ 2  4  7 11 13 14 16 19 20 21 22 24 25 29 30 32 33 35 36 37 38 40 41 43
 53 55 57 59 61 63 66 72 74])
Bicluster(rows=[56, 80], cols=[ 4  5  8 10 11 14 16 19 23 26 28 29 30 33 37 52 55 57 59 63 66 68 70 72
 73 74])
Bicluster(rows=[56, 81], cols=[ 1  4  5  6  7  9 11 12 21 23 24 27 28 30 31 36 38 41 42 46 47 48 51 56
 60 62 69])
Bicluster(rows=[56, 82], cols=[ 0  1  5  6 11 16 17 20 23 24 26 29 30 37 39 44 45 50 52 53 56 71 74])
Bicluster(rows=[56, 83], cols=[ 1  2  5  6  8  9 11 13 14 15 16 18 19 23 26 32 36 39 40 41 43 44 46 49
 51 56 60 62 63 69])
Bicluster(rows=[56, 84], cols=[ 1  2  5  6  7  9 15 16 18 20 22 23 24 25 29 34 35 36 38 39 42 43 44 45
 54 58 64 65 67 68 73])
Bicluster(rows=[56, 85], cols=[ 1  2  5  6  8  9 11 14 17 19 20 21 22 23 24 25 27 28 30 35 37 38 39 42
 43 44 47 48 50 51 54 56 62 63 67 68 69 72])
Bicluster(rows=[56, 86], cols=[ 3  4  5  6  8  9 11 13 14 17 18 21 22 23 27 29 30 32 33 34 35 38 39 40
 41 44 45 48 53 55 57 58 59 61 63 66 72 73])
Bicluster(rows=[56, 87], cols=[ 0  4  7 11 23 24 26 27 30 32 33 36 37 39 40 41 42 45 46 48 49 50 51 54
 59 64 67 68 69 72 73])
Bicluster(rows=[56, 88], cols=[ 7 10 11 12 16 18 19 22 25 26 28 31 32 33 35 37 38 44 46 49 50 51 54 59
 62 64 67 68 69 72 73])
Bicluster(rows=[56, 89], cols=[ 3  6 15 19 20 31 34 44 50 52 54 55 57 59 60 63 66 68 70 72 73 74])
Bicluster(rows=[56, 90], cols=[ 4  5  7  8  9 10 17 18 19 21 24 27 28 30 32 34 36 37 39 52 54 55 57 59
 60 64 65 66 67 68 70 72 73 74])
Bicluster(rows=[56, 91], cols=[ 0  3  7  8  9 11 14 16 19 20 21 31 32 33 35 36 39 45 47 48 49 50 52 60
 63 70])
Bicluster(rows=[56, 92], cols=[ 7 10 16 21 22 23 24 26 28 29 30 31 33 35 36 37 40 41 46 48 49 52 54 55
 57 59 60 64 65 66 67 68 70 73 74])
Bicluster(rows=[56, 93], cols=[ 0  4  7  8 10 16 22 25 26 29 30 31 33 34 35 37 39 40 44 45 46 52 54 55
 57 59 64 65 66 67 68 70 73 74])
Bicluster(rows=[56, 94], cols=[ 0 10 12 14 16 21 22 24 25 26 27 28 32 33 36 40 41 42 45 46 48 49 50 51
 54 55 59 64 65 67 69 72 73])
Bicluster(rows=[56, 95], cols=[ 0  3  5 16 18 24 25 26 27 28 29 30 31 32 33 34 37 38 39 40 45 47 48 49
 50 51 54 62 63 64 67 68 69 72 73])
Bicluster(rows=[56, 96], cols=[ 5 13 16 18 23 26 28 29 31 32 33 34 40 41 43 45 53 55 57 58 59 61 63 66
 71 72])
Bicluster(rows=[56, 97], cols=[ 0  2  7  8  9 11 14 21 22 24 25 26 28 30 31 34 36 37 38 39 40 41 42 45
 48 49 50 51 54 62 63 64 67 68 69 72 73])
Bicluster(rows=[56, 98], cols=[ 2  4  7  9 14 18 19 21 23 25 26 28 31 34 35 38 39 40 41 42 43 44 48 49
 50 51 54 59 62 64 65 67 69 72 73])
Bicluster(rows=[56, 99], cols=[ 4  6  7  8 13 16 17 18 22 24 30 31 36 37 39 41 47 48 53 54 57 58 61 63
 64 65 66 68 70 71])
Bicluster(rows=[57, 58], cols=[ 0  1  6  7 12 15 16 20 22 25 26 28 30 31 32 33 34 35 38 39 40 47 49 52
 58 59 60 65 71 72 74])
Bicluster(rows=[57, 59], cols=[ 0  3  8  9 17 19 22 23 24 25 26 28 30 32 33 34 35 38 39 53 54 55 56 58
 59 62 67 68 72 73])
Bicluster(rows=[57, 60], cols=[ 2  6 16 17 19 20 22 24 25 26 28 30 32 33 34 35 38 39 47 49 50 51 55 57
 59 60 63 68 72 73 74])
Bicluster(rows=[57, 61], cols=[ 1  2  3  6 12 14 17 18 19 20 21 22 24 27 29 36 37 41 42 46 48 51 58 59
 60 63 67 70 72 73 74])
Bicluster(rows=[57, 62], cols=[ 1  3  6  8 11 15 17 20 21 22 24 25 26 27 28 29 30 31 32 33 34 35 36 37
 38 39 40 41 42 45 46 47 48 49 50 51 54 58 59 60 63 65 66 68 70 71 72 73
 74])
Bicluster(rows=[57, 63], cols=[ 0  2  5  6 11 15 16 17 19 24 25 26 28 30 33 34 35 38 50 51 55 59 60 63
 67 68 70 71 72 73 74])
Bicluster(rows=[57, 64], cols=[ 2  3  7 13 14 17 20 23 25 26 27 28 29 30 31 32 33 34 35 36 37 38 39 40
 41 42 46 47 48 49 51 54 56 57 58 60 64 67 68 70 72])
Bicluster(rows=[57, 65], cols=[ 0  1  2  3 10 17 18 19 22 24 25 26 28 30 34 35 38 53 54 57 58 59 61 65
 68 69 71 73])
Bicluster(rows=[57, 66], cols=[ 5  8 12 13 16 18 25 27 29 30 32 34 37 38 39 40 41 43 46 47 49 50 51 54
 55 57 58 59 60 67 68 70 71 73 74])
Bicluster(rows=[57, 67], cols=[ 3  7  8  9 11 17 21 23 24 27 28 31 33 34 39 40 41 42 46 47 50 51 55 57
 58 59 60 64 66 67 70 71 74])
Bicluster(rows=[57, 68], cols=[ 0  3  4  8 10 15 19 20 25 26 28 31 32 34 35 36 39 44 45 46 48 49 50 51
 54 55 57 59 66 67 68 70 71 74])
Bicluster(rows=[57, 69], cols=[ 0  1  5  9 11 12 14 18 20 21 24 25 28 30 33 35 36 37 39 41 45 47 48 50
 51 52 53 55 57 58 59 60 67 68 71 73 74])
Bicluster(rows=[57, 70], cols=[ 3  7 10 11 12 14 17 18 21 23 25 27 28 31 37 39 40 42 44 46 48 54 56 59
 61 62 63 65 67 68 69 71 72 73])
Bicluster(rows=[57, 71], cols=[ 0  5  9 13 15 18 19 21 22 28 35 36 37 39 41 43 45 47 48 54 56 61 62 63
 67 68 69 71 72 73])
Bicluster(rows=[57, 72], cols=[ 3  7  8 13 15 16 17 20 21 22 24 25 26 29 32 39 40 41 43 47 48 54 55 57
 66 67 68 73])
Bicluster(rows=[57, 73], cols=[ 1  5  6 13 15 17 18 25 26 28 30 31 32 34 39 43 44 45 46 47 49 50 51 54
 55 57 58 59 60 67 68 70 71 73 74])
Bicluster(rows=[57, 74], cols=[ 6  7  9 14 16 17 18 20 23 28 34 37 42 44 46 47 50 52 53 55 57 58 59 61
 62 64 71])
Bicluster(rows=[57, 75], cols=[ 1  2  3  5  7 11 20 21 23 24 30 34 35 40 46 47 54 56 59 61 62 63 65 67
 68 69 71 72 73])
Bicluster(rows=[57, 76], cols=[ 0  6 17 20 21 22 27 28 31 34 39 41 43 44 47 54 56 61 62 63 65 67 68 69
 71 72 73])
Bicluster(rows=[57, 77], cols=[ 3  4  6  7  8 10 16 17 18 23 27 28 30 33 35 41 42 43 46 48 49 53 54 56
 61 62 63 65 67 68 69 71 72 73])
Bicluster(rows=[57, 78], cols=[ 0  2  5  8 13 15 19 20 25 33 34 38 41 44 47 48 49 50 51 54 55 57 58 59
 60 63 67 68 70 73 74])
Bicluster(rows=[57, 79], cols=[ 2  5  6 11 12 14 18 19 22 24 28 29 30 32 33 34 36 37 38 40 41 43 44 49
 50 51 54 55 57 59 63 65 70 72 73 74])
Bicluster(rows=[57, 80], cols=[ 0  2  6  7 11 12 14 15 18 23 26 30 35 37 43 44 49 50 51 52 54 55 57 58
 59 60 67 68 70 71 73 74])
Bicluster(rows=[57, 81], cols=[ 0  6  8 10 13 15 16 20 21 24 25 26 27 28 29 30 31 34 35 36 39 42 46 47
 52 53 56 61 62])
Bicluster(rows=[57, 82], cols=[ 0  1  2  5  7  9 12 15 16 19 24 25 28 32 34 35 38 41 46 49 51 52 53 55
 57 58 60 64 66 70 74])
Bicluster(rows=[57, 83], cols=[ 2  3  7 10 11 14 16 17 20 23 30 32 33 38 45 46 50 52 53 54 56 59 61 62
 63 65 67 68 71 72 73])
Bicluster(rows=[57, 84], cols=[ 1  3  5  6  7 10 11 12 14 15 16 17 18 19 21 22 26 27 28 37 40 47 48 53
 56 61 62 63 65 69 72])
Bicluster(rows=[57, 85], cols=[10 11 12 14 18 19 22 23 25 27 28 30 37 38 39 42 47 54 56 63 65 67 68 69
 71 72 73])
Bicluster(rows=[57, 86], cols=[ 0  1  3  4  6  7 15 20 21 23 24 27 30 33 35 38 39 40 41 45 48 50 51 54
 55 57 59 66 67 68 73 74])
Bicluster(rows=[57, 87], cols=[ 3  5  9 11 17 18 20 23 24 26 28 31 33 34 35 36 38 39 40 41 44 45 46 48
 50 59 61 62 64 69])
Bicluster(rows=[57, 88], cols=[ 5  8 15 18 19 21 22 24 25 26 28 30 32 33 35 37 38 46 54 61 62 63 67 68
 69 71 72 73])
Bicluster(rows=[57, 89], cols=[ 1  4  5  9 13 25 26 27 28 29 32 36 41 42 45 46 47 50 51 54 55 57 58 59
 60 63 70 72 73 74])
Bicluster(rows=[57, 90], cols=[ 2  5  6  7  8 12 13 15 20 23 24 25 26 29 31 33 38 41 42 43 45 47 50 51
 55 57 59 63 65 72 73 74])
Bicluster(rows=[57, 91], cols=[ 0  1  2  9 10 15 16 21 25 27 28 30 37 40 42 43 46 51 54 55 57 59 66 67
 68 70 71 74])
Bicluster(rows=[57, 92], cols=[ 0  2  5  6  8 17 19 20 21 22 23 26 28 31 32 33 35 37 40 41 43 46 48 51
 52 53 55 57 58 60 64 66 74])
Bicluster(rows=[57, 93], cols=[18 22 24 25 26 29 30 31 33 34 35 37 40 44 45 46 50 51 52 53 55 57 58 59
 67 68 71])
Bicluster(rows=[57, 94], cols=[ 5  8 13 25 26 27 28 29 32 33 34 36 40 41 42 43 45 46 48 49 54 59 61 62
 63 67 68 69 71 72 73])
Bicluster(rows=[57, 95], cols=[ 1  4  6  7  8 10 11 19 20 25 26 28 29 30 31 32 33 34 37 38 41 42 43 44
 47 48 49 50 55 56 57 59])
Bicluster(rows=[57, 96], cols=[ 1  2  7  8 14 15 18 21 22 26 28 29 31 32 33 34 38 40 41 43 45 50 51 56
 57 58 60 63 65 70 72 74])
Bicluster(rows=[57, 97], cols=[ 1  2  5 11 12 14 16 17 18 20 21 22 33 36 38 40 41 42 43 45 59 61 62 64
 69 71 72 73])
Bicluster(rows=[57, 98], cols=[ 0  2  4  5  8 10 12 14 15 16 19 21 24 28 34 35 38 39 40 41 42 43 48 49
 50 59 61 64 69])
Bicluster(rows=[57, 99], cols=[ 0  2  3  5  6  7 13 14 16 18 19 20 21 22 24 25 27 28 32 33 34 35 44 45
 49 50 57 59 60 65 67 70 71 72])
Bicluster(rows=[58, 59], cols=[ 1  4  6 13 15 17 18 19 20 21 23 24 25 26 27 28 29 30 31 32 33 34 35 36
 37 38 39 40 41 42 43 44 45 46 47 48 49 50 51 52 55 58 61 65 67 68 70 72
 73 74])
Bicluster(rows=[58, 60], cols=[ 0  4  5  6  8  9 11 14 15 17 19 20 21 22 24 25 26 27 28 29 30 31 32 33
 34 35 36 37 38 39 40 41 42 43 44 45 46 47 48 49 51 52 53 54 56 58 60 61
 62 64 65 66 67 68 69 72 74])
Bicluster(rows=[58, 61], cols=[ 1  9 10 13 17 25 26 27 28 29 30 31 32 33 34 35 36 37 38 39 40 41 42 43
 44 45 46 47 48 49 50 51 58 60 65 67 68 70 72 73])
Bicluster(rows=[58, 62], cols=[ 1  2  3  6 11 13 15 22 23 24 25 26 31 32 33 34 39 47 49 52 55 56 58 62
 64 66 67 68 69 73 74])
Bicluster(rows=[58, 63], cols=[ 1  2  8 13 17 19 20 22 24 25 26 27 28 29 30 31 32 33 34 35 36 37 38 39
 40 41 42 43 44 45 46 47 48 49 50 51 52 53 55 58 60 61 62 65 67 68 69 70
 73 74])
Bicluster(rows=[58, 64], cols=[ 1  8  9 13 17 21 22 23 25 26 28 29 30 31 32 33 34 35 36 37 38 39 40 47
 48 49 50 53 55 58 60 62 64 67 68 69 70 72 73])
Bicluster(rows=[58, 65], cols=[ 1  2  3  5  7  9 17 18 19 22 24 25 26 27 28 29 30 31 32 33 34 35 36 37
 38 39 40 41 42 43 44 45 46 47 48 49 51 56 58 60 68 70 72 73])
Bicluster(rows=[58, 66], cols=[ 2 10 14 16 21 23 24 25 30 32 34 37 39 42 43 44 47 48 49 52 53 54 56 58
 59 60 61 62 63 64 66 68 69 70 72 74])
Bicluster(rows=[58, 67], cols=[ 1  3  9 10 11 15 19 29 31 32 36 37 39 40 42 43 45 47 52 53 54 56 59 60
 61 62 63 64 66 69 70 72 74])
Bicluster(rows=[58, 68], cols=[ 0  2  3 13 24 25 26 28 29 31 32 34 35 39 40 41 42 46 49 53 56 59 62 63
 64 66 68 69 72 74])
Bicluster(rows=[58, 69], cols=[ 0  1  4 10 11 12 13 14 19 20 23 24 25 28 29 30 31 33 35 36 39 44 46 51
 52 54 56 58 59 60 61 63 64 66 70 72 74])
Bicluster(rows=[58, 70], cols=[ 0  2  6  9 10 19 26 27 29 32 33 34 35 42 46 47 49 52 53 61 62 65 66 67
 69 72 74])
Bicluster(rows=[58, 71], cols=[ 3  8  9 11 13 14 15 17 21 23 24 36 37 41 44 47 48 51 54 56 58 59 61 63
 66 71 72])
Bicluster(rows=[58, 72], cols=[ 0  4  5  8 11 14 15 21 22 23 24 27 28 34 42 45 51 52 58 60 61 64 65 66
 68 70 72 74])
Bicluster(rows=[58, 73], cols=[ 1  2  3  6  8 13 14 15 17 19 23 24 25 26 27 29 31 32 34 35 37 39 40 41
 42 47 48 49 53 54 56 59 62 63 66 69])
Bicluster(rows=[58, 74], cols=[ 1  2  4  5  6  9 14 17 19 20 21 22 24 25 29 37 42 45 46 52 54 56 58 59
 60 61 62 63 66 70 74])
Bicluster(rows=[58, 75], cols=[ 1  2  4  9 13 14 16 19 24 26 27 28 29 36 41 42 44 49 56 59 65 66 67 72])
Bicluster(rows=[58, 76], cols=[ 0  3  5  6 11 14 15 20 21 24 26 27 33 41 52 54 56 58 59 60 61 63 64 66
 70 72 74])
Bicluster(rows=[58, 77], cols=[ 1  3  5  6  7  8 11 12 14 16 19 24 25 27 32 41 42 46 48 51 52 54 56 58
 59 60 61 62 63 64 66 70 72 74])
Bicluster(rows=[58, 78], cols=[ 0  2  4 13 15 18 20 21 24 27 28 29 36 37 39 40 46 47 48 49 52 53 56 59
 61 62 64 66 68 69 70 72 74])
Bicluster(rows=[58, 79], cols=[ 2  9 11 12 14 18 22 23 24 25 30 33 35 38 44 45 46 47 50 51 52 53 55 58
 61 62 69 70 73 74])
Bicluster(rows=[58, 80], cols=[ 0  2  5  6  7  8  9 10 11 12 14 18 22 26 27 28 29 30 31 33 42 43 44 45
 46 50 51 52 55 56 58 60 61 64 65 66 68 70 72])
Bicluster(rows=[58, 81], cols=[ 4  8  9 13 17 27 31 32 36 38 40 42 44 46 48 52 53 54 56 58 59 60 61 62
 63 64 66 69 70 72 74])
Bicluster(rows=[58, 82], cols=[ 0  1  7 11 12 13 14 19 24 25 27 28 29 31 32 34 35 36 38 40 43 45 47 49
 51 52 54 56 58 59 60 61 62 63 66 70 71 74])
Bicluster(rows=[58, 83], cols=[ 1  9 10 18 24 25 28 36 37 39 40 45 46 47 52 53 58 61 62 65 67 70 74])
Bicluster(rows=[58, 84], cols=[ 0  2  4  6 10 13 15 17 20 23 25 27 30 31 32 34 35 38 39 41 46 49 53 56
 59 62 63 64 66 68 69 72])
Bicluster(rows=[58, 85], cols=[ 2  3  4  6  7  8 17 19 21 23 26 29 31 33 34 36 40 41 45 57 63 64 68])
Bicluster(rows=[58, 86], cols=[ 0  1  2  3  5  6  7 11 14 16 19 24 29 30 32 33 35 36 38 39 48 56 59 63
 64 66 68 69 72])
Bicluster(rows=[58, 87], cols=[ 3  8  9 11 13 17 23 24 25 26 27 28 31 33 34 35 36 37 38 39 40 42 43 46
 48 51 54 55 56 59 63 66 71 72])
Bicluster(rows=[58, 88], cols=[ 1  9 10 11 13 15 21 22 25 26 27 30 31 32 33 36 37 40 41 42 43 45 48 49
 50 54 55 63 64 71 72])
Bicluster(rows=[58, 89], cols=[ 0  6  9 10 17 18 22 23 24 26 27 29 30 33 35 36 38 39 41 46 56 59 62 63
 64 66 68 69 72])
Bicluster(rows=[58, 90], cols=[ 2  4  6  9 13 21 23 24 25 26 27 33 35 38 40 44 46 47 48 52 53 55 58 61
 62 65 69 70 73 74])
Bicluster(rows=[58, 91], cols=[ 1  2 13 15 22 25 28 30 39 40 41 43 44 45 48 52 53 56 58 59 61 62 64 65
 66 68 69 70 72 74])
Bicluster(rows=[58, 92], cols=[ 6 15 17 18 19 20 22 23 24 26 27 31 32 33 36 40 42 45 46 49 52 54 56 58
 59 60 61 62 63 66 70 74])
Bicluster(rows=[58, 93], cols=[ 8  9 13 22 24 25 26 28 29 30 31 33 34 35 38 39 40 42 43 51 52 54 56 58
 59 60 61 62 63 66 70 71 72 74])
Bicluster(rows=[58, 94], cols=[ 1  2  3  4  8 11 13 14 18 19 21 22 23 27 30 34 35 36 38 39 41 42 46 48
 49 51 54 56 58 59 61 63 66 71])
Bicluster(rows=[58, 95], cols=[ 1  2  3  4  5 17 21 24 26 29 30 31 35 37 38 39 40 41 42 47 48 49 50 54
 63 64 65 71 72])
Bicluster(rows=[58, 96], cols=[ 1  9 14 22 23 26 27 29 31 33 35 37 38 40 42 48 52 53 58 61 62 65 67 70
 73 74])
Bicluster(rows=[58, 97], cols=[ 4  8 11 12 13 14 17 18 19 26 27 28 31 34 37 38 39 43 48 49 50 54 63 65
 71 72])
Bicluster(rows=[58, 98], cols=[ 3 11 17 18 20 22 26 28 34 35 39 40 42 44 48 49 50 51 52 55 58 61 62 69
 74])
Bicluster(rows=[58, 99], cols=[ 6  7  8 13 16 20 22 24 25 28 29 32 33 34 40 42 49 50 51 53 55 58 60 61
 63 65 66 69 71])
Bicluster(rows=[59, 60], cols=[ 0  1  3  5  6  7 10 12 13 15 17 19 20 21 22 24 25 26 27 28 29 30 31 32
 33 34 35 36 37 38 39 40 41 42 43 44 45 46 47 48 49 51 52 55 58 59 61 63
 64 66 67 68 69 70 72 73 74])
Bicluster(rows=[59, 61], cols=[ 0  1  2  5  7  8 12 13 16 17 22 23 25 26 27 28 29 30 31 32 33 34 35 36
 37 38 39 40 41 42 43 44 45 46 47 48 49 50 51 53 54 55 56 58 59 60 62 63
 64 66 67 68 69 71 72 73])
Bicluster(rows=[59, 62], cols=[ 0  2  8  9 14 16 18 25 26 27 28 29 30 31 32 33 34 35 36 37 38 39 40 41
 42 43 44 45 46 47 48 49 53 54 57 73])
Bicluster(rows=[59, 63], cols=[ 0  1  5  7 10 12 13 14 15 16 17 19 21 23 24 25 26 27 28 29 30 31 32 33
 34 35 36 37 38 39 40 41 42 43 44 45 46 47 48 49 52 54 55 56 57 58 59 60
 61 63 64 66 67 68 72 73 74])
Bicluster(rows=[59, 64], cols=[ 3  5 11 12 16 17 21 23 25 26 28 30 31 32 33 34 35 38 39 40 47 49 51 52
 54 55 56 58 61 65 66 67 68 72])
Bicluster(rows=[59, 65], cols=[ 0  3  9 10 11 13 14 17 18 19 21 22 24 25 26 27 28 29 30 31 32 33 34 35
 36 37 38 39 40 41 42 43 44 45 46 47 48 49 52 53 54 58 59 62 66 68 70 71
 72])
Bicluster(rows=[59, 66], cols=[ 0  3  5  6  7  9 13 14 15 17 18 19 26 27 29 33 35 37 39 41 46 48 50 53
 56 60 62 69])
Bicluster(rows=[59, 67], cols=[ 2  3  8  9 13 15 17 23 24 26 28 31 33 34 43 45 53 55 58 59 60 62 63 64
 66 67 69 72 73])
Bicluster(rows=[59, 68], cols=[ 1  4  5  6  9 12 13 15 18 23 24 29 40 42 43 45 47 50 53 54 56 60 62 66
 68 69 71 72])
Bicluster(rows=[59, 69], cols=[ 1  2  3  4  5  6  7  8  9 10 13 16 19 20 21 23 24 29 33 36 47 48 51 52
 61 65 74])
Bicluster(rows=[59, 70], cols=[ 3  5 10 13 15 16 17 23 24 29 31 36 39 40 48 53 59 60 62 63 64 66 67 68
 69 72 73])
Bicluster(rows=[59, 71], cols=[ 5  6  8 11 12 13 14 16 17 25 26 30 32 34 36 38 39 40 45 48 51 52 55 56
 58 59 61 66 70 74])
Bicluster(rows=[59, 72], cols=[ 0  1  6  7 12 13 15 16 19 28 31 34 36 37 41 46 49 53 54 59 62 64 66 67
 68 69 72 73])
Bicluster(rows=[59, 73], cols=[ 0  1  3  6 10 12 15 16 17 19 23 25 26 27 31 32 34 35 37 39 40 41 47 48
 49 51 52 61 65 70 74])
Bicluster(rows=[59, 74], cols=[ 7  9 11 16 18 23 26 28 30 31 32 34 35 48 49 50 54 56 60 64 67 68])
Bicluster(rows=[59, 75], cols=[ 2  5  6  8  9 10 11 17 25 28 32 34 40 43 44 46 47 49 51 52 55 56 58 59
 61 66 70 72 73 74])
Bicluster(rows=[59, 76], cols=[ 3 10 12 13 17 23 26 29 31 36 37 39 45 46 47 48 53 55 59 60 62 63 64 66
 69 72 73])
Bicluster(rows=[59, 77], cols=[ 2  9 12 16 19 24 26 27 29 34 38 39 41 42 46 47 51 52 54 59 61 63 64 67
 68 70 71 72 73 74])
Bicluster(rows=[59, 78], cols=[ 4  5  7 15 16 18 20 21 23 24 27 28 29 36 37 39 40 45 46 47 48 49 51 52
 61 65 70 74])
Bicluster(rows=[59, 79], cols=[ 0  5  7  8 10 16 20 23 24 28 32 34 45 46 51 52 54 55 59 61 63 64 67 68
 70 71 72 73 74])
Bicluster(rows=[59, 80], cols=[ 0  2  5 12 18 19 22 23 24 28 30 31 36 39 40 41 43 44 50 53 54 56 60 62
 66 67 68 71])
Bicluster(rows=[59, 81], cols=[ 2  6 15 21 23 24 25 26 31 34 35 39 43 45 46 47 48 50 56 62 66 69])
Bicluster(rows=[59, 82], cols=[ 0  5  9 13 15 19 22 24 25 27 28 29 31 32 34 36 38 40 43 47 49 51 52 53
 58 65 69])
Bicluster(rows=[59, 83], cols=[ 0  1  4  5 10 12 13 15 16 19 21 23 26 27 29 30 32 33 37 39 40 42 49 50
 53 54 56 60 62 64 66 68 69 71])
Bicluster(rows=[59, 84], cols=[ 0  1  5  8 11 14 15 22 25 27 30 31 32 33 34 35 37 38 39 40 47 48 49 51
 52 54 55 58 59 61 63 64 67 68 72 73 74])
Bicluster(rows=[59, 85], cols=[ 1  5  6 10 12 13 18 19 20 22 23 25 28 30 39 41 45 47 50 54 56 57 64 67
 72])
Bicluster(rows=[59, 86], cols=[ 1  4  8 12 15 18 25 26 27 28 29 31 36 45 49 50 53 54 56 60 62 64 66 67
 68 71])
Bicluster(rows=[59, 87], cols=[ 0  2  3  7 12 13 16 17 22 23 24 25 31 34 36 37 39 40 48 53 55 59 60 62
 65 69])
Bicluster(rows=[59, 88], cols=[ 0  3  8  9 13 14 15 21 22 24 26 27 28 29 30 31 32 35 36 40 41 42 43 45
 48 49 50 56 57 59 63 65 72 73])
Bicluster(rows=[59, 89], cols=[ 0  1  2  8 12 14 16 18 22 23 26 29 30 32 33 35 37 38 39 40 47 51 52 54
 55 59 61 63 64 67 68 70 71 72 73 74])
Bicluster(rows=[59, 90], cols=[ 3  4  5  6  8 10 11 15 20 21 22 24 25 26 27 33 35 38 40 44 46 47 48 51
 52 54 55 56 59 61 66 70 71 72 73 74])
Bicluster(rows=[59, 91], cols=[ 2  5  7  9 10 11 14 16 17 25 28 30 31 32 33 36 39 43 44 45 47 49 51 52
 54 55 58 59 62 63 64 66 67 68 69 71 72 73])
Bicluster(rows=[59, 92], cols=[ 0  1  5  6  7 10 12 13 16 17 18 19 23 26 27 31 32 36 40 42 49 51 52 58
 65])
Bicluster(rows=[59, 93], cols=[ 1  5 11 14 18 22 24 25 27 28 30 33 34 35 36 39 41 43 47 48 49 53 55 59
 60 62 63 65 66 69 72 73])
Bicluster(rows=[59, 94], cols=[ 0  3  5 10 12 15 19 23 24 30 35 36 38 39 48 49 53 55 60 62 65 69])
Bicluster(rows=[59, 95], cols=[ 0  1  2  3  9 11 13 15 16 17 21 26 29 30 31 35 36 38 47 48 49 50 56 57
 63 72 73])
Bicluster(rows=[59, 96], cols=[ 1  3  6 12 14 15 19 20 22 25 27 29 30 37 39 41 45 48 53 55 58 59 60 62
 63 64 66 69 72 73])
Bicluster(rows=[59, 97], cols=[ 0  1  2  5  6  7  8  9 10 11 14 15 18 22 23 24 25 26 28 30 31 32 34 35
 36 39 40 41 44 48 49 51 52 55 56 59 61 66 70 74])
Bicluster(rows=[59, 98], cols=[ 1  3  7  8  9 14 17 18 20 25 26 28 30 31 34 35 39 40 42 48 49 50 51 52
 55 56 61 66 70 74])
Bicluster(rows=[59, 99], cols=[ 2  5  8 10 12 13 14 17 18 22 26 27 30 33 40 43 52 53 54 55 58 59 60 64
 66 68 69 72 74])
Bicluster(rows=[60, 61], cols=[ 0  4  9 18 23 25 26 27 28 29 30 31 32 33 34 35 36 37 38 39 40 41 42 43
 44 45 46 47 48 49 51 53 55 56 57 59 63 64 67 68 72 73])
Bicluster(rows=[60, 62], cols=[ 4  6  7  9 10 11 12 15 18 20 22 24 26 31 32 33 39 40 47 49 50 52 53 56
 57 59 60 62 63 66 67 70 71 72 74])
Bicluster(rows=[60, 63], cols=[ 0  1  2  3  4  7  8 10 11 12 16 17 18 19 20 21 22 23 24 25 26 27 28 29
 30 31 32 33 34 35 36 37 38 39 40 41 42 43 44 45 46 47 48 49 50 52 54 55
 56 58 59 62 63 64 65 66 67 68 69 71 72 73 74])
Bicluster(rows=[60, 64], cols=[ 0  2  4  5  9 12 14 20 25 26 27 28 29 30 31 32 33 34 35 36 37 38 39 40
 43 44 46 47 48 49 54 56 57 60 62 68 70 72])
Bicluster(rows=[60, 65], cols=[ 0  2  3  4  5 10 13 17 21 22 23 24 25 26 27 28 29 30 31 32 33 34 35 36
 37 38 39 40 41 42 43 44 45 46 47 48 49 50 56 57 59 60 68 70 71 72])
Bicluster(rows=[60, 66], cols=[14 18 21 23 25 30 32 34 39 42 43 44 48 50 51 52 53 54 55 56 57 58 60 61
 62 63 64 65 66 68 69 71 72 73 74])
Bicluster(rows=[60, 67], cols=[ 4  7 11 13 15 17 18 24 29 31 32 36 37 39 40 43 45 47 50 51 52 53 54 56
 57 58 61 65 66 69 72 73])
Bicluster(rows=[60, 68], cols=[ 0  3  9 10 12 19 23 25 26 27 28 29 31 32 34 35 37 39 40 49 50 51 52 53
 56 57 58 60 61 62 63 64 65 66 67 68 69 71 72 73 74])
Bicluster(rows=[60, 69], cols=[ 0  4 11 14 20 23 25 27 28 29 30 31 35 39 42 44 46 49 54 56 57 59 63 64
 65 66 67 68 71 72 73])
Bicluster(rows=[60, 70], cols=[ 2  6 16 18 26 27 29 32 33 34 35 42 47 49 50 55 56 58 62 63 64 65 66 67
 70 72 73 74])
Bicluster(rows=[60, 71], cols=[ 2  6  7 12 13 17 20 23 25 26 30 32 34 36 40 45 48 49 51 52 57 58 59 60
 61 62 69 70 74])
Bicluster(rows=[60, 72], cols=[ 2  3  6  7  9 11 12 13 14 15 17 19 21 22 33 34 41 42 51 52 53 56 57 59
 61 63 64 65 66 68 69 71 72 73])
Bicluster(rows=[60, 73], cols=[ 3  9 12 17 23 25 26 27 31 32 34 35 37 39 40 47 48 49 50 51 52 53 54 55
 56 57 58 60 61 62 65 66 68 69 71 73 74])
Bicluster(rows=[60, 74], cols=[ 3  6 10 13 14 16 17 18 21 24 25 29 37 41 45 46 50 51 52 53 54 56 57 61
 66 69])
Bicluster(rows=[60, 75], cols=[ 6 10 14 16 22 25 28 32 43 44 46 49 50 51 52 55 57 58 59 60 61 62 66 69
 70 72 74])
Bicluster(rows=[60, 76], cols=[ 1  2  6 10 11 12 13 14 16 18 20 21 24 26 27 33 41 42 45 50 51 52 53 54
 56 57 61 66 69])
Bicluster(rows=[60, 77], cols=[ 1  8 11 12 15 18 19 24 26 27 29 31 34 36 37 38 39 40 41 47 50 55 56 58
 61 62 63 64 65 66 67 70 72 73 74])
Bicluster(rows=[60, 78], cols=[ 1  3  9 12 19 20 21 23 24 27 28 29 36 37 39 40 45 46 47 48 49 50 51 52
 53 56 57 58 60 61 62 63 64 65 66 68 69 71 72 73 74])
Bicluster(rows=[60, 79], cols=[ 0  1  2  7  9 10 14 18 19 22 24 27 29 32 34 37 40 42 45 49 50 55 56 58
 62 63 64 65 66 67 70 71 72 73 74])
Bicluster(rows=[60, 80], cols=[ 0  2  3  6  9 11 13 14 22 26 27 28 30 31 33 43 44 45 46 54 56 57 59 63
 64 65 66 67 68 71 72 73])
Bicluster(rows=[60, 81], cols=[ 1  3  4  5  6  7  8 11 12 15 16 17 20 21 24 27 29 37 41 42 51 52 57 60
 61 63 64 65 66 67 69 72 73])
Bicluster(rows=[60, 82], cols=[ 0  2  3  4 11 13 14 16 19 23 24 25 27 28 31 32 35 36 38 40 43 45 47 49
 50 51 52 55 58 61 62 69 74])
Bicluster(rows=[60, 83], cols=[ 3 12 24 25 28 31 36 37 40 45 47 50 51 55 56 58 60 61 62 63 64 65 66 67
 70 71 72 73 74])
Bicluster(rows=[60, 84], cols=[ 0  4  5  9 23 25 27 30 31 32 33 34 35 37 38 39 40 46 49 50 51 52 55 56
 57 58 59 60 61 62 63 64 65 66 67 68 69 70 71 72 73 74])
Bicluster(rows=[60, 85], cols=[ 3  9 12 15 18 21 22 23 24 26 27 33 34 37 42 48 49 50 55 56 58 62 63 64
 65 66 67 70 72 73 74])
Bicluster(rows=[60, 86], cols=[ 0  5  7  8  9 12 13 18 30 32 34 35 36 37 38 39 42 49 50 51 52 56 57 58
 59 60 61 62 63 64 65 66 67 69 70 72 73 74])
Bicluster(rows=[60, 87], cols=[ 3 23 25 26 28 29 32 33 34 35 38 39 40 49 54 59 63 64 65 68 71 72 73])
Bicluster(rows=[60, 88], cols=[ 0  3 11 15 18 19 21 22 24 25 26 27 29 30 31 32 33 36 37 40 41 42 43 45
 48 49 54 56 59 63 65 72 73])
Bicluster(rows=[60, 89], cols=[ 0 12 23 26 29 30 32 33 35 37 38 39 40 47 50 51 52 55 56 57 58 59 60 61
 62 63 64 65 66 67 69 70 72 73 74])
Bicluster(rows=[60, 90], cols=[ 1  3  6 10 12 14 18 20 21 24 25 26 27 33 35 38 40 44 46 47 48 50 51 52
 57 58 59 60 61 62 66 69 70 72 74])
Bicluster(rows=[60, 91], cols=[ 0  5  7 10 12 16 22 25 28 30 39 40 43 44 45 48 50 51 52 53 54 55 56 57
 58 59 60 61 62 63 64 65 66 67 68 69 70 71 72 73 74])
Bicluster(rows=[60, 92], cols=[ 0  1  2  3  6 10 13 15 17 19 20 22 26 27 31 32 36 40 42 46 50 51 52 55
 61 69])
Bicluster(rows=[60, 93], cols=[ 1  8 12 22 23 24 25 26 28 30 31 33 34 35 38 39 40 41 42 43 50 51 52 54
 56 57 61 66 69])
Bicluster(rows=[60, 94], cols=[ 0  4  5  8  9 10 12 14 18 22 24 27 29 31 41 46 47 50 51 52 54 61 66 69])
Bicluster(rows=[60, 95], cols=[ 6  7  9 10 11 12 19 22 23 25 26 27 28 31 32 33 34 40 47 48 49 51 57 58
 59 61 62 66 70 74])
Bicluster(rows=[60, 96], cols=[ 2  3  4  5  8  9 10 13 18 21 26 27 29 31 35 40 42 49 51 56 58 60 61 62
 63 64 65 66 67 70 72 73 74])
Bicluster(rows=[60, 97], cols=[ 0  5  6 15 23 24 25 26 30 31 32 34 35 36 39 40 41 44 48 49 51 57 58 59
 61 62 66 70 74])
Bicluster(rows=[60, 98], cols=[ 0  1  7  8  9 11 12 18 20 27 29 36 37 41 42 46 50 56 58 62 63 64 65 66
 67 70 72 73 74])
Bicluster(rows=[60, 99], cols=[ 0  5  6  8  9 11 13 18 20 22 23 24 29 31 38 42 45 46 50 53 54 55 57 58
 60 61 63 65 66 67 69])
Bicluster(rows=[61, 62], cols=[ 0  1  3  4  5  6  7  9 10 12 13 15 16 18 20 22 24 27 29 36 37 41 42 45
 46 48 50 52 53 56 58 60 61 63 66 67 69 71 73 74])
Bicluster(rows=[61, 63], cols=[ 0  1  3  4  5  6  7  9 10 11 12 13 14 15 16 17 18 21 23 24 25 26 27 28
 29 30 31 32 33 34 35 36 37 38 39 40 41 42 43 44 45 46 47 48 49 51 55 56
 58 59 60 62 63 64 65 66 67 68 70 71 73])
Bicluster(rows=[61, 64], cols=[ 5 10 12 17 18 19 20 21 23 24 25 26 28 30 34 35 38 50 51 53 54 60 62 64
 67 70])
Bicluster(rows=[61, 65], cols=[ 0  1  4  9 11 14 15 18 21 22 23 25 26 27 28 29 30 31 32 33 34 35 36 37
 38 39 40 41 42 43 44 45 46 47 48 49 51 53 54 57 58 59 62 65 66 68 69 70
 71 72 73])
Bicluster(rows=[61, 66], cols=[ 2  5  9 18 21 24 26 31 33 38 43 44 51 53 56 58 59 60 61 62 63 64 65 66
 67 68 69 70 71 72 73 74])
Bicluster(rows=[61, 67], cols=[ 3  4 11 15 17 18 21 24 25 26 31 35 40 41 46 53 54 58 59 61 62 65 66 70])
Bicluster(rows=[61, 68], cols=[ 1  3 19 29 41 42 43 45 52 53 54 56 58 59 60 61 62 64 65 66 67 68 69 70
 71 73 74])
Bicluster(rows=[61, 69], cols=[ 0  3  4  5 11 19 23 24 27 28 30 35 40 42 44 49 52 56 58 59 60 61 63 64
 66 68 69 72 73 74])
Bicluster(rows=[61, 70], cols=[ 3  5  7  9 12 15 16 17 18 20 22 24 26 32 33 34 35 37 40 46 48 49 55 56
 57 63 64 67 71 72 73])
Bicluster(rows=[61, 71], cols=[ 3  5  8 10 13 14 15 16 18 19 23 25 26 30 32 34 36 37 39 42 46 48 51 54
 57 59 62 65 66])
Bicluster(rows=[61, 72], cols=[ 0  4  7  9 10 11 16 17 20 21 23 24 28 29 40 48 49 52 58 59 60 61 64 65
 66 67 68 69 71 74])
Bicluster(rows=[61, 73], cols=[ 2  3  6  8 14 19 36 38 43 44 51 52 53 56 58 59 60 61 62 63 64 65 66 67
 68 69 70 71 72 73 74])
Bicluster(rows=[61, 74], cols=[ 2  6  7 10 12 15 16 20 21 24 26 28 31 32 34 48 49 52 59 61 63 64 65 66
 67 68 69 71 73 74])
Bicluster(rows=[61, 75], cols=[ 0  4  5  9 10 11 13 22 23 32 33 38 48 49 52 59 60 61 64 65 66 67 68 69
 71 74])
Bicluster(rows=[61, 76], cols=[ 0  1  4  6  9 11 12 13 15 16 17 19 23 24 40 52 59 61 63 64 65 66 68 69
 73 74])
Bicluster(rows=[61, 77], cols=[ 2  3  5 11 13 16 17 18 26 34 38 42 46 49 55 56 57 63 64 67 68 71 72 73])
Bicluster(rows=[61, 78], cols=[ 0  1  3  4  8 12 14 15 21 24 25 31 32 34 38 42 53 56 58 59 60 61 64 65
 66 67 68 70 71])
Bicluster(rows=[61, 79], cols=[ 2  6  7  9 12 14 16 18 19 21 22 24 26 29 36 37 40 52 56 59 60 61 63 64
 65 66 67 68 69 71 73 74])
Bicluster(rows=[61, 80], cols=[ 0  1  3  6  9 10 13 15 28 30 31 36 40 41 43 44 45 46 51 52 56 58 59 60
 61 63 64 65 66 67 68 69 70 71 72 73 74])
Bicluster(rows=[61, 81], cols=[ 0  1  2  3  7  8 11 12 14 16 19 21 23 25 26 34 35 40 43 50 52 53 60 61
 69 74])
Bicluster(rows=[61, 82], cols=[ 0  3  4  5 11 13 15 16 25 28 29 31 35 37 38 39 43 51 52 55 57 58 60 61
 62 69 70 74])
Bicluster(rows=[61, 83], cols=[ 0  1  9 11 12 13 17 18 20 21 23 24 26 31 32 33 39 47 48 52 59 60 61 65
 67 69 71 74])
Bicluster(rows=[61, 84], cols=[ 0  1  3  4  6  8  9 12 13 14 17 18 19 21 22 23 24 25 30 32 33 34 35 38
 40 47 48 51 55 56 57 62 63 64 68 71 72 73])
Bicluster(rows=[61, 85], cols=[ 0  1  4  9 11 15 16 22 23 24 29 32 39 46 49 50 52 59 64 65 67 68 69 71
 74])
Bicluster(rows=[61, 86], cols=[ 0  1  3  5  6  7  8  9 10 11 18 21 25 26 27 29 31 41 45 47 48 49 52 53
 56 58 59 60 61 63 64 65 66 67 68 69 70 71 73 74])
Bicluster(rows=[61, 87], cols=[ 2  5  6  7 11 14 15 17 18 19 20 22 23 25 26 32 33 34 39 49 52 56 61 63
 66 69 72 73 74])
Bicluster(rows=[61, 88], cols=[ 0  2  4  5  6  7  8  9 10 13 14 18 20 25 26 27 29 30 31 32 33 36 40 41
 42 43 45 48 49 50 56 59 66 72])
Bicluster(rows=[61, 89], cols=[ 0  1  2  5  6  8 11 13 15 17 20 22 23 26 30 32 33 35 37 38 40 47 49 51
 55 56 57 63 64 67 68 71 72 73])
Bicluster(rows=[61, 90], cols=[ 1  2  3  6 10 12 14 15 20 21 24 32 36 37 38 39 44 50 51 52 53 58 60 61
 62 69 70 74])
Bicluster(rows=[61, 91], cols=[ 0  7 12 14 15 16 19 25 28 30 36 39 43 44 45 47 49 51 53 55 56 57 58 62
 63 64 65 66 67 68 70 71 72 73])
Bicluster(rows=[61, 92], cols=[ 2  4  5 11 16 17 19 20 22 25 29 31 33 34 37 38 40 48 50 52 53 58 60 61
 69 70 74])
Bicluster(rows=[61, 93], cols=[ 1  2  3 10 12 13 14 15 18 20 25 27 28 30 33 34 35 36 39 41 43 47 48 51
 55 57 58 60 61 62 69 70 72 74])
Bicluster(rows=[61, 94], cols=[ 5 10 12 15 17 20 22 25 26 30 32 33 34 35 38 52 56 59 61 63 64 66 68 69
 73 74])
Bicluster(rows=[61, 95], cols=[ 0  1  6  7  9 10 11 16 22 23 31 36 39 40 46 48 49 52 56 58 60 61 63 66
 69 72 73 74])
Bicluster(rows=[61, 96], cols=[ 0  2  4  5  6  9 10 11 14 16 18 22 25 31 32 39 40 46 56 58 60 61 63 64
 66 68 69 73 74])
Bicluster(rows=[61, 97], cols=[ 0  1  2  7  8 18 19 20 21 22 25 26 30 31 32 35 36 39 41 44 48 49 55 56
 57 59])
Bicluster(rows=[61, 98], cols=[ 0  3  6  7  9 13 16 17 18 20 21 22 23 29 31 37 39 49 52 56 61 63 66 69
 72 73 74])
Bicluster(rows=[61, 99], cols=[ 0  2  9 18 19 21 22 24 26 29 30 39 40 42 43 45 47 53 66 67 69])
Bicluster(rows=[62, 63], cols=[ 0  5 14 16 25 26 27 28 29 30 31 32 33 34 35 36 37 38 39 40 41 42 43 44
 45 46 47 48 49 57 59 65 72 73])
Bicluster(rows=[62, 64], cols=[ 0  3  5  7 13 14 16 17 18 20 29 31 32 36 37 39 40 46 47 48 49 51 54 57
 61 62 67 68 69 70 72])
Bicluster(rows=[62, 65], cols=[ 0  1  4  6  9 12 14 15 19 25 26 27 28 29 30 31 32 33 34 35 36 37 38 39
 40 41 42 43 44 45 46 47 48 49 53 54 58 59 61 63 64 73])
Bicluster(rows=[62, 66], cols=[ 0  5  9 18 25 27 29 32 35 37 38 39 41 46 47 49 50 51 52 53 55 56 57 58
 60 62 64 66 68 70 71 74])
Bicluster(rows=[62, 67], cols=[ 0  2  4  7  8 11 15 16 18 21 23 24 28 30 32 34 39 44 46 47 50 51 52 53
 56 58 64 66 68 71 74])
Bicluster(rows=[62, 68], cols=[ 1  2  5  8  9 12 13 14 16 17 18 25 26 28 32 34 35 36 38 39 43 48 49 50
 51 52 56 60 62 64 66 68 70 71 74])
Bicluster(rows=[62, 69], cols=[ 5 11 13 16 19 20 21 23 24 25 28 30 33 35 37 39 41 43 45 47 48 50 52 53
 55 56 57 58 64 66 68 71 74])
Bicluster(rows=[62, 70], cols=[ 4  5  7  8  9 10 11 12 14 15 16 19 20 21 22 23 24 25 28 30 31 37 38 39
 40 43 46 48 54 63 65 67 73])
Bicluster(rows=[62, 71], cols=[ 0  5  7  8  9 12 19 20 21 24 25 30 31 33 34 38 43 44 51 52 55 59 60 62
 63 70 72 73 74])
Bicluster(rows=[62, 72], cols=[ 0  1  7  8 10 12 19 20 22 24 25 26 29 32 35 39 40 47 48 50 51 52 54 56
 60 61 62 64 66 67 69 70 71 74])
Bicluster(rows=[62, 73], cols=[ 1  2  6  8  9 10 12 13 14 16 19 23 25 26 28 30 31 32 38 39 45 46 47 49
 50 51 52 56 60 61 62 64 66 68 69 70 71 74])
Bicluster(rows=[62, 74], cols=[ 4  8 11 12 13 14 15 16 18 20 24 31 33 38 39 43 44 48 49 51 52 54 55 59
 60 62 63 66 70 72 73 74])
Bicluster(rows=[62, 75], cols=[ 5  6  8 10 14 17 19 22 25 29 30 32 34 35 36 37 45 49 51 52 55 57 59 60
 61 62 63 65 66 69 70 72 73 74])
Bicluster(rows=[62, 76], cols=[ 2 12 13 14 15 16 18 24 25 29 30 32 38 40 43 45 46 49 50 51 55 59 61 62
 63 65 66 69 70 72 73])
Bicluster(rows=[62, 77], cols=[ 0  5  7  8  9 10 13 19 20 21 23 25 28 30 32 35 44 48 54 57 59 63 67 72
 73])
Bicluster(rows=[62, 78], cols=[ 0  2  3  9 11 12 15 23 24 26 35 42 43 45 51 52 53 54 55 56 57 58 59 60
 63 64 66 67 71 72 74])
Bicluster(rows=[62, 79], cols=[10 11 16 22 23 24 25 29 30 32 33 35 36 37 40 51 52 54 55 56 59 60 61 62
 63 66 67 70 72 73 74])
Bicluster(rows=[62, 80], cols=[ 1  2  8  9 10 13 15 17 22 25 32 36 38 39 41 50 51 52 54 56 60 61 62 63
 66 67 69 70 72 74])
Bicluster(rows=[62, 81], cols=[ 2  5  6  8  9 13 18 19 20 21 23 24 25 26 28 30 33 34 35 37 44 53 57 58
 59 65 73])
Bicluster(rows=[62, 82], cols=[ 2  7 12 13 16 18 19 25 30 31 32 35 39 40 41 42 46 47 49 55 56 57 58 59
 64 68 71 72])
Bicluster(rows=[62, 83], cols=[ 0  2  8 12 20 24 27 29 31 34 35 43 47 48 50 51 52 54 55 56 60 61 62 63
 64 66 67 69 70 72 74])
Bicluster(rows=[62, 84], cols=[ 1  4  5  9 13 15 20 21 23 28 29 31 32 33 36 39 42 45 49 50 51 52 54 56
 60 61 62 63 64 66 67 69 70 71 72 74])
Bicluster(rows=[62, 85], cols=[ 0  1  2  4  5  7  8 12 13 15 16 18 19 21 22 24 26 29 31 33 34 35 40 43
 46 50 51 52 54 56 60 61 62 63 66 67 69 70 72 74])
Bicluster(rows=[62, 86], cols=[ 1  2  3  6  7  9 10 12 14 17 18 19 20 24 27 30 32 33 34 35 39 40 41 43
 44 45 48 50 51 52 54 56 60 61 62 63 64 66 67 69 70 71 72 74])
Bicluster(rows=[62, 87], cols=[ 2  3  4  5  7 11 12 16 17 18 19 20 21 22 24 25 28 34 35 38 44 47 50 58
 66])
Bicluster(rows=[62, 88], cols=[ 0  1  2  5  8 10 12 14 16 23 26 27 28 29 30 31 32 35 36 38 40 41 42 43
 45 47 48 49 51 52 55 57 59 60 61 62 65 69 70 74])
Bicluster(rows=[62, 89], cols=[ 1  8 12 13 16 19 22 23 24 25 26 28 32 33 36 39 44 48 50 51 52 54 56 60
 61 62 64 66 67 69 70 71])
Bicluster(rows=[62, 90], cols=[ 0  5  6  8 10 12 13 14 18 19 20 24 25 26 29 31 33 38 41 47 51 52 55 59
 60 61 62 63 65 66 69 70 72 73 74])
Bicluster(rows=[62, 91], cols=[ 1  2  5 10 13 17 18 22 25 27 29 37 39 40 42 46 52 53 54 55 56 57 58 59
 60 63 64 67 72 74])
Bicluster(rows=[62, 92], cols=[ 1  2  8  9 10 15 16 20 22 23 26 28 29 30 31 32 33 35 37 38 40 44 48 55
 56 57 58 64 66 68 71])
Bicluster(rows=[62, 93], cols=[ 3  5  8  9 11 12 13 15 17 18 20 22 23 27 32 36 41 48 49 52 55 57 58 60
 65 70 74])
Bicluster(rows=[62, 94], cols=[ 2  4  5 10 13 14 19 21 22 24 28 31 34 35 39 47 55 56 57 59 64 68 71 72])
Bicluster(rows=[62, 95], cols=[ 0  6  7 10 11 16 22 26 29 30 31 32 33 35 36 37 38 41 42 46 47 48 49 51
 52 55 57 59 61 62 65 69 70 74])
Bicluster(rows=[62, 96], cols=[ 0  1  8 10 12 19 21 23 26 28 31 33 34 38 44 46 49 51 52 54 55 59 60 62
 63 67 70 72 73 74])
Bicluster(rows=[62, 97], cols=[ 1  5  6  8 10 13 15 16 19 21 22 23 24 25 26 28 29 30 32 34 35 38 39 43
 46 47 51 52 55 59 61 62 65 66 69 70 72 73])
Bicluster(rows=[62, 98], cols=[ 0  1  4  8 11 16 20 25 26 27 28 29 31 32 34 35 36 37 38 39 46 51 52 55
 57 60 62 65 70 74])
Bicluster(rows=[62, 99], cols=[ 0  5  8 10 12 13 26 28 29 31 33 35 36 37 39 40 41 46 47 48 52 54 55 56
 58 59 65 72 74])
Bicluster(rows=[63, 64], cols=[ 2  4  6  8 12 13 17 20 22 25 26 28 30 31 32 33 34 35 38 39 47 49 53 54
 56 60 61 62 66 67 68 69])
Bicluster(rows=[63, 65], cols=[ 0  2  4 10 11 14 15 17 18 19 21 22 23 24 25 26 27 28 29 30 31 32 33 34
 35 36 37 38 39 40 41 42 43 44 45 46 47 48 49 51 54 59 60 62 66 68 70 71
 73])
Bicluster(rows=[63, 66], cols=[ 5  9 18 21 26 31 33 38 39 43 44 50 51 52 54 55 56 59 60 62 63 64 65 66
 67 68 70 71 72 73 74])
Bicluster(rows=[63, 67], cols=[ 2  3  4  8  9 10 15 18 19 25 27 35 41 46 51 52 59 60 66 70 72 73])
Bicluster(rows=[63, 68], cols=[ 0  1  9 10 12 13 15 19 25 26 27 31 32 34 37 39 40 50 52 54 55 56 58 62
 64 65 67 68 69 71 74])
Bicluster(rows=[63, 69], cols=[ 1  2  6  7  8  9 13 14 16 17 18 19 22 24 26 31 32 34 48 49 51 52 59 60
 63 66 70 72 73])
Bicluster(rows=[63, 70], cols=[ 3  5  6 14 16 18 19 26 32 33 34 35 37 40 46 48 50 53 55 56 58 59 62 63
 65 69 72 73 74])
Bicluster(rows=[63, 71], cols=[ 2  3  5  9 12 14 15 16 17 18 20 23 24 25 26 30 32 34 36 37 39 40 42 48
 50 52 53 55 56 58 59 62 63 66 69 72 73 74])
Bicluster(rows=[63, 72], cols=[ 2  3  7  8 11 12 16 17 21 22 23 24 28 31 34 36 37 41 46 50 51 54 56 59
 60 64 65 66 67 68 70 73])
Bicluster(rows=[63, 73], cols=[ 0  4  5 10 11 12 13 16 17 18 19 23 24 31 32 34 35 36 39 40 47 48 49 52
 54 55 58 62 65 69 71 74])
Bicluster(rows=[63, 74], cols=[ 2  4  5  6  7  9 12 13 17 18 19 20 22 24 29 31 33 37 39 42 46 49 50 52
 53 55 56 58 59 62 63 69 72 73 74])
Bicluster(rows=[63, 75], cols=[ 4  5 10 19 22 25 28 32 40 43 44 46 47 49 50 53 55 56 58 59 61 62 63 66
 69 72 73 74])
Bicluster(rows=[63, 76], cols=[ 1  8  9 10 11 12 15 16 17 18 20 21 22 24 26 29 31 33 36 37 39 46 47 48
 50 51 54 56 60 64 65 66 70 71])
Bicluster(rows=[63, 77], cols=[ 3  5  6  8 11 12 13 18 26 27 34 38 42 46 50 53 55 56 58 61 62 63 64 65
 67 69 73 74])
Bicluster(rows=[63, 78], cols=[ 2  3  5 12 15 20 21 23 24 25 28 33 40 42 45 47 50 52 54 55 56 58 60 62
 64 65 67 68 69 71 74])
Bicluster(rows=[63, 79], cols=[ 1  2  5  6  7 10 22 23 24 28 30 33 38 46 47 50 52 53 55 56 58 59 62 63
 66 69 72 73 74])
Bicluster(rows=[63, 80], cols=[ 0  1  2  3  6  8 11 13 15 22 28 30 31 33 36 40 41 43 44 45 46 50 51 54
 56 59 63 64 65 66 67 68 71 72 73])
Bicluster(rows=[63, 81], cols=[ 3  4  7  9 11 12 13 14 20 21 25 26 31 34 35 39 43 45 46 47 48 51 57 60
 70])
Bicluster(rows=[63, 82], cols=[ 3  5  7 12 15 18 24 25 28 32 34 35 37 38 39 48 50 51 54 56 59 64 65 66
 71])
Bicluster(rows=[63, 83], cols=[ 3  5 11 12 14 16 20 28 34 35 39 40 45 46 49 50 53 55 56 58 61 62 63 64
 65 67 68 69 73 74])
Bicluster(rows=[63, 84], cols=[ 0  1  2  3  4  6  9 13 14 18 20 23 25 30 31 32 34 35 37 38 39 40 48 49
 50 53 54 55 58 61 62 64 65 67 68 69 71 74])
Bicluster(rows=[63, 85], cols=[ 3  4  5 12 13 14 18 24 26 32 33 34 37 48 49 50 53 55 56 58 62 63 65 69
 73 74])
Bicluster(rows=[63, 86], cols=[ 0  1  2  3  5  6 11 12 18 19 20 21 22 24 26 27 29 31 36 41 45 47 50 51
 56 59 60 63 64 66 67 68 70 72 73])
Bicluster(rows=[63, 87], cols=[ 5 11 13 14 23 24 25 26 29 32 33 34 35 38 39 49 51 54 56 59 64 65 66 71])
Bicluster(rows=[63, 88], cols=[ 0  3  4  5  6 11 13 14 15 18 21 22 24 25 26 27 29 30 31 32 33 36 40 41
 43 48 49 56 57 59 65 66])
Bicluster(rows=[63, 89], cols=[ 0  1  3  5  6 12 13 15 23 24 26 30 32 33 35 37 38 40 47 50 53 54 55 56
 58 61 62 63 64 65 67 68 69 74])
Bicluster(rows=[63, 90], cols=[ 2  5 10 12 13 15 18 20 21 24 25 26 27 33 35 36 38 40 44 48 49 50 52 53
 55 56 58 59 62 63 66 69 72 73 74])
Bicluster(rows=[63, 91], cols=[ 0  7 10 13 14 15 16 22 25 28 30 36 39 43 44 45 47 48 50 52 54 55 56 58
 59 60 62 63 64 65 66 67 68 69 70 71 72 73 74])
Bicluster(rows=[63, 92], cols=[ 3  8 11 16 21 24 30 36 38 40 41 44 46 49 51 52 53 57 60 70 74])
Bicluster(rows=[63, 93], cols=[ 1 12 13 14 24 25 26 27 28 30 33 34 35 36 38 39 47 48 49 50 51 54 55 56
 59 60 64 65 66 70 71])
Bicluster(rows=[63, 94], cols=[ 4  8 10 13 15 16 17 19 23 24 30 34 35 37 38 40 48 49 50 51 55 66])
Bicluster(rows=[63, 95], cols=[ 5  6  7 10 11 12 15 19 22 23 25 26 31 32 33 34 39 40 47 49 50 53 55 58
 59 62 66 69 72 74])
Bicluster(rows=[63, 96], cols=[ 1  3  4  6 11 15 16 18 19 29 30 32 40 41 44 45 48 54 56 57 59 63 64 65
 66 71 72 73])
Bicluster(rows=[63, 97], cols=[ 0  3 10 23 24 25 26 30 31 34 35 36 40 44 50 53 55 58 59 61 62 66 69 74])
Bicluster(rows=[63, 98], cols=[ 1  4  5  6  7 11 13 14 15 17 20 22 25 26 30 31 32 39 40 48 49 50 52 53
 55 58 59 62 66 69 72 74])
Bicluster(rows=[63, 99], cols=[ 0  6 11 14 17 18 24 27 29 31 38 39 40 47 50 54 55 58 60 63 64 65 66 70])
Bicluster(rows=[64, 65], cols=[ 0  1  5  7 10 11 13 15 16 19 24 25 26 27 28 29 30 31 32 33 34 35 36 37
 38 39 40 41 42 43 44 45 46 47 48 49 50 56 58 60 63 66 67 72 73])
Bicluster(rows=[64, 66], cols=[ 0  4  5 10 13 15 18 20 21 25 27 28 29 30 32 34 37 40 41 43 44 45 46 47
 49 51 52 53 61 62 64 65 69 70])
Bicluster(rows=[64, 67], cols=[ 0  1  3  4  6  7  9 10 12 14 16 17 18 20 23 27 32 39 41 42 43 46 47 51
 52 60 61 62 64 65 69 70])
Bicluster(rows=[64, 68], cols=[ 3  5  6 12 13 16 18 20 24 25 26 28 31 32 34 35 39 42 45 46 49 51 52 53
 54 61 62 65 67 68 69 70 72])
Bicluster(rows=[64, 69], cols=[ 2  5  6  7  8 10 11 13 17 22 24 26 29 31 32 34 38 40 46 49 50 55 56 57
 58 60 63 66 70 71 73])
Bicluster(rows=[64, 70], cols=[ 1  9 11 15 26 27 29 32 33 34 35 36 41 42 45 47 49 51 52 53 55 56 57 61
 62 69 70 72])
Bicluster(rows=[64, 71], cols=[ 2  7 10 11 12 15 16 17 19 20 24 25 26 27 30 32 34 38 40 41 49 50 51 52
 53 55 56 57 62 63 66 69 70 71 73])
Bicluster(rows=[64, 72], cols=[ 1  2  8  9 12 14 16 18 24 30 31 36 38 42 45 46 49 50 56 66 68 73 74])
Bicluster(rows=[64, 73], cols=[ 0  1  3  9 10 12 13 14 16 17 19 24 25 26 27 28 29 30 31 32 37 38 40 41
 42 43 44 47 48 49 51 52 53 61 62 64 65 69 70])
Bicluster(rows=[64, 74], cols=[ 4  6 10 11 12 13 14 15 19 23 24 28 29 34 37 40 45 47 50 54 55 56 58 66
 67 68 72])
Bicluster(rows=[64, 75], cols=[ 4  5  9 11 13 14 15 17 22 24 25 26 27 28 29 36 41 42 43 44 49 51 52 53
 56 57 61 62 69 70 71 72])
Bicluster(rows=[64, 76], cols=[ 3  7  8 10 12 14 15 17 20 22 24 28 31 37 39 41 42 47 50 54 56 66 67 72
 74])
Bicluster(rows=[64, 77], cols=[ 1  2  3  5  6  7 12 15 17 19 21 23 24 25 27 32 35 41 42 43 46 48 49 50
 54 55 56 58 66 67 68 72 74])
Bicluster(rows=[64, 78], cols=[ 2  9 11 12 21 24 25 27 29 33 34 36 37 38 40 44 46 47 48 51 52 53 54 61
 62 64 65 67 68 69 70 72])
Bicluster(rows=[64, 79], cols=[ 0  2  5  9 15 16 22 23 27 28 29 30 32 34 37 38 40 41 42 44 51 52 53 56
 61 62 69 72])
Bicluster(rows=[64, 80], cols=[ 0  5  6  7  9 10 14 16 23 26 27 28 29 30 33 35 37 42 43 44 50 54 55 56
 57 58 60 66 67 68 72])
Bicluster(rows=[64, 81], cols=[ 1  4 11 12 13 15 22 24 27 28 31 32 36 38 40 41 42 44 46 47 48 54 55 56
 57 58 60 67 68 72])
Bicluster(rows=[64, 82], cols=[ 0  1  4  6  7 12 13 16 19 25 27 28 29 31 32 34 35 36 38 39 40 43 45 47
 49 50 54 55 56 57 58 67 68 72])
Bicluster(rows=[64, 83], cols=[ 1  6  9 15 19 20 25 27 28 29 31 37 41 42 47 48 51 52 53 54 61 62 67 68
 69 70 72])
Bicluster(rows=[64, 84], cols=[ 2  4  5 11 13 16 19 20 24 25 29 30 31 32 34 35 36 38 39 41 43 49 51 52
 53 54 61 62 67 68 69 70 72])
Bicluster(rows=[64, 85], cols=[ 1  7 11 13 24 25 27 32 35 37 39 42 43 44 47 48 50 51 52 53 55 56 57 62
 63 69 70 71 73])
Bicluster(rows=[64, 86], cols=[ 1  3  5  7  8 10 12 14 15 18 19 20 23 24 29 30 32 33 34 35 36 38 39 48
 49 51 52 53 54 61 62 67 68 69 70 72])
Bicluster(rows=[64, 87], cols=[ 0  1  3  4  6  9 12 13 15 16 17 20 23 26 27 28 31 33 34 35 36 37 38 39
 40 42 43 45 46 48 55 57 58 64 65 74])
Bicluster(rows=[64, 88], cols=[ 0  2  4  5  6  7 10 11 13 14 17 19 20 23 24 27 29 31 34 36 40 42 47 48
 49 51 52 53 56 57 61 62 63 69 71 73])
Bicluster(rows=[64, 89], cols=[ 6  9 11 12 13 15 16 19 26 27 28 29 30 32 33 36 38 39 41 42 43 45 46 51
 52 53 54 61 62 67 68 69 70 72])
Bicluster(rows=[64, 90], cols=[ 0  2  3  5  9 11 13 14 18 19 21 23 25 26 29 31 33 35 38 42 44 45 46 47
 51 52 53 56 57 61 62 69 70 71 72])
Bicluster(rows=[64, 91], cols=[ 4  5  6 11 12 13 17 18 19 22 24 25 27 28 30 34 37 40 41 42 43 44 51 53
 54 57 62 67 68 69 70 72])
Bicluster(rows=[64, 92], cols=[ 0  3  5  6  7  8  9 10 13 14 15 17 19 20 27 34 39 42 45 47 50 51 53 55
 57 62 63 66 69 70 71 73])
Bicluster(rows=[64, 93], cols=[10 11 12 13 16 19 25 26 28 29 30 31 33 34 35 38 39 40 42 43 54 55 57 58
 60 67 68 72])
Bicluster(rows=[64, 94], cols=[ 0  1  3  4  9 10 11 13 14 15 16 17 19 27 30 33 34 35 36 41 44 46 48 49
 50 55 64 65 66 72 74])
Bicluster(rows=[64, 95], cols=[ 0  1  7  9 12 15 16 20 22 24 25 26 27 28 29 31 32 33 34 37 40 41 42 45
 47 48 49 50 51 52 53 55 57 61 62 63 69 73])
Bicluster(rows=[64, 96], cols=[ 1  2  6  9 11 12 16 19 22 23 27 28 29 32 33 34 37 40 42 48 50 51 53 55
 56 57 63 69 70 71 73])
Bicluster(rows=[64, 97], cols=[ 0  5 10 11 13 16 19 25 26 27 28 30 31 32 34 35 37 39 41 42 44 45 47 48
 49 50 51 52 53 55 56 57 62 63 69 70 71 73])
Bicluster(rows=[64, 98], cols=[ 0  3  5  6  7  9 12 13 16 17 19 22 24 25 27 30 31 32 33 36 37 45 46 50
 51 52 53 55 56 57 61 62 63 69 71 73])
Bicluster(rows=[64, 99], cols=[ 0  1  5  6  9 12 15 17 19 24 26 29 30 31 39 40 42 43 45 46 47 50 52 54
 55 60 63 66 68 71 72])
Bicluster(rows=[65, 66], cols=[ 0  2  4  5  6  8 10 15 17 24 25 27 29 30 32 34 37 39 43 44 45 47 49 52
 55 67 74])
Bicluster(rows=[65, 67], cols=[ 1  3  4  6  7  9 13 16 17 19 21 24 28 29 31 33 34 36 37 40 43 45 50 56
 57 60 62 70 72])
Bicluster(rows=[65, 68], cols=[ 0  1  3  6  8 10 14 15 17 19 27 37 38 44 47 54 57 58 59 60 62 66 68 70
 71 73])
Bicluster(rows=[65, 69], cols=[ 1  8 16 18 19 21 23 24 25 27 28 29 30 31 35 39 42 44 46 49 53 56 57 58
 62 66 71 72])
Bicluster(rows=[65, 70], cols=[ 9 12 14 18 20 25 28 30 31 37 38 39 40 43 46 48 52 57 59 60 62 63 64 66
 70 73])
Bicluster(rows=[65, 71], cols=[ 7 11 13 14 15 18 21 23 24 25 26 30 32 34 38 39 40 41 45 48 50 52 59 63
 64 65 73 74])
Bicluster(rows=[65, 72], cols=[ 1  2  5 11 13 16 17 21 22 23 30 36 37 38 41 46 49 51 53 54 58 59 61 66
 68 69 71 73])
Bicluster(rows=[65, 73], cols=[ 0  1  2  3  9 10 11 15 16 17 19 20 23 27 28 30 33 38 40 41 43 44 48 52
 55 67 74])
Bicluster(rows=[65, 74], cols=[ 1  3  5  9 10 11 15 17 19 22 24 27 28 29 34 36 40 41 47 50 53 56 57 58
 62 72])
Bicluster(rows=[65, 75], cols=[ 1  4  9 10 12 17 22 25 32 34 40 43 44 46 47 57 59 60 62 63 64 65 66 70
 73])
Bicluster(rows=[65, 76], cols=[ 2  5  7 10 13 15 18 31 36 37 39 42 45 48 51 57 58 59 61 66 69 72])
Bicluster(rows=[65, 77], cols=[ 0  4 11 12 14 16 18 19 20 22 24 28 30 33 42 44 48 49 57 58 59 60 62 63
 64 65 66 70 73])
Bicluster(rows=[65, 78], cols=[ 3  5  7  9 10 13 15 20 23 24 27 29 32 36 37 40 43 46 48 51 53 58 59 61
 63 64 65 66 69 73])
Bicluster(rows=[65, 79], cols=[ 2  8  9 10 13 16 18 22 23 24 25 28 30 33 35 38 47 54 57 59 60 62 63 64
 65 66 70 73])
Bicluster(rows=[65, 80], cols=[ 0  1  2  5  7  9 15 16 20 22 28 30 31 36 40 41 43 44 45 46 51 53 54 57
 58 59 61 62 66 68 69 71 73])
Bicluster(rows=[65, 81], cols=[ 1  2  3  6  9 11 15 16 17 27 29 31 32 36 38 39 44 47 50 56 57 60 62 70
 72])
Bicluster(rows=[65, 82], cols=[ 0  1  2  4  6  7  8 11 15 19 20 23 24 25 27 28 29 31 32 35 36 38 39 40
 43 45 47 49 50 53 56 57 58 62 67 70 72])
Bicluster(rows=[65, 83], cols=[ 1  9 14 15 18 28 34 35 36 39 40 45 46 50 52 56 60 68 71 72])
Bicluster(rows=[65, 84], cols=[ 2 11 14 16 21 22 25 27 30 31 32 33 34 35 37 38 39 40 46 48 49 50 52 56
 60 70 71 72])
Bicluster(rows=[65, 85], cols=[ 6  7  8  9 12 20 21 22 24 25 27 35 37 38 39 42 43 44 47 48 50 52 56 59
 63 64 65 72 73 74])
Bicluster(rows=[65, 86], cols=[ 0  1  5  7 10 13 15 19 21 22 24 30 32 34 35 36 37 38 39 42 49 50 52 56
 68 71 72])
Bicluster(rows=[65, 87], cols=[ 0  3  4  9 14 15 16 17 18 22 24 26 28 32 33 34 35 36 37 38 39 40 43 49
 50 51 56 57 58 61 66 67 69 72])
Bicluster(rows=[65, 88], cols=[ 0  1  3  4  9 12 14 16 18 22 25 26 27 28 29 30 31 32 33 36 37 40 41 42
 43 45 48 49 51 56 59 61 66 67 69 72])
Bicluster(rows=[65, 89], cols=[ 4  9 11 14 17 18 19 21 22 24 26 29 30 32 33 35 37 38 39 46 50 52 56 68
 71 72])
Bicluster(rows=[65, 90], cols=[ 3  7  9 10 18 21 24 26 27 32 36 37 38 39 40 44 48 49 57 59 60 62 63 64
 65 66 70 73])
Bicluster(rows=[65, 91], cols=[ 0  1  4  6  8 10 14 15 17 20 22 25 30 31 32 33 36 39 43 44 45 47 49 54
 57 58 59 60 62 66 68 70 71 73])
Bicluster(rows=[65, 92], cols=[ 0  2  8 10 11 12 13 14 16 19 22 27 28 33 35 42 43 49 50 51 53 56 57 58
 62 67 69 72])
Bicluster(rows=[65, 93], cols=[ 6  9 10 14 15 16 18 22 23 24 25 28 30 31 33 34 35 36 39 41 42 43 47 48
 50 53 56 57 58 62 67 72])
Bicluster(rows=[65, 94], cols=[ 0  1  3  4  6 10 11 15 17 18 19 21 22 23 24 30 33 34 35 37 38 40 48 49
 50 51 56 57 58 61 66 67 69 72])
Bicluster(rows=[65, 95], cols=[ 0  1  5 12 13 14 16 17 20 24 26 29 30 31 33 37 38 41 42 43 44 47 48 49
 59 67 72])
Bicluster(rows=[65, 96], cols=[ 1  4  5  7  9 10 13 15 16 18 19 20 21 28 32 33 34 36 37 48 52 57 59 60
 62 63 64 65 66 70 73])
Bicluster(rows=[65, 97], cols=[ 0  3  4  5 10 12 14 16 18 19 21 22 24 25 26 30 31 32 34 35 36 37 39 41
 42 44 45 48 49 50 52 59 63 64 65 73 74])
Bicluster(rows=[65, 98], cols=[ 0  2  4 10 15 20 21 24 26 27 28 31 34 35 36 37 38 39 46 56 59 61 66 67
 69 72])
Bicluster(rows=[65, 99], cols=[ 0  1  4  5 13 14 15 16 18 21 22 23 24 26 27 29 30 31 39 40 42 43 45 47
 50 52 57 60 66 72 74])
Bicluster(rows=[66, 67], cols=[ 0  2  6  8 10 18 20 22 26 27 29 32 33 35 38 39 41 42 43 46 47 50 51 52
 53 54 55 56 57 58 59 60 61 62 63 64 65 66 67 68 69 70 71 72 73 74])
Bicluster(rows=[66, 68], cols=[ 2  4  5  6  7  8  9 11 13 15 20 22 23 25 28 29 36 38 44 46 49 50 51 52
 53 54 55 56 57 58 59 60 61 62 63 64 65 66 67 68 69 70 71 72 73 74])
Bicluster(rows=[66, 69], cols=[ 2  5  7  8 10 12 14 15 17 18 23 24 25 26 31 35 37 39 41 44 47 48 50 51
 52 53 54 55 56 57 58 59 60 61 62 63 64 65 66 67 68 69 70 71 72 73 74])
Bicluster(rows=[66, 70], cols=[ 2  3  4  7 13 15 17 27 29 31 32 34 38 41 42 43 45 47 48 49 50 51 52 55
 57 58 60 61 62 66 69 70 74])
Bicluster(rows=[66, 71], cols=[ 2  5  6  7 10 13 14 17 18 20 23 24 26 31 35 37 38 39 44 46 47 48 50 54
 56 59 63 64 65 66 67 68 71 72 73])
Bicluster(rows=[66, 72], cols=[ 4  6  8 11 13 19 23 29 31 35 37 40 41 42 43 45 50 51 52 55 56 57 58 59
 60 61 62 65 66 69 70 72 73 74])
Bicluster(rows=[66, 73], cols=[ 0  2  4 10 11 13 14 15 17 20 22 23 24 25 27 29 30 32 33 34 37 38 42 43
 44 46 47 48 49 50 51 52 53 54 55 56 57 58 59 60 61 62 63 64 65 66 67 68
 69 70 71 72 73 74])
Bicluster(rows=[66, 74], cols=[10 14 15 16 17 20 21 22 26 28 29 30 31 32 34 38 40 43 44 45 46 54 63 64
 65 67 68 71 72 73])
Bicluster(rows=[66, 75], cols=[ 2  3  5  7 11 13 14 15 16 20 24 25 27 28 29 32 35 37 42 43 44 50 51 52
 55 57 58 59 61 62 66 69 74])
Bicluster(rows=[66, 76], cols=[ 2  3  4  7  8 10 11 13 17 18 20 24 25 29 30 37 38 40 46 48 49 51 52 55
 57 58 60 61 62 69 70 74])
Bicluster(rows=[66, 77], cols=[ 1  3 11 13 17 29 33 34 35 37 40 42 44 47 50 51 52 55 57 58 59 60 61 62
 66 69 70 74])
Bicluster(rows=[66, 78], cols=[ 1  3  6 10 11 13 21 23 24 25 26 27 28 29 31 34 35 37 38 41 44 47 48 49
 50 51 52 53 54 55 56 57 58 59 60 61 62 63 64 65 66 67 68 69 70 71 72 73
 74])
Bicluster(rows=[66, 79], cols=[ 0  3  4  7  8 14 15 17 23 24 25 26 27 28 29 30 31 35 37 40 41 44 50 51
 52 55 57 58 59 60 61 62 66 69 70 74])
Bicluster(rows=[66, 80], cols=[ 0  2  7 11 16 18 19 21 25 31 32 33 34 38 39 41 42 45 47 50 51 52 53 55
 56 57 58 59 60 61 62 66 69 70 74])
Bicluster(rows=[66, 81], cols=[ 0  5  6  7 11 14 20 24 26 31 32 35 38 42 44 45 48 49 50 51 52 53 54 55
 56 57 58 59 60 61 62 63 64 65 66 67 68 69 70 71 72 73 74])
Bicluster(rows=[66, 82], cols=[ 0  5  8 11 17 18 20 23 24 25 26 32 34 38 39 41 43 45 46 49 50 51 52 54
 55 56 57 58 59 61 62 63 64 65 66 67 68 69 71 72 73 74])
Bicluster(rows=[66, 83], cols=[ 2  3  6  7  8 11 15 17 19 20 22 26 28 33 34 37 38 39 44 47 50 51 52 53
 55 56 57 58 59 60 61 62 66 69 70 74])
Bicluster(rows=[66, 84], cols=[ 2  4  5  8 13 19 20 22 23 26 27 36 37 41 44 46 47 48 49 50 51 52 53 55
 56 57 58 59 60 61 62 63 65 66 69 70 72 73 74])
Bicluster(rows=[66, 85], cols=[ 4  6  8 13 18 19 24 25 27 32 37 38 39 40 41 42 43 48 49 50 51 52 55 57
 58 60 61 62 66 69 70 74])
Bicluster(rows=[66, 86], cols=[ 2  4  5  9 11 15 16 18 20 24 26 29 30 31 32 39 40 41 42 50 51 52 55 56
 57 58 59 60 61 62 66 69 70 72 74])
Bicluster(rows=[66, 87], cols=[ 0  4  7 11 15 19 20 23 24 27 32 34 37 39 41 43 45 46 47 54 56 59 63 64
 65 67 68 71 72 73])
Bicluster(rows=[66, 88], cols=[ 2  3  4  5  7 10 13 15 19 20 23 29 32 34 37 40 41 44 47 49 51 52 58 60
 61 62 69 70 74])
Bicluster(rows=[66, 89], cols=[ 0  3  6  8 13 15 17 19 23 25 28 29 31 36 41 46 47 50 51 52 53 55 56 57
 58 59 60 61 62 66 69 70 74])
Bicluster(rows=[66, 90], cols=[ 2  4  5  9 10 16 20 24 26 27 28 31 32 33 34 37 39 42 48 50 54 56 59 63
 64 65 67 68 71 72 73])
Bicluster(rows=[66, 91], cols=[ 0  3  5  8 11 18 20 23 25 27 29 31 33 34 35 37 39 43 44 46 48 50 51 52
 53 54 55 56 57 58 59 60 61 62 63 64 65 66 67 68 69 70 71 72 73 74])
Bicluster(rows=[66, 92], cols=[ 0  2  3  4  8 10 17 20 23 27 38 40 41 42 43 45 46 49 50 54 55 56 59 63
 64 65 66 67 68 71 72 73])
Bicluster(rows=[66, 93], cols=[ 0  2  3  4  5  6  7 10 15 17 19 20 23 25 28 29 30 34 39 42 43 46 48 50
 51 52 54 55 56 57 58 59 61 62 63 64 65 66 67 68 69 71 72 73 74])
Bicluster(rows=[66, 94], cols=[ 0  2  5  6 10 11 13 15 20 23 24 25 27 29 30 32 34 37 41 43 44 46 48 49
 54 56 59 63 64 65 67 68 71 72 73])
Bicluster(rows=[66, 95], cols=[ 0  2  5  6 15 18 19 21 22 24 25 29 30 32 34 37 40 41 42 43 44 47 48 49
 54 63 64 67 68 71])
Bicluster(rows=[66, 96], cols=[ 2  5  7  9 10 18 23 25 31 42 50 51 52 53 54 55 56 57 58 59 60 61 62 63
 64 65 66 67 68 69 70 71 72 73 74])
Bicluster(rows=[66, 97], cols=[ 2  3  6  7  9 13 14 17 20 25 27 32 34 35 36 37 39 40 41 43 49 54 63 64
 67 68 71])
Bicluster(rows=[66, 98], cols=[ 0  3  4  7 15 17 18 22 23 24 32 33 34 39 40 41 43 45 49 54 63 64 65 67
 68 71 72 73])
Bicluster(rows=[66, 99], cols=[ 0  2  3  4  7 15 18 24 26 33 35 37 39 41 42 43 50 51 53 54 55 58 59 60
 61 64 65 66 68 69 72])
Bicluster(rows=[67, 68], cols=[ 2  3  6 12 14 16 20 22 29 30 31 32 37 38 39 40 42 46 48 50 51 52 53 54
 55 56 57 58 59 60 61 62 63 64 65 66 67 68 69 70 71 72 73 74])
Bicluster(rows=[67, 69], cols=[ 1  9 10 11 16 18 19 21 22 23 24 26 28 29 30 31 36 38 39 41 47 49 50 51
 52 53 54 55 56 57 58 59 60 61 62 63 64 65 66 67 68 69 70 71 72 73 74])
Bicluster(rows=[67, 70], cols=[ 0  7 13 18 23 25 35 37 38 44 45 49 50 51 52 53 54 55 56 57 58 59 60 61
 62 63 64 65 66 67 68 69 70 71 72 73 74])
Bicluster(rows=[67, 71], cols=[ 1  2  3 11 15 18 20 24 25 36 37 38 42 46 49 50 51 52 53 54 55 56 57 58
 59 60 61 62 63 64 65 66 67 68 69 70 71 72 73 74])
Bicluster(rows=[67, 72], cols=[ 0  2  3  4  5  6  7  8 11 14 15 17 21 24 32 35 36 37 38 39 40 41 44 47
 48 49 54 56 59 63 64 65 67 71 72 73])
Bicluster(rows=[67, 73], cols=[ 0  1  2  3  5  8 12 14 17 19 22 27 28 29 31 32 33 37 39 40 42 43 46 47
 50 51 52 53 54 55 56 57 58 59 60 61 62 63 64 65 66 67 68 69 70 71 72 73
 74])
Bicluster(rows=[67, 74], cols=[ 1  2  3  7 17 18 19 20 23 28 29 30 34 37 38 42 45 49 50 51 52 53 54 55
 56 57 58 59 60 61 62 63 64 65 66 67 68 69 70 71 72 73 74])
Bicluster(rows=[67, 75], cols=[ 3  7 11 13 23 24 25 30 33 35 39 45 49 50 51 52 53 54 55 56 57 58 59 60
 61 62 63 64 65 66 67 68 69 70 71 72 73 74])
Bicluster(rows=[67, 76], cols=[ 0  1  2  5  8  9 10 14 15 18 20 24 31 32 34 37 42 46 51 52 55 57 58 61
 62 66 69 74])
Bicluster(rows=[67, 77], cols=[ 0  1  4 11 13 18 19 30 32 42 45 49 50 51 52 53 54 55 56 57 58 59 60 61
 62 63 64 65 66 67 68 69 70 71 72 73 74])
Bicluster(rows=[67, 78], cols=[ 5  6  8 10 14 15 16 27 29 34 35 36 40 46 47 50 51 52 53 54 55 56 57 58
 59 60 61 62 63 64 65 66 67 68 69 70 71 72 73 74])
Bicluster(rows=[67, 79], cols=[11 13 24 26 27 28 32 33 41 42 45 48 50 51 52 55 57 58 59 61 62 66 69 74])
Bicluster(rows=[67, 80], cols=[ 0  2  5  8 12 15 17 18 26 27 29 30 31 32 33 35 39 40 41 42 44 46 48 49
 51 52 53 58 60 61 62 69 70 74])
Bicluster(rows=[67, 81], cols=[ 0  1  3  4  5  6  8  9 14 16 17 20 21 25 26 27 28 30 31 32 34 35 36 40
 41 42 46 50 51 52 53 54 55 56 57 58 59 60 61 62 63 64 65 66 67 68 69 70
 71 72 73 74])
Bicluster(rows=[67, 82], cols=[ 1  4  7  9 10 11 14 18 19 24 26 27 28 29 30 31 32 36 40 41 43 44 46 47
 50 51 52 53 54 55 56 57 58 59 60 61 62 63 64 65 66 67 68 69 70 71 72 73
 74])
Bicluster(rows=[67, 83], cols=[ 1  2  5  6  8  9 20 22 24 26 36 38 39 40 45 47 48 50 51 52 55 56 57 58
 59 60 61 62 66 69 70 74])
Bicluster(rows=[67, 84], cols=[ 4  8 10 12 15 16 20 21 26 33 37 39 40 43 50 51 52 55 56 57 58 59 61 62
 66 69 72 74])
Bicluster(rows=[67, 85], cols=[ 1  5  6  7  9 10 12 16 21 27 28 30 32 37 41 42 51 52 55 57 58 60 61 62
 69 70 74])
Bicluster(rows=[67, 86], cols=[ 3  7 11 13 18 19 20 21 23 25 27 29 30 33 34 36 40 41 44 50 55 56 57 59
 63 65 66 72 73])
Bicluster(rows=[67, 87], cols=[ 1  2  3  5  9 10 11 12 16 17 20 23 27 28 30 33 36 37 39 40 41 42 43 46
 47 50 54 56 59 63 64 65 67 68 71 72 73])
Bicluster(rows=[67, 88], cols=[ 1  2  3  4  8  9 10 11 12 14 15 18 20 24 28 31 33 36 37 38 39 40 43 44
 45 46 54 56 63 64 65 67 68 71 72 73])
Bicluster(rows=[67, 89], cols=[ 5  9 16 28 29 32 37 40 41 43 44 46 47 48 50 51 52 55 56 57 58 59 61 62
 66 69 72 74])
Bicluster(rows=[67, 90], cols=[ 4 15 18 20 21 24 25 28 30 34 35 36 37 38 45 50 51 52 53 54 55 56 57 58
 59 60 61 62 63 64 65 66 67 68 69 70 71 72 73 74])
Bicluster(rows=[67, 91], cols=[ 4  9 14 15 19 21 27 28 30 35 40 42 45 46 49 50 54 55 56 57 59 63 64 65
 66 67 68 71 72 73])
Bicluster(rows=[67, 92], cols=[ 4  8 12 14 15 19 20 21 23 25 28 30 31 32 33 36 38 40 44 46 50 51 52 54
 55 56 57 58 59 60 61 62 63 64 65 66 67 68 69 70 71 72 73 74])
Bicluster(rows=[67, 93], cols=[ 0  2  6 14 16 18 20 24 28 29 31 33 34 36 40 42 43 46 49 50 51 52 53 54
 55 56 57 58 59 60 61 62 63 64 65 66 67 68 69 70 71 72 73 74])
Bicluster(rows=[67, 94], cols=[ 3 11 15 17 18 19 24 25 26 29 30 31 34 36 42 50 51 52 53 54 55 56 57 58
 59 60 61 62 63 64 65 66 67 68 69 70 71 72 73 74])
Bicluster(rows=[67, 95], cols=[ 3  6  9 10 12 13 14 15 17 18 20 22 25 26 27 29 31 33 37 39 40 54 63 64
 65 67 71 72 73])
Bicluster(rows=[67, 96], cols=[ 2  3 11 15 18 21 24 30 36 37 45 49 50 51 52 53 54 55 56 57 58 59 60 61
 62 63 64 65 66 67 68 69 70 71 72 73 74])
Bicluster(rows=[67, 97], cols=[ 3  7 15 17 18 24 25 35 36 38 44 50 51 52 53 54 55 56 57 58 59 60 61 62
 63 64 65 66 67 68 69 70 71 72 73 74])
Bicluster(rows=[67, 98], cols=[11 15 17 20 23 24 25 26 35 38 44 45 50 51 52 53 54 55 56 57 58 59 60 61
 62 63 64 65 66 67 68 69 70 71 72 73 74])
Bicluster(rows=[67, 99], cols=[ 0  1  2  8  9 11 13 16 17 20 21 25 29 33 39 40 41 42 43 44 45 46 47 48
 49 50 51 53 54 55 58 59 60 61 64 65 68 72])
Bicluster(rows=[68, 69], cols=[ 0  5  6  7  8 13 16 22 25 27 28 29 35 38 39 44 45 50 54 55 56 57 59 63
 64 65 66 67 68 71 72 73])
Bicluster(rows=[68, 70], cols=[ 2  4  7 14 22 26 32 34 35 36 37 38 40 42 44 49 50 51 52 53 55 56 57 58
 59 60 61 62 66 69 70 72 74])
Bicluster(rows=[68, 71], cols=[ 0  2  3  5  6  7 12 13 19 20 33 38 40 41 42 44 45 46 54 56 59 63 64 65
 67 71 72 73])
Bicluster(rows=[68, 72], cols=[ 1  3  4  6  8 11 12 15 21 23 25 26 27 30 32 35 38 39 42 45 46 48 50 51
 52 53 54 55 56 57 58 59 60 61 62 63 64 65 66 67 69 70 72 73 74])
Bicluster(rows=[68, 73], cols=[ 2  3  4 11 12 13 14 15 20 21 22 23 24 25 26 28 31 32 34 35 38 39 40 41
 42 44 46 49 50 51 52 53 54 55 56 57 58 59 60 61 62 63 64 65 66 67 68 69
 70 71 72 73 74])
Bicluster(rows=[68, 74], cols=[ 0  6  7  8  9 12 13 14 16 20 21 29 30 31 36 37 38 39 40 45 47 48 49 51
 52 53 55 57 58 60 61 62 69 70 74])
Bicluster(rows=[68, 75], cols=[ 1  2  5  7 10 11 13 17 20 23 24 26 28 30 33 41 42 44 45 47 48 50 51 52
 55 56 57 58 59 60 61 62 65 66 69 70 72 73 74])
Bicluster(rows=[68, 76], cols=[ 2  4  6  7  8 11 12 13 14 15 19 20 22 23 25 27 31 32 33 35 36 38 41 42
 44 45 46 47 49 50 51 52 53 55 57 58 60 61 62 66 69 70 74])
Bicluster(rows=[68, 77], cols=[ 5  7 12 13 14 19 21 29 30 31 34 39 41 43 44 45 50 51 52 53 55 56 57 58
 59 60 61 62 65 66 69 70 72 73 74])
Bicluster(rows=[68, 78], cols=[ 5  6  7 11 12 13 14 16 19 28 29 38 39 40 43 44 49 50 51 52 53 54 55 56
 57 58 59 60 61 62 63 64 65 66 67 68 69 70 71 72 73 74])
Bicluster(rows=[68, 79], cols=[ 0  1  4  5  7  8 10 19 28 30 32 34 36 41 42 44 47 48 49 50 51 52 53 55
 56 57 58 59 60 61 62 63 65 66 69 70 72 73 74])
Bicluster(rows=[68, 80], cols=[ 1  2  3  9 10 11 13 14 17 18 24 25 27 33 34 36 38 40 45 48 50 51 52 53
 54 55 56 57 58 59 60 61 62 63 64 65 66 67 69 70 71 72 73 74])
Bicluster(rows=[68, 81], cols=[ 3  5  6  7 11 13 15 19 20 23 24 30 38 40 41 43 44 49 50 51 52 53 54 55
 56 57 58 59 60 61 62 63 64 65 66 67 68 69 70 71 72 73 74])
Bicluster(rows=[68, 82], cols=[ 2  5  6  8 11 12 13 14 15 21 22 23 25 28 29 30 31 32 34 35 37 40 46 49
 50 54 55 56 57 59 63 64 65 66 67 68 71 72 73])
Bicluster(rows=[68, 83], cols=[ 2  4  5  6  7 11 12 14 15 23 25 28 31 38 40 41 42 50 51 52 53 54 55 56
 57 58 59 60 61 62 63 64 65 66 67 68 69 70 71 72 73 74])
Bicluster(rows=[68, 84], cols=[ 0  1  2  5  6  8  9 13 15 16 20 22 23 31 32 34 35 36 37 39 40 41 44 45
 46 49 50 51 52 53 54 55 56 57 58 59 60 61 62 63 64 65 66 67 68 69 70 71
 72 73 74])
Bicluster(rows=[68, 85], cols=[ 5  6  8 11 12 13 14 15 16 23 26 30 34 35 36 37 38 44 45 49 50 51 52 53
 55 56 57 58 59 60 61 62 66 69 70 74])
Bicluster(rows=[68, 86], cols=[ 0  3  5  9 11 12 14 17 20 21 22 24 32 34 37 39 43 47 48 49 50 51 52 53
 55 56 57 58 59 60 61 62 63 64 65 66 69 70 72 73 74])
Bicluster(rows=[68, 87], cols=[ 4  6  7 11 13 16 20 21 22 24 26 28 29 34 35 36 39 42 44 45 46 48 54 63
 64 65 67 68 71 72 73])
Bicluster(rows=[68, 88], cols=[ 1  2  5  6  7 12 14 20 21 22 28 30 31 34 35 36 43 44 48 49 51 52 57 58
 60 61 62 69 70 74])
Bicluster(rows=[68, 89], cols=[ 0  1  4  6  8 11 12 13 16 21 24 25 26 28 29 32 36 37 39 40 42 45 46 48
 50 51 52 53 54 55 56 57 58 59 60 61 62 63 64 65 66 67 69 70 72 73 74])
Bicluster(rows=[68, 90], cols=[ 0  2  4  5  6  9 12 14 15 17 19 20 21 24 28 34 36 38 39 40 43 47 54 56
 59 63 64 65 67 68 71 72 73])
Bicluster(rows=[68, 91], cols=[ 0  1  2  6  7  8 10 11 12 13 14 15 17 18 20 23 24 25 28 30 34 40 41 42
 44 46 47 50 51 52 53 54 55 56 57 58 59 60 61 62 63 64 65 66 67 68 69 70
 71 72 73 74])
Bicluster(rows=[68, 92], cols=[ 2  4  6  8 13 15 16 20 21 24 26 28 31 32 35 36 38 42 45 46 47 48 49 54
 56 59 63 64 65 67 68 71 72 73])
Bicluster(rows=[68, 93], cols=[ 1  4  5  6  7 12 13 14 15 16 20 21 23 26 27 28 31 35 41 45 46 50 54 55
 56 59 63 64 65 66 67 68 71 72 73])
Bicluster(rows=[68, 94], cols=[ 5  6 11 13 14 15 20 23 35 39 40 41 42 44 45 46 49 54 63 64 65 67 68 71
 72 73])
Bicluster(rows=[68, 95], cols=[ 4  7  8 11 16 20 21 23 24 25 26 28 31 32 34 35 36 39 44 45 49 51 52 53
 58 60 61 62 69 70 74])
Bicluster(rows=[68, 96], cols=[ 1 10 11 20 24 29 31 35 37 38 40 41 46 47 49 50 51 52 53 55 56 57 58 59
 60 61 62 65 66 69 70 72 74])
Bicluster(rows=[68, 97], cols=[ 4  5  7  8 15 16 23 24 25 26 28 31 32 34 35 38 39 40 41 42 45 49 51 52
 53 57 58 60 61 62 69 70 74])
Bicluster(rows=[68, 98], cols=[ 2  4  6 10 12 13 14 22 23 28 30 31 33 34 35 37 39 45 48 49 54 63 64 65
 67 71 73])
Bicluster(rows=[68, 99], cols=[ 4 10 16 17 20 23 24 27 29 31 36 39 40 46 48 50 51 54 55 58 59 60 61 64
 65 66 68 72])
Bicluster(rows=[69, 70], cols=[ 0  6  7  9 15 17 18 19 22 28 30 31 33 41 46 47 50 51 52 55 57 58 61 62
 66 69 74])
Bicluster(rows=[69, 71], cols=[ 0  2  4  5  7  9 11 13 14 17 18 21 23 24 26 27 28 34 35 36 37 38 39 40
 43 44 45 47 49 50 51 54 55 56 57 59 61 62 63 64 65 66 67 68 71 72 73])
Bicluster(rows=[69, 72], cols=[ 1  2  3  7  8 10 17 24 30 31 34 35 36 41 47 51 52 57 58 60 61 62 69 70
 74])
Bicluster(rows=[69, 73], cols=[ 1  3  6 10 19 22 25 28 30 44 45 47 48 50 51 52 54 55 56 57 58 59 60 61
 62 63 64 65 66 67 68 69 70 71 72 73 74])
Bicluster(rows=[69, 74], cols=[ 2  3  9 14 15 18 19 22 24 26 27 29 30 37 38 43 47 50 51 54 55 56 57 59
 61 63 64 65 66 67 68 71 72 73])
Bicluster(rows=[69, 75], cols=[ 0  4  5  6 10 11 12 16 17 19 20 27 30 33 39 46 49 50 51 52 53 54 55 56
 57 58 59 60 61 62 63 64 65 66 67 68 69 70 71 72 73 74])
Bicluster(rows=[69, 76], cols=[ 0  4 11 14 18 19 20 21 23 24 31 32 33 34 38 39 40 42 43 50 51 52 53 54
 55 56 57 58 59 60 61 62 63 64 65 66 67 68 69 70 71 72 73 74])
Bicluster(rows=[69, 77], cols=[ 0  2  3  4  6  9 11 13 16 17 18 27 29 32 36 37 42 43 44 46 47 49 50 55
 56 57 59 65 66 72 73])
Bicluster(rows=[69, 78], cols=[ 0  3  4  5  6  7 10 17 18 20 23 24 26 28 29 39 41 42 43 46 50 54 55 56
 57 59 63 64 65 66 67 68 71 72 73])
Bicluster(rows=[69, 79], cols=[ 6  7  8 11 12 14 15 16 17 23 24 25 26 31 33 35 37 41 44 46 50 51 52 55
 57 58 61 62 66 69 74])
Bicluster(rows=[69, 80], cols=[ 0  3  6 10 11 12 14 16 17 27 28 29 30 31 32 33 37 38 40 44 46 50 51 52
 53 54 55 56 57 58 59 60 61 62 63 64 65 66 67 68 69 70 71 72 73 74])
Bicluster(rows=[69, 81], cols=[ 3  7  9 13 15 16 17 26 28 29 30 31 35 36 39 41 45 48 50 51 52 53 54 55
 56 57 58 59 60 61 62 63 64 65 66 67 68 69 70 71 72 73 74])
Bicluster(rows=[69, 82], cols=[ 1  3  5  6  8  9 10 11 13 17 18 19 22 24 25 26 28 29 30 31 33 35 36 39
 41 47 50 51 52 53 54 55 56 57 58 59 60 61 62 63 64 65 66 67 68 69 70 71
 72 73 74])
Bicluster(rows=[69, 83], cols=[ 1  3  5  6  7 11 12 15 20 22 26 28 32 35 43 47 48 54 56 63 64 65 67 71
 72 73])
Bicluster(rows=[69, 84], cols=[ 0  3  4  7 10 13 16 18 19 20 23 25 26 27 31 35 36 39 40 46 49 54 56 63
 64 65 67 68 71 72 73])
Bicluster(rows=[69, 85], cols=[ 0  4  7 11 14 18 21 23 24 34 38 40 43 50 51 52 53 54 55 56 57 58 59 60
 61 62 63 64 65 66 67 68 69 70 71 72 73 74])
Bicluster(rows=[69, 86], cols=[ 0  1 11 14 19 21 24 26 29 30 33 35 39 41 42 45 48 49 54 56 63 64 65 67
 71 72 73])
Bicluster(rows=[69, 87], cols=[ 1  5  6 10 11 13 18 19 20 21 23 24 25 29 31 35 39 46 49 50 51 52 53 54
 55 56 57 58 59 60 61 62 63 64 65 66 67 68 69 70 71 72 73 74])
Bicluster(rows=[69, 88], cols=[ 5 11 20 27 30 31 34 38 39 40 42 46 49 50 51 52 53 54 55 56 57 58 59 60
 61 62 63 64 65 66 67 68 69 70 71 72 73 74])
Bicluster(rows=[69, 89], cols=[ 0  2  3  5  6  8  9 12 13 15 16 19 21 23 24 28 29 33 36 40 46 54 63 64
 65 67 71 72 73])
Bicluster(rows=[69, 90], cols=[ 3  4  5  6 16 17 18 21 23 24 25 33 34 41 44 47 49 51 52 55 57 58 61 62
 69 74])
Bicluster(rows=[69, 91], cols=[ 1  5  6  7  8  9 13 25 26 28 30 31 37 39 44 49 50 51 52 55 56 57 58 59
 60 61 62 66 69 70 74])
Bicluster(rows=[69, 92], cols=[ 3  5  6  7 13 16 17 19 21 23 28 30 34 35 36 37 38 41 48 50 51 52 53 54
 55 56 57 58 59 60 61 62 63 64 65 66 67 68 69 70 71 72 73 74])
Bicluster(rows=[69, 93], cols=[ 2  3  5  7 10 13 16 17 18 24 25 27 28 30 31 33 35 37 39 45 49 50 51 52
 53 54 55 56 57 58 59 60 61 62 63 64 65 66 67 68 69 70 71 72 73 74])
Bicluster(rows=[69, 94], cols=[ 5  6  7 13 18 19 21 23 24 26 29 30 35 36 39 43 46 47 49 50 51 52 53 54
 55 56 57 58 59 60 61 62 63 64 65 66 67 68 69 70 71 72 73 74])
Bicluster(rows=[69, 95], cols=[ 4  6 10 19 20 23 26 29 31 34 38 43 49 50 51 52 53 54 55 56 57 58 59 60
 61 62 63 64 65 66 67 68 69 70 71 72 73 74])
Bicluster(rows=[69, 96], cols=[ 0  2  4  5 10 11 18 19 21 22 25 26 27 29 30 34 36 39 40 43 44 47 50 51
 52 53 54 55 56 57 58 59 60 61 62 63 64 65 66 67 68 69 70 71 72 73 74])
Bicluster(rows=[69, 97], cols=[ 4  5  6 11 14 20 21 23 24 26 27 31 34 36 38 43 49 50 51 52 53 54 55 56
 57 58 59 60 61 62 63 64 65 66 67 68 69 70 71 72 73 74])
Bicluster(rows=[69, 98], cols=[ 3  5 13 21 23 26 27 31 43 46 49 50 51 52 53 54 55 56 57 58 59 60 61 62
 63 64 65 66 67 68 69 70 71 72 73 74])
Bicluster(rows=[69, 99], cols=[ 1  7 11 12 15 16 18 19 20 21 24 27 29 30 31 32 34 36 37 39 41 46 48 50
 53 54 57 59 60 61 64 65 66 68 69 70 72])
Bicluster(rows=[70, 71], cols=[ 4  5  8 14 16 18 19 21 22 25 27 29 30 32 33 34 37 38 39 40 48 49 50 51
 52 53 54 55 56 57 58 59 60 61 62 63 64 65 66 67 68 69 70 71 72 73 74])
Bicluster(rows=[70, 72], cols=[ 4 13 14 16 17 21 26 29 31 36 41 42 43 44 45 47 50 51 52 53 54 55 56 57
 58 59 60 61 62 63 64 65 66 67 68 69 70 71 72 73 74])
Bicluster(rows=[70, 73], cols=[ 2  5  6  7 16 18 19 21 22 25 27 28 29 30 32 34 35 38 40 42 43 44 48 49
 50 51 52 53 55 57 58 60 61 62 66 69 70 74])
Bicluster(rows=[70, 74], cols=[ 0  2  6  7  8 14 18 19 21 23 27 32 33 36 37 38 40 41 45 46 49 50 51 52
 53 54 55 56 57 58 59 60 61 62 63 64 65 66 67 68 69 70 71 72 73 74])
Bicluster(rows=[70, 75], cols=[ 2  3  6  7  8  9 11 12 13 15 16 19 20 21 23 25 26 27 29 32 36 40 41 42
 43 46 49 50 51 52 53 54 55 56 57 58 59 60 61 62 63 64 65 66 67 68 69 70
 71 72 73 74])
Bicluster(rows=[70, 76], cols=[ 1  2  3  4  5  6  7  8  9 14 16 17 18 21 22 25 28 29 30 31 32 35 36 37
 38 39 42 44 48 49 50 51 52 53 54 55 56 57 58 59 60 61 62 63 64 65 66 67
 68 69 70 71 72 73 74])
Bicluster(rows=[70, 77], cols=[ 0  3  5  6  7  8 10 12 14 17 18 19 20 23 26 27 28 29 30 34 36 41 42 45
 46 47 48 50 51 52 53 54 55 56 57 58 59 60 61 62 63 64 65 66 67 68 69 70
 71 72 73 74])
Bicluster(rows=[70, 78], cols=[ 0  2  3  8 10 11 14 22 27 29 31 33 34 36 47 50 51 52 55 56 57 58 59 60
 61 62 65 66 69 70 72 74])
Bicluster(rows=[70, 79], cols=[ 2  3  4  5  6  7  9 15 16 17 18 21 25 27 28 29 30 31 32 34 36 38 41 42
 43 44 46 49 50 51 52 53 54 55 56 57 58 59 60 61 62 63 64 65 66 67 68 69
 70 71 72 73 74])
Bicluster(rows=[70, 80], cols=[ 2  5  6  7  8 12 14 23 24 27 31 32 34 36 37 38 40 41 45 46 47 50 51 52
 53 54 55 56 57 58 59 60 61 62 63 64 65 66 67 69 70 71 72 73 74])
Bicluster(rows=[70, 81], cols=[ 1  5  7  9 21 23 27 28 32 38 39 42 45 46 48 50 51 52 55 57 58 61 62 66
 69 74])
Bicluster(rows=[70, 82], cols=[ 6 10 16 17 20 25 28 31 32 33 34 38 39 40 41 43 51 52 55 57 58 61 62 69
 74])
Bicluster(rows=[70, 83], cols=[ 1  3  5  7  8  9 10 13 14 15 16 17 22 23 29 34 35 36 38 41 43 44 46 47
 50 51 52 53 54 55 56 57 58 59 60 61 62 63 64 65 66 67 68 69 70 71 72 73
 74])
Bicluster(rows=[70, 84], cols=[ 2  3  6  7  8 10 11 12 17 18 21 22 24 27 28 29 32 34 35 36 37 40 41 43
 44 46 48 49 50 51 52 53 55 56 57 58 59 60 61 62 63 64 65 66 69 70 72 73
 74])
Bicluster(rows=[70, 85], cols=[ 3  4  5  8  9 10 11 12 14 17 18 20 21 23 25 26 27 28 30 32 33 34 35 36
 38 39 41 42 43 44 45 48 49 50 51 52 53 54 55 56 57 58 59 60 61 62 63 64
 65 66 67 68 69 70 71 72 73 74])
Bicluster(rows=[70, 86], cols=[ 1  6 15 18 19 21 22 25 28 29 31 32 33 34 35 36 37 42 44 49 50 51 52 53
 54 55 56 57 58 59 60 61 62 63 64 65 66 67 68 69 70 71 72 73 74])
Bicluster(rows=[70, 87], cols=[ 6 16 18 27 29 30 31 37 39 40 42 46 48 50 51 52 53 54 55 56 57 58 59 60
 61 62 63 64 65 66 67 68 69 70 71 72 73 74])
Bicluster(rows=[70, 88], cols=[ 2  6 16 18 19 21 27 28 29 31 37 38 39 40 41 42 44 45 46 48 50 51 52 53
 54 55 56 57 58 59 60 61 62 63 64 65 66 67 68 69 70 71 72 73 74])
Bicluster(rows=[70, 89], cols=[ 3  4  5  7  8  9 10 11 15 17 20 21 25 26 29 31 32 33 35 36 37 40 41 43
 45 50 51 52 53 54 55 56 57 58 59 60 61 62 63 64 65 66 67 68 69 70 71 72
 73 74])
Bicluster(rows=[70, 90], cols=[ 2  5  6  8  9 11 18 19 22 26 29 33 35 38 39 40 42 43 45 46 47 48 50 51
 52 53 54 55 56 57 58 59 60 61 62 63 64 65 66 67 68 69 70 71 72 73 74])
Bicluster(rows=[70, 91], cols=[ 2  3  6  9 14 16 19 20 25 28 29 30 34 39 40 42 43 48 50 51 52 53 55 57
 58 60 61 62 66 69 70 74])
Bicluster(rows=[70, 92], cols=[ 2  6 19 25 27 31 40 42 44 46 50 51 52 53 54 55 56 57 58 59 60 61 62 63
 64 65 66 67 68 69 70 71 72 73 74])
Bicluster(rows=[70, 93], cols=[ 0 27 31 32 39 41 42 48 50 51 52 53 54 55 56 57 58 59 60 61 62 63 64 65
 66 67 68 69 70 71 72 73 74])
Bicluster(rows=[70, 94], cols=[ 2 16 19 25 27 28 37 39 40 46 48 50 51 52 53 54 55 56 57 58 59 60 61 62
 63 64 65 66 67 68 69 70 71 72 73 74])
Bicluster(rows=[70, 95], cols=[ 2  3  5  6  8 16 17 18 21 25 27 28 31 32 36 39 40 41 42 45 48 50 51 52
 53 54 55 56 57 58 59 60 61 62 63 64 65 66 67 68 69 70 71 72 73 74])
Bicluster(rows=[70, 96], cols=[ 4  6  8 11 16 17 18 19 20 24 26 27 28 29 32 33 35 37 39 41 42 43 48 50
 51 52 53 54 55 56 57 58 59 60 61 62 63 64 65 66 67 68 69 70 71 72 73 74])
Bicluster(rows=[70, 97], cols=[ 6  8  9 11 14 17 18 19 25 27 28 29 30 31 32 40 42 44 45 48 50 51 52 53
 54 55 56 57 58 59 60 61 62 63 64 65 66 67 68 69 70 71 72 73 74])
Bicluster(rows=[70, 98], cols=[ 6 14 16 18 19 21 25 27 28 29 30 31 32 33 39 40 42 44 45 48 50 51 52 53
 54 55 56 57 58 59 60 61 62 63 64 65 66 67 68 69 70 71 72 73 74])
Bicluster(rows=[70, 99], cols=[ 3  4  6  7  8  9 14 15 21 25 27 28 29 30 36 41 42 45 50 52 55 59 64 65
 67 72 74])
Bicluster(rows=[71, 72], cols=[ 0  4  7  8 10 12 14 15 16 19 20 21 23 25 26 29 35 40 50 51 52 53 55 57
 58 60 61 62 66 69 70 74])
Bicluster(rows=[71, 73], cols=[ 3  7  8 10 11 12 13 14 15 16 20 23 27 28 38 41 45 46 47 48 54 63 64 65
 67 68 71 73])
Bicluster(rows=[71, 74], cols=[ 1  2  3  4  8  9 10 12 13 14 17 18 19 20 21 24 26 27 28 31 32 33 35 37
 38 40 41 42 43 46 47 49 50 51 52 53 54 55 56 57 58 59 60 61 62 63 64 65
 66 67 68 69 70 71 72 73 74])
Bicluster(rows=[71, 75], cols=[ 0  3  4  5  6  8 11 17 21 24 25 27 29 32 35 41 49 50 51 52 53 54 55 56
 57 58 59 60 61 62 63 64 65 66 67 68 69 70 71 72 73 74])
Bicluster(rows=[71, 76], cols=[ 0  3  4  8 10 11 12 14 16 18 21 22 23 24 25 28 29 30 38 39 40 41 43 47
 48 49 50 51 52 53 54 55 56 57 58 59 60 61 62 63 64 65 66 67 68 69 70 71
 72 73 74])
Bicluster(rows=[71, 77], cols=[ 1  8 11 14 18 24 27 29 35 41 42 43 48 49 50 51 52 53 54 55 56 57 58 59
 60 61 62 63 64 65 66 67 68 69 70 71 72 73 74])
Bicluster(rows=[71, 78], cols=[ 0  3  4  5  8 10 11 13 15 16 17 18 19 23 27 28 30 31 38 39 40 41 54 63
 64 65 67 71 73])
Bicluster(rows=[71, 79], cols=[ 2  4  5 18 24 25 27 29 30 35 43 45 47 50 51 52 53 54 55 56 57 58 59 60
 61 62 63 64 65 66 67 68 69 70 71 72 73 74])
Bicluster(rows=[71, 80], cols=[ 0  9 10 17 22 27 28 40 44 50 51 52 53 54 55 56 57 58 59 60 61 62 63 64
 65 66 67 68 69 70 71 72 73 74])
Bicluster(rows=[71, 81], cols=[ 1  3  6  7  9 12 13 17 19 20 22 25 26 27 28 29 33 35 36 39 41 44 45 48
 50 54 55 56 57 59 63 64 65 66 67 68 71 72 73])
Bicluster(rows=[71, 82], cols=[ 1  6 11 12 13 16 18 24 26 27 28 35 36 39 42 46 47 50 51 52 53 54 55 56
 57 58 59 60 61 62 63 64 65 66 67 68 69 70 71 72 73 74])
Bicluster(rows=[71, 83], cols=[ 0  3  5  8 11 12 14 15 16 19 20 22 26 27 29 31 34 36 39 40 41 43 45 50
 51 52 53 55 57 58 59 60 61 62 66 69 70 74])
Bicluster(rows=[71, 84], cols=[ 2  3  8  9 10 11 13 14 18 19 20 25 28 29 30 32 34 37 38 39 41 47 48 51
 52 53 57 58 60 61 62 69 70 74])
Bicluster(rows=[71, 85], cols=[ 0  3  4  5  7  8 11 14 15 18 19 21 24 25 27 28 29 32 33 34 38 39 48 49
 50 51 52 53 54 55 56 57 58 59 60 61 62 63 64 65 66 67 68 69 70 71 72 73
 74])
Bicluster(rows=[71, 86], cols=[ 5  7  9 10 11 12 13 18 19 22 25 28 29 30 33 34 43 46 47 49 50 51 52 53
 54 55 56 57 58 59 60 61 62 63 64 65 66 69 70 72 73 74])
Bicluster(rows=[71, 87], cols=[ 1  2  3  7  8  9 11 12 13 16 18 20 23 24 27 28 29 32 35 36 39 40 41 45
 47 48 49 50 51 52 53 54 55 56 57 58 59 60 61 62 63 64 65 66 67 68 69 70
 71 72 73 74])
Bicluster(rows=[71, 88], cols=[ 2  3  5  7  8  9 10 11 15 16 17 18 19 20 21 27 28 29 32 34 35 38 40 48
 49 50 51 52 53 54 55 56 57 58 59 60 61 62 63 64 65 66 67 68 69 70 71 72
 73 74])
Bicluster(rows=[71, 89], cols=[ 3  4  5  8 11 12 15 19 21 23 24 25 26 27 30 32 37 38 41 50 51 52 53 55
 57 58 60 61 62 66 69 70 74])
Bicluster(rows=[71, 90], cols=[ 0  1  2  5  7  8 11 12 15 18 19 20 22 24 25 26 28 29 31 32 33 36 37 38
 39 40 48 50 51 52 53 54 55 56 57 58 59 60 61 62 63 64 65 66 67 68 69 70
 71 72 73 74])
Bicluster(rows=[71, 91], cols=[ 9 12 13 15 21 22 28 31 32 37 39 41 42 44 46 48 49 54 56 59 63 64 65 67
 71 72 73])
Bicluster(rows=[71, 92], cols=[ 7  9 10 15 17 20 23 25 27 28 34 35 36 38 39 45 46 50 51 52 53 54 55 56
 57 58 59 60 61 62 63 64 65 66 67 68 69 70 71 72 73 74])
Bicluster(rows=[71, 93], cols=[ 2  5  6  7  8  9 10 12 13 20 24 27 32 35 39 41 45 46 47 48 49 50 51 52
 53 54 55 56 57 58 59 60 61 62 63 64 65 66 67 68 69 70 71 72 73 74])
Bicluster(rows=[71, 94], cols=[ 2  3  5  6  7  8 10 12 13 14 15 16 18 20 21 23 24 25 26 27 32 35 36 40
 41 43 45 47 48 50 51 52 53 54 55 56 57 58 59 60 61 62 63 64 65 66 67 68
 69 70 71 72 73 74])
Bicluster(rows=[71, 95], cols=[ 3  4  7  8  9 12 14 15 16 18 20 23 24 25 26 27 29 32 34 35 38 39 40 41
 43 48 49 50 51 52 53 54 55 56 57 58 59 60 61 62 63 64 65 66 67 68 69 70
 71 72 73 74])
Bicluster(rows=[71, 96], cols=[ 0  3  4  8 11 12 13 15 16 18 19 21 27 29 31 32 34 36 39 40 43 44 47 48
 50 51 52 53 54 55 56 57 58 59 60 61 62 63 64 65 66 67 68 69 70 71 72 73
 74])
Bicluster(rows=[71, 97], cols=[ 3  4  5  8 10 11 14 15 18 19 21 23 24 25 26 27 29 30 32 34 36 38 39 40
 41 43 48 49 50 51 52 53 54 55 56 57 58 59 60 61 62 63 64 65 66 67 68 69
 70 71 72 73 74])
Bicluster(rows=[71, 98], cols=[ 5  7  8 12 14 15 16 17 18 19 20 21 23 24 25 26 27 28 29 30 32 33 35 38
 39 40 41 43 47 48 50 51 52 53 54 55 56 57 58 59 60 61 62 63 64 65 66 67
 68 69 70 71 72 73 74])
Bicluster(rows=[71, 99], cols=[ 4  8 12 13 14 17 18 19 21 24 26 28 30 31 35 40 50 51 52 55 58 59 63 66
 67 71])
Bicluster(rows=[72, 73], cols=[ 0  3  4  5  9 10 11 12 13 15 16 17 18 21 23 25 26 29 32 37 40 42 43 47
 50 51 52 53 55 56 57 58 59 60 61 62 65 66 69 70 72 74])
Bicluster(rows=[72, 74], cols=[ 3  5  7  8 10 12 20 21 24 28 30 36 38 39 45 48 50 51 52 53 54 55 56 57
 58 59 60 61 62 63 64 65 66 69 70 72 73 74])
Bicluster(rows=[72, 75], cols=[ 0  1  7  9 10 11 15 18 21 23 24 26 30 35 36 37 42 43 45 48 49 50 51 52
 53 54 55 56 57 58 59 60 61 62 63 64 65 66 67 68 69 70 71 72 73 74])
Bicluster(rows=[72, 76], cols=[ 0  4  5  8  9 11 12 16 17 21 22 23 24 27 29 31 32 33 36 38 40 42 44 46
 50 51 52 53 55 56 57 58 59 60 61 62 63 64 65 66 69 70 72 73 74])
Bicluster(rows=[72, 77], cols=[ 2 11 12 16 17 21 24 26 27 30 36 37 39 40 45 46 47 49 50 51 52 53 54 55
 56 57 58 59 60 61 62 63 64 65 66 67 68 69 70 71 72 73 74])
Bicluster(rows=[72, 78], cols=[ 5  6  8  9 12 14 15 23 25 29 31 36 37 40 46 47 48 50 51 52 54 55 56 57
 58 59 60 61 62 63 64 65 66 67 69 70 71 72 73 74])
Bicluster(rows=[72, 79], cols=[ 1  4  7  8  9 10 15 16 17 21 24 29 31 32 35 36 37 40 42 44 48 50 51 52
 53 54 55 56 57 58 59 60 61 62 63 64 65 66 67 68 69 70 71 72 73 74])
Bicluster(rows=[72, 80], cols=[ 1  3  5  8  9 10 11 14 19 22 25 27 30 31 32 36 38 39 41 42 45 46 47 48
 50 51 52 53 54 55 56 57 58 59 60 61 62 63 64 65 66 67 68 69 70 71 72 73
 74])
Bicluster(rows=[72, 81], cols=[ 0  3  6  7 11 15 18 21 27 30 31 45 46 50 51 52 53 55 57 58 60 61 62 66
 69 70 74])
Bicluster(rows=[72, 82], cols=[ 7 24 27 28 30 33 34 50 51 52 54 55 56 57 58 59 61 62 63 64 65 66 67 68
 69 70 71 72 73 74])
Bicluster(rows=[72, 83], cols=[ 0  2  5  6  8  9 11 12 13 14 16 17 18 19 20 21 24 25 29 30 35 36 37 38
 39 42 44 47 48 49 50 51 52 53 54 55 56 57 58 59 60 61 62 63 64 65 66 67
 68 69 70 71 72 73 74])
Bicluster(rows=[72, 84], cols=[ 1  8 14 15 17 19 20 22 23 25 29 35 36 39 43 44 45 46 49 50 51 52 53 54
 55 56 57 58 59 60 61 62 63 64 65 66 67 68 69 70 71 72 73 74])
Bicluster(rows=[72, 85], cols=[ 0  2  4  6  8  9 12 14 15 19 22 24 26 29 30 35 36 38 40 44 45 50 51 52
 53 54 55 56 57 58 59 60 61 62 63 64 65 66 67 68 69 70 71 72 73 74])
Bicluster(rows=[72, 86], cols=[ 3  4  7 10 11 12 15 21 22 24 31 35 36 39 40 41 44 49 50 51 52 53 54 55
 56 57 58 59 60 61 62 63 64 65 66 67 68 69 70 71 72 73 74])
Bicluster(rows=[72, 87], cols=[ 2  3  4  7 11 12 14 19 20 21 22 24 25 30 36 37 39 41 42 43 44 45 46 47
 49 50 55 56 59 66])
Bicluster(rows=[72, 88], cols=[ 0  1  4  7  9 10 12 13 16 17 18 19 29 30 35 37 40 41 47 48 51 52 53 57
 58 60 61 62 69 70 74])
Bicluster(rows=[72, 89], cols=[ 1  2  4  8 12 15 17 18 19 21 22 23 26 31 32 36 39 41 42 43 44 45 46 48
 49 50 51 52 53 54 55 56 57 58 59 60 61 62 63 64 65 66 67 68 69 70 71 72
 73 74])
Bicluster(rows=[72, 90], cols=[ 0  3  8  9 15 19 20 24 25 26 27 28 29 30 34 42 43 45 46 47 49 50 51 52
 53 55 56 57 58 59 60 61 62 65 66 69 70 72 73 74])
Bicluster(rows=[72, 91], cols=[16 17 18 22 26 28 31 34 36 45 49 50 51 52 54 55 56 57 58 59 60 61 62 63
 64 65 66 67 69 70 71 72 73 74])
Bicluster(rows=[72, 92], cols=[ 1  4  8 10 14 17 20 21 22 26 27 29 30 32 35 36 38 40 41 43 46 48 49 50
 51 55 57 61 66])
Bicluster(rows=[72, 93], cols=[ 0  1  2  4  6 10 12 14 15 19 22 23 24 26 27 35 40 42 43 44 49 50 55 56
 57 59 65 66 72])
Bicluster(rows=[72, 94], cols=[ 1 10 16 20 24 27 30 50 51 52 53 54 55 56 57 58 59 60 61 62 63 64 65 66
 67 68 69 70 71 72 73 74])
Bicluster(rows=[72, 95], cols=[ 0  2  4  5  7  8  9 10 11 12 13 14 18 22 23 25 26 29 32 35 37 39 40 41
 43 44 45 47 48 51 52 53 55 57 58 60 61 62 66 69 70 74])
Bicluster(rows=[72, 96], cols=[ 1  2  9 11 13 14 15 16 20 21 24 25 31 36 37 38 39 42 47 54 56 63 64 65
 67 71 72 73])
Bicluster(rows=[72, 97], cols=[ 1  2  4  8 10 13 14 15 18 19 21 22 23 25 26 29 32 36 37 38 39 42 43 45
 47 51 52 53 55 57 58 60 61 62 66 69 70 74])
Bicluster(rows=[72, 98], cols=[ 0  1  2  3  7  8 11 13 14 15 17 18 19 20 21 25 26 29 32 35 38 39 42 43
 45 49 51 52 53 55 57 58 60 61 62 69 70 74])
Bicluster(rows=[72, 99], cols=[ 0  2  8 10 11 12 14 17 18 19 21 26 29 35 39 40 41 42 44 45 47 48 49 52
 54 56 64 68 72 74])
Bicluster(rows=[73, 74], cols=[ 0  1  2  3  9 11 15 17 25 28 36 42 50 51 52 54 55 56 57 58 59 61 62 63
 64 65 66 67 68 71 72 73 74])
Bicluster(rows=[73, 75], cols=[ 0  1  2  6  8  9 11 14 18 26 27 28 29 31 37 41 44 50 51 52 53 55 57 58
 60 61 62 66 69 70 74])
Bicluster(rows=[73, 76], cols=[ 2  4  5 11 12 13 15 16 20 21 25 28 29 30 32 35 37 38 41 42 45 46 48 49
 51 52 55 57 58 60 61 62 69 70 74])
Bicluster(rows=[73, 77], cols=[ 5  6  7  8 11 12 13 14 16 26 27 29 31 33 34 37 39 41 44 47 50 51 52 53
 55 57 58 59 60 61 62 66 69 70 74])
Bicluster(rows=[73, 78], cols=[ 5  7  8  9 10 11 12 13 14 15 18 23 25 27 29 33 37 38 39 40 44 47 48 49
 50 51 52 53 54 55 56 57 58 59 60 61 62 63 64 65 66 67 68 69 70 71 72 73
 74])
Bicluster(rows=[73, 79], cols=[ 0  4  6  9 14 16 18 21 23 27 28 29 30 32 33 34 37 38 40 41 42 44 49 50
 51 52 53 55 57 58 60 61 62 66 69 70 74])
Bicluster(rows=[73, 80], cols=[ 0  2  3  5  6  7  8 11 12 24 25 27 32 34 38 40 47 50 51 52 53 55 56 57
 58 59 60 61 62 66 69 70 74])
Bicluster(rows=[73, 81], cols=[ 0  1  3  8  9 11 14 15 16 17 18 24 27 28 32 36 38 40 41 44 48 49 50 51
 52 53 54 55 56 57 58 59 60 61 62 63 64 65 66 67 68 69 70 71 72 73 74])
Bicluster(rows=[73, 82], cols=[ 0  1 11 14 15 16 19 20 21 25 27 28 32 34 38 40 43 46 47 49 50 51 54 55
 56 57 59 61 62 63 64 65 66 67 68 71 72 73])
Bicluster(rows=[73, 83], cols=[ 0  1  2  3  4  8  9 11 13 15 17 19 25 27 28 29 31 41 42 48 50 51 52 53
 55 56 57 58 59 60 61 62 65 66 69 70 72 74])
Bicluster(rows=[73, 84], cols=[ 1  2  4  6  7  9 13 15 18 21 22 23 27 28 31 32 34 35 37 39 40 44 45 47
 48 49 50 51 52 53 54 55 56 57 58 59 60 61 62 63 64 65 66 69 70 72 73 74])
Bicluster(rows=[73, 85], cols=[ 0  1  2  8  9 10 11 12 16 19 20 26 27 29 31 40 41 46 48 50 51 52 55 57
 58 59 60 61 62 66 69 70 74])
Bicluster(rows=[73, 86], cols=[ 0  1  3  6 10 11 12 14 19 20 21 22 24 29 32 35 39 45 49 50 51 52 53 55
 56 57 58 59 60 61 62 66 69 70 72 74])
Bicluster(rows=[73, 87], cols=[ 0  3  4  5  8 11 12 13 17 18 20 21 23 24 26 28 30 31 32 34 37 39 40 42
 43 44 46 54 63 64 65 67 68 71 72 73])
Bicluster(rows=[73, 88], cols=[ 0  1  3  4  8 11 15 16 25 26 27 28 30 31 32 37 38 39 40 41 43 46 48 54
 63 64 67 68 71])
Bicluster(rows=[73, 89], cols=[ 4  7 11 16 17 18 19 20 21 23 26 27 28 35 39 41 42 43 50 51 52 55 56 57
 58 59 60 61 62 63 65 66 69 70 72 73 74])
Bicluster(rows=[73, 90], cols=[ 0  2  3  6  8  9 13 14 15 25 26 29 31 35 36 38 40 42 43 47 48 51 52 55
 57 58 60 61 62 69 70 74])
Bicluster(rows=[73, 91], cols=[ 1  2  4  6 11 12 15 19 20 24 25 28 30 34 36 37 40 41 42 43 46 48 50 51
 52 53 54 55 56 57 58 59 60 61 62 63 64 65 66 67 68 69 70 71 72 73 74])
Bicluster(rows=[73, 92], cols=[ 0  1  2  4  5  6  7  9 10 15 19 21 23 24 26 27 28 30 31 38 40 42 43 46
 49 50 54 56 59 63 64 65 67 68 71 72 73])
Bicluster(rows=[73, 93], cols=[ 0  2  4  9 10 11 12 15 16 21 23 26 28 30 33 36 37 40 43 46 50 51 52 54
 55 56 57 58 59 60 61 62 63 64 65 66 67 68 69 70 71 72 73 74])
Bicluster(rows=[73, 94], cols=[ 0  3  4  7  8  9 10 13 14 16 17 18 19 20 21 23 24 25 26 28 33 34 35 37
 39 40 43 44 46 48 49 54 56 63 64 65 67 68 71 72 73])
Bicluster(rows=[73, 95], cols=[ 0  1  2  4  5  6  9 10 11 12 13 15 16 18 21 23 24 25 26 27 28 29 30 31
 32 37 38 40 42 46 47 48 51 52 58 60 61 62 69 70 74])
Bicluster(rows=[73, 96], cols=[ 1  3  4  6  8  9 11 15 16 19 20 24 26 27 29 31 33 35 36 40 41 46 48 49
 50 51 52 53 55 57 58 60 61 62 66 69 70 74])
Bicluster(rows=[73, 97], cols=[ 0  1  4  6 10 13 15 18 20 23 25 26 28 29 30 31 32 33 37 38 40 41 42 44
 46 47 48 49 51 52 53 58 60 61 62 69 70 74])
Bicluster(rows=[73, 98], cols=[ 0  2  5  7  9 10 12 13 16 18 19 21 22 23 24 25 26 27 28 31 32 34 35 37
 39 43 44 49 54 64 67 68 71])
Bicluster(rows=[73, 99], cols=[ 0  1  6  7  8  9 18 21 24 26 29 31 33 39 40 42 46 47 50 51 54 55 58 59
 64 68 72])
Bicluster(rows=[74, 75], cols=[ 4  7  8 10 13 14 19 21 22 23 27 30 32 35 36 40 41 46 47 49 50 51 52 53
 54 55 56 57 58 59 60 61 62 63 64 65 66 67 68 69 70 71 72 73 74])
Bicluster(rows=[74, 76], cols=[ 5  6  7  8 10 12 13 14 15 16 18 19 21 24 36 38 43 44 45 47 49 50 51 52
 53 54 55 56 57 58 59 60 61 62 63 64 65 66 67 68 69 70 71 72 73 74])
Bicluster(rows=[74, 77], cols=[ 0  1  5  6 12 13 14 15 16 18 19 22 23 24 27 30 31 35 36 39 41 42 43 45
 50 51 52 53 54 55 56 57 58 59 60 61 62 63 64 65 66 67 68 69 70 71 72 73
 74])
Bicluster(rows=[74, 78], cols=[ 0  1  2  6  7 10 12 14 15 16 24 27 29 38 39 40 41 42 49 51 52 55 57 58
 60 61 62 66 69 70 74])
Bicluster(rows=[74, 79], cols=[ 2  6  7  8 11 16 21 22 24 27 35 41 43 47 50 51 52 53 54 55 56 57 58 59
 60 61 62 63 64 65 66 67 68 69 70 71 72 73 74])
Bicluster(rows=[74, 80], cols=[ 3  5  6  8 13 15 17 27 28 29 37 39 50 51 52 53 54 55 56 57 58 59 60 61
 62 63 64 65 66 67 68 69 70 71 72 73 74])
Bicluster(rows=[74, 81], cols=[ 3  4 11 12 15 17 26 28 33 34 35 42 46 47 50 51 52 53 54 55 56 57 58 59
 60 61 62 63 64 65 66 67 68 69 70 71 72 73 74])
Bicluster(rows=[74, 82], cols=[ 3  7  9 12 15 18 19 22 24 26 28 29 30 34 40 42 44 45 46 47 50 51 52 53
 54 55 56 57 58 59 60 61 62 63 64 65 66 67 68 69 70 71 72 73 74])
Bicluster(rows=[74, 83], cols=[ 5  8 12 16 20 23 24 26 32 36 38 39 41 43 46 48 50 51 52 53 54 55 56 57
 58 59 60 61 62 63 64 65 66 67 68 69 70 71 72 73 74])
Bicluster(rows=[74, 84], cols=[ 0  2  4  6  7  8 13 16 18 20 31 32 36 39 40 41 49 51 52 53 57 58 60 61
 62 69 70 74])
Bicluster(rows=[74, 85], cols=[ 4  8 13 14 16 18 24 27 30 32 33 36 38 41 45 49 50 51 52 53 54 55 56 57
 58 59 60 61 62 63 64 65 66 67 68 69 70 71 72 73 74])
Bicluster(rows=[74, 86], cols=[ 6  9 10 12 14 18 21 36 37 39 42 43 47 48 49 50 51 52 53 54 55 56 57 58
 59 60 61 62 63 64 65 66 67 68 69 70 71 72 73 74])
Bicluster(rows=[74, 87], cols=[ 1  2  3  9 12 13 15 17 18 20 22 24 30 32 34 35 37 40 44 46 47 50 51 52
 53 54 55 56 57 58 59 60 61 62 63 64 65 66 67 68 69 70 71 72 73 74])
Bicluster(rows=[74, 88], cols=[ 2  3  4  6 10 12 13 14 17 18 20 21 26 27 30 32 35 36 38 40 41 43 45 46
 50 51 52 53 54 55 56 57 58 59 60 61 62 63 64 65 66 67 68 69 70 71 72 73
 74])
Bicluster(rows=[74, 89], cols=[ 6  8 12 13 16 17 21 24 26 27 29 32 33 34 36 37 39 40 41 44 45 48 50 51
 52 53 55 56 57 58 59 60 61 62 66 69 70 74])
Bicluster(rows=[74, 90], cols=[ 1  2  3  6  8 12 13 14 18 20 24 26 28 30 31 32 33 34 37 38 40 43 45 50
 51 52 53 54 55 56 57 58 59 60 61 62 63 64 65 66 67 68 69 70 71 72 73 74])
Bicluster(rows=[74, 91], cols=[ 4  5  6  7  9 12 13 16 19 28 30 31 33 34 37 40 41 42 43 46 49 54 63 64
 65 67 68 71 73])
Bicluster(rows=[74, 92], cols=[ 3  6 10 11 13 17 19 20 22 24 27 28 30 35 38 40 45 46 50 51 52 53 54 55
 56 57 58 59 60 61 62 63 64 65 66 67 68 69 70 71 72 73 74])
Bicluster(rows=[74, 93], cols=[ 0  2  9 10 11 12 15 18 20 24 27 28 29 32 34 36 37 40 41 44 46 47 50 51
 52 53 54 55 56 57 58 59 60 61 62 63 64 65 66 67 68 69 70 71 72 73 74])
Bicluster(rows=[74, 94], cols=[ 0  2  3  4 10 14 15 17 19 20 24 26 29 32 34 40 42 43 44 46 47 50 51 52
 53 54 55 56 57 58 59 60 61 62 63 64 65 66 67 68 69 70 71 72 73 74])
Bicluster(rows=[74, 95], cols=[ 4  6 12 13 14 18 19 20 21 22 24 26 27 29 30 32 35 36 38 40 41 43 44 45
 50 51 52 53 54 55 56 57 58 59 60 61 62 63 64 65 66 67 68 69 70 71 72 73
 74])
Bicluster(rows=[74, 96], cols=[ 3  4  6  8 12 16 18 19 22 25 27 31 32 33 37 41 43 50 51 52 53 54 55 56
 57 58 59 60 61 62 63 64 65 66 67 68 69 70 71 72 73 74])
Bicluster(rows=[74, 97], cols=[ 3  4  7  8 10 12 13 14 15 16 17 18 19 24 26 27 30 32 35 38 40 43 50 51
 52 53 54 55 56 57 58 59 60 61 62 63 64 65 66 67 68 69 70 71 72 73 74])
Bicluster(rows=[74, 98], cols=[ 3  4  6 10 12 13 14 15 16 17 18 20 21 22 26 27 32 33 34 35 36 38 40 43
 45 47 50 51 52 53 54 55 56 57 58 59 60 61 62 63 64 65 66 67 68 69 70 71
 72 73 74])
Bicluster(rows=[74, 99], cols=[ 0  4  7 11 14 16 22 24 25 29 30 36 40 41 42 47 48 53 57 60 61 69 71])
Bicluster(rows=[75, 76], cols=[ 0  1  2  3  4  7  8  9 11 13 14 20 21 23 25 29 32 33 34 36 41 42 45 47
 50 51 52 53 54 55 56 57 58 59 60 61 62 63 64 65 66 67 68 69 70 71 72 73
 74])
Bicluster(rows=[75, 77], cols=[ 3  4  8 11 13 14 19 22 26 27 28 29 30 31 35 36 37 41 42 44 45 46 49 50
 51 52 53 54 55 56 57 58 59 60 61 62 63 64 65 66 67 68 69 70 71 72 73 74])
Bicluster(rows=[75, 78], cols=[ 0  2  6 10 14 16 17 20 21 22 24 32 34 39 40 43 45 46 47 50 54 56 59 63
 64 65 67 68 71 72 73])
Bicluster(rows=[75, 79], cols=[ 3  5  6  7  9 10 14 15 21 22 24 25 27 28 29 30 32 35 36 37 39 41 42 43
 44 46 47 48 50 51 52 53 54 55 56 57 58 59 60 61 62 63 64 65 66 67 68 69
 70 71 72 73 74])
Bicluster(rows=[75, 80], cols=[ 1  2  6  8 10 11 12 13 16 17 27 30 32 33 36 42 45 46 48 50 51 52 53 54
 55 56 57 58 59 60 61 62 63 64 65 66 67 68 69 70 71 72 73 74])
Bicluster(rows=[75, 81], cols=[ 0  4  7  9 11 14 18 20 21 23 24 30 32 33 34 35 41 42 44 45 46 47 50 51
 52 55 57 58 59 60 61 62 66 69 70 74])
Bicluster(rows=[75, 82], cols=[ 2  5  6  7 14 17 19 22 30 33 40 47 50 51 52 53 54 55 56 57 58 59 60 61
 62 63 64 65 66 67 68 69 70 71 72 73 74])
Bicluster(rows=[75, 83], cols=[ 0  2  3  7  8  9 11 15 18 20 23 28 29 30 31 32 33 36 37 41 43 44 46 48
 49 50 51 52 53 54 55 56 57 58 59 60 61 62 63 64 65 66 67 68 69 70 71 72
 73 74])
Bicluster(rows=[75, 84], cols=[ 1  3  4  5  7  8 12 13 21 29 32 36 40 41 43 45 47 49 50 51 52 53 55 56
 57 58 59 60 61 62 66 69 70 72 74])
Bicluster(rows=[75, 85], cols=[ 0  1  2  3  4  8  9 11 13 20 21 23 24 25 26 27 29 30 31 32 36 41 42 43
 45 47 49 50 51 52 53 54 55 56 57 58 59 60 61 62 63 64 65 66 67 68 69 70
 71 72 73 74])
Bicluster(rows=[75, 86], cols=[ 5  6 10 11 14 15 17 20 21 24 29 32 36 47 48 49 50 51 52 53 54 55 56 57
 58 59 60 61 62 63 64 65 66 67 68 69 70 71 72 73 74])
Bicluster(rows=[75, 87], cols=[ 6 10 11 14 16 22 29 30 32 35 40 42 46 49 50 51 52 53 54 55 56 57 58 59
 60 61 62 63 64 65 66 67 68 69 70 71 72 73 74])
Bicluster(rows=[75, 88], cols=[ 4  5 10 11 13 14 21 24 27 29 30 32 34 35 36 39 41 42 45 46 47 49 50 51
 52 53 54 55 56 57 58 59 60 61 62 63 64 65 66 67 68 69 70 71 72 73 74])
Bicluster(rows=[75, 89], cols=[ 1  3  9 11 13 15 18 21 24 25 26 27 28 29 32 34 36 40 41 43 45 48 49 50
 51 52 53 54 55 56 57 58 59 60 61 62 63 64 65 66 67 68 69 70 71 72 73 74])
Bicluster(rows=[75, 90], cols=[ 5  6  8  9 10 11 13 14 25 29 30 32 40 42 43 44 45 46 49 50 51 52 53 54
 55 56 57 58 59 60 61 62 63 64 65 66 67 68 69 70 71 72 73 74])
Bicluster(rows=[75, 91], cols=[ 1  4  9 10 11 17 20 21 22 23 24 25 27 28 29 35 37 41 42 43 44 47 50 51
 52 53 55 57 58 59 60 61 62 66 69 70 74])
Bicluster(rows=[75, 92], cols=[ 4  5  6  7  8 10 11 18 22 24 26 30 35 37 38 39 41 43 48 49 51 52 57 58
 61 62 69 74])
Bicluster(rows=[75, 93], cols=[ 1  5 10 16 17 22 24 27 32 33 36 38 40 41 42 47 49 50 51 52 53 54 55 56
 57 58 59 60 61 62 63 64 65 66 67 68 69 70 71 72 73 74])
Bicluster(rows=[75, 94], cols=[ 4  5  6 14 19 22 30 32 38 39 40 46 50 51 52 53 54 55 56 57 58 59 60 61
 62 63 64 65 66 67 68 69 70 71 72 73 74])
Bicluster(rows=[75, 95], cols=[ 1  2  3  4  6  8 10 13 14 19 21 22 24 25 29 30 32 34 35 36 40 41 42 47
 49 50 51 52 53 54 55 56 57 58 59 60 61 62 63 64 65 66 67 68 69 70 71 72
 73 74])
Bicluster(rows=[75, 96], cols=[ 0  1  4  8  9 10 11 19 20 22 24 26 27 29 30 32 34 41 42 43 45 50 51 52
 53 54 55 56 57 58 59 60 61 62 63 64 65 66 67 68 69 70 71 72 73 74])
Bicluster(rows=[75, 97], cols=[ 1  2  4  5  6  7  8  9 10 11 13 19 20 25 27 29 32 34 35 40 41 42 44 49
 50 51 52 53 54 55 56 57 58 59 60 61 62 63 64 65 66 67 68 69 70 71 72 73
 74])
Bicluster(rows=[75, 98], cols=[ 2  4  5  8  9 13 19 21 22 24 25 27 29 32 34 35 36 40 50 51 52 53 54 55
 56 57 58 59 60 61 62 63 64 65 66 67 68 69 70 71 72 73 74])
Bicluster(rows=[75, 99], cols=[ 1  2  3  5  8  9 10 15 20 21 23 24 29 34 35 36 37 42 43 50 52 55 58 59
 63 65 67 71 72 74])
Bicluster(rows=[76, 77], cols=[ 3  5  6 11 12 13 14 15 16 17 18 19 24 28 29 36 40 41 43 45 50 51 52 53
 54 55 56 57 58 59 60 61 62 63 64 65 66 67 68 69 70 71 72 73 74])
Bicluster(rows=[76, 78], cols=[ 3  6  7 10 11 12 14 15 19 22 24 25 26 34 37 38 44 48 49 51 52 55 57 58
 60 61 62 66 69 70 74])
Bicluster(rows=[76, 79], cols=[ 3  4  6  7  8  9 16 17 19 21 24 25 29 30 32 36 38 40 42 43 44 47 49 50
 51 52 53 54 55 56 57 58 59 60 61 62 63 64 65 66 67 68 69 70 71 72 73 74])
Bicluster(rows=[76, 80], cols=[ 0  2  5  6  8 13 15 22 26 27 31 32 33 38 40 42 45 46 50 51 52 53 54 55
 56 57 58 59 60 61 62 63 64 65 66 67 68 69 70 71 72 73 74])
Bicluster(rows=[76, 81], cols=[ 0  1  5  7  9 11 15 19 20 21 23 26 27 28 31 32 33 38 39 40 41 45 47 48
 51 52 57 58 60 61 62 69 70 74])
Bicluster(rows=[76, 82], cols=[ 6  8  9 10 15 17 19 20 21 25 26 27 28 31 38 39 41 46 47 51 52 57 58 61
 62 69 74])
Bicluster(rows=[76, 83], cols=[ 0  1  3  5  7  8  9 11 12 16 17 20 24 35 36 38 40 41 43 50 51 52 53 54
 55 56 57 58 59 60 61 62 63 64 65 66 67 68 69 70 71 72 73 74])
Bicluster(rows=[76, 84], cols=[ 3  6  7  8 13 15 17 18 22 28 29 31 35 36 37 41 44 45 47 50 51 52 53 55
 57 58 60 61 62 66 69 70 74])
Bicluster(rows=[76, 85], cols=[ 0  1  3  4  5  8  9 10 13 15 18 21 22 23 24 25 28 29 32 35 37 38 39 42
 44 45 47 48 49 50 51 52 53 54 55 56 57 58 59 60 61 62 63 64 65 66 67 68
 69 70 71 72 73 74])
Bicluster(rows=[76, 86], cols=[ 1  2  4 11 12 18 20 21 22 28 29 30 31 34 35 36 40 43 44 45 47 50 51 52
 53 55 56 57 58 59 60 61 62 66 69 70 74])
Bicluster(rows=[76, 87], cols=[11 12 15 17 18 19 23 24 28 29 30 31 37 39 41 42 43 44 47 50 51 52 53 54
 55 56 57 58 59 60 61 62 63 64 65 66 67 68 69 70 71 72 73 74])
Bicluster(rows=[76, 88], cols=[ 3  6 11 12 13 14 16 18 20 21 22 28 29 31 34 36 37 38 39 42 44 45 48 50
 51 52 53 54 55 56 57 58 59 60 61 62 63 64 65 66 67 68 69 70 71 72 73 74])
Bicluster(rows=[76, 89], cols=[ 3  5  6  8 12 13 17 22 25 29 32 34 37 44 45 46 50 51 52 53 54 55 56 57
 58 59 60 61 62 63 64 65 66 67 68 69 70 71 72 73 74])
Bicluster(rows=[76, 90], cols=[ 2  8  9 11 12 13 15 18 22 24 25 27 29 35 38 39 42 43 45 48 50 51 52 53
 54 55 56 57 58 59 60 61 62 63 64 65 66 67 68 69 70 71 72 73 74])
Bicluster(rows=[76, 91], cols=[ 3  6  8  9 11 12 14 15 20 23 25 26 29 30 37 39 41 42 46 47 48 50 51 52
 53 55 57 58 60 61 62 66 69 70 74])
Bicluster(rows=[76, 92], cols=[ 2  6 10 13 15 23 24 26 27 34 38 42 44 50 51 52 53 54 55 56 57 58 59 60
 61 62 63 64 65 66 67 68 69 70 71 72 73 74])
Bicluster(rows=[76, 93], cols=[12 15 18 24 26 36 39 41 42 47 48 50 51 52 53 54 55 56 57 58 59 60 61 62
 63 64 65 66 67 68 69 70 71 72 73 74])
Bicluster(rows=[76, 94], cols=[10 12 14 15 16 17 18 21 24 28 34 37 39 41 43 47 48 50 51 52 53 54 55 56
 57 58 59 60 61 62 63 64 65 66 67 68 69 70 71 72 73 74])
Bicluster(rows=[76, 95], cols=[ 2  3  4  5 12 13 14 16 17 19 20 21 24 25 28 29 31 34 36 37 38 39 41 42
 43 44 46 48 50 51 52 53 54 55 56 57 58 59 60 61 62 63 64 65 66 67 68 69
 70 71 72 73 74])
Bicluster(rows=[76, 96], cols=[ 0  6 11 12 15 16 17 18 28 29 34 35 37 39 40 42 43 45 47 48 49 50 51 52
 53 54 55 56 57 58 59 60 61 62 63 64 65 66 67 68 69 70 71 72 73 74])
Bicluster(rows=[76, 97], cols=[ 2  4  7  8  9 11 13 14 15 16 17 18 20 21 24 25 28 29 30 31 34 35 37 38
 41 42 43 46 48 50 51 52 53 54 55 56 57 58 59 60 61 62 63 64 65 66 67 68
 69 70 71 72 73 74])
Bicluster(rows=[76, 98], cols=[ 2  6  9 10 12 13 14 15 16 18 21 23 25 28 29 30 31 34 36 37 38 39 41 43
 44 47 48 50 51 52 53 54 55 56 57 58 59 60 61 62 63 64 65 66 67 68 69 70
 71 72 73 74])
Bicluster(rows=[76, 99], cols=[ 3  4  6  7  9 11 12 20 21 22 23 28 30 34 36 42 44 50 52 55 59 63 65 67
 71 72 74])
Bicluster(rows=[77, 78], cols=[ 0  1  3  4  5  7  8 11 14 27 29 33 35 36 37 38 39 43 44 47 50 51 52 55
 56 57 58 59 60 61 62 66 69 70 74])
Bicluster(rows=[77, 79], cols=[ 1  3  5  6 16 17 18 22 24 27 29 33 34 35 36 37 38 40 43 44 46 50 51 52
 53 54 55 56 57 58 59 60 61 62 63 64 65 66 67 68 69 70 71 72 73 74])
Bicluster(rows=[77, 80], cols=[ 4  5  6  7  8 11 12 13 14 15 23 27 30 34 36 42 45 46 47 50 51 52 53 54
 55 56 57 58 59 60 61 62 63 64 65 66 67 68 69 70 71 72 73 74])
Bicluster(rows=[77, 81], cols=[ 4  5  8 10 16 22 25 27 28 30 35 41 42 44 45 46 50 51 52 55 57 58 60 61
 62 66 69 70 74])
Bicluster(rows=[77, 82], cols=[ 3  5  9 10 12 13 14 16 18 20 21 29 30 34 36 38 40 45 47 48 50 55 56 59
 63 65 66 72 73])
Bicluster(rows=[77, 83], cols=[ 2  3  5  7  9 10 11 12 16 17 21 23 24 26 30 31 33 34 36 37 39 40 41 44
 46 47 49 50 51 52 53 54 55 56 57 58 59 60 61 62 63 64 65 66 67 68 69 70
 71 72 73 74])
Bicluster(rows=[77, 84], cols=[ 3  6  7 10 13 17 18 27 28 31 33 34 36 38 39 44 45 48 50 51 52 53 54 55
 56 57 58 59 60 61 62 63 64 65 66 67 68 69 70 71 72 73 74])
Bicluster(rows=[77, 85], cols=[ 5  6 11 12 13 14 16 17 18 24 26 27 28 29 30 31 34 36 40 41 42 45 49 50
 51 52 53 54 55 56 57 58 59 60 61 62 63 64 65 66 67 68 69 70 71 72 73 74])
Bicluster(rows=[77, 86], cols=[ 2  6  8 11 12 14 18 21 28 34 36 38 39 40 42 43 49 50 51 52 53 54 55 56
 57 58 59 60 61 62 63 64 65 66 67 68 69 70 71 72 73 74])
Bicluster(rows=[77, 87], cols=[ 1  4  8 11 15 18 19 22 24 25 27 29 30 35 42 43 46 48 49 50 51 52 53 54
 55 56 57 58 59 60 61 62 63 64 65 66 67 68 69 70 71 72 73 74])
Bicluster(rows=[77, 88], cols=[ 6  8 11 13 14 18 27 28 29 30 41 43 45 46 49 50 51 52 53 54 55 56 57 58
 59 60 61 62 63 64 65 66 67 68 69 70 71 72 73 74])
Bicluster(rows=[77, 89], cols=[ 2  3  5  6  7  9 10 12 13 16 17 20 21 26 28 29 36 38 39 41 45 46 47 49
 50 51 52 53 54 55 56 57 58 59 60 61 62 63 64 65 66 67 68 69 70 71 72 73
 74])
Bicluster(rows=[77, 90], cols=[ 1  4  8 13 16 17 18 24 27 29 30 33 44 45 46 48 49 50 51 52 53 54 55 56
 57 58 59 60 61 62 63 64 65 66 67 68 69 70 71 72 73 74])
Bicluster(rows=[77, 91], cols=[ 9 12 13 20 22 23 33 34 35 37 40 41 50 51 52 53 55 56 57 58 59 60 61 62
 63 65 66 69 70 72 73 74])
Bicluster(rows=[77, 92], cols=[ 4  6 13 19 22 24 27 30 32 35 42 43 46 48 50 51 52 53 54 55 56 57 58 59
 60 61 62 63 64 65 66 67 68 69 70 71 72 73 74])
Bicluster(rows=[77, 93], cols=[ 1  3  7 12 14 16 17 18 21 22 24 26 29 32 33 37 38 42 45 48 51 52 55 57
 58 61 62 66 69 74])
Bicluster(rows=[77, 94], cols=[ 4  8 11 14 15 19 27 28 35 41 42 43 46 49 50 51 52 53 54 55 56 57 58 59
 60 61 62 63 64 65 66 67 68 69 70 71 72 73 74])
Bicluster(rows=[77, 95], cols=[ 3  5  8 11 13 14 17 18 19 22 27 28 29 30 33 35 36 41 43 49 50 51 52 53
 54 55 56 57 58 59 60 61 62 63 64 65 66 67 68 69 70 71 72 73 74])
Bicluster(rows=[77, 96], cols=[ 0  2  4  5  6  7  8 10 11 12 18 19 24 27 28 33 36 37 39 41 43 44 47 56
 59 63 65 72 73])
Bicluster(rows=[77, 97], cols=[ 8 11 12 13 14 15 16 18 24 27 28 29 30 41 42 43 49 50 51 52 53 54 55 56
 57 58 59 60 61 62 63 64 65 66 67 68 69 70 71 72 73 74])
Bicluster(rows=[77, 98], cols=[ 4  6  8 12 14 18 22 27 28 29 30 33 35 41 42 43 46 49 50 51 52 53 54 55
 56 57 58 59 60 61 62 63 64 65 66 67 68 69 70 71 72 73 74])
Bicluster(rows=[77, 99], cols=[ 2  6  7 11 23 26 27 28 29 31 32 33 39 47 49 50 51 52 55 58 59 64 65 72])
Bicluster(rows=[78, 79], cols=[ 2  5  6  7 16 17 18 19 22 23 24 25 26 27 28 31 33 41 46 47 50 51 52 53
 55 57 58 60 61 62 66 69 70 74])
Bicluster(rows=[78, 80], cols=[ 4  5  7  8  9 11 14 15 20 21 22 25 26 27 30 36 38 40 41 46 50 51 52 53
 55 56 57 58 59 60 61 62 63 65 66 69 70 72 73 74])
Bicluster(rows=[78, 81], cols=[ 2  5  6  8 11 12 15 18 19 24 26 27 35 36 38 40 44 46 48 49 50 51 52 53
 54 55 56 57 58 59 60 61 62 63 64 65 66 67 68 69 70 71 72 73 74])
Bicluster(rows=[78, 82], cols=[ 2  3  5  6 11 12 14 17 24 25 26 27 29 36 38 40 41 47 49 50 54 55 56 59
 63 64 65 66 67 71 72 73])
Bicluster(rows=[78, 83], cols=[ 3  5  6  8  9 11 12 13 14 18 22 30 32 34 36 37 40 44 45 47 48 50 51 52
 53 55 56 57 58 59 60 61 62 63 64 65 66 69 70 72 73 74])
Bicluster(rows=[78, 84], cols=[ 2  3  8  9 10 11 14 15 16 22 23 25 26 29 33 34 36 38 46 50 51 52 53 54
 55 56 57 58 59 60 61 62 63 64 65 66 67 68 69 70 71 72 73 74])
Bicluster(rows=[78, 85], cols=[ 3  5  6 15 16 17 22 24 27 37 44 48 49 50 51 52 53 55 57 58 59 60 61 62
 66 69 70 74])
Bicluster(rows=[78, 86], cols=[ 9 19 20 21 23 26 30 31 43 45 46 50 51 52 53 54 55 56 57 58 59 60 61 62
 63 64 65 66 67 68 69 70 71 72 73 74])
Bicluster(rows=[78, 87], cols=[ 5  6  8 10 11 14 22 24 25 27 33 34 36 37 38 40 46 47 48 54 56 63 64 65
 67 68 71 72 73])
Bicluster(rows=[78, 88], cols=[ 3  5  6  7 11 16 17 18 22 24 27 29 34 36 38 39 40 47 48 49 54 63 64 67
 68 71 73])
Bicluster(rows=[78, 89], cols=[ 3  5  6  7 11 12 16 18 22 23 24 25 29 31 38 39 40 46 47 50 51 52 53 55
 56 57 58 59 60 61 62 63 65 66 69 70 72 73 74])
Bicluster(rows=[78, 90], cols=[ 1  2  4  8  9 11 12 15 16 17 20 21 22 24 25 30 32 33 38 40 41 46 47 50
 51 52 55 56 57 58 59 60 61 62 66 69 70 74])
Bicluster(rows=[78, 91], cols=[ 2  3  8  9 11 12 14 15 23 24 26 27 29 31 32 34 35 37 38 40 44 46 50 51
 52 53 54 55 56 57 58 59 60 61 62 63 64 65 66 67 68 69 70 71 72 73 74])
Bicluster(rows=[78, 92], cols=[ 8  9 11 14 15 18 24 27 29 33 36 37 40 46 48 50 54 55 56 59 63 64 65 66
 67 68 71 72 73])
Bicluster(rows=[78, 93], cols=[ 7  8 10 16 17 22 24 25 28 32 33 34 36 44 47 50 54 55 56 57 59 63 64 65
 66 67 68 71 72 73])
Bicluster(rows=[78, 94], cols=[ 5  7  8 10 11 14 18 22 23 24 25 33 37 39 40 44 48 49 54 63 64 65 67 68
 71 72 73])
Bicluster(rows=[78, 95], cols=[ 9 11 13 16 17 18 23 27 28 38 40 41 44 49 51 52 58 60 61 62 69 70 74])
Bicluster(rows=[78, 96], cols=[ 0  4  5  7  9 10 12 13 15 20 22 23 25 26 31 32 36 37 43 44 47 50 51 54
 55 56 57 59 63 64 65 66 67 68 71 72 73])
Bicluster(rows=[78, 97], cols=[ 3  5  7 10 13 15 16 17 18 23 25 33 36 38 39 40 48 49 51 52 58 60 61 62
 69 70 74])
Bicluster(rows=[78, 98], cols=[ 2  5  6  7 13 14 17 23 24 25 27 36 37 41 44 46 49 54 63 64 67 71 73])
Bicluster(rows=[78, 99], cols=[ 2  4  6  8  9 13 17 19 22 24 25 26 28 29 30 31 33 40 44 46 49 53 57 60
 61 63 66 67 69 70])
Bicluster(rows=[79, 80], cols=[ 1  2  4  6  9 11 12 14 16 17 18 19 22 27 28 29 30 33 37 42 44 45 46 49
 50 55 56 59 63 65 66 72 73])
Bicluster(rows=[79, 81], cols=[ 2  5  7  9 12 14 16 19 24 26 38 44 46 47 49 50 51 52 55 57 58 60 61 62
 66 69 70 74])
Bicluster(rows=[79, 82], cols=[ 6  8 11 12 14 17 19 21 23 25 31 34 35 38 41 45 47 51 52 58 60 61 62 69
 70 74])
Bicluster(rows=[79, 83], cols=[ 3  7  8  9 15 16 17 21 24 28 29 34 37 40 41 43 44 46 48 50 51 52 53 54
 55 56 57 58 59 60 61 62 63 64 65 66 67 68 69 70 71 72 73 74])
Bicluster(rows=[79, 84], cols=[ 0  2  3  6  8  9 17 18 21 26 27 32 33 34 36 41 44 49 50 51 52 53 54 55
 56 57 58 59 60 61 62 63 64 65 66 67 69 70 71 72 73 74])
Bicluster(rows=[79, 85], cols=[ 3  4  5  8  9 18 22 24 25 27 29 32 34 36 41 42 43 44 47 49 50 51 52 53
 54 55 56 57 58 59 60 61 62 63 64 65 66 67 68 69 70 71 72 73 74])
Bicluster(rows=[79, 86], cols=[ 0  5  6 13 18 21 25 26 29 32 34 36 42 43 44 47 48 49 50 51 52 53 54 55
 56 57 58 59 60 61 62 63 64 65 66 67 68 69 70 71 72 73 74])
Bicluster(rows=[79, 87], cols=[ 0  1  2  6 10 14 19 22 24 26 27 31 45 46 47 50 51 52 53 54 55 56 57 58
 59 60 61 62 63 64 65 66 67 68 69 70 71 72 73 74])
Bicluster(rows=[79, 88], cols=[ 0  1  2  6 10 12 14 18 21 23 26 27 35 41 42 46 50 51 52 53 54 55 56 57
 58 59 60 61 62 63 64 65 66 67 68 69 70 71 72 73 74])
Bicluster(rows=[79, 89], cols=[ 0  1  3  4  5  6  8 15 17 21 23 24 25 28 29 31 32 36 38 41 47 48 50 51
 52 53 54 55 56 57 58 59 60 61 62 63 64 65 66 67 68 69 70 71 72 73 74])
Bicluster(rows=[79, 90], cols=[ 0  1  2  5  6  9 10 14 17 24 25 29 33 38 41 42 43 44 46 50 51 52 53 54
 55 56 57 58 59 60 61 62 63 64 65 66 67 68 69 70 71 72 73 74])
Bicluster(rows=[79, 91], cols=[ 1  2  3  6  7  8  9 10 22 25 27 28 29 30 31 34 37 42 43 44 45 47 50 51
 52 53 55 57 58 59 60 61 62 66 69 70 74])
Bicluster(rows=[79, 92], cols=[ 1  2  3  4  5  6  8 10 13 17 19 21 22 27 28 33 35 39 40 41 45 48 50 51
 55 57 61 66])
Bicluster(rows=[79, 93], cols=[ 1  2 10 11 12 14 19 22 23 24 26 27 31 41 45 47 50 51 52 53 54 55 56 57
 58 59 60 61 62 63 64 65 66 67 68 69 70 71 72 73 74])
Bicluster(rows=[79, 94], cols=[ 1  2 12 22 23 24 25 26 31 39 45 46 50 51 52 53 54 55 56 57 58 59 60 61
 62 63 64 65 66 67 68 69 70 71 72 73 74])
Bicluster(rows=[79, 95], cols=[ 0  3  5  6 10 16 17 18 21 22 23 24 25 27 33 35 41 42 43 50 51 52 53 54
 55 56 57 58 59 60 61 62 63 64 65 66 67 68 69 70 71 72 73 74])
Bicluster(rows=[79, 96], cols=[ 1  4  6  9 10 12 13 16 18 27 29 33 38 39 40 41 42 43 49 50 51 52 53 54
 55 56 57 58 59 60 61 62 63 64 65 66 67 68 69 70 71 72 73 74])
Bicluster(rows=[79, 97], cols=[ 1  7  9 10 16 17 22 23 24 25 27 30 35 42 43 44 45 50 51 52 53 54 55 56
 57 58 59 60 61 62 63 64 65 66 67 68 69 70 71 72 73 74])
Bicluster(rows=[79, 98], cols=[ 0  1  6  9 11 16 18 22 24 25 26 27 29 30 33 35 43 46 50 51 52 53 54 55
 56 57 58 59 60 61 62 63 64 65 66 67 68 69 70 71 72 73 74])
Bicluster(rows=[79, 99], cols=[ 0  3  4  6  9 10 11 12 15 18 22 24 30 35 36 37 41 42 45 50 51 55 58 59
 63 65 66 67])
Bicluster(rows=[80, 81], cols=[ 2  3 15 16 17 18 20 22 26 27 28 30 31 42 44 49 50 51 52 53 54 55 56 57
 58 59 60 61 62 63 64 65 66 67 68 69 70 71 72 73 74])
Bicluster(rows=[80, 82], cols=[ 2  3 15 20 21 27 28 29 31 43 50 51 52 53 54 55 56 57 58 59 60 61 62 63
 64 65 66 67 68 69 70 71 72 73 74])
Bicluster(rows=[80, 83], cols=[ 2  5  7  8 11 12 14 19 23 30 32 33 34 36 38 39 40 41 46 47 48 50 51 52
 53 54 55 56 57 58 59 60 61 62 63 64 65 66 67 68 69 70 71 72 73 74])
Bicluster(rows=[80, 84], cols=[ 1  2  6  8  9 11 12 13 14 15 22 24 25 26 27 32 36 39 40 45 46 50 51 52
 53 54 55 56 57 58 59 60 61 62 63 64 65 66 67 68 69 70 71 72 73 74])
Bicluster(rows=[80, 85], cols=[ 5  8 11 12 13 14 22 27 32 34 36 38 39 42 45 50 51 52 53 54 55 56 57 58
 59 60 61 62 63 64 65 66 67 68 69 70 71 72 73 74])
Bicluster(rows=[80, 86], cols=[ 0  1  2  3  6  9 10 11 16 17 22 28 31 32 38 39 41 42 50 51 52 53 54 55
 56 57 58 59 60 61 62 63 64 65 66 67 68 69 70 71 72 73 74])
Bicluster(rows=[80, 87], cols=[ 3  6  9 10 15 27 28 42 50 51 52 53 54 55 56 57 58 59 60 61 62 63 64 65
 66 67 68 69 70 71 72 73 74])
Bicluster(rows=[80, 88], cols=[ 0  1  6  9 10 11 17 19 22 24 30 32 33 34 36 38 41 43 47 48 50 51 55 57
 61 66])
Bicluster(rows=[80, 89], cols=[ 0  1  5  6  7  8 11 13 22 25 31 32 36 38 39 40 45 46 48 50 51 52 53 54
 55 56 57 58 59 60 61 62 63 64 65 66 67 68 69 70 71 72 73 74])
Bicluster(rows=[80, 90], cols=[ 0  2  7  9 12 13 14 16 17 23 24 29 31 32 33 34 35 36 39 40 42 44 46 54
 56 59 63 64 65 67 71 72 73])
Bicluster(rows=[80, 91], cols=[ 0  1  2 10 11 12 13 14 17 18 19 23 24 25 26 31 34 39 40 50 51 52 53 54
 55 56 57 58 59 60 61 62 63 64 65 66 67 68 69 70 71 72 73 74])
Bicluster(rows=[80, 92], cols=[ 1  3  6  9 10 13 16 17 18 26 27 28 29 33 37 39 42 50 51 52 53 54 55 56
 57 58 59 60 61 62 63 64 65 66 67 68 69 70 71 72 73 74])
Bicluster(rows=[80, 93], cols=[ 1  4 10 15 16 18 20 21 26 27 29 30 33 37 42 43 50 51 52 53 54 55 56 57
 58 59 60 61 62 63 64 65 66 67 68 69 70 71 72 73 74])
Bicluster(rows=[80, 94], cols=[ 3  9 10 15 27 29 30 42 50 51 52 53 54 55 56 57 58 59 60 61 62 63 64 65
 66 67 68 69 70 71 72 73 74])
Bicluster(rows=[80, 95], cols=[ 0  1  2  6  9 10 13 27 31 40 46 50 51 52 53 54 55 56 57 58 59 60 61 62
 63 64 65 66 67 68 69 70 71 72 73 74])
Bicluster(rows=[80, 96], cols=[ 1  3  4  5  7  9 13 14 15 16 18 20 22 25 26 27 28 29 33 35 36 39 42 47
 49 50 51 55 56 57 59 61 62 66 72])
Bicluster(rows=[80, 97], cols=[ 1  2  3 10 11 13 15 27 31 42 46 50 51 52 53 54 55 56 57 58 59 60 61 62
 63 64 65 66 67 68 69 70 71 72 73 74])
Bicluster(rows=[80, 98], cols=[ 0  1  3  6  8 12 13 14 19 24 25 32 36 38 39 40 42 45 51 52 53 55 57 58
 60 61 62 69 70 74])
Bicluster(rows=[80, 99], cols=[ 0  6  7 14 17 19 22 23 28 33 39 40 41 42 46 48 49 50 51 58 59 61 65 66])
Bicluster(rows=[81, 82], cols=[ 2  3  4  9 12 13 14 15 20 26 27 28 30 31 32 36 38 39 41 47 50 51 52 53
 54 55 56 57 58 59 60 61 62 63 64 65 66 67 68 69 70 71 72 73 74])
Bicluster(rows=[81, 83], cols=[ 0  1  5  6  7  9 10 11 12 18 23 26 33 36 40 41 50 51 52 55 56 57 58 59
 61 62 65 66 69 72 73 74])
Bicluster(rows=[81, 84], cols=[ 2  4  7 11 13 16 24 26 27 31 38 41 45 46 47 50 51 52 55 56 57 58 59 61
 62 63 65 66 69 70 72 73 74])
Bicluster(rows=[81, 85], cols=[ 0  1  5  6  9 11 15 16 21 23 24 28 30 32 38 42 45 47 48 51 52 55 57 58
 60 61 62 66 69 70 74])
Bicluster(rows=[81, 86], cols=[ 3  8 12 13 14 16 19 22 25 26 29 33 42 46 47 50 51 52 53 54 55 56 57 58
 59 60 61 62 63 64 65 66 67 68 69 70 71 72 73 74])
Bicluster(rows=[81, 87], cols=[ 1  3  5  7  8  9 13 15 16 17 20 21 27 28 29 30 36 38 40 41 42 45 46 48
 54 56 59 63 64 65 67 68 71 72 73])
Bicluster(rows=[81, 88], cols=[ 1  3  4  5  7  8  9 13 16 19 20 23 27 28 29 31 32 34 36 42 47 54 63 64
 65 67 68 71 72 73])
Bicluster(rows=[81, 89], cols=[ 5  9 10 11 12 13 16 18 21 24 32 34 41 45 46 47 50 51 52 55 56 57 58 59
 61 62 66 69 72 74])
Bicluster(rows=[81, 90], cols=[ 2  3  7 12 14 19 21 22 26 27 28 29 30 33 36 39 50 51 52 53 54 55 56 57
 58 59 60 61 62 63 64 65 66 67 68 69 70 71 72 73 74])
Bicluster(rows=[81, 91], cols=[ 2  7  9 11 13 15 21 22 23 35 40 41 44 48 50 51 52 54 55 56 57 58 59 60
 61 62 63 64 65 66 67 69 70 71 72 73 74])
Bicluster(rows=[81, 92], cols=[ 2  7  8 11 17 18 21 25 27 28 30 31 32 34 40 41 42 46 48 50 51 52 54 55
 56 57 58 59 61 62 63 64 65 66 67 68 69 71 72 73 74])
Bicluster(rows=[81, 93], cols=[ 7  8 11 12 13 15 21 25 28 30 31 36 38 39 40 42 45 47 50 51 52 53 54 55
 56 57 58 59 60 61 62 63 64 65 66 67 68 69 70 71 72 73 74])
Bicluster(rows=[81, 94], cols=[ 2  4  7 12 25 26 27 30 31 34 35 36 39 42 47 50 51 52 53 54 55 56 57 58
 59 60 61 62 63 64 65 66 67 68 69 70 71 72 73 74])
Bicluster(rows=[81, 95], cols=[ 3  4  6  8  9 10 13 15 16 17 20 23 24 25 28 31 34 36 38 40 41 42 45 47
 48 54 63 64 65 67 68 71 73])
Bicluster(rows=[81, 96], cols=[ 0  3  8 11 12 15 22 24 27 28 36 38 39 40 41 42 45 48 49 50 51 52 55 57
 58 61 62 66 69 74])
Bicluster(rows=[81, 97], cols=[ 0  1  2  4  5  6  7  8 12 13 14 17 20 21 23 24 25 26 27 28 29 30 31 35
 38 39 40 45 47 48 54 63 64 65 67 68 71 73])
Bicluster(rows=[81, 98], cols=[ 2  3  4 12 17 19 25 26 29 33 34 35 39 42 47 50 51 52 53 54 55 56 57 58
 59 60 61 62 63 64 65 66 67 68 69 70 71 72 73 74])
Bicluster(rows=[81, 99], cols=[ 2  6  8 10 19 20 21 24 26 30 31 37 39 40 43 44 45 46 47 49 53 57 60 62
 63 67 69 70 71])
Bicluster(rows=[82, 83], cols=[ 1  2  5  6 10 14 15 22 23 26 27 28 37 44 47 54 56 63 64 65 67 71 72 73])
Bicluster(rows=[82, 84], cols=[ 0  1  4  5  6  8 10 15 22 23 26 27 28 32 34 40 41 42 43 47 49 50 51 52
 55 57 58 59 61 62 66 69 74])
Bicluster(rows=[82, 85], cols=[ 1  3  5  6  7 10 13 15 17 20 23 24 27 30 32 33 34 35 39 41 47 49 50 51
 55 57 59 61 66])
Bicluster(rows=[82, 86], cols=[ 0  3  5 12 13 14 17 18 23 26 28 37 46 47 50 51 52 53 54 55 56 57 58 59
 60 61 62 63 64 65 66 67 68 69 70 71 72 73 74])
Bicluster(rows=[82, 87], cols=[ 0  1  4  5  6 10 11 12 13 14 15 16 24 25 27 28 30 31 35 36 38 39 40 41
 44 45 47 50 51 52 53 54 55 56 57 58 59 60 61 62 63 64 65 66 67 68 69 70
 71 72 73 74])
Bicluster(rows=[82, 88], cols=[ 0  4  5 14 16 18 23 25 26 30 37 39 48 50 51 52 53 54 55 56 57 58 59 60
 61 62 63 64 65 66 67 68 69 70 71 72 73 74])
Bicluster(rows=[82, 89], cols=[ 0  1  8  9 20 21 22 23 25 33 40 41 42 43 44 46 47 50 51 52 55 57 58 61
 62 66 69 74])
Bicluster(rows=[82, 90], cols=[ 1  2  3  6 12 14 18 23 24 26 27 28 30 32 34 36 39 50 51 52 53 54 55 56
 57 58 59 60 61 62 63 64 65 66 67 68 69 70 71 72 73 74])
Bicluster(rows=[82, 91], cols=[ 0  1  5  6  8  9 15 16 18 20 25 26 31 34 35 36 39 40 41 43 45 46 47 51
 52 55 57 58 60 61 62 69 70 74])
Bicluster(rows=[82, 92], cols=[ 0  2  3  4  5 11 13 19 22 27 28 30 31 32 35 36 40 41 43 44 45 46 49 50
 51 52 53 54 55 56 57 58 59 60 61 62 63 64 65 66 67 68 69 70 71 72 73 74])
Bicluster(rows=[82, 93], cols=[ 3  4  5  6 12 13 14 15 16 17 21 23 24 25 28 29 31 35 36 38 39 40 43 44
 46 47 48 50 51 52 53 54 55 56 57 58 59 60 61 62 63 64 65 66 67 68 69 70
 71 72 73 74])
Bicluster(rows=[82, 94], cols=[ 0  1  2  4  5  6 11 12 13 14 15 16 19 24 26 27 35 36 37 38 39 44 45 47
 49 50 51 52 53 54 55 56 57 58 59 60 61 62 63 64 65 66 67 68 69 70 71 72
 73 74])
Bicluster(rows=[82, 95], cols=[ 0  2 11 12 14 16 18 19 24 26 27 29 30 37 39 44 45 48 50 51 52 53 54 55
 56 57 58 59 60 61 62 63 64 65 66 67 68 69 70 71 72 73 74])
Bicluster(rows=[82, 96], cols=[ 1  2  3  5  6  7 13 15 17 20 27 28 30 32 36 38 39 40 41 44 46 51 52 58
 60 61 62 69 70 74])
Bicluster(rows=[82, 97], cols=[ 0  2  5  6  7 12 15 18 24 26 30 36 37 40 45 50 51 52 53 54 55 56 57 58
 59 60 61 62 63 64 65 66 67 68 69 70 71 72 73 74])
Bicluster(rows=[82, 98], cols=[ 0  2  3  4 11 12 13 15 18 22 24 26 37 39 40 45 47 50 51 52 53 54 55 56
 57 58 59 60 61 62 63 64 65 66 67 68 69 70 71 72 73 74])
Bicluster(rows=[82, 99], cols=[ 0  2  6  7 10 17 18 24 25 26 28 29 30 32 34 35 37 40 48 49 51 57 60 61
 63 66 71])
Bicluster(rows=[83, 84], cols=[ 6  7  8 10 17 18 19 20 22 25 26 29 31 34 35 37 40 41 44 50 51 52 53 54
 55 56 57 58 59 60 61 62 63 64 65 66 67 68 69 70 71 72 73 74])
Bicluster(rows=[83, 85], cols=[ 0  1  2  3  5  6  8  9 11 12 14 19 24 29 30 31 34 35 37 38 39 41 43 44
 50 51 52 53 54 55 56 57 58 59 60 61 62 63 64 65 66 67 68 69 70 71 72 73
 74])
Bicluster(rows=[83, 86], cols=[ 1  2  4 11 12 15 20 21 22 26 27 29 34 35 36 37 39 43 44 48 49 50 51 52
 53 54 55 56 57 58 59 60 61 62 63 64 65 66 67 68 69 70 71 72 73 74])
Bicluster(rows=[83, 87], cols=[ 1  5  6  7  9 10 12 14 15 19 20 21 24 25 26 30 31 32 34 35 36 37 39 40
 44 49 50 55 59 66])
Bicluster(rows=[83, 88], cols=[ 0  5  6  7  8  9 12 13 15 16 17 18 19 21 22 26 27 29 34 35 37 42 43 46
 47 48 51 52 53 57 58 60 61 62 69 70 74])
Bicluster(rows=[83, 89], cols=[ 2  3  5  6  7  8  9 10 11 12 14 15 16 17 18 26 35 40 41 42 48 49 50 51
 52 53 54 55 56 57 58 59 60 61 62 63 64 65 66 67 68 69 70 71 72 73 74])
Bicluster(rows=[83, 90], cols=[ 8  9 19 22 24 26 29 30 31 32 42 47 49 50 51 52 53 55 56 57 58 59 60 61
 62 63 65 66 69 70 72 73 74])
Bicluster(rows=[83, 91], cols=[ 2  6  7 14 16 19 21 23 25 27 28 32 33 39 41 45 49 50 51 52 53 54 55 56
 57 58 59 60 61 62 63 64 65 66 67 68 69 70 71 72 73 74])
Bicluster(rows=[83, 92], cols=[ 7 11 12 16 18 26 29 30 40 41 43 48 49 51 52 57 58 61 62 69 74])
Bicluster(rows=[83, 93], cols=[ 0  4  5  8 15 18 23 29 31 32 36 41 42 44 47 49 50 56 59 63 65 66 72 73])
Bicluster(rows=[83, 94], cols=[20 26 30 32 33 46 49 50 51 52 53 54 55 56 57 58 59 60 61 62 63 64 65 66
 67 68 69 70 71 72 73 74])
Bicluster(rows=[83, 95], cols=[ 1  2  5  8 12 13 14 15 16 18 20 21 26 28 29 34 37 39 40 42 43 44 47 51
 52 53 55 57 58 60 61 62 66 69 70 74])
Bicluster(rows=[83, 96], cols=[ 1  3  6  8  9 10 11 13 15 16 18 20 21 22 23 24 25 26 27 34 38 40 41 42
 46 49 54 63 64 67 68 71])
Bicluster(rows=[83, 97], cols=[ 1  3  4  5  7 13 18 19 21 22 25 27 28 31 33 34 36 40 41 42 48 51 52 53
 57 58 60 61 62 69 70 74])
Bicluster(rows=[83, 98], cols=[ 0  5  6  7  8 10 11 13 15 17 18 19 20 21 23 25 27 28 31 34 35 38 39 40
 41 49 51 52 53 58 60 61 62 69 70 74])
Bicluster(rows=[83, 99], cols=[ 1  6  8  9 11 12 17 18 19 21 22 23 29 31 32 35 40 42 44 47 48 49 52 54
 56 64 68 72 74])
Bicluster(rows=[84, 85], cols=[ 3  8 10 11 13 14 15 16 18 19 21 27 28 29 32 34 35 36 37 41 44 45 47 48
 49 50 51 52 53 55 56 57 58 59 60 61 62 63 65 66 69 70 72 73 74])
Bicluster(rows=[84, 86], cols=[ 0  5  6  9 19 22 26 28 29 30 32 34 35 36 37 38 39 49 50 51 52 53 54 55
 56 57 58 59 60 61 62 63 64 65 66 67 68 69 70 71 72 73 74])
Bicluster(rows=[84, 87], cols=[ 7 10 13 14 16 17 18 19 22 23 25 31 32 34 35 36 38 39 43 44 45 49 54 63
 64 65 67 68 71 72 73])
Bicluster(rows=[84, 88], cols=[ 1  2  3  4  5  6  9 11 13 18 19 22 24 28 29 31 32 33 34 35 36 44 45 49
 51 52 53 57 58 60 61 62 69 70 74])
Bicluster(rows=[84, 89], cols=[ 0  1  3  6  7  8 10 11 13 14 16 17 19 21 22 23 27 30 32 35 36 37 38 39
 40 41 42 43 45 46 47 50 51 52 53 54 55 56 57 58 59 60 61 62 63 64 65 66
 67 68 69 70 71 72 73 74])
Bicluster(rows=[84, 90], cols=[ 2  5  9 13 15 16 17 31 33 35 41 44 47 48 50 51 52 53 55 56 57 58 59 60
 61 62 63 65 66 69 70 72 73 74])
Bicluster(rows=[84, 91], cols=[ 0  1  2  3  4  5  6  8 13 15 19 21 24 29 34 38 40 41 43 44 46 47 48 50
 51 52 53 54 55 56 57 58 59 60 61 62 63 64 65 66 67 68 69 70 71 72 73 74])
Bicluster(rows=[84, 92], cols=[ 1  3  6  7  8 11 12 13 14 15 16 17 22 23 24 29 31 35 36 43 47 49 54 56
 59 63 64 65 67 71 72 73])
Bicluster(rows=[84, 93], cols=[ 1  3  7 11 13 14 16 22 27 29 30 31 32 34 35 38 39 41 43 44 45 49 54 56
 59 63 64 65 67 68 71 72 73])
Bicluster(rows=[84, 94], cols=[ 4  5  7  9 13 20 21 23 26 27 28 29 33 34 35 37 38 39 40 41 44 46 49 50
 56 59 66])
Bicluster(rows=[84, 95], cols=[ 3  6  8  9 17 20 23 27 31 32 33 34 36 40 41 44 49 51 52 53 55 57 58 60
 61 62 69 70 74])
Bicluster(rows=[84, 96], cols=[ 1  4  6  9 15 18 24 27 28 31 33 35 37 38 40 41 45 48 50 51 52 53 55 56
 57 58 59 60 61 62 66 69 70 72 74])
Bicluster(rows=[84, 97], cols=[ 0  1  3  5  6  7  8 11 12 13 14 15 16 17 18 19 21 22 23 29 31 32 34 35
 39 40 41 49 51 52 53 55 57 58 60 61 62 69 70 74])
Bicluster(rows=[84, 98], cols=[ 1  4  6  8 10 12 13 14 16 17 19 20 24 25 30 31 32 35 36 39 40 41 44 45
 48 49 51 52 53 58 60 61 62 69 70 74])
Bicluster(rows=[84, 99], cols=[ 3  5  6  7 14 16 18 19 20 21 22 27 28 31 33 36 38 39 40 41 43 46 50 51
 52 54 55 56 58 59 64 65 68 72 74])
Bicluster(rows=[85, 86], cols=[ 1  2  7 11 12 18 19 20 24 25 28 29 32 33 34 36 37 40 42 44 47 49 50 51
 52 53 54 55 56 57 58 59 60 61 62 63 64 65 66 67 68 69 70 71 72 73 74])
Bicluster(rows=[85, 87], cols=[ 3 18 21 22 24 27 28 30 37 39 42 50 51 52 53 54 55 56 57 58 59 60 61 62
 63 64 65 66 67 68 69 70 71 72 73 74])
Bicluster(rows=[85, 88], cols=[ 3  7 13 15 18 19 22 24 27 28 30 35 37 38 41 42 44 45 47 48 50 51 52 53
 54 55 56 57 58 59 60 61 62 63 64 65 66 67 68 69 70 71 72 73 74])
Bicluster(rows=[85, 89], cols=[ 2  3  5  6  8  9 10 11 12 13 16 19 20 22 24 25 26 32 33 36 37 41 45 47
 50 51 52 53 54 55 56 57 58 59 60 61 62 63 64 65 66 67 68 69 70 71 72 73
 74])
Bicluster(rows=[85, 90], cols=[ 5  7  8  9 11 13 15 16 17 18 19 24 26 27 29 30 31 33 38 39 43 45 48 50
 51 52 53 54 55 56 57 58 59 60 61 62 63 64 65 66 67 68 69 70 71 72 73 74])
Bicluster(rows=[85, 91], cols=[ 4  6 11 12 13 14 15 19 20 21 23 29 34 39 41 46 47 48 50 51 52 53 55 56
 57 58 59 60 61 62 66 69 70 72 74])
Bicluster(rows=[85, 92], cols=[ 3  4  5  8 11 14 15 22 25 26 27 29 30 35 38 41 42 47 49 50 55 56 59 66])
Bicluster(rows=[85, 93], cols=[ 0  2  5 12 13 14 16 17 22 23 24 26 27 29 32 33 34 44 46 48 56 59 63 65
 72 73])
Bicluster(rows=[85, 94], cols=[ 3  7 15 18 21 22 24 25 27 28 37 42 48 50 51 52 53 54 55 56 57 58 59 60
 61 62 63 64 65 66 67 68 69 70 71 72 73 74])
Bicluster(rows=[85, 95], cols=[ 1  3  4  5  7 13 15 24 25 27 30 32 36 37 38 39 41 43 47 48 49 50 51 52
 53 54 55 56 57 58 59 60 61 62 63 64 65 66 67 68 69 70 71 72 73 74])
Bicluster(rows=[85, 96], cols=[ 0  1  3  4  6  8  9 11 15 17 18 19 20 21 26 27 28 29 30 32 33 37 41 42
 43 45 46 48 50 51 52 53 54 55 56 57 58 59 60 61 62 63 64 65 66 67 68 69
 70 71 72 73 74])
Bicluster(rows=[85, 97], cols=[ 2  3  4  8  9 11 12 13 14 15 18 21 22 24 25 27 28 30 32 35 37 38 39 42
 44 47 48 50 51 52 53 54 55 56 57 58 59 60 61 62 63 64 65 66 67 68 69 70
 71 72 73 74])
Bicluster(rows=[85, 98], cols=[ 2  9 10 12 13 15 18 19 21 23 24 25 27 28 29 32 33 37 39 42 44 50 51 52
 53 54 55 56 57 58 59 60 61 62 63 64 65 66 67 68 69 70 71 72 73 74])
Bicluster(rows=[85, 99], cols=[ 0  5  6 11 12 13 20 25 26 27 28 29 31 32 33 44 45 46 49 52 54 56 64 72
 74])
Bicluster(rows=[86, 87], cols=[ 0  3  8 12 15 17 18 20 21 23 35 36 37 38 39 42 44 48 50 55 59 66])
Bicluster(rows=[86, 88], cols=[ 9 10 14 15 20 22 23 25 27 32 35 38 40 41 43 45 48 49 51 52 55 57 58 60
 61 62 66 69 70 74])
Bicluster(rows=[86, 89], cols=[ 0  2  6 11 12 15 19 20 21 24 25 29 30 32 33 35 36 37 38 39 44 48 49 50
 51 52 53 54 55 56 57 58 59 60 61 62 63 64 65 66 67 68 69 70 71 72 73 74])
Bicluster(rows=[86, 90], cols=[ 0  3  5  6  7 11 12 14 18 19 23 29 35 50 51 52 53 54 55 56 57 58 59 60
 61 62 63 64 65 66 67 68 69 70 71 72 73 74])
Bicluster(rows=[86, 91], cols=[ 0  5 11 12 17 19 20 24 29 34 38 47 50 51 52 53 55 56 57 58 59 60 61 62
 63 64 65 66 69 70 72 73 74])
Bicluster(rows=[86, 92], cols=[ 0  1  4  6  9 10 13 19 20 21 22 23 25 33 35 40 41 42 47 50 55 56 57 59
 66])
Bicluster(rows=[86, 93], cols=[ 3  5  7  8  9 10 13 16 17 23 42 46 47 50 51 52 53 54 55 56 57 58 59 60
 61 62 63 64 65 66 67 68 69 70 71 72 73 74])
Bicluster(rows=[86, 94], cols=[ 0  1  2  3  5  8  9 11 12 17 19 20 25 26 28 29 30 34 35 36 37 38 39 43
 49 50 55 57 59 66])
Bicluster(rows=[86, 95], cols=[ 0  6  7  9 12 14 18 25 26 31 36 37 43 44 50 51 52 53 54 55 56 57 58 59
 60 61 62 63 64 65 66 67 68 69 70 71 72 73 74])
Bicluster(rows=[86, 96], cols=[ 5  6  8  9 11 13 18 20 23 24 28 35 37 42 43 47 50 51 52 53 54 55 56 57
 58 59 60 61 62 63 64 65 66 67 68 69 70 71 72 73 74])
Bicluster(rows=[86, 97], cols=[ 0  5  6 10 11 12 14 18 25 26 28 31 37 42 43 50 51 52 53 54 55 56 57 58
 59 60 61 62 63 64 65 66 67 68 69 70 71 72 73 74])
Bicluster(rows=[86, 98], cols=[ 0  3  5  6  7  8 12 14 18 24 25 26 28 31 42 43 44 47 50 51 52 53 54 55
 56 57 58 59 60 61 62 63 64 65 66 67 68 69 70 71 72 73 74])
Bicluster(rows=[86, 99], cols=[ 0  1  2  5  6 13 15 19 24 25 28 30 38 42 44 48 50 51 52 55 58 59 63 64
 65 67 72])
Bicluster(rows=[87, 88], cols=[ 0  1  2  3  4  5  6  7  8  9 11 13 14 16 18 20 22 24 25 26 28 29 32 33
 36 37 40 42 43 46 49 50 51 52 53 54 55 56 57 58 59 60 61 62 63 64 65 66
 67 68 69 70 71 72 73 74])
Bicluster(rows=[87, 89], cols=[ 2  3  4  8  9 10 11 17 20 23 27 29 32 33 36 38 39 42 43 48 54 63 64 65
 67 71 73])
Bicluster(rows=[87, 90], cols=[ 1  2  3  6  8 10 12 13 14 18 20 21 24 27 30 32 34 39 40 48 49 50 51 52
 53 54 55 56 57 58 59 60 61 62 63 64 65 66 67 68 69 70 71 72 73 74])
Bicluster(rows=[87, 91], cols=[ 9 14 19 28 34 37 40 42 43 46 54 63 64 65 67 68 71 73])
Bicluster(rows=[87, 92], cols=[ 0  4  5  6  9 13 14 16 20 21 22 23 26 27 28 30 31 33 35 36 40 41 42 43
 44 45 46 49 50 51 52 53 54 55 56 57 58 59 60 61 62 63 64 65 66 67 68 69
 70 71 72 73 74])
Bicluster(rows=[87, 93], cols=[ 2  5  8  9 12 13 14 15 16 18 20 22 24 25 31 32 34 35 36 39 42 44 48 49
 50 51 52 53 54 55 56 57 58 59 60 61 62 63 64 65 66 67 68 69 70 71 72 73
 74])
Bicluster(rows=[87, 94], cols=[ 0  1  2  3  4  5  8  9 11 12 13 15 16 17 18 20 21 22 23 24 26 27 28 32
 33 34 35 36 37 38 40 41 42 43 45 46 47 48 50 51 52 53 54 55 56 57 58 59
 60 61 62 63 64 65 66 67 68 69 70 71 72 73 74])
Bicluster(rows=[87, 95], cols=[ 0  3  6  7  8  9 10 12 17 18 19 20 22 24 26 27 29 30 32 33 35 37 38 39
 40 42 44 45 49 50 51 52 53 54 55 56 57 58 59 60 61 62 63 64 65 66 67 68
 69 70 71 72 73 74])
Bicluster(rows=[87, 96], cols=[ 3  5  8 10 11 12 18 21 25 27 28 29 32 36 37 39 42 47 48 50 51 52 53 54
 55 56 57 58 59 60 61 62 63 64 65 66 67 68 69 70 71 72 73 74])
Bicluster(rows=[87, 97], cols=[ 0  3  5  6  7  8 11 13 15 17 18 20 21 22 24 27 28 29 30 32 33 36 37 38
 40 41 42 45 48 49 50 51 52 53 54 55 56 57 58 59 60 61 62 63 64 65 66 67
 68 69 70 71 72 73 74])
Bicluster(rows=[87, 98], cols=[ 0  1  4  5  6  7  8 12 13 15 18 23 24 26 27 28 29 30 32 34 35 38 39 40
 41 42 44 45 47 48 50 51 52 53 54 55 56 57 58 59 60 61 62 63 64 65 66 67
 68 69 70 71 72 73 74])
Bicluster(rows=[87, 99], cols=[ 2  4  6  9 11 13 14 15 16 17 18 20 22 26 31 32 33 39 40 41 42 43 44 46
 49 50 55 56 57 62])
Bicluster(rows=[88, 89], cols=[ 1  4  5  6  8 11 12 15 16 17 18 20 23 25 26 28 32 36 38 42 46 48 51 52
 53 58 60 61 62 69 70 74])
Bicluster(rows=[88, 90], cols=[ 0  2  5  6  8 11 12 13 14 15 18 19 22 29 30 32 38 39 40 42 45 47 49 50
 51 52 53 54 55 56 57 58 59 60 61 62 63 64 65 66 67 68 69 70 71 72 73 74])
Bicluster(rows=[88, 91], cols=[ 1  2  4  6  7 11 14 24 27 28 29 33 34 37 42 44 51 52 57 58 60 61 62 69
 70 74])
Bicluster(rows=[88, 92], cols=[ 0  1  2  5  6  9 10 12 13 15 17 20 25 27 30 33 34 38 42 43 44 46 47 50
 51 52 53 54 55 56 57 58 59 60 61 62 63 64 65 66 67 68 69 70 71 72 73 74])
Bicluster(rows=[88, 93], cols=[ 1  5  8 10 12 13 22 23 24 25 27 32 36 39 41 42 48 49 50 51 52 53 54 55
 56 57 58 59 60 61 62 63 64 65 66 67 68 69 70 71 72 73 74])
Bicluster(rows=[88, 94], cols=[ 0  1  2  3  4  5  8  9 10 12 13 14 16 20 22 24 25 26 28 30 32 33 37 39
 40 43 46 48 49 50 51 52 53 54 55 56 57 58 59 60 61 62 63 64 65 66 67 68
 69 70 71 72 73 74])
Bicluster(rows=[88, 95], cols=[ 0  3  4  6  7  8  9 10 12 13 14 15 16 18 20 21 23 24 26 28 29 30 31 32
 33 34 35 36 37 38 40 41 42 47 48 49 50 51 52 53 54 55 56 57 58 59 60 61
 62 63 64 65 66 67 68 69 70 71 72 73 74])
Bicluster(rows=[88, 96], cols=[ 1  3  4  6  8  9 11 12 15 16 18 23 24 27 28 29 30 32 34 37 39 40 41 45
 48 50 51 52 53 54 55 56 57 58 59 60 61 62 63 64 65 66 67 68 69 70 71 72
 73 74])
Bicluster(rows=[88, 97], cols=[ 0  1  3  4  5  6  7 10 11 13 18 19 20 22 26 27 28 29 31 32 33 34 35 37
 38 40 42 44 47 48 49 50 51 52 53 54 55 56 57 58 59 60 61 62 63 64 65 66
 67 68 69 70 71 72 73 74])
Bicluster(rows=[88, 98], cols=[ 0  1  4  5  6  7  8  9 13 15 16 17 18 19 21 24 26 27 28 29 31 32 34 35
 36 37 38 40 44 45 49 50 51 52 53 54 55 56 57 58 59 60 61 62 63 64 65 66
 67 68 69 70 71 72 73 74])
Bicluster(rows=[88, 99], cols=[ 0  5  6 12 17 18 19 20 22 24 25 28 29 32 33 35 40 41 42 47 50 52 55 59
 63 65 67 71 74])
Bicluster(rows=[89, 90], cols=[ 0 11 13 16 19 22 25 29 34 40 41 45 46 47 49 50 51 52 53 54 55 56 57 58
 59 60 61 62 63 64 65 66 67 68 69 70 71 72 73 74])
Bicluster(rows=[89, 91], cols=[ 0  1  6  8  9 11 12 13 19 20 25 27 28 31 40 41 42 43 46 49 50 51 52 53
 54 55 56 57 58 59 60 61 62 63 64 65 66 69 70 72 73 74])
Bicluster(rows=[89, 92], cols=[ 0  1  3  4  5  6  7  8 11 16 17 18 21 22 23 25 26 28 33 34 36 43 44 45
 48 50 56 59 63 65 66 72 73])
Bicluster(rows=[89, 93], cols=[ 1  2  4  7  9 11 13 15 16 22 24 25 26 30 33 43 47 49 50 55 56 59 63 65
 66 72 73])
Bicluster(rows=[89, 94], cols=[ 0  1  4  5  8  9 10 11 12 13 14 16 19 21 22 25 26 27 28 32 34 41 44 46
 49 51 52 58 60 61 62 69 70 74])
Bicluster(rows=[89, 95], cols=[ 0  1  3  5 12 13 17 21 23 24 25 28 29 32 36 40 41 44 46 47 49 50 51 52
 53 55 56 57 58 59 60 61 62 66 69 70 74])
Bicluster(rows=[89, 96], cols=[ 1  3  6 11 12 20 26 29 32 35 37 38 40 41 45 50 51 52 53 54 55 56 57 58
 59 60 61 62 63 64 65 66 67 68 69 70 71 72 73 74])
Bicluster(rows=[89, 97], cols=[ 0  1  2  3  4  8  9 11 13 16 17 19 20 21 22 23 24 25 26 27 28 32 39 40
 41 45 51 52 53 55 57 58 60 61 62 69 70 74])
Bicluster(rows=[89, 98], cols=[ 1  2  5  6  8  9 10 13 16 17 19 21 25 26 27 28 30 32 33 36 40 41 45 46
 49 51 52 53 55 57 58 60 61 62 66 69 70 74])
Bicluster(rows=[89, 99], cols=[ 0  4  6  7 12 15 16 19 22 24 26 29 34 36 38 40 41 43 44 46 47 48 49 50
 51 52 55 58 59 64 65 72 74])
Bicluster(rows=[90, 91], cols=[ 0  6 12 13 14 15 17 22 23 27 28 30 31 33 34 37 39 40 47 48 54 56 59 63
 64 65 67 68 71 72 73])
Bicluster(rows=[90, 92], cols=[ 2  3  4  6  7  9 12 13 14 15 20 21 24 27 28 30 36 37 47 49 50 51 52 53
 54 55 56 57 58 59 60 61 62 63 64 65 66 67 68 69 70 71 72 73 74])
Bicluster(rows=[90, 93], cols=[ 4  5  7  8 10 12 14 18 20 21 24 28 32 34 37 39 42 48 49 50 51 52 53 54
 55 56 57 58 59 60 61 62 63 64 65 66 67 68 69 70 71 72 73 74])
Bicluster(rows=[90, 94], cols=[ 2  3  5  6  7  8  9 12 15 18 20 24 27 30 32 39 40 48 49 50 51 52 53 54
 55 56 57 58 59 60 61 62 63 64 65 66 67 68 69 70 71 72 73 74])
Bicluster(rows=[90, 95], cols=[ 0  2  5  6  8 10 12 13 14 15 18 20 24 27 30 39 40 42 46 48 49 50 51 52
 53 54 55 56 57 58 59 60 61 62 63 64 65 66 67 68 69 70 71 72 73 74])
Bicluster(rows=[90, 96], cols=[ 3  7  8  9 10 11 12 15 17 18 19 21 23 26 27 29 30 31 32 33 35 36 38 39
 40 42 43 45 48 50 51 52 53 54 55 56 57 58 59 60 61 62 63 64 65 66 67 68
 69 70 71 72 73 74])
Bicluster(rows=[90, 97], cols=[ 3  5  6  8 10 11 13 15 18 19 24 26 29 40 42 43 47 48 49 50 51 52 53 54
 55 56 57 58 59 60 61 62 63 64 65 66 67 68 69 70 71 72 73 74])
Bicluster(rows=[90, 98], cols=[ 0  3  5  6  8  9 13 15 18 19 20 25 26 29 33 39 40 43 45 46 48 49 50 51
 52 53 54 55 56 57 58 59 60 61 62 63 64 65 66 67 68 69 70 71 72 73 74])
Bicluster(rows=[90, 99], cols=[ 1  4  6  7 11 13 17 18 20 23 24 25 33 36 37 39 40 42 45 50 53 54 57 59
 60 61 64 65 66 68 69 70 72])
Bicluster(rows=[91, 92], cols=[ 1  2  6 11 13 14 15 24 28 29 30 37 39 40 43 46 47 54 56 63 64 65 67 68
 71 72 73])
Bicluster(rows=[91, 93], cols=[ 4  5 11 12 13 14 15 19 22 28 30 32 36 37 39 40 43 46 47 49 50 51 52 55
 56 57 58 59 61 62 65 66 69 72 74])
Bicluster(rows=[91, 94], cols=[ 4  9 11 14 19 20 23 24 25 27 28 29 34 37 38 40 43 44 46 54 63 64 65 67
 68 71 72 73])
Bicluster(rows=[91, 95], cols=[ 3  6  7  8 12 14 22 23 24 27 28 29 30 34 37 39 40 42 43 51 52 57 58 60
 61 62 69 70 74])
Bicluster(rows=[91, 96], cols=[ 1  4  5  6 10 11 15 19 20 22 24 36 38 40 43 48 50 51 52 53 55 57 58 60
 61 62 66 69 70 74])
Bicluster(rows=[91, 97], cols=[ 0  1  4  7  9 11 14 15 19 21 25 27 29 30 33 41 44 46 48 51 52 55 57 58
 60 61 62 66 69 70 74])
Bicluster(rows=[91, 98], cols=[ 1  4  6  7  9 12 13 14 15 19 22 23 24 25 27 29 30 37 39 40 41 46 47 48
 51 52 53 57 58 60 61 62 69 70 74])
Bicluster(rows=[91, 99], cols=[ 0  1  4  5 10 14 17 19 21 23 30 32 33 35 37 38 39 40 43 49 50 51 54 55
 58 59 60 61 64 65 66 68 72])
Bicluster(rows=[92, 93], cols=[ 1  3  4  5  7  9 10 11 12 13 14 16 20 22 25 26 31 33 35 37 40 42 43 46
 47 50 51 52 53 54 55 56 57 58 59 60 61 62 63 64 65 66 67 68 69 70 71 72
 73 74])
Bicluster(rows=[92, 94], cols=[ 0  1  2  7  9 10 11 12 15 19 20 22 23 25 27 30 31 35 36 42 45 46 49 50
 51 52 53 54 55 56 57 58 59 60 61 62 63 64 65 66 67 68 69 70 71 72 73 74])
Bicluster(rows=[92, 95], cols=[ 0  1  2  6  9 10 11 13 15 19 20 22 25 27 30 34 38 39 42 44 45 47 50 51
 52 53 54 55 56 57 58 59 60 61 62 63 64 65 66 67 68 69 70 71 72 73 74])
Bicluster(rows=[92, 96], cols=[ 3  4  8 10 11 13 16 21 23 25 26 28 30 31 33 40 41 43 44 47 51 52 57 58
 61 62 69 74])
Bicluster(rows=[92, 97], cols=[ 0  1  2  5  6 10 13 19 20 25 27 30 33 34 36 38 39 42 44 45 47 50 51 52
 53 54 55 56 57 58 59 60 61 62 63 64 65 66 67 68 69 70 71 72 73 74])
